# Blender 5.0.1
# www.blender.org
mtllib forest.mtl
o Plane
v -48.180729 -2.654954 47.424053
v 47.274273 -0.349914 47.102196
v -45.975876 -7.574470 -48.934605
v 47.985764 9.474836 -43.934380
v -46.327114 -8.188313 -46.517315
v -46.206467 -8.968325 -43.636730
v -46.106869 -9.612253 -40.723000
v -46.032379 -10.093829 -37.769730
v -45.986290 -10.387915 -34.773407
v -45.971302 -10.408391 -31.759142
v -45.990009 -9.919508 -28.816620
v -46.042110 -8.880015 -25.965294
v -46.128952 -7.437931 -23.162144
v -46.263489 -5.866409 -20.338850
v -46.449352 -4.415426 -17.426928
v -46.677383 -3.285468 -14.362155
v -46.934845 -2.660499 -11.083223
v -47.208870 -2.639710 -7.562189
v -47.487759 -3.123602 -3.849545
v -47.776451 -3.845021 -0.047267
v -48.140305 -4.243497 3.683293
v -48.621983 -3.895680 7.211018
v -49.159687 -2.896052 10.506267
v -49.673298 -1.477161 13.573326
v -50.092937 -0.065622 16.501846
v -50.366390 0.882396 19.426212
v -50.470726 1.252111 22.428375
v -50.400192 1.045071 25.541973
v -50.170410 0.333382 28.758726
v -49.819756 -0.718638 32.046925
v -49.402256 -1.888194 35.363522
v -49.003204 -2.886091 38.653469
v -48.743385 -3.356925 41.850018
v -48.608192 -3.203698 44.931137
v 47.724705 -0.361619 44.535816
v 47.721355 -0.344062 41.468307
v 47.627346 -0.020326 38.427742
v 47.442410 0.616125 35.380974
v 47.487701 0.499608 32.053505
v 47.494015 0.485440 28.790855
v 47.460903 0.565694 25.676502
v 47.446846 0.553916 22.729033
v 47.258549 1.030990 20.159121
v 46.652241 2.718603 18.212044
v 45.766850 5.218752 16.662006
v 44.830822 7.873768 15.108759
v 44.091537 9.975684 13.166898
v 43.795483 10.816924 10.522084
v 44.053955 10.079377 7.022130
v 44.766060 8.050550 2.827176
v 45.653282 5.443345 -1.719749
v 46.191917 3.380785 -6.238593
v 46.044167 2.716404 -10.346780
v 45.516731 3.185385 -13.811593
v 45.009960 3.909061 -16.943064
v 44.805592 4.218257 -20.017971
v 45.012768 4.018768 -23.050833
v 45.570271 4.046049 -25.855207
v 46.387207 5.161736 -28.221539
v 47.336426 7.043350 -30.302910
v 48.142853 9.219960 -32.364254
v 48.552414 11.187344 -34.670525
v 48.656677 12.014730 -37.451145
v 48.579800 11.145905 -40.811058
v -46.355408 -2.290406 47.854012
v -44.213089 -1.910634 47.771313
v -42.029705 -1.543792 47.692455
v -39.718727 -1.322992 47.639763
v -37.254284 -1.256840 47.606674
v -34.722832 -1.137051 47.540451
v -32.149960 -0.919439 47.435719
v -29.510691 -0.673852 47.316563
v -26.771252 -0.492542 47.212498
v -23.904514 -0.461897 47.152618
v -20.899580 -0.643272 47.161564
v -17.781796 -1.021525 47.244781
v -14.568461 -1.560686 47.389297
v -11.261819 -2.250499 47.580475
v -8.015245 -2.836799 47.761532
v -4.945187 -3.010553 47.853283
v -2.067974 -2.609593 47.803146
v 0.688393 -1.770012 47.637608
v 3.535856 -0.933725 47.449966
v 6.531439 -0.278108 47.280445
v 9.604072 0.184516 47.147594
v 12.676253 0.460538 47.060070
v 15.644498 0.639634 46.994793
v 18.366116 0.958289 46.876312
v 20.894684 1.283037 46.765305
v 23.474070 1.239705 46.792015
v 26.195747 0.722256 46.995766
v 28.903337 0.149677 47.250908
v 31.379103 0.079621 47.388229
v 33.889118 0.121291 47.450294
v 36.683323 -0.163011 47.529892
v 39.587303 -0.491802 47.596191
v 42.337971 -0.511705 47.610744
v 45.027287 -0.422921 47.608524
v 45.703293 9.372849 -44.472115
v 42.934460 8.816839 -44.657280
v 40.080132 7.294464 -45.164295
v 37.173157 5.177099 -45.869453
v 34.256332 2.948480 -46.611671
v 31.376236 1.134866 -47.215672
v 28.572172 0.180653 -47.533459
v 25.836952 0.004513 -47.592121
v 23.144112 0.035170 -47.601837
v 20.626776 0.296796 -47.662895
v 18.450455 0.993926 -47.827782
v 16.567795 2.015146 -48.090435
v 14.881852 3.117177 -48.440945
v 13.284621 4.138103 -48.850353
v 11.660728 4.953773 -49.279724
v 9.891306 5.440177 -49.688320
v 7.856420 5.471824 -50.035072
v 5.449744 4.940670 -50.283066
v 2.622758 3.813228 -50.412846
v -0.580196 2.175834 -50.433037
v -4.058709 0.186947 -50.369270
v -7.697022 -1.975676 -50.251865
v -11.377704 -4.132904 -50.111801
v -14.985147 -6.109097 -49.979687
v -18.407089 -7.734561 -49.885376
v -21.539333 -8.852382 -49.856674
v -24.358856 -9.413815 -49.897442
v -27.062262 -9.658437 -49.945911
v -29.770350 -9.733109 -49.964104
v -32.501534 -9.658436 -49.945911
v -35.255405 -9.437098 -49.892006
v -38.030758 -9.076894 -49.804283
v -40.825695 -8.590060 -49.685715
v -43.637779 -7.992398 -49.540154
v 45.040909 -0.460517 44.539299
v 42.343388 -0.537240 44.539196
v 39.535130 -0.416525 44.508698
v 36.536129 0.097973 44.411114
v 33.692558 0.511029 44.302933
v 31.190639 0.536388 44.200581
v 28.672722 0.804191 43.976486
v 25.892809 1.615673 43.635345
v 23.185379 2.157364 43.419827
v 20.694292 2.016150 43.444969
v 18.225393 1.429115 43.631008
v 15.504845 0.870763 43.818920
v 12.424155 0.638691 43.911274
v 9.143909 0.419791 44.027683
v 5.834770 0.034322 44.197247
v 2.710660 -0.637089 44.394665
v -0.099671 -1.629236 44.603565
v -2.682193 -2.746286 44.789833
v -5.325139 -3.494013 44.869690
v -8.209302 -3.620363 44.813335
v -11.328663 -3.259927 44.663589
v -14.575370 -2.724590 44.496834
v -17.748529 -2.324876 44.380390
v -20.817322 -2.093131 44.329578
v -23.794037 -1.998627 44.339397
v -26.651958 -2.057377 44.402096
v -29.391647 -2.224222 44.499096
v -32.043968 -2.393343 44.599106
v -34.649414 -2.453387 44.669399
v -37.231602 -2.344693 44.688454
v -39.736469 -2.207466 44.682343
v -42.070606 -2.292375 44.711693
v -44.270542 -2.579691 44.779240
v -46.426201 -2.924121 44.859814
v 45.022133 -0.391426 41.487625
v 42.347393 -0.529805 41.477859
v 39.607681 -0.546176 41.453236
v 36.725460 -0.227812 41.381794
v 33.942642 0.094406 41.284283
v 31.314186 0.358726 41.134453
v 28.483696 1.211656 40.788521
v 25.540915 2.310627 40.399521
v 22.952877 2.601566 40.259296
v 20.636131 2.103902 40.362640
v 18.163038 1.410647 40.548325
v 15.302120 0.914857 40.680981
v 12.020082 0.781624 40.748158
v 8.535975 0.639558 40.919376
v 5.067161 0.288279 41.159119
v 1.852267 -0.402670 41.385799
v -0.907367 -1.531712 41.607578
v -3.313720 -2.905755 41.808662
v -5.691783 -4.038943 41.922638
v -8.333141 -4.526105 41.894508
v -11.312636 -4.403659 41.755299
v -14.488454 -4.031549 41.593910
v -17.598160 -3.813323 41.509823
v -20.559811 -3.841326 41.526966
v -23.440195 -3.966200 41.600830
v -26.254898 -4.100683 41.688450
v -29.010534 -4.155927 41.762348
v -31.735758 -4.012578 41.794769
v -34.447121 -3.652528 41.775848
v -37.127701 -3.153514 41.712826
v -39.680969 -2.773864 41.659431
v -42.053677 -2.692629 41.660172
v -44.301380 -2.853389 41.708431
v -46.509895 -3.116070 41.779411
v 44.837357 0.222907 38.529106
v 42.220638 -0.150348 38.453140
v 39.591236 -0.503508 38.395088
v 36.939388 -0.618248 38.372101
v 34.280872 -0.525850 38.307178
v 31.528952 -0.087666 38.139740
v 28.483185 1.054866 37.779018
v 25.512865 2.099295 37.441666
v 22.999172 2.187406 37.357338
v 20.707539 1.588334 37.461700
v 18.123297 1.008783 37.566124
v 15.051391 0.756697 37.576736
v 11.567540 0.772616 37.603485
v 7.971909 0.660677 37.836525
v 4.436289 0.300874 38.162006
v 1.141847 -0.376828 38.416759
v -1.583449 -1.585719 38.640617
v -3.830232 -3.149061 38.843998
v -5.942679 -4.548617 38.968895
v -8.346609 -5.237422 38.920063
v -11.266517 -5.322031 38.734467
v -14.431184 -5.104331 38.547401
v -17.490440 -5.009805 38.487663
v -20.337547 -5.284729 38.583752
v -23.061583 -5.763589 38.767902
v -25.773714 -6.077566 38.935833
v -28.551216 -5.917670 38.991615
v -31.389551 -5.303121 38.929821
v -34.234875 -4.430979 38.800468
v -37.003338 -3.552057 38.656635
v -39.599964 -2.942798 38.559563
v -42.033806 -2.660377 38.525974
v -44.369686 -2.630195 38.543877
v -46.677608 -2.739811 38.593052
v 44.542553 1.159783 35.544228
v 41.840443 0.724633 35.398109
v 39.145847 0.243318 35.293945
v 36.739365 -0.310678 35.277180
v 34.304375 -0.625441 35.250717
v 31.639721 -0.428488 35.151424
v 28.756317 0.286166 34.924492
v 25.892057 1.013338 34.680840
v 23.230347 1.294356 34.534462
v 20.696798 1.074205 34.518288
v 17.981085 0.684922 34.548210
v 14.891815 0.402020 34.552887
v 11.367727 0.397490 34.580624
v 7.716944 0.295106 34.838985
v 4.017585 0.065369 35.196686
v 0.501187 -0.410207 35.449955
v -2.274135 -1.570198 35.658813
v -4.326273 -3.182534 35.840561
v -5.967936 -4.412276 35.919048
v -7.946669 -4.969597 35.825310
v -10.973177 -5.477311 35.599140
v -14.368221 -5.662992 35.414742
v -17.439043 -5.568407 35.405277
v -20.219728 -5.907134 35.568512
v -22.852930 -6.644423 35.809811
v -25.503250 -7.143808 36.005547
v -28.275568 -6.927609 36.064396
v -31.194742 -5.947546 35.937386
v -34.135056 -4.658279 35.719234
v -36.950993 -3.500612 35.518810
v -39.607670 -2.645016 35.377163
v -42.140900 -2.100720 35.298878
v -44.595898 -1.832467 35.278248
v -47.011383 -1.782382 35.304298
v 44.592358 0.937565 32.082638
v 41.561813 1.131288 32.003372
v 38.554718 1.336632 31.991171
v 36.269196 0.684524 31.950888
v 34.082352 -0.147005 32.009289
v 31.594398 -0.455421 32.074532
v 28.971273 -0.380459 32.034767
v 26.239573 -0.023772 31.892628
v 23.401464 0.490025 31.679941
v 20.612022 0.673637 31.554428
v 17.893057 0.293250 31.592386
v 14.953706 -0.218944 31.670095
v 11.541289 -0.412147 31.725061
v 7.728208 -0.468006 31.931734
v 3.625097 -0.335943 32.228306
v -0.142479 -0.454952 32.463337
v -3.002783 -1.487642 32.655334
v -4.901300 -2.924266 32.782909
v -5.955035 -3.577019 32.778610
v -7.407010 -3.957685 32.631847
v -10.410099 -4.768325 32.383511
v -14.218537 -5.575536 32.275898
v -17.416159 -5.614053 32.348156
v -20.184542 -5.928529 32.559872
v -22.835938 -6.638647 32.796284
v -25.509188 -7.176309 32.959896
v -28.298452 -7.007274 32.982128
v -31.244776 -5.880430 32.812622
v -34.214352 -4.354457 32.545467
v -37.081356 -2.938385 32.296425
v -39.830685 -1.790378 32.102859
v -42.476738 -0.969862 31.977362
v -45.015030 -0.537720 31.930798
v -47.453415 -0.487903 31.960924
v 44.650265 0.831506 28.654217
v 41.694485 1.202207 28.559784
v 38.710903 1.668033 28.448500
v 36.191551 1.412006 28.381063
v 33.803925 0.646166 28.598427
v 31.364756 -0.008241 28.854820
v 28.877363 -0.369211 28.971937
v 26.280262 -0.433075 28.963060
v 23.492086 -0.174168 28.834290
v 20.690863 -0.135308 28.752617
v 17.989689 -0.604614 28.808861
v 15.156504 -1.153109 28.910124
v 11.863092 -1.552018 28.948708
v 7.801334 -1.781553 29.019741
v 3.310914 -1.554253 29.206367
v -0.594492 -1.410787 29.516268
v -3.565112 -2.198948 29.741072
v -5.595970 -3.389765 29.807934
v -6.819810 -4.239322 29.710476
v -8.154737 -4.713963 29.475969
v -10.667162 -5.074045 29.217491
v -14.218509 -5.588339 29.180088
v -17.435801 -5.721302 29.313730
v -20.225187 -5.994145 29.544954
v -22.929825 -6.515657 29.754841
v -25.667490 -6.900947 29.874031
v -28.503788 -6.636561 29.842316
v -31.479027 -5.366114 29.619467
v -34.480534 -3.635945 29.308741
v -37.404102 -1.977884 29.015091
v -40.215191 -0.609530 28.782127
v -42.897003 0.335934 28.635315
v -45.438309 0.775530 28.589479
v -47.849506 0.727066 28.640114
v 44.613190 0.971964 25.466698
v 41.769821 1.288056 25.324141
v 38.919632 1.577667 25.210876
v 36.207695 1.540575 25.199387
v 33.640873 1.071839 25.402985
v 31.130472 0.641744 25.617134
v 28.659592 0.186709 25.790823
v 26.168882 -0.348344 25.925434
v 23.534491 -0.787958 26.001442
v 20.710770 -1.312727 26.037579
v 17.873587 -1.983606 26.054836
v 15.122878 -2.316573 26.156305
v 12.035436 -2.740646 26.176355
v 7.996862 -3.299639 26.160149
v 3.328923 -3.509472 26.261053
v -0.767225 -3.860141 26.629322
v -3.890469 -4.200382 26.884943
v -6.160655 -4.412108 26.963377
v -7.865067 -5.207650 26.872118
v -9.442595 -5.847303 26.629169
v -11.631704 -6.173643 26.384884
v -14.551347 -6.417890 26.306150
v -17.446100 -6.517204 26.387144
v -20.208576 -6.715349 26.578651
v -22.961998 -6.972117 26.751129
v -25.759956 -7.035604 26.824936
v -28.664743 -6.439199 26.728172
v -31.697187 -4.883597 26.442616
v -34.732269 -2.971025 26.095343
v -37.685455 -1.159962 25.773161
v -40.519848 0.329821 25.518122
v -43.206806 1.324533 25.362951
v -45.732868 1.724462 25.325628
v -48.114906 1.572326 25.396965
v 44.583893 1.009442 22.510866
v 41.764194 1.305823 22.341757
v 38.982456 1.439591 22.237162
v 36.282738 1.324488 22.251526
v 33.690754 1.053533 22.385616
v 31.152983 0.966714 22.519461
v 28.629135 0.712412 22.663090
v 26.079702 0.043863 22.838068
v 23.451462 -0.974162 23.066822
v 20.533689 -2.092048 23.180098
v 17.605980 -2.963584 23.125603
v 14.985086 -3.041010 23.144464
v 12.202605 -3.204171 23.150080
v 8.666261 -3.735918 23.252522
v 4.375113 -4.026695 23.384447
v 0.090164 -4.409943 23.623762
v -3.584029 -4.758892 23.869955
v -6.379130 -4.973061 24.125805
v -8.570739 -5.528350 24.178385
v -10.551889 -6.162921 23.995636
v -12.686756 -6.624533 23.762491
v -15.020675 -7.081302 23.616419
v -17.435274 -7.606863 23.604460
v -20.064734 -7.929754 23.716761
v -22.850920 -7.938969 23.826180
v -25.720953 -7.568188 23.831173
v -28.706131 -6.498345 23.657003
v -31.782667 -4.692706 23.326679
v -34.831985 -2.697728 22.963366
v -37.793213 -0.837127 22.632015
v -40.633064 0.689745 22.371031
v -43.319027 1.691686 22.215984
v -45.834877 2.055764 22.186943
v -48.201740 1.844313 22.270548
v 44.387466 1.503682 19.999445
v 41.620941 1.657291 19.800171
v 38.969940 1.449615 19.606895
v 36.409409 1.024580 19.507917
v 33.946362 0.703341 19.548674
v 31.521534 0.750406 19.629534
v 28.962936 0.833480 19.695436
v 26.234442 0.607664 19.778864
v 23.558531 -0.411270 20.009897
v 20.705307 -1.449110 20.051683
v 17.928492 -1.975557 19.783117
v 15.378853 -1.913197 19.463495
v 12.735004 -2.062296 19.339794
v 9.873999 -2.378277 19.654699
v 6.532883 -2.433236 20.138786
v 2.637829 -2.935825 20.461788
v -1.783434 -3.846421 20.703463
v -5.665150 -4.668859 21.093925
v -8.616166 -5.341042 21.393824
v -11.163828 -5.749983 21.348724
v -13.488846 -6.260805 21.178196
v -15.553485 -7.206995 21.016380
v -17.567911 -8.312576 20.925272
v -19.909687 -8.982253 20.931364
v -22.644457 -8.910222 20.948820
v -25.568247 -8.182669 20.861019
v -28.612516 -6.774359 20.613964
v -31.693558 -4.938428 20.271994
v -34.730053 -3.010542 19.918570
v -37.679890 -1.212623 19.600267
v -40.510864 0.263982 19.353394
v -43.192490 1.238494 19.210438
v -45.711754 1.612336 19.187202
v -48.086967 1.433397 19.271269
v 43.788433 3.160061 18.154478
v 41.101074 3.088481 17.922703
v 38.614346 2.428655 17.557150
v 36.277435 1.424040 17.180664
v 34.043476 0.634840 16.908112
v 31.770102 0.442885 16.796906
v 29.275917 0.532039 16.793409
v 26.582537 0.565989 16.856300
v 23.844419 0.234792 16.961544
v 20.991772 -0.511712 16.877764
v 18.263929 -0.921417 16.526121
v 15.693599 -0.894533 15.985747
v 13.070131 -1.061218 15.747541
v 10.527537 -1.242184 16.120781
v 7.875606 -1.226654 16.806852
v 4.634176 -1.636725 17.408136
v 0.387380 -2.708516 17.678953
v -4.279833 -3.784293 17.850203
v -8.172188 -4.706141 18.309389
v -11.428826 -5.028777 18.496683
v -14.027512 -5.679657 18.457363
v -16.037262 -6.947065 18.324862
v -17.841949 -8.378891 18.187872
v -19.918688 -9.367744 18.101301
v -22.474255 -9.476765 18.016926
v -25.336498 -8.769060 17.841074
v -28.359776 -7.436057 17.568390
v -31.404896 -5.785420 17.248396
v -34.405910 -4.047365 16.926640
v -37.329269 -2.403343 16.639338
v -40.144550 -1.030365 16.419600
v -42.826336 -0.082381 16.294380
v -45.364994 0.359014 16.275795
v -47.773571 0.316332 16.355490
v 42.925465 5.582542 16.728603
v 40.323055 5.261536 16.473499
v 37.981453 4.189039 15.914519
v 35.825245 2.649683 15.204865
v 33.756588 1.219106 14.511778
v 31.594212 0.403335 14.006189
v 29.175112 0.236004 13.786425
v 26.591339 0.330346 13.730041
v 23.921576 0.308637 13.717209
v 21.120399 -0.137928 13.668595
v 18.309120 -0.602970 13.534864
v 15.599287 -0.820760 13.186070
v 12.882161 -1.116527 13.028772
v 10.294862 -1.360114 13.369272
v 7.812973 -1.394899 13.970766
v 5.022973 -1.707247 14.509134
v 1.410692 -2.568755 14.755849
v -3.068959 -3.572104 14.889794
v -7.414013 -4.249257 15.188306
v -11.115514 -4.595620 15.381609
v -13.992470 -5.370933 15.401148
v -16.155708 -6.677924 15.301103
v -18.008701 -8.145194 15.158493
v -20.021948 -9.277897 15.038878
v -22.396067 -9.710289 14.915999
v -25.058285 -9.414129 14.734596
v -27.969646 -8.450502 14.496968
v -30.946316 -7.122546 14.225761
v -33.895382 -5.659590 13.951412
v -36.782497 -4.222266 13.703297
v -39.580070 -2.964573 13.509362
v -42.266983 -2.024280 13.395163
v -44.835049 -1.480502 13.373744
v -47.292873 -1.334392 13.441961
v 42.002708 8.187903 15.286654
v 39.474876 7.646790 15.002584
v 37.258263 6.217327 14.258117
v 35.239780 4.237317 13.242627
v 33.272121 2.212158 12.177398
v 31.199429 0.671198 11.299546
v 28.909019 0.005840 10.796832
v 26.443684 0.117445 10.620666
v 23.857109 0.256650 10.557046
v 21.082399 -0.022368 10.572537
v 18.183374 -0.597288 10.640122
v 15.329185 -1.078379 10.643428
v 12.517651 -1.444373 10.698075
v 9.769558 -1.751775 10.975466
v 7.170481 -1.883710 11.356362
v 4.504675 -2.121892 11.656155
v 1.400853 -2.772098 11.841376
v -2.344239 -3.605322 11.973155
v -6.305622 -4.177730 12.104388
v -10.005944 -4.656940 12.172846
v -13.121206 -5.490663 12.137620
v -15.619056 -6.702501 12.022771
v -17.773739 -8.028994 11.886384
v -19.937120 -9.145978 11.779661
v -22.222940 -9.885811 11.677308
v -24.718651 -10.063469 11.540831
v -27.497309 -9.575580 11.366869
v -30.478649 -8.501855 11.182102
v -33.288872 -7.482251 10.943036
v -36.114552 -6.270912 10.716500
v -38.893105 -5.068682 10.519547
v -41.587605 -4.067827 10.386816
v -44.190083 -3.373926 10.342901
v -46.705715 -3.010588 10.390732
v 41.242977 10.344989 13.403921
v 38.761280 9.669858 13.072745
v 36.641933 7.962740 12.180698
v 34.737457 5.644191 10.954892
v 32.877975 3.206218 9.654454
v 30.901264 1.161972 8.543054
v 28.691420 0.029464 7.848557
v 26.237411 -0.076682 7.612054
v 23.626717 -0.012442 7.568147
v 20.861689 -0.279513 7.630242
v 18.017048 -0.799328 7.779201
v 15.206003 -1.207861 7.963482
v 12.407454 -1.447961 8.166573
v 9.604530 -1.578899 8.389191
v 6.821824 -1.666019 8.609785
v 4.046736 -1.868877 8.801050
v 1.170016 -2.391239 8.941345
v -1.893421 -3.178482 9.019211
v -5.163810 -3.948403 9.043130
v -8.542138 -4.726369 9.000318
v -11.721004 -5.696486 8.882263
v -14.546926 -6.850757 8.717360
v -17.078442 -7.945334 8.554514
v -19.504101 -9.152563 8.416424
v -21.846533 -10.024842 8.313982
v -24.315258 -10.517947 8.226303
v -27.025406 -10.454458 8.128247
v -30.244823 -9.275007 8.089105
v -33.088215 -8.255094 7.817812
v -35.432137 -7.990416 7.554972
v -38.173149 -6.884210 7.366827
v -40.873810 -5.830755 7.219562
v -43.511635 -4.903358 7.107753
v -46.088276 -4.294878 7.121946
v 40.929489 11.235459 10.782290
v 38.464100 10.513410 10.424008
v 36.382988 8.697086 9.469734
v 34.523743 6.248749 8.166958
v 32.711201 3.667083 6.785084
v 30.772766 1.451168 5.594902
v 28.557175 0.082838 4.849067
v 26.033411 -0.298398 4.633103
v 23.396385 -0.440391 4.666086
v 20.718950 -0.780934 4.822763
v 18.023176 -1.207243 5.063538
v 15.319630 -1.481762 5.343997
v 12.574689 -1.549954 5.610804
v 9.774579 -1.435529 5.822572
v 6.929638 -1.252658 5.966783
v 4.072751 -1.205001 6.051327
v 1.222645 -1.507497 6.095100
v -1.619624 -2.233432 6.104229
v -4.512489 -3.225705 6.046442
v -7.532412 -4.330407 5.910157
v -10.505974 -5.185586 5.679322
v -13.150207 -5.348839 5.467688
v -15.901082 -6.677664 5.262840
v -18.537579 -7.505842 4.874306
v -21.249809 -9.461266 4.753628
v -23.906458 -10.666591 4.795043
v -26.590967 -10.871465 4.735184
v -29.362017 -10.612923 4.634026
v -32.218761 -9.107637 3.993967
v -34.802273 -8.054697 3.597623
v -37.450977 -8.210450 4.037408
v -40.215485 -7.293348 4.020749
v -42.889614 -5.953846 3.740128
v -45.526417 -4.947762 3.633216
v 41.199013 10.466116 7.259162
v 38.711842 9.805768 6.928659
v 36.586899 8.113959 6.036575
v 34.675957 5.812572 4.809034
v 32.809322 3.384730 3.507429
v 30.814461 1.321741 2.400728
v 28.539030 0.055861 1.745380
v 25.979244 -0.417055 1.638783
v 23.370686 -0.809055 1.811295
v 20.782423 -1.313152 2.100003
v 18.190386 -1.755113 2.460791
v 15.557017 -1.990624 2.836272
v 12.850689 -1.945228 3.153484
v 10.062001 -1.630060 3.361662
v 7.209209 -1.190486 3.440614
v 4.325689 -0.847305 3.404624
v 1.448602 -0.830173 3.298105
v -1.388579 -1.326979 3.170904
v -4.188462 -2.336096 3.025679
v -7.007409 -3.625520 2.810677
v -9.682614 -4.170599 2.330617
v -12.298411 -4.764806 2.040842
v -15.404390 -7.367716 1.902773
v -18.174225 -8.594924 1.584972
v -20.836828 -9.951694 1.418054
v -23.519041 -10.675819 1.313642
v -26.211380 -10.926824 1.238279
v -28.906364 -10.798368 1.112890
v -31.608664 -10.116595 0.835090
v -33.970928 -8.416095 -0.028697
v -36.522102 -7.927828 -0.131147
v -39.584682 -7.412131 0.209521
v -42.407814 -5.900704 0.012935
v -45.093945 -4.807455 -0.062038
v 41.935120 8.368502 3.019130
v 39.404888 7.830376 2.747983
v 37.179024 6.425577 2.005710
v 35.136845 4.497617 0.976479
v 33.124653 2.484092 -0.102670
v 30.978317 0.851679 -0.973961
v 28.578041 -0.073139 -1.398634
v 26.003139 -0.565765 -1.327441
v 23.441509 -1.165760 -1.016571
v 20.914682 -1.847042 -0.603354
v 18.386026 -2.363335 -0.131105
v 15.804976 -2.597311 0.327274
v 13.133559 -2.478982 0.684459
v 10.364259 -2.034700 0.875580
v 7.518040 -1.421743 0.882001
v 4.626410 -0.847043 0.730210
v 1.728307 -0.546718 0.469074
v -1.137684 -0.734684 0.166218
v -3.952204 -1.482723 -0.112128
v -6.714575 -2.771575 -0.374949
v -9.488036 -4.343676 -0.727152
v -12.347454 -6.438313 -1.043854
v -15.076437 -7.322257 -1.443519
v -17.933069 -7.696058 -2.106449
v -20.426981 -9.692223 -2.104547
v -23.129118 -10.583155 -2.225287
v -25.826571 -10.889875 -2.317576
v -28.522945 -10.733768 -2.480348
v -31.222248 -10.150928 -2.726197
v -33.892445 -9.149749 -3.071327
v -36.474957 -8.216352 -3.370471
v -39.218369 -6.958878 -3.579564
v -42.054279 -5.394605 -3.764002
v -44.770233 -4.180398 -3.859131
v 42.864529 5.662523 -1.577330
v 40.299492 5.243875 -1.778794
v 37.960140 4.180090 -2.330847
v 35.748623 2.747675 -3.086739
v 33.528603 1.330967 -3.840927
v 31.163103 0.321155 -4.366870
v 28.610518 -0.185497 -4.504413
v 26.028957 -0.697815 -4.292907
v 23.504009 -1.443147 -3.891123
v 21.015934 -2.254466 -3.391661
v 18.527317 -2.847953 -2.840297
v 15.987670 -3.086661 -2.325220
v 13.351954 -2.932093 -1.949771
v 10.608999 -2.431031 -1.794181
v 7.776886 -1.720781 -1.865041
v 4.889727 -1.008065 -2.127499
v 1.988666 -0.539494 -2.528365
v -0.901394 -0.455101 -3.002339
v -3.782559 -0.667235 -3.449136
v -6.539730 -1.703501 -3.708814
v -9.225569 -3.378669 -4.131220
v -12.048655 -5.380545 -4.495922
v -14.680821 -6.924683 -4.892290
v -17.444218 -6.627999 -5.868372
v -19.997177 -9.057911 -5.918450
v -22.693956 -10.096066 -5.989212
v -25.416996 -10.697130 -6.023310
v -28.141571 -10.787997 -6.146525
v -30.863625 -10.345930 -6.390312
v -33.581997 -9.435756 -6.694734
v -36.295971 -8.145338 -7.002417
v -39.009842 -6.631835 -7.268598
v -41.731617 -5.105389 -7.467423
v -44.466553 -3.762964 -7.570420
v 43.503101 3.411865 -6.145415
v 40.970871 3.013080 -6.272430
v 38.583538 2.206409 -6.615489
v 36.248199 1.235629 -7.057038
v 33.833431 0.439896 -7.435911
v 31.261946 0.034822 -7.619298
v 28.615042 -0.208625 -7.584001
v 26.030764 -0.727344 -7.316851
v 23.518465 -1.525268 -6.883720
v 21.041410 -2.385194 -6.356852
v 18.565847 -3.015031 -5.779871
v 16.046392 -3.259483 -5.250817
v 13.440709 -3.108106 -4.892147
v 10.726361 -2.609275 -4.786168
v 7.918434 -1.895647 -4.931962
v 5.053045 -1.175142 -5.292153
v 2.160017 -0.719228 -5.813006
v -0.743361 -0.807114 -6.452230
v -3.582942 -1.304884 -7.095598
v -6.333998 -1.976685 -7.584424
v -8.853053 -3.499464 -8.200997
v -11.575401 -5.270571 -8.568448
v -14.384343 -5.541217 -9.185947
v -17.028830 -5.255552 -10.038731
v -19.550547 -7.161017 -10.215566
v -22.191622 -8.925649 -10.163738
v -24.958895 -10.038869 -10.084187
v -27.737898 -10.696306 -10.054379
v -30.511694 -10.746459 -10.141068
v -33.263855 -10.106860 -10.342831
v -35.991348 -8.834365 -10.604276
v -38.707260 -7.169411 -10.841927
v -41.429298 -5.420064 -11.011653
v -44.172047 -3.882468 -11.094666
v 43.434483 2.586772 -10.301604
v 40.977493 2.138374 -10.355054
v 38.641640 1.431128 -10.493701
v 36.317848 0.699549 -10.638986
v 33.877220 0.202928 -10.717693
v 31.271009 -0.004166 -10.734297
v 28.611696 -0.185639 -10.661463
v 26.025232 -0.678330 -10.404372
v 23.498884 -1.424838 -10.000010
v 20.994043 -2.218138 -9.519464
v 18.491058 -2.800480 -8.995344
v 15.958159 -3.031764 -8.519795
v 13.363059 -2.915718 -8.220316
v 10.677810 -2.492201 -8.171157
v 7.908643 -1.886662 -8.379086
v 5.085670 -1.297141 -8.805952
v 2.200151 -1.048006 -9.428742
v -0.797463 -1.596793 -10.244244
v -3.569589 -2.479584 -10.950809
v -6.346032 -3.364321 -12.069917
v -8.755204 -3.605713 -12.888091
v -11.049346 -4.133800 -13.511840
v -13.546618 -4.525386 -14.050668
v -16.187460 -4.449892 -14.494102
v -18.896360 -5.630162 -14.663239
v -21.656326 -7.264610 -14.591639
v -24.460863 -8.860652 -14.375209
v -27.294310 -10.171707 -14.155829
v -30.128695 -10.875243 -14.019908
v -32.935822 -10.778818 -13.996867
v -35.699478 -9.820477 -14.086823
v -38.427807 -8.185575 -14.239954
v -41.152988 -6.319660 -14.357192
v -43.900578 -4.624883 -14.397180
v 42.958702 2.946757 -13.801297
v 40.571438 2.435908 -13.803512
v 38.315189 1.715863 -13.815709
v 36.080933 0.964294 -13.824722
v 33.752758 0.361687 -13.817427
v 31.257708 -0.007522 -13.787114
v 28.651453 -0.272257 -13.698621
v 26.070429 -0.716205 -13.484578
v 23.515705 -1.328215 -13.160712
v 20.947031 -1.938255 -12.792683
v 18.359779 -2.356690 -12.413276
v 15.765429 -2.524025 -12.073485
v 13.153227 -2.475634 -11.871674
v 10.488439 -2.202960 -11.887888
v 7.763988 -1.795147 -12.141075
v 5.000659 -1.418676 -12.600066
v 2.209181 -1.273024 -13.265326
v -0.616578 -1.647821 -14.123445
v -3.218183 -2.081860 -14.969353
v -5.610063 -1.443875 -16.077629
v -8.053462 -1.300067 -17.103659
v -10.546631 -1.639926 -18.049030
v -13.080648 -2.111383 -18.702499
v -15.705426 -2.750207 -19.084333
v -18.385181 -3.875539 -19.168951
v -21.134636 -5.401724 -18.991415
v -23.956774 -7.288769 -18.642321
v -26.830431 -9.185469 -18.234030
v -29.717672 -10.567767 -17.873728
v -32.581818 -11.109872 -17.611092
v -35.397324 -10.679897 -17.470303
v -38.160896 -9.362206 -17.461678
v -40.901684 -7.569987 -17.503775
v -43.659981 -5.837100 -17.495983
v 42.489388 3.607865 -16.938824
v 40.165203 3.009563 -16.930405
v 37.989235 2.184814 -16.917234
v 35.845470 1.297484 -16.893253
v 33.622829 0.494029 -16.843149
v 31.246134 -0.136734 -16.742659
v 28.709002 -0.547448 -16.615936
v 26.132160 -0.894904 -16.482204
v 23.543493 -1.272609 -16.308977
v 20.903440 -1.626101 -16.104824
v 18.214510 -1.862991 -15.909164
v 15.538655 -1.944212 -15.755192
v 12.884236 -1.950212 -15.688387
v 10.226965 -1.880799 -15.773180
v 7.542212 -1.743416 -16.046495
v 4.846612 -1.611054 -16.506330
v 2.187740 -1.436954 -17.212931
v -0.396688 -1.276757 -18.136997
v -2.860169 -1.037943 -19.169100
v -5.268992 -0.635273 -20.309187
v -7.704429 -0.395139 -21.403831
v -10.180396 -0.363506 -22.339449
v -12.709153 -0.619971 -23.022034
v -15.152713 -1.696586 -23.204781
v -17.526432 -3.606005 -22.883549
v -20.579363 -4.171419 -23.012819
v -23.511658 -5.802731 -22.689957
v -26.401014 -8.008419 -22.126867
v -29.320486 -9.934344 -21.561094
v -32.227840 -11.077601 -21.081755
v -35.093769 -11.233304 -20.730490
v -37.906166 -10.418964 -20.540098
v -40.677547 -8.898448 -20.489100
v -43.456215 -7.271790 -20.436810
v 42.302521 3.890595 -20.013359
v 40.005959 3.249578 -20.003685
v 37.862682 2.358274 -19.977367
v 35.751434 1.340128 -19.893145
v 33.563557 0.336681 -19.733969
v 31.229927 -0.502550 -19.524769
v 28.721848 -1.016878 -19.351295
v 26.140451 -1.248186 -19.302908
v 23.504005 -1.292640 -19.353607
v 20.760817 -1.308285 -19.408222
v 17.951679 -1.382101 -19.413946
v 15.260998 -1.378353 -19.422352
v 12.616588 -1.440083 -19.475359
v 9.973007 -1.599084 -19.614742
v 7.328537 -1.764209 -19.882082
v 4.714065 -1.888855 -20.313486
v 2.184546 -1.783995 -21.015715
v -0.241461 -1.459987 -21.954473
v -2.593302 -0.956989 -23.061579
v -4.927315 -0.368478 -24.233610
v -7.300944 0.152608 -25.340773
v -9.756802 0.439094 -26.265360
v -12.311437 0.329510 -26.921572
v -14.874822 -0.610390 -27.147240
v -17.347504 -2.598025 -26.836411
v -20.353300 -3.169762 -26.897644
v -23.197102 -4.998247 -26.402782
v -26.078386 -7.215474 -25.734663
v -29.003344 -9.358867 -25.028833
v -31.931137 -10.925547 -24.377420
v -34.830997 -11.583775 -23.855989
v -37.684906 -11.265534 -23.516882
v -40.492752 -10.125092 -23.371693
v -43.298508 -8.721416 -23.279907
v 42.492287 3.733025 -23.042042
v 40.167374 3.109807 -23.036249
v 37.988106 2.184577 -22.997490
v 35.834919 1.066505 -22.840673
v 33.600483 -0.023670 -22.581682
v 31.216799 -0.904550 -22.291595
v 28.675554 -1.409793 -22.092093
v 26.071833 -1.521676 -22.112467
v 23.383600 -1.315895 -22.337908
v 20.513952 -1.084751 -22.633110
v 17.612597 -1.005498 -22.829683
v 14.980368 -0.911420 -22.929560
v 12.421896 -1.039118 -23.038868
v 9.828830 -1.404408 -23.208101
v 7.265229 -1.813917 -23.462236
v 4.791654 -2.100089 -23.867819
v 2.447043 -1.968494 -24.570953
v 0.207372 -1.430140 -25.545273
v -1.988750 -0.634721 -26.681150
v -4.218969 0.220879 -27.845881
v -6.558414 0.908112 -28.919556
v -9.056705 1.206846 -29.806295
v -11.723816 0.959688 -30.421946
v -14.489825 -0.083340 -30.645210
v -17.154793 -2.374762 -30.281242
v -20.173405 -3.380478 -30.203663
v -23.046232 -5.135701 -29.713758
v -25.909058 -7.226308 -29.005245
v -28.816826 -9.268715 -28.246267
v -31.740583 -10.933860 -27.511490
v -34.651737 -11.889899 -26.880373
v -37.528084 -11.943842 -26.441299
v -40.363083 -11.156394 -26.226870
v -43.193012 -10.012529 -26.101997
v 43.014713 3.895163 -25.823271
v 40.618458 3.265847 -25.851389
v 38.342274 2.191845 -25.889002
v 36.079784 0.889275 -25.790909
v 33.726364 -0.262753 -25.543848
v 31.215750 -1.053777 -25.251938
v 28.595034 -1.441660 -25.069695
v 25.950285 -1.432188 -25.142673
v 23.252798 -1.094131 -25.435692
v 20.447294 -0.693435 -25.792891
v 17.631926 -0.491160 -26.040674
v 14.989452 -0.506862 -26.167213
v 12.434285 -0.781502 -26.301920
v 9.963605 -1.170560 -26.506239
v 7.590509 -1.559980 -26.793959
v 5.307912 -1.784754 -27.230207
v 3.139086 -1.516863 -27.953577
v 1.045962 -0.807035 -28.926825
v -1.054572 0.109536 -30.034096
v -3.257592 0.971629 -31.151594
v -5.641866 1.534046 -32.165829
v -8.248295 1.599279 -32.980045
v -11.074344 1.040002 -33.513031
v -14.076811 -0.186105 -33.709473
v -17.157984 -1.966944 -33.571373
v -20.166737 -3.988863 -33.181652
v -23.032513 -5.988051 -32.629959
v -25.881430 -7.943974 -31.956198
v -28.762186 -9.755063 -31.223269
v -31.664780 -11.245255 -30.500586
v -34.566536 -12.198915 -29.859243
v -37.444061 -12.414196 -29.390888
v -40.289307 -11.860483 -29.144758
v -43.132915 -10.936055 -28.985821
v 43.795891 5.177688 -28.157438
v 41.298508 4.542008 -28.238897
v 38.872955 3.264147 -28.438631
v 36.440063 1.615762 -28.591543
v 33.904232 0.108442 -28.586584
v 31.237326 -0.766987 -28.456514
v 28.534771 -1.059400 -28.361713
v 25.845190 -0.980459 -28.454477
v 23.143915 -0.655078 -28.714029
v 20.414822 -0.297403 -28.996292
v 17.701647 -0.165515 -29.170816
v 15.111747 -0.265479 -29.291691
v 12.703547 -0.413342 -29.477421
v 10.453412 -0.561516 -29.744781
v 8.293465 -0.741175 -30.079433
v 6.176165 -0.849536 -30.527979
v 4.119855 -0.556511 -31.224993
v 2.087245 0.104092 -32.144539
v -0.011227 0.887169 -33.175854
v -2.273334 1.522288 -34.199486
v -4.771454 1.775542 -35.105793
v -7.533187 1.480232 -35.802933
v -10.540490 0.549525 -36.222412
v -13.734118 -1.005695 -36.329266
v -17.003418 -3.029980 -36.142380
v -20.173847 -5.195678 -35.745361
v -23.111031 -7.171196 -35.238777
v -25.952719 -8.963236 -34.647263
v -28.808954 -10.550987 -34.000370
v -31.686602 -11.799505 -33.357986
v -34.566612 -12.552102 -32.794537
v -37.428528 -12.663403 -32.389217
v -40.268085 -12.147211 -32.155777
v -43.113007 -11.336569 -31.963997
v 44.714485 7.221457 -30.205637
v 42.098392 6.598141 -30.339718
v 39.482933 5.157902 -30.703697
v 36.833305 3.236426 -31.159103
v 34.091507 1.325534 -31.518051
v 31.294527 -0.002697 -31.717802
v 28.538351 -0.500823 -31.788500
v 25.820990 -0.473755 -31.876814
v 23.111231 -0.267674 -32.038368
v 20.407082 -0.078281 -32.187901
v 17.779444 0.005318 -32.284500
v 15.371003 0.094906 -32.437523
v 13.195456 0.249347 -32.691853
v 11.173121 0.403078 -33.025143
v 9.205769 0.464833 -33.405781
v 7.218907 0.447802 -33.845543
v 5.210010 0.624839 -34.459259
v 3.155631 1.051555 -35.262070
v 0.975627 1.519541 -36.158306
v -1.418446 1.775784 -37.033562
v -4.084601 1.613645 -37.786282
v -7.033195 0.904088 -38.336952
v -10.228382 -0.392974 -38.633907
v -13.593120 -2.216751 -38.660954
v -17.002888 -4.380256 -38.448513
v -20.276663 -6.558178 -38.077377
v -23.264421 -8.422647 -37.640453
v -26.095076 -9.992940 -37.151932
v -28.925001 -11.322290 -36.620766
v -31.773506 -12.296750 -36.101486
v -34.623062 -12.771178 -35.666866
v -37.458607 -12.652305 -35.374020
v -40.287102 -12.067308 -35.181850
v -43.129417 -11.278105 -34.988232
v 45.492065 9.555285 -32.234432
v 42.772881 8.926998 -32.417717
v 39.985466 7.316077 -32.918934
v 37.138779 5.123623 -33.606678
v 34.246300 2.846158 -34.299850
v 31.369537 0.994814 -34.834877
v 28.566460 0.039211 -35.124840
v 25.831987 -0.109816 -35.216576
v 23.116055 -0.048141 -35.273010
v 20.438509 0.034493 -35.317780
v 17.949015 0.253639 -35.408611
v 15.750501 0.633430 -35.614803
v 13.788277 1.092264 -35.928825
v 11.959825 1.525143 -36.315861
v 10.157213 1.823159 -36.738674
v 8.280933 1.918215 -37.177258
v 6.280159 1.922403 -37.683842
v 4.141964 1.994319 -38.320812
v 1.812277 2.020083 -39.030560
v -0.773330 1.793962 -39.713879
v -3.647774 1.155047 -40.283146
v -6.798279 0.022352 -40.674786
v -10.169911 -1.598248 -40.853642
v -13.670074 -3.608058 -40.817497
v -17.165356 -5.803583 -40.602459
v -20.479488 -7.878495 -40.281212
v -23.475149 -9.543344 -39.931625
v -26.285225 -10.841200 -39.559410
v -29.084845 -11.864926 -39.163792
v -31.898535 -12.517738 -38.795021
v -34.711838 -12.677337 -38.513634
v -37.520580 -12.345959 -38.330498
v -40.340324 -11.727926 -38.167755
v -43.178986 -10.958580 -37.980328
v 45.880718 11.657063 -34.511135
v 43.107983 10.972088 -34.735779
v 40.235744 9.144183 -35.340321
v 37.301151 6.638006 -36.171371
v 34.348316 3.985994 -37.049809
v 31.429153 1.726326 -37.792030
v 28.589752 0.371271 -38.240074
v 25.838808 0.020161 -38.363205
v 23.125839 0.009129 -38.382690
v 20.506275 0.135560 -38.415588
v 18.169487 0.568272 -38.541527
v 16.144415 1.215250 -38.792381
v 14.345780 1.932805 -39.148037
v 12.665543 2.604411 -39.572083
v 10.990602 3.113891 -40.025452
v 9.205801 3.346988 -40.470711
v 7.213500 3.257740 -40.898094
v 4.969059 2.955317 -41.356319
v 2.448970 2.469904 -41.848358
v -0.364960 1.707408 -42.314499
v -3.465174 0.577843 -42.688496
v -6.810637 -0.947042 -42.923344
v -10.329382 -2.823924 -42.996910
v -13.919448 -4.931899 -42.915298
v -17.447109 -7.067470 -42.714935
v -20.749834 -8.952694 -42.459721
v -23.716681 -10.348538 -42.212795
v -26.497416 -11.336344 -41.969101
v -29.263321 -12.019227 -41.724373
v -32.039082 -12.322760 -41.519360
v -34.819023 -12.204733 -41.376835
v -37.611813 -11.782436 -41.252804
v -40.425289 -11.178764 -41.104515
v -43.258839 -10.442332 -40.925159
v 45.983452 12.539312 -37.276443
v 43.199039 11.807210 -37.520260
v 40.307514 9.864453 -38.167271
v 37.353405 7.214305 -39.049870
v 34.385139 4.404287 -39.985714
v 31.451525 1.985759 -40.791172
v 28.598574 0.479075 -41.292957
v 25.840408 0.043581 -41.437992
v 23.137438 0.026542 -41.458702
v 20.584427 0.240347 -41.509270
v 18.360744 0.844314 -41.665096
v 16.448608 1.695255 -41.940536
v 14.752988 2.611152 -42.316608
v 13.164424 3.466204 -42.757679
v 11.567504 4.141166 -43.224003
v 9.842012 4.510632 -43.674397
v 7.867351 4.455219 -44.070782
v 5.546254 3.922597 -44.400234
v 2.848217 2.979060 -44.685860
v -0.187130 1.698520 -44.931229
v -3.495499 0.113900 -45.111729
v -7.004657 -1.742609 -45.199848
v -10.629097 -3.799122 -45.183353
v -14.263712 -5.925581 -45.072372
v -17.781628 -7.929734 -44.900860
v -21.039885 -9.567946 -44.723598
v -23.958363 -10.654110 -44.589672
v -26.705101 -11.310563 -44.482155
v -29.437550 -11.654337 -44.387314
v -32.182262 -11.675530 -44.315754
v -34.945011 -11.439649 -44.240353
v -37.730431 -11.018570 -44.136055
v -40.538120 -10.449285 -43.997410
v -43.365288 -9.754073 -43.828087
v 45.902477 11.624135 -40.651787
v 43.123123 10.949179 -40.876572
v 40.242840 9.133451 -41.481277
v 37.302299 6.636721 -42.312782
v 34.348503 3.990188 -43.194180
v 31.429760 1.739826 -43.943638
v 28.590492 0.387690 -44.393948
v 25.839296 0.030998 -44.512741
v 23.144564 0.035757 -44.531410
v 20.629528 0.300150 -44.593193
v 18.458086 0.990513 -44.761703
v 16.590101 1.965477 -45.039486
v 14.929104 3.007613 -45.412643
v 13.365788 3.977143 -45.847919
v 11.784300 4.753298 -46.305565
v 10.064317 5.210360 -46.744385
v 8.081824 5.217808 -47.122059
v 5.720456 4.659226 -47.400723
v 2.922827 3.509417 -47.567696
v -0.254083 1.889948 -47.644386
v -3.700257 -0.020015 -47.662987
v -7.312747 -2.104712 -47.627167
v -10.991854 -4.256141 -47.538242
v -14.630081 -6.333988 -47.411312
v -18.109459 -8.160128 -47.277382
v -21.307516 -9.528900 -47.180752
v -24.173433 -10.310178 -47.154446
v -26.890060 -10.677762 -47.162941
v -29.601646 -10.803423 -47.162739
v -32.335056 -10.732933 -47.137791
v -35.092182 -10.492368 -47.078457
v -37.872520 -10.099916 -46.982876
v -40.674011 -9.570729 -46.853996
v -43.493912 -8.922514 -46.696121
v -48.520370 -2.935986 46.370098
v 46.314297 -0.378368 47.542992
v 48.441170 10.219381 -42.590935
v -44.987373 -7.692221 -49.403080
v -46.331902 -7.791052 -47.891869
v -46.264439 -8.593527 -45.080727
v -46.153767 -9.309031 -42.184433
v -46.066261 -9.874779 -39.251656
v -46.005615 -10.266365 -36.276794
v -45.974716 -10.447351 -33.262943
v -45.976398 -10.235285 -30.275827
v -46.012009 -9.462711 -27.381395
v -46.080444 -8.193289 -24.561754
v -46.189713 -6.651467 -21.757406
v -46.350403 -5.112751 -18.898010
v -46.558872 -3.798232 -15.917703
v -46.803249 -2.900254 -12.752550
v -47.070541 -2.577298 -9.351199
v -47.348392 -2.829786 -5.724678
v -47.627590 -3.486270 -1.950139
v -47.944515 -4.120327 1.837037
v -48.368759 -4.164321 5.475746
v -48.889030 -3.465156 8.888494
v -49.424129 -2.216365 12.064549
v -49.898674 -0.737535 15.046246
v -50.249874 0.479296 17.958143
v -50.440407 1.140446 20.914555
v -50.456844 1.218060 23.971046
v -50.303204 0.743685 27.139118
v -50.007130 -0.163063 30.396402
v -49.615295 -1.304434 33.704700
v -49.191669 -2.432932 37.016357
v -48.854107 -3.199355 40.265839
v -48.664654 -3.354806 43.404652
v 47.663303 -0.348523 46.006660
v 47.728123 -0.370021 43.001289
v 47.693455 -0.246549 39.940277
v 47.521454 0.340413 36.928349
v 47.447392 0.617261 33.736629
v 47.503204 0.456413 30.401598
v 47.475121 0.536826 27.216707
v 47.458523 0.549981 24.173044
v 47.394627 0.671684 21.375780
v 47.005108 1.730427 19.113352
v 46.230160 3.908272 17.411795
v 45.290287 6.569476 15.910858
v 44.419952 9.041604 14.208090
v 43.876972 10.585742 11.947300
v 43.857918 10.638318 8.874890
v 44.365677 9.191132 4.992010
v 45.218018 6.753233 0.574113
v 45.998589 4.273406 -4.006668
v 46.193859 2.868386 -8.367625
v 45.800964 2.861061 -12.147196
v 45.240097 3.566246 -15.396620
v 44.859085 4.137320 -18.481554
v 44.859440 4.151033 -21.547943
v 45.253460 3.934384 -24.499273
v 45.952042 4.470279 -27.089760
v 46.859753 6.039646 -29.281549
v 47.778519 8.119008 -31.319269
v 48.396561 10.284967 -33.470985
v 48.633297 11.794382 -35.991055
v 48.636723 11.789203 -39.061539
v -47.514030 -3.070928 44.896557
v -47.623692 -3.240190 41.815121
v -47.838345 -2.811709 38.622696
v -48.208614 -1.823976 35.331512
v -48.641754 -0.583089 31.999910
v -49.016338 0.554735 28.694601
v -49.264313 1.335008 25.464304
v -49.343040 1.574715 22.344299
v -49.233360 1.183909 19.343813
v -48.939529 0.149371 16.423998
v -48.488567 -1.385123 13.503174
v -47.937096 -2.935366 10.443636
v -47.358173 -4.079981 7.161014
v -46.834888 -4.583400 3.652222
v -46.435394 -4.316094 -0.061404
v -46.128895 -3.639192 -3.862583
v -45.837269 -3.184078 -7.575309
v -45.551933 -3.245570 -11.096527
v -45.286625 -3.924789 -14.385464
v -45.052101 -5.098701 -17.466106
v -44.857380 -6.547642 -20.391634
v -44.711449 -8.064949 -23.223965
v -44.615734 -9.440180 -26.035948
v -44.560253 -10.431415 -28.903290
v -44.541088 -10.879866 -31.863031
v -44.556786 -10.840092 -34.882416
v -44.604630 -10.533047 -37.876694
v -44.681816 -10.034020 -40.825714
v -44.784874 -9.367714 -43.733997
v -44.909557 -8.561607 -46.608231
v -47.393608 -2.454096 47.826397
v -45.283516 -2.108136 47.813801
v -43.132397 -1.716338 47.729782
v -40.894211 -1.409662 47.662128
v -38.500927 -1.282951 47.624077
v -35.993557 -1.210656 47.579170
v -33.442642 -1.037167 47.491650
v -30.840784 -0.794422 47.376122
v -28.155375 -0.569559 47.260803
v -25.355122 -0.453393 47.175259
v -22.418261 -0.525522 47.147640
v -19.352745 -0.811138 47.194626
v -16.188837 -1.269041 47.309849
v -12.919078 -1.898277 47.481705
v -9.621540 -2.577296 47.677216
v -6.455528 -2.989923 47.823009
v -3.483812 -2.881660 47.846287
v -0.687918 -2.217208 47.728970
v 2.093021 -1.333906 47.542904
v 5.018480 -0.581376 47.361637
v 8.063084 -0.022796 47.208656
v 11.145287 0.344335 47.098129
v 14.183699 0.545176 47.030277
v 17.038353 0.780806 46.941475
v 19.639767 1.143576 46.811424
v 22.167196 1.323620 46.755840
v 24.821848 1.024894 46.876537
v 27.570894 0.396530 47.129913
v 30.161102 0.060711 47.335533
v 32.607327 0.125304 47.421238
v 35.254063 0.014030 47.487846
v 38.142986 -0.352892 47.568459
v 40.980423 -0.533853 47.608429
v 43.684299 -0.470021 47.610073
v 47.001225 9.313733 -44.427830
v 44.330887 9.230510 -44.519516
v 41.516243 8.156721 -44.877132
v 38.630676 6.281346 -45.501698
v 35.713112 4.044304 -46.246719
v 32.808720 1.956146 -46.942158
v 29.963821 0.540448 -47.413635
v 27.199320 0.033299 -47.582535
v 24.480185 0.004960 -47.594467
v 21.850372 0.120627 -47.621773
v 19.495552 0.591736 -47.732006
v 17.478439 1.479544 -47.947437
v 15.706727 2.567919 -48.256104
v 14.079267 3.645716 -48.640644
v 12.483377 4.579266 -49.065067
v 10.801748 5.246031 -49.489201
v 8.914356 5.520455 -49.871929
v 6.704345 5.280957 -50.173157
v 4.087741 4.448310 -50.362713
v 1.062660 3.049214 -50.435234
v -2.292138 1.214339 -50.409790
v -5.865244 -0.883881 -50.315338
v -9.539350 -3.066045 -50.182747
v -13.197675 -5.154377 -50.042870
v -16.726162 -6.975980 -49.925968
v -20.014984 -8.365383 -49.861355
v -22.977863 -9.190313 -49.871662
v -25.714533 -9.562802 -49.924007
v -28.413427 -9.714384 -49.959545
v -31.133062 -9.714385 -49.959541
v -33.875694 -9.565714 -49.923336
v -36.640503 -9.273672 -49.852203
v -39.425922 -8.848383 -49.748623
v -42.229767 -8.303975 -49.616039
v 46.382710 -0.410804 44.537544
v 43.697582 -0.507985 44.540619
v 40.964302 -0.523074 44.531212
v 38.043095 -0.187113 44.466045
v 35.072693 0.352412 44.354336
v 32.414341 0.543331 44.258160
v 29.960245 0.598358 44.109085
v 27.300014 1.183237 43.806866
v 24.512604 1.962520 43.500027
v 21.920246 2.166707 43.404324
v 19.475245 1.750103 43.527264
v 16.909155 1.116533 43.734905
v 14.002377 0.727769 43.871185
v 10.798376 0.543186 43.962002
v 7.479755 0.255759 44.107311
v 4.238153 -0.260447 44.293648
v 1.266274 -1.098106 44.498741
v -1.402580 -2.201810 44.704666
v -3.980621 -3.190670 44.846634
v -6.734633 -3.632570 44.857014
v -9.743721 -3.483657 44.745655
v -12.949698 -2.990961 44.577328
v -16.176313 -2.501138 44.430466
v -19.294514 -2.190833 44.346989
v -22.318636 -2.027706 44.327286
v -25.238670 -2.009932 44.365002
v -28.035055 -2.133248 44.448109
v -30.726238 -2.315671 44.550816
v -33.350067 -2.443415 44.639919
v -35.944904 -2.416134 44.684937
v -38.500809 -2.261629 44.684391
v -40.925068 -2.218025 44.691223
v -43.182022 -2.418860 44.742058
v -45.347984 -2.755170 44.819756
v 46.368656 -0.357625 41.480782
v 43.684853 -0.456843 41.485210
v 40.995453 -0.574824 41.469345
v 38.172626 -0.414712 41.422989
v 35.308086 -0.045970 41.334675
v 32.631050 0.191618 41.226765
v 29.932241 0.705236 40.983444
v 26.994337 1.802915 40.578491
v 24.194555 2.579706 40.292435
v 21.787075 2.415259 40.289764
v 19.438543 1.752637 40.455051
v 16.788240 1.118073 40.626583
v 13.702843 0.821586 40.711716
v 10.289095 0.729241 40.818794
v 6.785609 0.497738 41.037262
v 3.411538 -0.005292 41.274548
v 0.415175 -0.916964 41.497036
v -2.136469 -2.215388 41.714252
v -4.484864 -3.534404 41.881222
v -6.969961 -4.370232 41.926136
v -9.785244 -4.522862 41.834057
v -12.893206 -4.220205 41.670410
v -16.061480 -3.889968 41.538822
v -19.093952 -3.804551 41.507847
v -22.007973 -3.898663 41.559902
v -24.855816 -4.036684 41.644726
v -27.638435 -4.146547 41.729027
v -30.375546 -4.112232 41.784676
v -33.092739 -3.858131 41.792034
v -35.796558 -3.406106 41.747108
v -38.425732 -2.933122 41.681255
v -40.888031 -2.695761 41.652626
v -43.187870 -2.750862 41.679779
v -45.405121 -2.981834 41.742859
v 46.214752 0.162371 38.496418
v 43.516804 0.084219 38.503647
v 40.912086 -0.356118 38.415840
v 38.266087 -0.588999 38.384331
v 35.611820 -0.597459 38.347557
v 32.934925 -0.384341 38.245243
v 30.029564 0.425544 37.975269
v 26.955938 1.659544 37.588722
v 24.201353 2.266957 37.366447
v 21.859608 1.927294 37.397732
v 19.471525 1.267629 37.523354
v 16.649263 0.836914 37.580635
v 13.343042 0.755589 37.573006
v 9.769901 0.746190 37.695820
v 6.189227 0.512566 38.001099
v 2.735433 0.017477 38.298084
v -0.295260 -0.916475 38.530151
v -2.748239 -2.349924 38.747009
v -4.876217 -3.912002 38.923298
v -7.085271 -4.985785 38.966969
v -9.751502 -5.338608 38.836903
v -12.843195 -5.224832 38.631760
v -15.986233 -5.018762 38.497440
v -18.937054 -5.104110 38.519085
v -21.707621 -5.520080 38.670952
v -24.412981 -5.965410 38.861065
v -27.153028 -6.061902 38.979969
v -29.965487 -5.656626 38.972694
v -32.815823 -4.884941 38.870445
v -35.635769 -3.972863 38.726170
v -38.324669 -3.205573 38.600243
v -40.833641 -2.763974 38.535275
v -43.209473 -2.620441 38.529675
v -45.523197 -2.674982 38.565933
v 45.970768 0.985852 35.494190
v 43.182480 1.015565 35.492420
v 40.473965 0.477012 35.329716
v 37.917488 -0.034616 35.281063
v 35.544170 -0.519809 35.269157
v 33.004768 -0.600636 35.215706
v 30.212980 -0.110757 35.049400
v 27.306475 0.682975 34.796425
v 24.533981 1.223165 34.590969
v 21.966162 1.229032 34.514034
v 19.376049 0.882603 34.533199
v 16.493826 0.510095 34.555294
v 13.166306 0.385937 34.548649
v 9.549402 0.367253 34.682339
v 5.868196 0.194687 35.022068
v 2.198203 -0.111225 35.335762
v -0.989186 -0.900580 35.556190
v -3.377271 -2.369763 35.756836
v -5.161247 -3.887284 35.898300
v -6.851193 -4.733654 35.894390
v -9.350901 -5.233469 35.719162
v -12.681779 -5.626744 35.490978
v -15.951708 -5.605180 35.385654
v -18.856390 -5.665866 35.469925
v -21.544344 -6.261963 35.687370
v -24.167910 -6.961033 35.919628
v -26.869970 -7.139411 36.057365
v -29.722290 -6.510640 36.020378
v -32.672787 -5.309357 35.831833
v -35.563057 -4.047206 35.612972
v -38.297680 -3.032699 35.439976
v -40.886871 -2.335552 35.330318
v -43.375332 -1.935721 35.282017
v -45.807468 -1.782902 35.286022
v 46.049362 0.749053 32.081150
v 43.099766 1.034614 32.044430
v 40.000134 1.289971 31.994007
v 37.342442 1.103530 31.968042
v 35.204384 0.229767 31.968828
v 32.869358 -0.367080 32.050388
v 30.293890 -0.455414 32.068821
v 27.621620 -0.235768 31.976309
v 24.825293 0.240644 31.786518
v 21.993101 0.650316 31.597416
v 19.257652 0.537306 31.558252
v 16.472795 0.014147 31.635424
v 13.304781 -0.347577 31.689636
v 9.683850 -0.460072 31.807629
v 5.681974 -0.411938 32.080421
v 1.653856 -0.311917 32.354336
v -1.694193 -0.858673 32.564087
v -4.079238 -2.245874 32.731895
v -5.475281 -3.346066 32.798527
v -6.532824 -3.741723 32.724262
v -8.723230 -4.310889 32.505299
v -12.320144 -5.246070 32.305527
v -15.906424 -5.639899 32.290909
v -18.828241 -5.701509 32.442921
v -21.514431 -6.265761 32.682014
v -24.163578 -6.964874 32.891499
v -26.883884 -7.209714 32.993767
v -29.757946 -6.538952 32.917862
v -32.736534 -5.127969 32.682861
v -35.663364 -3.617683 32.415039
v -38.469589 -2.327069 32.191868
v -41.166771 -1.334774 32.030785
v -43.759216 -0.704040 31.944052
v -46.245716 -0.468150 31.936941
v 46.079578 0.662757 28.718040
v 43.192078 0.994768 28.604662
v 40.168892 1.474279 28.508480
v 37.403103 1.640495 28.389639
v 35.000568 1.049900 28.462744
v 32.591095 0.284626 28.738352
v 30.128630 -0.224016 28.931063
v 27.601006 -0.447099 28.984533
v 24.902643 -0.316961 28.905087
v 22.079958 -0.093945 28.778099
v 19.337255 -0.326714 28.766392
v 16.608690 -0.892383 28.863651
v 13.592529 -1.368123 28.933769
v 9.926410 -1.710637 28.974001
v 5.545479 -1.711766 29.094078
v 1.247958 -1.403093 29.357868
v -2.198072 -1.697913 29.647144
v -4.700168 -2.801244 29.795191
v -6.266156 -3.870927 29.778818
v -7.395555 -4.512788 29.607092
v -9.236340 -4.876593 29.332005
v -12.401838 -5.349820 29.169888
v -15.901428 -5.682892 29.230192
v -18.860140 -5.817353 29.424351
v -21.576921 -6.242603 29.657959
v -24.290766 -6.755696 29.829193
v -27.068436 -6.886187 29.881678
v -29.979040 -6.105117 29.750370
v -32.984497 -4.518152 29.467314
v -35.955200 -2.780001 29.156151
v -38.824795 -1.248559 28.889294
v -41.573250 -0.077082 28.696693
v -44.185059 0.620003 28.599649
v -46.658627 0.807222 28.603771
v 46.035686 0.778680 25.565306
v 43.193958 1.134273 25.389095
v 40.337204 1.449705 25.262915
v 37.542030 1.619928 25.180700
v 34.912102 1.330518 25.284681
v 32.380478 0.846118 25.515900
v 29.892010 0.427471 25.708345
v 27.424118 -0.083764 25.864656
v 24.876488 -0.575391 25.969595
v 22.138414 -1.022293 26.025278
v 19.280304 -1.666400 26.039009
v 16.502586 -2.177134 26.104099
v 13.667469 -2.494755 26.178364
v 10.141500 -3.043760 26.165724
v 5.665866 -3.424280 26.178375
v 1.165197 -3.660416 26.432447
v -2.448473 -4.059200 26.782301
v -5.116141 -4.266990 26.944904
v -7.062984 -4.767227 26.939682
v -8.622514 -5.576873 26.762686
v -10.430539 -6.031492 26.494324
v -13.045996 -6.310572 26.322723
v -16.022848 -6.472443 26.328545
v -18.835323 -6.599180 26.476759
v -21.582239 -6.848180 26.673246
v -24.351879 -7.053670 26.804880
v -27.195021 -6.853661 26.801788
v -30.171440 -5.753711 26.602388
v -33.221294 -3.935364 26.269709
v -36.221848 -2.036766 25.928074
v -39.119419 -0.363381 25.635057
v -41.883129 0.897824 25.426445
v -44.489479 1.598918 25.329611
v -46.939857 1.710135 25.349165
v 46.011639 0.794680 22.616131
v 43.169022 1.178310 22.419371
v 40.366695 1.397656 22.278456
v 37.619171 1.415874 22.226492
v 34.975922 1.180494 22.311470
v 32.417839 0.999749 22.453989
v 29.892464 0.883333 22.588999
v 27.357189 0.431582 22.742813
v 24.792221 -0.436302 22.953867
v 22.021374 -1.533439 23.148678
v 19.040318 -2.610262 23.156786
v 16.273479 -3.062352 23.129490
v 13.657121 -3.065568 23.142975
v 10.546683 -3.467709 23.192705
v 6.574156 -3.899815 23.309805
v 2.187239 -4.202308 23.496090
v -1.850163 -4.608140 23.744747
v -5.081951 -4.850501 24.008141
v -7.526187 -5.211511 24.185776
v -9.561171 -5.860243 24.106522
v -11.589930 -6.409622 23.874504
v -13.839149 -6.841404 23.674435
v -16.210741 -7.350255 23.592146
v -18.722685 -7.805333 23.651922
v -21.445007 -7.973723 23.779013
v -24.274334 -7.819236 23.847450
v -27.198164 -7.135923 23.767796
v -30.240080 -5.657316 23.503975
v -33.315922 -3.692328 23.143705
v -36.325768 -1.737806 22.791212
v -39.230431 -0.019527 22.490383
v -41.996937 1.266435 22.278429
v -44.597572 1.952732 22.185949
v -47.034599 2.013313 22.216396
v 45.815117 1.291258 20.082993
v 42.988659 1.628378 19.903532
v 40.282944 1.593102 19.697529
v 37.677940 1.247601 19.540087
v 35.166824 0.824886 19.515808
v 32.739033 0.695630 19.588926
v 30.268803 0.804371 19.666245
v 27.601223 0.804433 19.721327
v 24.903788 0.163580 19.891994
v 22.146975 -0.971074 20.071779
v 19.287235 -1.798866 19.943193
v 16.643427 -1.969940 19.614683
v 14.077713 -1.940467 19.356020
v 11.348377 -2.241960 19.450424
v 8.268634 -2.401645 19.901741
v 4.668483 -2.609325 20.324087
v 0.434551 -3.375194 20.573336
v -3.841837 -4.276620 20.886755
v -7.229176 -5.034364 21.279106
v -9.918649 -5.563941 21.405653
v -12.357960 -5.962780 21.267136
v -14.547150 -6.684464 21.091988
v -16.541599 -7.777112 20.958580
v -18.685268 -8.731244 20.919638
v -21.240164 -9.035207 20.946360
v -24.089258 -8.630706 20.923754
v -27.079607 -7.553608 20.755091
v -30.154266 -5.887398 20.449070
v -33.220589 -3.970215 20.093212
v -36.217819 -2.083405 19.752735
v -39.112301 -0.422072 19.465691
v -41.871738 0.822844 19.267410
v -44.471870 1.500278 19.184111
v -46.915237 1.584352 19.217442
v 45.207127 2.977677 18.197372
v 42.418232 3.201623 18.061583
v 39.835640 2.823797 17.749342
v 37.429287 1.937968 17.362513
v 35.154152 0.966243 17.025677
v 32.924801 0.475281 16.834288
v 30.554857 0.475603 16.785877
v 27.941332 0.575316 16.814920
v 25.224672 0.464673 16.917181
v 22.420931 -0.129220 16.951567
v 19.601471 -0.788364 16.737364
v 16.975571 -0.920038 16.253567
v 14.381870 -0.948959 15.798157
v 11.791602 -1.177360 15.867864
v 9.241172 -1.229031 16.450886
v 6.365790 -1.341670 17.139997
v 2.625655 -2.130343 17.582190
v -1.981967 -3.255896 17.738758
v -6.330844 -4.305760 18.073784
v -9.874397 -4.898223 18.446886
v -12.812899 -5.272231 18.494574
v -15.087154 -6.256254 18.396992
v -16.933561 -7.680541 18.251940
v -18.824619 -8.964633 18.139189
v -21.143742 -9.535481 18.065399
v -23.877430 -9.214896 17.942738
v -26.837265 -8.162151 17.714115
v -29.885193 -6.633990 17.411188
v -32.913200 -4.915694 17.085363
v -35.879227 -3.202420 16.776548
v -38.752220 -1.672387 16.519125
v -41.503166 -0.496161 16.344021
v -44.113194 0.202344 16.271864
v -46.583885 0.392851 16.304653
v 44.328022 5.452563 16.720505
v 41.589066 5.523090 16.646093
v 39.123756 4.807778 16.223242
v 36.885220 3.445233 15.568178
v 34.789608 1.882694 14.845437
v 32.701088 0.720803 14.225522
v 30.414631 0.259322 13.865554
v 27.895685 0.273690 13.746266
v 25.270641 0.363170 13.724655
v 22.533298 0.122965 13.697839
v 19.704390 -0.398319 13.626293
v 16.949114 -0.723785 13.369848
v 14.236144 -0.956573 13.054176
v 11.565980 -1.265010 13.144141
v 9.060414 -1.380688 13.658250
v 6.490531 -1.485872 14.267714
v 3.343999 -2.085603 14.666246
v -0.776741 -3.086099 14.811697
v -5.303436 -3.969535 15.030374
v -9.361164 -4.417720 15.308534
v -12.656974 -4.906483 15.410372
v -15.142605 -5.976085 15.361591
v -17.089151 -7.422243 15.229759
v -18.975279 -8.782515 15.095728
v -21.166830 -9.587614 14.981924
v -23.692575 -9.652976 14.833492
v -26.493090 -8.999231 14.621559
v -29.458179 -7.815021 14.363738
v -32.426815 -6.397414 14.087087
v -35.348473 -4.928060 13.822318
v -38.194004 -3.561574 13.597809
v -40.938202 -2.448291 13.441159
v -43.565685 -1.701063 13.372693
v -46.076511 -1.361079 13.397586
v 43.393669 8.096582 15.233531
v 40.695469 8.040829 15.210382
v 38.333645 7.026241 14.677375
v 36.233067 5.266701 13.770802
v 34.259369 3.196426 12.701560
v 32.258408 1.350899 11.700242
v 30.081322 0.220021 10.998618
v 27.692589 0.006704 10.682134
v 25.169430 0.223589 10.580225
v 22.493395 0.172395 10.554055
v 19.636457 -0.299590 10.608705
v 16.748156 -0.858261 10.647589
v 13.919529 -1.268249 10.649979
v 11.127498 -1.615286 10.811270
v 8.458663 -1.829794 11.166351
v 5.868250 -1.963341 11.521611
v 3.030715 -2.398430 11.760297
v -0.409434 -3.199286 11.908794
v -4.330331 -3.926960 12.041371
v -8.213226 -4.397779 12.150437
v -11.645695 -5.018595 12.167775
v -14.435133 -6.062229 12.086942
v -16.714487 -7.373581 11.952975
v -18.843498 -8.626078 11.829634
v -21.060492 -9.573689 11.730874
v -23.436262 -10.057117 11.614055
v -26.080849 -9.892217 11.458369
v -28.963186 -9.111276 11.272813
v -31.919916 -7.957596 11.071124
v -34.699219 -6.896347 10.826451
v -37.513359 -5.654432 10.612430
v -40.251614 -4.534828 10.443162
v -42.900307 -3.679326 10.353137
v -45.457859 -3.152818 10.356015
v 42.638718 10.241565 13.329608
v 39.950157 10.155403 13.318809
v 37.664574 8.921809 12.684031
v 35.673340 6.849722 11.593572
v 33.812725 4.408737 10.297400
v 31.913038 2.100844 9.059172
v 29.829056 0.455640 8.134177
v 27.489130 -0.106830 7.688308
v 24.950811 -0.020380 7.575748
v 22.261127 -0.099139 7.586622
v 19.440649 -0.531936 7.697037
v 16.606731 -1.027321 7.868836
v 13.807349 -1.345384 8.062435
v 11.005267 -1.523912 8.276381
v 8.209522 -1.620425 8.501520
v 5.439183 -1.738130 8.710554
v 2.627672 -2.086146 8.878735
v -0.335661 -2.770682 8.987517
v -3.504452 -3.571235 9.038316
v -6.857583 -4.323870 9.031154
v -10.171620 -5.182621 8.949659
v -13.176601 -6.262371 8.802660
v -15.828406 -7.362010 8.634549
v -18.313862 -8.599967 8.480228
v -20.671518 -9.624556 8.361903
v -23.054136 -10.332364 8.269995
v -25.641870 -10.559715 8.179197
v -28.592022 -9.975763 8.105451
v -31.797419 -8.622468 8.013022
v -34.224766 -8.160394 7.644225
v -36.801174 -7.457450 7.463581
v -39.530968 -6.358727 7.296281
v -42.200809 -5.321919 7.144491
v -44.806927 -4.566532 7.103177
v 42.331104 11.115533 10.700593
v 39.640709 11.034130 10.689865
v 37.384933 9.715195 10.007037
v 35.436569 7.520793 8.845158
v 33.622555 4.943477 7.468956
v 31.768127 2.481852 6.149215
v 29.706436 0.635536 5.153644
v 27.322781 -0.192643 4.689895
v 24.721525 -0.358351 4.630642
v 22.061306 -0.585235 4.731685
v 19.371922 -1.000224 4.935140
v 16.674129 -1.370145 5.202132
v 13.953829 -1.541449 5.482193
v 11.181437 -1.510593 5.724913
v 8.355733 -1.341248 5.902960
v 5.501188 -1.197323 6.015410
v 2.646039 -1.303108 6.077172
v -0.197327 -1.824438 6.105755
v -3.053009 -2.708150 6.085104
v -6.009181 -3.767717 5.987665
v -9.062996 -4.904332 5.813602
v -11.811139 -5.096407 5.558415
v -14.495237 -5.812027 5.374085
v -17.260355 -7.333496 5.112576
v -19.868166 -8.169470 4.714358
v -22.592659 -10.352794 4.813701
v -25.239738 -10.810744 4.765803
v -27.948725 -10.847635 4.695795
v -30.855852 -9.893325 4.391222
v -33.536705 -8.314414 3.636077
v -36.081142 -8.186974 3.806905
v -38.856853 -7.835876 4.083825
v -41.558422 -6.637428 3.889753
v -44.212070 -5.367285 3.642040
v 42.597858 10.354236 7.184772
v 39.903381 10.284135 7.174354
v 37.612434 9.065056 6.540133
v 35.615135 7.009694 5.448688
v 33.747879 4.583762 4.150758
v 31.838688 2.276965 2.912778
v 29.717609 0.573033 2.003383
v 27.280729 -0.237535 1.637025
v 24.672653 -0.597240 1.704491
v 22.074890 -1.055731 1.944660
v 19.489189 -1.552699 2.274300
v 16.881145 -1.904694 2.651370
v 14.214145 -2.004819 3.005960
v 11.465981 -1.814753 3.273143
v 8.641698 -1.412761 3.417119
v 5.769008 -0.992340 3.434685
v 2.883930 -0.784058 3.356670
v 0.023936 -1.008863 3.235419
v -2.789957 -1.780227 3.103844
v -5.592956 -2.958530 2.927980
v -8.376166 -4.046062 2.612792
v -10.919282 -4.127701 2.127574
v -13.881526 -6.273197 2.024591
v -16.820724 -8.014506 1.728808
v -19.505131 -9.269656 1.485616
v -22.175062 -10.422680 1.362508
v -24.864758 -10.845342 1.276795
v -27.558428 -10.913277 1.185004
v -30.255781 -10.578773 1.021062
v -32.817711 -9.246069 0.389943
v -35.158302 -7.991637 -0.222184
v -38.039787 -7.873230 0.102239
v -41.025913 -6.595559 0.102684
v -43.751648 -5.335056 -0.038171
v 43.327343 8.275704 2.958914
v 40.626984 8.221934 2.949939
v 38.260399 7.217852 2.425890
v 36.144184 5.500793 1.512817
v 34.137218 3.472471 0.427300
v 32.078445 1.591397 -0.580849
v 29.809402 0.305342 -1.251986
v 27.299442 -0.334672 -1.411180
v 24.716204 -0.842763 -1.189577
v 22.175709 -1.512430 -0.819798
v 19.653677 -2.135460 -0.370834
v 17.104939 -2.520948 0.105403
v 14.481725 -2.583357 0.523346
v 11.760237 -2.289721 0.803003
v 8.948939 -1.736979 0.900914
v 6.075612 -1.115390 0.823218
v 3.175476 -0.646898 0.609400
v 0.289840 -0.573637 0.318150
v -2.552519 -1.033808 0.021726
v -5.336474 -2.080964 -0.237778
v -8.098720 -3.517602 -0.538979
v -10.899866 -5.349583 -0.907142
v -13.737998 -7.074267 -1.221228
v -16.408327 -7.664123 -1.684574
v -19.430531 -8.320395 -2.374974
v -21.776056 -10.265337 -2.166579
v -24.478725 -10.793015 -2.269489
v -27.174477 -10.868987 -2.387090
v -29.872147 -10.490774 -2.595119
v -32.572781 -9.724509 -2.868828
v -35.179878 -8.615410 -3.261306
v -37.817562 -7.715737 -3.458955
v -40.659275 -6.125010 -3.680167
v -43.411949 -4.766893 -3.826100
v 44.241615 5.602201 -1.622027
v 41.549992 5.544584 -1.628644
v 39.106670 4.778290 -2.018579
v 36.846432 3.487433 -2.695270
v 34.648838 2.011160 -3.478368
v 32.370674 0.756681 -4.145517
v 29.902021 0.032239 -4.485880
v 27.315094 -0.416479 -4.432632
v 24.759483 -1.046095 -4.108135
v 22.257561 -1.859403 -3.650924
v 19.774645 -2.590154 -3.117821
v 17.267162 -3.015665 -2.571710
v 14.683268 -3.057523 -2.113877
v 11.993216 -2.718032 -1.842690
v 9.202179 -2.090257 -1.803005
v 6.337701 -1.349915 -1.975208
v 3.438233 -0.726833 -2.315032
v 0.544178 -0.463973 -2.758697
v -2.350645 -0.486150 -3.248034
v -5.176850 -1.098518 -3.576807
v -7.884407 -2.414865 -3.915541
v -10.587390 -4.628949 -4.291852
v -13.251868 -6.636466 -4.586943
v -16.057817 -6.941151 -5.349256
v -18.725349 -8.097548 -5.926732
v -21.331509 -9.637753 -5.955191
v -24.055496 -10.454711 -6.004194
v -26.779263 -10.809945 -6.068786
v -29.503052 -10.630509 -6.256379
v -32.223358 -9.944674 -6.538858
v -34.939381 -8.829805 -6.851312
v -37.652451 -7.403971 -7.142562
v -40.369236 -5.856332 -7.377872
v -43.097649 -4.403760 -7.533616
v 44.835217 3.429886 -6.174942
v 42.215145 3.272987 -6.177536
v 39.763813 2.648280 -6.422978
v 37.417450 1.720859 -6.833629
v 35.058167 0.795764 -7.264567
v 32.565231 0.193375 -7.554679
v 29.938009 -0.076072 -7.630569
v 27.312094 -0.424702 -7.476624
v 24.767857 -1.102340 -7.115765
v 22.277565 -1.966427 -6.629568
v 19.806108 -2.742327 -6.069695
v 17.314487 -3.188005 -5.501541
v 14.756395 -3.231541 -5.043492
v 12.096870 -2.895689 -4.806270
v 9.332051 -2.267567 -4.829435
v 6.490435 -1.521100 -5.088655
v 3.610007 -0.892616 -5.535180
v 0.703978 -0.692596 -6.120985
v -2.169266 -1.035239 -6.791908
v -4.986781 -1.575434 -7.336072
v -7.595297 -2.637255 -7.900718
v -10.191828 -4.444738 -8.402617
v -12.975843 -5.677047 -8.809419
v -15.731010 -5.235600 -9.649415
v -18.297428 -5.984958 -10.208173
v -20.830044 -8.220797 -10.180830
v -23.573156 -9.524354 -10.127475
v -26.347853 -10.436013 -10.056713
v -29.126633 -10.804235 -10.082151
v -31.891033 -10.513219 -10.229970
v -34.630096 -9.537521 -10.471509
v -37.349659 -8.032207 -10.729797
v -40.066418 -6.285374 -10.936444
v -42.797695 -4.610643 -11.065836
v 44.727009 2.677141 -10.316423
v 42.185684 2.405450 -10.314646
v 39.800423 1.804294 -10.417940
v 37.486675 1.050483 -10.571335
v 35.118240 0.412135 -10.687286
v 32.590252 0.073970 -10.733474
v 29.938089 -0.072338 -10.715849
v 27.307991 -0.389733 -10.556200
v 24.757376 -1.031263 -10.215414
v 22.245062 -1.832296 -9.767356
v 19.744093 -2.547963 -9.258611
v 17.230373 -2.961455 -8.743250
v 14.670547 -3.015648 -8.341890
v 12.032040 -2.736548 -8.162823
v 9.302145 -2.200730 -8.244666
v 6.501524 -1.576372 -8.568748
v 3.660157 -1.089741 -9.087312
v 0.693485 -1.242394 -9.834665
v -2.210328 -2.000989 -10.604897
v -4.954859 -2.993638 -11.443825
v -7.613681 -3.492208 -12.580703
v -9.858988 -3.781533 -13.156923
v -12.289129 -4.456359 -13.817490
v -14.850326 -4.419276 -14.288074
v -17.536314 -4.885865 -14.617669
v -20.270676 -6.464157 -14.650496
v -23.053621 -8.074023 -14.493207
v -25.875593 -9.574374 -14.258780
v -28.713266 -10.613996 -14.074848
v -31.537067 -10.934558 -13.993574
v -34.323189 -10.402224 -14.029414
v -37.066238 -9.062125 -14.161866
v -39.788918 -7.253982 -14.306874
v -42.522907 -5.430167 -14.387938
v 44.223812 3.088206 -13.805454
v 41.742737 2.727011 -13.800681
v 39.433384 2.091568 -13.809057
v 37.202740 1.331942 -13.821596
v 34.935013 0.635816 -13.823413
v 32.525658 0.150534 -13.806287
v 29.958996 -0.133221 -13.754920
v 27.355108 -0.466329 -13.608275
v 24.792675 -1.010260 -13.332160
v 22.234142 -1.646654 -12.979709
v 19.654905 -2.178339 -12.602242
v 17.063450 -2.469489 -12.232729
v 14.463783 -2.527496 -11.949328
v 11.828568 -2.364500 -11.849932
v 9.132909 -2.005358 -11.986502
v 6.384758 -1.595416 -12.346293
v 3.613617 -1.287217 -12.903255
v 0.782486 -1.424720 -13.686751
v -1.947631 -1.906016 -14.533345
v -4.427088 -1.861746 -15.503591
v -6.818382 -1.247684 -16.606894
v -9.296852 -1.442842 -17.597765
v -11.804572 -1.865171 -18.414715
v -14.383147 -2.387772 -18.927521
v -17.035439 -3.261678 -19.159861
v -19.751406 -4.586709 -19.109270
v -22.537291 -6.315223 -18.831299
v -25.389418 -8.269526 -18.438173
v -28.274788 -9.966287 -18.043661
v -31.154556 -10.955701 -17.728661
v -33.996487 -11.017284 -17.523598
v -36.784348 -10.111988 -17.452883
v -39.531464 -8.490793 -17.483669
v -42.276875 -6.669520 -17.508900
v 43.733608 3.782771 -16.941286
v 41.301853 3.347203 -16.935160
v 39.065815 2.615258 -16.924664
v 36.920734 1.738769 -16.907173
v 34.749550 0.879223 -16.873489
v 32.456863 0.150950 -16.798506
v 29.990582 -0.362046 -16.680334
v 27.421211 -0.719902 -16.551785
v 24.841621 -1.081278 -16.401134
v 22.231358 -1.458278 -16.208416
v 19.561218 -1.764135 -16.003803
v 16.873154 -1.918426 -15.824615
v 14.209969 -1.954912 -15.706912
v 11.557962 -1.926368 -15.708321
v 8.887994 -1.814724 -15.887019
v 6.192801 -1.679511 -16.249508
v 3.510511 -1.526053 -16.827585
v 0.882111 -1.356820 -17.655968
v -1.641374 -1.179711 -18.639021
v -4.065235 -0.838127 -19.733250
v -6.481664 -0.487266 -20.870667
v -8.936765 -0.350427 -21.897598
v -11.437418 -0.449037 -22.717287
v -13.983097 -0.927705 -23.229685
v -16.287325 -2.725879 -23.031216
v -18.989885 -3.986834 -22.914476
v -22.091583 -4.769387 -22.939566
v -24.949783 -6.904209 -22.414984
v -27.859777 -9.042151 -21.838001
v -30.777845 -10.622678 -21.307371
v -33.667114 -11.281699 -20.887878
v -36.506687 -10.938543 -20.613966
v -39.294178 -9.711411 -20.505554
v -42.063553 -8.066513 -20.468666
v 43.537109 4.080068 -20.016026
v 41.127644 3.610668 -20.009338
v 38.922729 2.827324 -19.995037
v 36.810547 1.856451 -19.944347
v 34.671886 0.828060 -19.822510
v 32.419094 -0.115899 -19.631332
v 29.992167 -0.800931 -19.426579
v 27.436600 -1.162671 -19.310640
v 24.832291 -1.284844 -19.321486
v 22.147387 -1.293473 -19.385834
v 19.351055 -1.347708 -19.415045
v 16.592466 -1.384427 -19.414715
v 13.937713 -1.394436 -19.440910
v 11.295334 -1.513483 -19.531172
v 8.649735 -1.682059 -19.731504
v 6.013999 -1.843866 -20.069784
v 3.436446 -1.867921 -20.630424
v 0.959606 -1.646920 -21.459541
v -1.423406 -1.226581 -22.492580
v -3.758773 -0.664619 -23.647451
v -6.106078 -0.089082 -24.803196
v -8.516923 0.335584 -25.831997
v -11.022090 0.443019 -26.630856
v -13.620844 0.078410 -27.129829
v -16.084108 -1.648251 -26.998772
v -18.804768 -2.971867 -26.849508
v -21.782625 -3.979050 -26.695816
v -24.630030 -6.089411 -26.078823
v -27.537966 -8.327886 -25.380678
v -30.469112 -10.240752 -24.691040
v -33.385887 -11.376705 -24.096977
v -36.264511 -11.544782 -23.660315
v -39.092308 -10.767265 -23.427401
v -41.893211 -9.422358 -23.326714
v 43.736504 3.903052 -23.045925
v 41.304550 3.466501 -23.039558
v 39.066944 2.679501 -23.026970
v 36.915577 1.636794 -22.934904
v 34.732918 0.505953 -22.720375
v 32.430145 -0.502452 -22.434015
v 29.959991 -1.207686 -22.170845
v 27.379431 -1.513706 -22.072489
v 24.746088 -1.443018 -22.205997
v 21.969275 -1.184059 -22.489004
v 19.042830 -1.038504 -22.747440
v 16.268745 -0.949807 -22.885202
v 13.703950 -0.938888 -22.978571
v 11.127140 -1.203674 -23.114470
v 8.539025 -1.612221 -23.322557
v 6.013873 -1.992526 -23.635857
v 3.603505 -2.092054 -24.180309
v 1.317437 -1.741938 -25.030313
v -0.891446 -1.053117 -26.101210
v -3.094605 -0.200523 -27.267912
v -5.371206 0.600156 -28.400461
v -7.786229 1.117261 -29.391809
v -10.370189 1.158875 -30.152609
v -13.112913 0.599636 -30.606771
v -15.801728 -1.255834 -30.474031
v -18.630829 -3.008136 -30.216993
v -21.633842 -4.127948 -30.020433
v -24.471027 -6.173584 -29.371393
v -27.358906 -8.271827 -28.627172
v -30.278629 -10.170998 -27.871172
v -33.199242 -11.516118 -27.177395
v -36.095428 -12.034412 -26.631807
v -38.948990 -11.629521 -26.312506
v -41.776333 -10.598484 -26.161968
v 44.279510 4.008504 -25.834183
v 41.795795 3.646224 -25.829979
v 39.471756 2.774244 -25.878569
v 37.216110 1.545723 -25.861128
v 34.920326 0.276469 -25.681065
v 32.490002 -0.708090 -25.394655
v 29.912605 -1.298180 -25.135780
v 27.275162 -1.485438 -25.072735
v 24.613108 -1.290868 -25.269791
v 21.861563 -0.881141 -25.618731
v 19.026188 -0.564236 -25.935387
v 16.291733 -0.467749 -26.111597
v 13.703542 -0.618450 -26.227758
v 11.186798 -0.970212 -26.394491
v 8.765708 -1.371235 -26.637880
v 6.436226 -1.715934 -26.983570
v 4.210184 -1.717068 -27.554800
v 2.087722 -1.203821 -28.415718
v 0.002613 -0.358257 -29.471527
v -2.137740 0.563387 -30.598980
v -4.423612 1.303934 -31.677999
v -6.916610 1.638293 -32.603382
v -9.635654 1.402657 -33.285957
v -12.558194 0.507506 -33.654797
v -15.616968 -1.023510 -33.678524
v -18.680050 -2.968107 -33.401775
v -21.611017 -4.994794 -32.923153
v -24.453682 -6.975037 -32.304993
v -27.317951 -8.877626 -31.592705
v -30.212069 -10.553355 -30.856482
v -33.117290 -11.802729 -30.164385
v -36.009571 -12.408874 -29.597265
v -38.869152 -12.212700 -29.246359
v -41.709682 -11.421911 -29.062922
v 45.083958 5.220586 -28.178150
v 42.534740 4.951587 -28.177622
v 40.081005 3.970429 -28.333374
v 37.663704 2.458577 -28.530401
v 35.189419 0.806307 -28.609951
v 32.582226 -0.414574 -28.528809
v 29.885517 -0.971785 -28.392870
v 27.189167 -1.058151 -28.382261
v 24.497860 -0.837961 -28.570972
v 21.781765 -0.461773 -28.863058
v 19.049786 -0.196577 -29.097128
v 16.385887 -0.197881 -29.229578
v 13.884965 -0.339848 -29.373489
v 11.562607 -0.485213 -29.602125
v 9.366521 -0.647848 -29.903254
v 7.228550 -0.826490 -30.280176
v 5.141129 -0.759239 -30.843592
v 3.105581 -0.258577 -31.663254
v 1.052574 0.497546 -32.653790
v -1.116509 1.238991 -33.695789
v -3.490173 1.708636 -34.673470
v -6.119614 1.703654 -35.485348
v -9.008944 1.096075 -36.050461
v -12.119635 -0.156172 -36.315071
v -15.369091 -1.976596 -36.268497
v -18.613707 -4.120780 -35.962898
v -21.666359 -6.211163 -35.503181
v -24.534384 -8.088488 -34.952488
v -27.377243 -9.789717 -34.327461
v -30.246183 -11.227375 -33.674217
v -33.127682 -12.247868 -33.061180
v -36.000786 -12.693827 -32.568272
v -38.849548 -12.464741 -32.258251
v -41.688744 -11.763809 -32.060406
v 46.024986 7.194222 -30.236433
v 43.405655 7.024870 -30.239437
v 40.791843 5.962797 -30.499552
v 38.166763 4.229801 -30.932791
v 35.474018 2.242149 -31.357075
v 32.693169 0.561638 -31.638428
v 29.909607 -0.343595 -31.760748
v 27.176985 -0.528406 -31.823555
v 24.466284 -0.378488 -31.952332
v 21.756205 -0.161638 -32.120316
v 19.074110 -0.028135 -32.237080
v 16.543907 0.042813 -32.348999
v 14.258112 0.166409 -32.552723
v 12.171277 0.332328 -32.850765
v 10.188529 0.449968 -33.210991
v 8.215709 0.450188 -33.611362
v 6.217471 0.501596 -34.126682
v 4.192720 0.816816 -34.841705
v 2.087183 1.296686 -35.705795
v -0.190142 1.688418 -36.605282
v -2.715842 1.756852 -37.430733
v -5.524944 1.331736 -38.090744
v -8.603896 0.327538 -38.519012
v -11.896217 -1.247825 -38.680328
v -15.302561 -3.273722 -38.580578
v -18.670191 -5.492578 -38.276012
v -21.802582 -7.533888 -37.864998
v -24.687347 -9.238392 -37.402840
v -27.506788 -10.692418 -36.889042
v -30.347958 -11.863153 -36.355255
v -33.199364 -12.605235 -35.868782
v -36.042679 -12.783031 -35.502995
v -38.872330 -12.400672 -35.272205
v -41.705994 -11.689333 -35.088192
v 46.822834 9.461897 -32.275166
v 44.142006 9.379670 -32.281204
v 41.386936 8.222988 -32.635349
v 38.569378 6.262082 -33.250408
v 35.695156 3.964468 -33.963848
v 32.801479 1.832030 -34.594704
v 29.957611 0.395563 -35.011135
v 27.193848 -0.099415 -35.184494
v 24.473230 -0.082558 -35.245930
v 21.764465 -0.015267 -35.294666
v 19.160906 0.122365 -35.352062
v 16.814381 0.427348 -35.496426
v 14.746048 0.859411 -35.760384
v 12.864027 1.318729 -36.115551
v 11.062102 1.697796 -36.525093
v 9.232701 1.892769 -36.954144
v 7.296767 1.918524 -37.416615
v 5.230771 1.952096 -37.987499
v 3.005404 2.025954 -38.672749
v 0.554411 1.950039 -39.381424
v -2.174298 1.532941 -40.017300
v -5.191142 0.651903 -40.503994
v -8.461445 -0.731064 -40.791698
v -11.911361 -2.564972 -40.861008
v -15.428529 -4.699833 -40.728481
v -18.857573 -6.878759 -40.449326
v -22.013275 -8.765030 -40.108410
v -24.890242 -10.229508 -39.749180
v -27.682386 -11.390429 -39.362236
v -30.490894 -12.246529 -38.971909
v -33.305912 -12.663444 -38.640831
v -36.115959 -12.561902 -38.413937
v -38.928299 -12.061626 -38.250641
v -41.757305 -11.358500 -38.077740
v 47.224445 11.511955 -34.560966
v 44.508610 11.478329 -34.569031
v 41.682178 10.174980 -34.999153
v 38.773651 7.942922 -35.738468
v 35.823841 5.296889 -36.616280
v 32.881317 2.772334 -37.448860
v 29.997477 0.912852 -38.060005
v 27.206522 0.107616 -38.330055
v 24.477922 -0.001020 -38.376064
v 21.792156 0.044027 -38.392109
v 19.296814 0.314449 -38.463654
v 17.122189 0.874743 -38.651878
v 15.223420 1.572752 -38.959274
v 13.497841 2.281495 -39.353928
v 11.834658 2.886909 -39.797604
v 10.118898 3.270964 -40.250946
v 8.239292 3.337032 -40.683876
v 6.124380 3.128149 -41.121586
v 3.744894 2.740022 -41.601089
v 1.078946 2.129919 -42.089069
v -1.881166 1.191720 -42.516441
v -5.111127 -0.136345 -42.825253
v -8.554079 -1.847350 -42.980530
v -12.123190 -3.860039 -42.973854
v -15.700764 -6.012301 -42.826466
v -19.137520 -8.061019 -42.589298
v -22.269892 -9.711653 -42.334511
v -25.117210 -10.883892 -42.091656
v -27.878452 -11.718303 -41.844841
v -30.650591 -12.224070 -41.614243
v -33.428177 -12.311265 -41.442158
v -36.213169 -12.022617 -41.315838
v -39.015869 -11.499060 -41.182682
v -41.839752 -10.825478 -41.018471
v 47.328762 12.375381 -37.331036
v 44.606842 12.349440 -37.339676
v 41.764091 10.958012 -37.803078
v 38.835270 8.593754 -38.590462
v 35.867996 5.794847 -39.522606
v 32.910950 3.111589 -40.416233
v 30.012613 1.091851 -41.088879
v 27.210829 0.163389 -41.398094
v 24.479782 0.008765 -41.451466
v 21.829235 0.093080 -41.474316
v 19.428791 0.497205 -41.572075
v 17.371218 1.251723 -41.788586
v 15.580398 2.153601 -42.118023
v 13.952437 3.053608 -42.531475
v 12.374429 3.833920 -42.990234
v 10.728506 4.372127 -43.453812
v 8.892867 4.541669 -43.880989
v 6.753657 4.245991 -44.242657
v 4.242894 3.496804 -44.547588
v 1.368896 2.378278 -44.814766
v -1.811510 0.942691 -45.031487
v -5.229969 -0.783777 -45.168522
v -8.808587 -2.752696 -45.204548
v -12.452628 -4.864375 -45.138039
v -16.046017 -6.957370 -44.991123
v -19.452291 -8.811065 -44.808899
v -22.534445 -10.176670 -44.651363
v -25.340748 -11.025709 -44.534191
v -28.069704 -11.521717 -44.432247
v -30.808128 -11.702723 -44.349720
v -33.560993 -11.584540 -44.280506
v -36.334835 -11.249372 -44.192490
v -39.131641 -10.750961 -44.070881
v -41.949482 -10.116086 -43.916256
v 47.249081 11.474689 -40.701557
v 44.527267 11.450098 -40.709747
v 41.693314 10.158121 -41.140022
v 38.777218 7.937587 -41.879547
v 35.824047 5.298193 -42.758572
v 32.881710 2.781161 -43.596836
v 29.998203 0.929003 -44.213665
v 27.207174 0.122082 -44.482403
v 24.480534 0.008344 -44.522816
v 21.851795 0.122442 -44.551655
v 19.499979 0.595311 -44.663124
v 17.492016 1.457125 -44.887535
v 15.740326 2.488132 -45.215897
v 14.142386 3.508940 -45.624962
v 12.584743 4.397129 -46.076492
v 10.949321 5.029810 -46.529961
v 9.113695 5.278515 -46.943520
v 6.954153 5.013675 -47.275265
v 4.374643 4.153228 -47.497433
v 1.375179 2.746729 -47.615005
v -1.950195 0.962931 -47.660263
v -5.491864 -1.046809 -47.652012
v -9.150477 -3.180062 -47.588734
v -12.823252 -5.314650 -47.477917
v -16.397362 -7.291068 -47.342667
v -19.750898 -8.914792 -47.221302
v -22.773279 -9.986245 -47.159977
v -25.538660 -10.532320 -47.157536
v -28.243273 -10.766349 -47.165321
v -30.965475 -10.791088 -47.154045
v -33.710640 -10.632592 -47.112701
v -36.479557 -10.314203 -47.035069
v -39.270782 -9.851370 -46.922344
v -42.081844 -9.260281 -46.778385
v -43.427132 -9.354272 -45.265999
v -40.603497 -10.026585 -45.429741
v -37.798851 -10.576208 -45.563599
v -35.016041 -10.984109 -45.663158
v -32.256882 -11.230031 -45.727066
v -29.519922 -11.274967 -45.766075
v -26.800179 -11.062130 -45.803612
v -24.070120 -10.566047 -45.845795
v -21.178301 -9.639553 -45.922333
v -17.948950 -8.136483 -46.058376
v -14.447263 -6.217052 -46.211720
v -10.805771 -4.106897 -46.332283
v -7.146715 -1.990859 -46.387718
v -3.575937 -0.001980 -46.366329
v -0.185663 1.773128 -46.275108
v 2.935120 3.260618 -46.126514
v 5.694021 4.343049 -45.912930
v 8.037123 4.905975 -45.615547
v 10.010207 4.927207 -45.227749
v 11.725163 4.505864 -44.780483
v 13.305951 3.771434 -44.315628
v 14.873180 2.849931 -43.874489
v 16.542654 1.861290 -43.496918
v 18.423931 0.937343 -43.217587
v 20.613230 0.278579 -43.053078
v 23.141960 0.032389 -42.995346
v 25.840096 0.040057 -42.974442
v 28.596384 0.454265 -42.836498
v 31.445839 1.921551 -42.347839
v 34.375683 4.297411 -41.556587
v 37.340244 7.065591 -40.634674
v 40.290829 9.675791 -39.765381
v 43.179321 11.584360 -39.129753
v 45.962311 12.300383 -38.891289
v -43.309002 -10.117990 -42.381443
v -40.478516 -10.834673 -42.555992
v -37.667904 -11.422436 -42.699299
v -34.879444 -11.851144 -42.810505
v -32.110157 -12.048290 -42.910351
v -29.351883 -11.904908 -43.040009
v -26.603436 -11.398505 -43.206612
v -23.839439 -10.575351 -43.382538
v -20.895353 -9.330909 -43.573895
v -17.611927 -7.563854 -43.791302
v -14.084769 -5.486567 -43.978745
v -10.467074 -3.360262 -44.076870
v -6.889774 -1.383765 -44.050270
v -3.456949 0.316273 -43.890453
v -0.247588 1.681619 -43.614410
v 2.682144 2.713109 -43.260620
v 5.297564 3.448077 -42.878441
v 7.585869 3.892015 -42.494392
v 9.568790 3.975646 -42.086884
v 11.318560 3.671140 -41.637882
v 12.947412 3.071917 -41.175549
v 14.574059 2.300733 -40.740288
v 16.313047 1.475674 -40.371609
v 18.273359 0.717605 -40.105690
v 20.546785 0.190066 -39.962883
v 23.131699 0.018816 -39.921452
v 25.840033 0.038702 -39.902836
v 28.596287 0.452212 -39.764347
v 31.445765 1.919864 -39.275970
v 34.375660 4.296886 -38.485622
v 37.340103 7.065753 -37.564087
v 40.289940 9.677134 -36.694843
v 43.177437 11.587223 -36.059238
v 45.959591 12.304499 -35.820793
v -43.215332 -10.723570 -39.458374
v -40.379044 -11.477700 -39.642052
v -37.562622 -12.092676 -39.796349
v -34.763309 -12.485127 -39.943260
v -31.968058 -12.478225 -40.149090
v -29.173355 -12.000444 -40.435837
v -26.390236 -11.143576 -40.757603
v -23.593948 -9.996854 -41.066933
v -20.609118 -8.459581 -41.366863
v -17.295324 -6.470531 -41.656822
v -13.777759 -4.294693 -41.866463
v -10.226780 -2.225113 -41.927498
v -6.777042 -0.467122 -41.803131
v -3.526704 0.867528 -41.490761
v -0.539670 1.752926 -41.018524
v 2.157603 2.243909 -40.441677
v 4.580052 2.470339 -39.838589
v 6.772099 2.593246 -39.293125
v 8.770246 2.651940 -38.832111
v 10.597846 2.489924 -38.390724
v 12.331248 2.081702 -37.950741
v 14.079226 1.523500 -37.542900
v 15.952682 0.928580 -37.205582
v 18.057934 0.408940 -36.974968
v 20.468903 0.083720 -36.868263
v 23.120750 -0.006648 -36.838421
v 25.836416 -0.021459 -36.808823
v 28.579529 0.234991 -36.703438
v 31.402956 1.413068 -36.322319
v 34.304703 3.491644 -35.664810
v 37.236340 5.966842 -34.859993
v 40.139839 8.321705 -34.089592
v 42.980648 10.041755 -33.531193
v 45.733128 10.693627 -33.325600
v -43.150227 -11.144373 -36.490383
v -40.309593 -11.925834 -36.681011
v -37.485889 -12.534848 -36.856041
v -34.664555 -12.770652 -37.089958
v -31.832756 -12.451787 -37.449303
v -29.001003 -11.632333 -37.896122
v -26.185741 -10.450562 -38.361732
v -23.364134 -9.010991 -38.793694
v -20.367056 -7.236204 -39.188961
v -17.065689 -5.097052 -39.537582
v -13.606181 -2.904829 -39.753864
v -10.168460 -0.977047 -39.760651
v -6.882429 0.488954 -39.523930
v -3.833473 1.411617 -39.052235
v -1.067010 1.807400 -38.388683
v 1.416509 1.782297 -37.605080
v 3.664156 1.522543 -36.796757
v 5.754673 1.262914 -36.072407
v 7.757207 1.173856 -35.512573
v 9.686688 1.138933 -35.074848
v 11.567720 0.957403 -34.672207
v 13.488022 0.659907 -34.310154
v 15.551570 0.348733 -34.023987
v 17.853138 0.115834 -33.844772
v 20.417791 -0.015783 -33.759651
v 23.111832 -0.134524 -33.672134
v 25.825502 -0.264398 -33.568092
v 28.551825 -0.214762 -33.481232
v 31.331896 0.499024 -33.300732
v 34.174622 2.095204 -32.923397
v 37.002708 4.187910 -32.383938
v 39.760490 6.237092 -31.801025
v 42.469658 7.756299 -31.364796
v 45.141903 8.376583 -31.205584
v -43.116882 -11.351772 -33.475845
v -40.273106 -12.146007 -33.671574
v -37.439049 -12.693664 -33.885227
v -34.589508 -12.691359 -34.237263
v -31.723761 -12.071575 -34.740856
v -28.859993 -10.954749 -35.325886
v -26.016434 -9.489771 -35.917629
v -23.179253 -7.801370 -36.459476
v -20.212065 -5.869588 -36.933868
v -16.981939 -3.681979 -37.321545
v -13.635894 -1.574520 -37.524204
v -10.353210 0.124236 -37.459030
v -7.251710 1.241468 -37.100670
v -4.399560 1.740167 -36.474201
v -1.823432 1.684204 -35.639896
v 0.496303 1.222958 -34.683994
v 2.625947 0.578804 -33.712803
v 4.660116 0.016068 -32.844036
v 6.685717 -0.232886 -32.182995
v 8.734488 -0.171089 -31.738316
v 10.794961 -0.112318 -31.380449
v 12.928083 -0.116060 -31.079124
v 15.222394 -0.110823 -30.859444
v 17.732738 -0.077429 -30.727665
v 20.406149 -0.166707 -30.598436
v 23.119083 -0.443964 -30.380333
v 25.824389 -0.718754 -30.164507
v 28.530071 -0.789095 -30.072712
v 31.261940 -0.436910 -30.094767
v 33.999577 0.632961 -30.072645
v 36.640240 2.348384 -29.901232
v 39.178421 4.143658 -29.593748
v 41.696476 5.507088 -29.309086
v 44.252678 6.137512 -29.200829
v -43.118187 -11.202559 -30.464642
v -40.272846 -12.055438 -30.642450
v -37.429020 -12.568172 -30.887527
v -34.557533 -12.377874 -31.334156
v -31.665438 -11.509025 -31.945240
v -28.775038 -10.136844 -32.634495
v -25.906780 -8.437508 -33.329891
v -23.061733 -6.557255 -33.966419
v -20.160677 -4.561200 -34.498802
v -17.065132 -2.450600 -34.896862
v -13.884402 -0.535898 -35.062073
v -10.784739 0.860406 -34.910988
v -7.869898 1.602795 -34.432404
v -5.190648 1.707765 -33.671783
v -2.756994 1.283441 -32.704948
v -0.534359 0.511366 -31.627731
v 1.553817 -0.366865 -30.552002
v 3.605632 -1.080054 -29.598362
v 5.709365 -1.380617 -28.880259
v 7.904119 -1.216159 -28.433462
v 10.169144 -0.919321 -28.122290
v 12.537100 -0.628307 -27.888859
v 15.039256 -0.380017 -27.732500
v 17.671661 -0.296374 -27.609779
v 20.431307 -0.479848 -27.389978
v 23.191488 -0.885312 -27.058266
v 25.890020 -1.234202 -26.771246
v 28.558306 -1.289804 -26.684101
v 31.222580 -0.971597 -26.832205
v 33.811417 -0.181441 -27.067333
v 36.249592 1.120208 -27.218956
v 38.589973 2.590155 -27.209156
v 40.934475 3.767385 -27.096027
v 43.378075 4.402214 -27.042168
v -43.157696 -10.533116 -27.532570
v -40.319283 -11.557331 -27.673773
v -37.476894 -12.206264 -27.909380
v -34.597500 -12.038953 -28.374161
v -31.688972 -11.049841 -29.023216
v -28.774620 -9.451646 -29.762474
v -25.880152 -7.520837 -30.517424
v -23.025326 -5.497240 -31.216757
v -20.183918 -3.519758 -31.776047
v -17.189125 -1.945645 -32.032063
v -14.298160 0.024688 -32.259361
v -11.394506 1.074872 -32.018402
v -8.651697 1.464812 -31.438675
v -6.106518 1.259058 -30.582798
v -3.754681 0.601626 -29.534592
v -1.549680 -0.292291 -28.388630
v 0.587132 -1.179627 -27.260286
v 2.743943 -1.824761 -26.279690
v 4.994866 -2.024767 -25.564938
v 7.374332 -1.748729 -25.147335
v 9.852635 -1.315285 -24.881222
v 12.396955 -0.904611 -24.697409
v 14.955453 -0.691653 -24.575796
v 17.588638 -0.750038 -24.455538
v 20.462337 -0.907943 -24.213171
v 23.317360 -1.241707 -23.864094
v 26.014141 -1.530226 -23.590977
v 28.636621 -1.481061 -23.541264
v 31.214260 -1.024802 -23.739382
v 33.654259 -0.188110 -24.045485
v 35.939476 0.910630 -24.322472
v 38.139366 2.099507 -24.474195
v 40.360149 3.084452 -24.488371
v 42.716358 3.707388 -24.481024
v -43.239517 -9.399401 -24.688019
v -40.420761 -10.672798 -24.796827
v -37.597511 -11.627250 -24.980774
v -34.729687 -11.738645 -25.376919
v -31.821289 -10.897207 -25.963552
v -28.892696 -9.238667 -26.669170
v -25.974157 -7.116045 -27.412319
v -23.101877 -4.955750 -28.109945
v -20.215311 -3.308002 -28.560369
v -17.183208 -2.703036 -28.512918
v -14.654663 -0.427931 -28.894014
v -12.038438 0.699097 -28.721460
v -9.436431 0.845482 -28.082161
v -6.968132 0.518224 -27.173332
v -4.619479 -0.117259 -26.078562
v -2.342037 -0.860835 -24.903767
v -0.068286 -1.515994 -23.776522
v 2.266770 -1.933868 -22.820990
v 4.708702 -2.031538 -22.122013
v 7.261545 -1.802052 -21.708952
v 9.876872 -1.492649 -21.451494
v 12.501616 -1.219211 -21.295385
v 15.098758 -1.136410 -21.206799
v 17.758455 -1.199818 -21.143448
v 20.629898 -1.201378 -21.032660
v 23.449701 -1.320150 -20.842928
v 26.115225 -1.415833 -20.693064
v 28.705223 -1.243412 -20.705105
v 31.222353 -0.718076 -20.895588
v 33.569736 0.166055 -21.151701
v 35.771187 1.229623 -21.367540
v 37.894375 2.296832 -21.494703
v 40.047272 3.198761 -21.532761
v 42.351418 3.832808 -21.542866
v -43.370983 -8.005353 -21.866152
v -40.579071 -9.530618 -21.939007
v -37.789211 -10.865840 -22.038675
v -34.954163 -11.422319 -22.308920
v -32.068626 -10.997490 -22.750978
v -29.147938 -9.609158 -23.324799
v -26.222424 -7.529154 -23.970922
v -23.334785 -5.288708 -24.593542
v -20.418369 -3.628946 -24.975224
v -17.473610 -2.769101 -24.994022
v -15.078542 -0.856530 -25.317205
v -12.526028 -0.112311 -25.025272
v -9.994993 0.039809 -24.353632
v -7.534899 -0.140021 -23.418545
v -5.128794 -0.514892 -22.312313
v -2.744915 -0.956585 -21.157057
v -0.330834 -1.325990 -20.078375
v 2.170648 -1.597401 -19.143837
v 4.768584 -1.741770 -18.435324
v 7.428157 -1.743101 -17.986832
v 10.093976 -1.730579 -17.713400
v 12.747046 -1.687717 -17.598257
v 15.409456 -1.652185 -17.599068
v 18.105648 -1.609306 -17.664833
v 20.851881 -1.456464 -17.762249
v 23.535242 -1.273077 -17.845390
v 26.145590 -1.060682 -17.909088
v 28.723030 -0.770608 -17.998749
v 31.238392 -0.297121 -18.149651
v 33.582073 0.452705 -18.303572
v 35.777199 1.363292 -18.402624
v 37.895599 2.320946 -18.450472
v 40.047081 3.188163 -18.468117
v 42.351055 3.817163 -18.477047
v -43.552967 -6.540853 -18.982677
v -40.785679 -8.238207 -19.013252
v -38.031132 -9.915583 -19.016211
v -35.243523 -10.992408 -19.117359
v -32.401546 -11.127355 -19.367981
v -29.513376 -10.272246 -19.742680
v -26.606867 -8.587504 -20.210800
v -23.722040 -6.495289 -20.702049
v -20.891792 -4.569705 -21.101576
v -17.922445 -3.737142 -21.046003
v -15.397598 -2.219531 -21.166142
v -12.892196 -1.228889 -20.905880
v -10.353456 -0.841540 -20.224056
v -7.859208 -0.704412 -19.296144
v -5.407112 -0.849169 -18.224358
v -3.004622 -1.354480 -17.090612
v -0.494205 -1.432931 -16.131550
v 2.202984 -1.341945 -15.240557
v 4.927949 -1.503466 -14.552150
v 7.657887 -1.761102 -14.088796
v 10.361802 -2.040620 -13.822174
v 13.021964 -2.216364 -13.771173
v 15.655641 -2.236653 -13.907758
v 18.293304 -2.112871 -14.156531
v 20.929941 -1.787001 -14.446591
v 23.533312 -1.293147 -14.742764
v 26.103971 -0.782559 -15.002414
v 28.682232 -0.381853 -15.179517
v 31.252077 -0.045392 -15.284507
v 33.681980 0.453667 -15.343104
v 35.950615 1.154194 -15.366038
v 38.135414 1.968319 -15.377041
v 40.348850 2.736833 -15.385259
v 42.702484 3.291584 -15.391889
v -43.776089 -5.187578 -15.969552
v -41.024235 -6.918899 -15.953610
v -38.293167 -8.774084 -15.871193
v -35.549965 -10.284035 -15.791771
v -32.761311 -10.995119 -15.815816
v -29.924761 -10.774690 -15.960698
v -27.062103 -9.726655 -16.209764
v -24.206041 -8.100565 -16.525812
v -21.389959 -6.330663 -16.810295
v -18.635674 -4.784955 -16.933794
v -15.935274 -3.688767 -16.809273
v -13.283387 -3.360342 -16.430233
v -10.782149 -2.895359 -15.839172
v -8.356952 -2.383703 -14.912571
v -6.002779 -2.790500 -14.023895
v -3.450418 -2.700810 -12.910056
v -0.735352 -1.732548 -12.169042
v 2.206649 -1.180002 -11.324483
v 5.055490 -1.353088 -10.676904
v 7.850264 -1.842223 -10.229897
v 10.596950 -2.359160 -9.996710
v 13.270259 -2.715609 -10.014177
v 15.869606 -2.798647 -10.270117
v 18.427565 -2.593617 -10.687225
v 20.967819 -2.083858 -11.147682
v 23.502077 -1.371389 -11.578111
v 26.041693 -0.681835 -11.949169
v 28.626057 -0.208947 -12.189126
v 31.264471 0.000610 -12.267808
v 33.824917 0.260262 -12.279629
v 36.217411 0.777505 -12.263913
v 38.501003 1.493903 -12.207469
v 40.798298 2.193729 -12.145713
v 43.219410 2.670710 -12.122622
v -44.032833 -4.181315 -12.773399
v -41.287926 -5.808748 -12.710187
v -38.565384 -7.636498 -12.563967
v -35.845596 -9.318490 -12.359136
v -33.102886 -10.470205 -12.169717
v -30.324917 -10.862746 -12.071495
v -27.520700 -10.495847 -12.093642
v -24.713329 -9.512239 -12.216868
v -21.925415 -8.140669 -12.363822
v -19.232172 -6.291628 -12.434290
v -16.610401 -4.692984 -12.258165
v -13.967155 -5.068825 -11.597444
v -11.325850 -4.880749 -11.020240
v -8.967854 -3.982427 -10.542493
v -6.443948 -2.831461 -9.772758
v -3.581776 -1.939759 -9.008828
v -0.772263 -1.225629 -8.323048
v 2.190718 -0.880529 -7.585202
v 5.085741 -1.240429 -7.007349
v 7.932448 -1.910094 -6.609394
v 10.722528 -2.582591 -6.430662
v 13.421934 -3.053627 -6.509156
v 16.019384 -3.192111 -6.843204
v 18.540150 -2.949276 -7.355482
v 21.022480 -2.328611 -7.917801
v 23.508078 -1.486061 -8.430963
v 26.024656 -0.702171 -8.856523
v 28.610628 -0.193317 -9.124213
v 31.273617 -0.003392 -9.188565
v 33.886578 0.245295 -9.111745
v 36.337936 0.835975 -8.905247
v 38.683060 1.652574 -8.624228
v 41.053162 2.392142 -8.388126
v 43.549335 2.811938 -8.298996
v -44.317230 -3.745799 -9.359218
v -41.577312 -5.182237 -9.262483
v -38.854950 -6.824764 -9.074633
v -36.140465 -8.427834 -8.817693
v -33.421707 -9.738589 -8.520178
v -30.689367 -10.550933 -8.249129
v -27.944187 -10.782185 -8.067578
v -25.194181 -10.434843 -8.010684
v -22.449808 -9.590881 -8.028697
v -19.748625 -8.298004 -7.989285
v -17.260498 -5.952621 -7.889325
v -14.580463 -6.380603 -6.914099
v -11.768800 -4.921899 -6.426884
v -9.035360 -3.333900 -6.097112
v -6.433852 -1.644065 -5.583355
v -3.665456 -0.808503 -5.236259
v -0.795212 -0.539036 -4.681860
v 2.090694 -0.605246 -4.128949
v 4.986653 -1.096351 -3.666702
v 7.865395 -1.831032 -3.352563
v 10.687111 -2.556470 -3.243214
v 13.415984 -3.064346 -3.375213
v 16.035093 -3.221577 -3.747410
v 18.561333 -2.979453 -4.276285
v 21.039564 -2.360369 -4.848558
v 23.517950 -1.512343 -5.370245
v 26.033091 -0.727547 -5.795444
v 28.616068 -0.208515 -6.045108
v 31.225916 0.140296 -6.013761
v 33.707066 0.818259 -5.672302
v 36.036911 1.906229 -5.105098
v 38.323566 3.090716 -4.502858
v 40.699486 4.008106 -4.053590
v 43.256702 4.403777 -3.888897
v -44.618095 -3.916761 -5.733893
v -41.891376 -5.187263 -5.632380
v -39.156071 -6.638347 -5.432802
v -36.439713 -8.058757 -5.165394
v -33.749748 -9.261033 -4.859046
v -31.040524 -10.202412 -4.552969
v -28.333189 -10.755978 -4.293168
v -25.626558 -10.833205 -4.136046
v -22.919584 -10.414209 -4.063240
v -20.385176 -9.291434 -4.108700
v -17.932028 -6.858316 -4.088847
v -14.905185 -7.257530 -3.115083
v -12.169809 -6.194032 -2.684874
v -9.372172 -3.828592 -2.362485
v -6.625110 -2.169116 -1.995043
v -3.870806 -0.974745 -1.746654
v -1.017452 -0.538531 -1.391154
v 1.865026 -0.516654 -1.000404
v 4.767127 -0.918912 -0.666814
v 7.658350 -1.576560 -0.458878
v 10.498453 -2.248269 -0.426931
v 13.255111 -2.728902 -0.602489
v 15.908566 -2.870378 -0.972324
v 18.467003 -2.634470 -1.463166
v 20.972719 -2.077083 -1.980291
v 23.477278 -1.322587 -2.442800
v 26.018223 -0.640486 -2.806235
v 28.597294 -0.138076 -2.957053
v 31.075920 0.571579 -2.680154
v 33.326248 1.908780 -1.972504
v 35.437119 3.640757 -1.045536
v 37.563343 5.327838 -0.146056
v 39.848999 6.560272 0.504329
v 42.401989 7.031229 0.741386
v -44.924393 -4.510558 -1.959759
v -42.219521 -5.674272 -1.873557
v -39.329685 -7.291539 -1.704665
v -36.414040 -8.077580 -1.808682
v -33.896221 -8.795376 -1.545171
v -31.410101 -10.194030 -0.902598
v -28.714100 -10.755814 -0.679698
v -26.021114 -10.915695 -0.530916
v -23.327034 -10.655223 -0.441292
v -20.628408 -9.766294 -0.330176
v -17.938717 -8.234041 -0.149082
v -15.265140 -7.488975 0.221287
v -12.402051 -6.054226 0.507276
v -9.542818 -4.260794 0.787776
v -6.839509 -3.245588 1.225992
v -4.060189 -1.928769 1.475503
v -1.263824 -0.994236 1.682464
v 1.586573 -0.644673 1.895742
v 4.476074 -0.814245 2.080809
v 7.365075 -1.283251 2.175416
v 10.215744 -1.819345 2.131900
v 12.995847 -2.208553 1.930064
v 15.684925 -2.294596 1.590795
v 18.291054 -2.061390 1.171285
v 20.848064 -1.585429 0.751948
v 23.402452 -0.989706 0.397775
v 25.987555 -0.486350 0.152125
v 28.556118 -0.001858 0.172236
v 30.886541 1.114856 0.727166
v 32.946400 2.992996 1.733412
v 34.875870 5.241987 2.939243
v 36.844490 7.379272 4.079949
v 39.014954 8.941640 4.904717
v 41.522121 9.545250 5.207748
v -45.292950 -4.969921 1.807415
v -42.629200 -6.056949 1.914919
v -39.925842 -7.448320 2.183689
v -36.941391 -8.085934 1.926799
v -34.310528 -7.992553 1.593806
v -31.891781 -9.567867 2.356745
v -29.101313 -10.814287 2.892208
v -26.399086 -10.923103 2.995716
v -23.710791 -10.679785 3.058159
v -21.037987 -9.838008 3.100936
v -18.335793 -8.298458 3.271351
v -15.509708 -6.700172 3.594584
v -12.514030 -4.394073 3.729169
v -9.990407 -4.464985 3.987499
v -7.226573 -3.994418 4.368960
v -4.329733 -2.775901 4.545766
v -1.505385 -1.747874 4.643265
v 1.323706 -1.119089 4.693918
v 4.186171 -0.971992 4.721703
v 7.060513 -1.172274 4.697452
v 9.912021 -1.493858 4.584950
v 12.707044 -1.716746 4.373948
v 15.430881 -1.712604 4.081684
v 18.094780 -1.467406 3.753782
v 20.731064 -1.046184 3.454251
v 23.360529 -0.631624 3.233402
v 25.988712 -0.364245 3.135367
v 28.535765 0.082998 3.308084
v 30.774122 1.439119 4.026947
v 32.728317 3.616855 5.195557
v 34.555252 6.157644 6.556942
v 36.428623 8.565892 7.840193
v 38.522236 10.346750 8.777797
v 40.994442 11.049540 9.128331
v -45.794662 -4.715415 5.405084
v -43.187538 -5.505478 5.441010
v -40.532276 -6.691423 5.666663
v -37.827965 -7.669734 5.765510
v -35.170017 -8.163424 5.659658
v -32.704506 -8.628919 5.899963
v -29.820408 -9.987920 6.394880
v -26.794369 -10.732344 6.447764
v -24.108654 -10.622706 6.521254
v -21.570786 -9.880737 6.560739
v -19.061651 -8.457272 6.647837
v -16.505346 -7.356369 6.909065
v -13.906225 -6.448245 7.095211
v -11.096879 -5.654644 7.289265
v -7.963273 -4.587273 7.448736
v -4.775615 -3.636698 7.540154
v -1.742108 -2.739595 7.558666
v 1.160729 -1.967016 7.510355
v 4.008900 -1.537658 7.409645
v 6.834545 -1.437663 7.267520
v 9.662438 -1.470490 7.091065
v 12.466564 -1.463983 6.877851
v 15.238286 -1.313746 6.637085
v 17.994205 -0.981091 6.402049
v 20.766174 -0.516150 6.212361
v 23.494286 -0.223231 6.110036
v 26.124050 -0.193903 6.123657
v 28.611088 0.063164 6.360702
v 30.815189 1.352488 7.098619
v 32.762161 3.524833 8.269308
v 34.586540 6.071462 9.630386
v 36.457077 8.487458 10.913222
v 38.547703 10.276528 11.850603
v 41.016823 10.987810 12.200985
v -46.395607 -3.718266 8.784426
v -43.849556 -4.201091 8.751679
v -41.229385 -4.982343 8.813005
v -38.531296 -6.027615 8.962248
v -35.763317 -7.221342 9.170424
v -33.189476 -7.983118 9.448956
v -30.430784 -8.820147 9.670684
v -27.257551 -10.066092 9.765121
v -24.521732 -10.327349 9.900006
v -22.060007 -9.960430 10.009048
v -19.763342 -9.134476 10.105410
v -17.482347 -8.038480 10.218935
v -15.114539 -6.791924 10.363696
v -12.434416 -5.618815 10.500322
v -9.261335 -4.730027 10.576653
v -5.698927 -4.117098 10.567389
v -2.092791 -3.469537 10.494968
v 1.268460 -2.671996 10.386877
v 4.225550 -2.085924 10.222892
v 6.934222 -1.852547 9.989726
v 9.632110 -1.713392 9.701745
v 12.421406 -1.470030 9.456054
v 15.237945 -1.148708 9.313944
v 18.090761 -0.671171 9.198514
v 20.981680 -0.104940 9.082761
v 23.757217 0.153600 9.045911
v 26.346571 0.024050 9.107266
v 28.790600 -0.005072 9.322553
v 31.029694 0.912824 9.937734
v 33.052094 2.744162 10.951483
v 34.963997 5.004947 12.153286
v 36.920387 7.172689 13.288741
v 39.083244 8.755598 14.114372
v 41.584324 9.374764 14.421312
v -47.008060 -2.200007 11.940556
v -44.522053 -2.451264 11.881141
v -41.937130 -3.064686 11.911358
v -39.246517 -4.027749 12.031399
v -36.458210 -5.249428 12.222910
v -33.591816 -6.582862 12.454690
v -30.673431 -7.887440 12.702057
v -27.739708 -9.019092 12.942245
v -24.897495 -9.749560 13.150438
v -22.331678 -9.800059 13.312716
v -20.017925 -9.198880 13.427953
v -17.950298 -8.062147 13.541265
v -15.974127 -6.653616 13.679096
v -13.657669 -5.389527 13.780504
v -10.648116 -4.585382 13.778969
v -6.894107 -4.191912 13.643741
v -2.656074 -3.611390 13.438766
v 1.485845 -2.699125 13.298826
v 4.811173 -1.956138 13.083308
v 7.499269 -1.688566 12.668447
v 10.018307 -1.601085 12.174325
v 12.689597 -1.304670 11.863750
v 15.463471 -0.952180 11.918270
v 18.260508 -0.575774 12.084251
v 21.126272 -0.046858 12.101008
v 23.907581 0.294458 12.114157
v 26.525917 0.218889 12.161736
v 29.044327 0.098480 12.284019
v 31.401411 0.498394 12.648055
v 33.519455 1.687124 13.353440
v 35.535667 3.430387 14.245819
v 37.620007 5.200242 15.116439
v 39.896660 6.458307 15.770680
v 42.459103 6.897451 16.038034
v -47.550812 -0.470839 14.907023
v -45.119061 -0.518380 14.832063
v -42.566597 -1.005967 14.850207
v -39.882740 -1.944029 14.967312
v -37.076168 -3.255750 15.172041
v -34.169960 -4.799505 15.439666
v -31.193180 -6.408596 15.739270
v -28.178850 -7.911323 16.037558
v -25.203455 -9.083378 16.298515
v -22.433037 -9.615820 16.487204
v -19.975138 -9.353685 16.600794
v -17.959759 -8.268584 16.712477
v -16.164724 -6.788184 16.856308
v -14.105291 -5.472183 16.969065
v -11.366765 -4.748949 16.963657
v -7.835594 -4.424662 16.743202
v -3.617516 -3.590351 16.339630
v 1.066027 -2.523926 16.212378
v 5.006858 -1.536501 15.945232
v 7.983311 -1.180776 15.329064
v 10.496373 -1.181587 14.655824
v 13.029365 -0.987526 14.292906
v 15.689987 -0.765396 14.516441
v 18.318249 -0.691569 15.005742
v 21.077955 -0.267383 15.269961
v 23.910049 0.321562 15.352160
v 26.627945 0.448957 15.312610
v 29.269903 0.376641 15.298484
v 31.730299 0.383490 15.391532
v 33.942818 0.852357 15.686460
v 36.082169 1.957155 16.166929
v 38.320820 3.243569 16.709068
v 40.731972 4.117406 17.171080
v 43.376698 4.313595 17.415222
v -47.953781 0.959292 17.806776
v -45.564541 1.080306 17.724285
v -43.037281 0.678235 17.744902
v -40.356316 -0.282171 17.879229
v -37.532757 -1.711643 18.113594
v -34.594631 -3.442018 18.418201
v -31.573463 -5.287831 18.758148
v -28.505732 -7.053217 19.093029
v -25.459558 -8.474364 19.360775
v -22.546776 -9.248940 19.498894
v -19.891708 -9.258629 19.535769
v -17.698994 -8.412954 19.581091
v -15.818341 -7.104178 19.700216
v -13.804873 -5.961123 19.850946
v -11.346022 -5.389832 19.956680
v -8.439064 -5.046058 19.876600
v -5.002815 -4.211120 19.463602
v -0.628321 -3.204642 19.169819
v 3.818509 -2.143994 18.912659
v 7.385075 -1.664915 18.437843
v 10.316036 -1.670433 17.815058
v 12.962369 -1.444576 17.451262
v 15.582132 -1.291651 17.648302
v 18.127993 -1.362169 18.121027
v 20.857853 -0.935257 18.467947
v 23.706413 -0.037675 18.499496
v 26.421951 0.652884 18.323503
v 29.156763 0.707994 18.250614
v 31.689909 0.578228 18.210854
v 34.036797 0.597981 18.198669
v 36.387039 1.110682 18.288685
v 38.838173 1.809719 18.511465
v 41.406811 2.241383 18.784424
v 44.135365 2.194600 19.000698
v -48.169922 1.727880 20.756870
v -45.802162 1.936696 20.671997
v -43.286671 1.575277 20.697931
v -40.602943 0.585009 20.848181
v -37.766121 -0.926006 21.104362
v -34.808327 -2.768572 21.431841
v -31.762167 -4.748049 21.793314
v -28.678036 -6.599364 22.133850
v -25.656872 -7.878175 22.347622
v -22.752037 -8.457164 22.386511
v -19.975456 -8.519002 22.319506
v -17.478109 -8.036576 22.258821
v -15.282357 -7.207929 22.313580
v -13.119652 -6.511592 22.474852
v -10.911451 -6.025479 22.687328
v -8.672756 -5.498958 22.817989
v -6.144064 -4.936133 22.647297
v -2.838070 -4.418909 22.286011
v 1.265262 -3.798255 22.046782
v 5.424305 -3.359445 21.807680
v 9.264043 -3.182510 21.516180
v 12.446519 -2.754360 21.300495
v 15.137831 -2.622944 21.348242
v 17.712381 -2.634373 21.481777
v 20.576492 -1.907700 21.636496
v 23.469427 -0.761425 21.540760
v 26.116949 0.360536 21.290491
v 28.765284 0.835802 21.160692
v 31.316923 0.905564 21.056778
v 33.811695 0.887068 20.944300
v 36.357861 1.136672 20.840054
v 39.001797 1.371162 20.860662
v 41.727486 1.382078 20.996393
v 44.526253 1.140264 21.179451
v -48.182625 1.788689 23.817518
v -45.810585 1.979133 23.738567
v -43.290810 1.600193 23.771505
v -40.603733 0.596534 23.927990
v -37.764797 -0.922777 24.188332
v -34.805191 -2.772267 24.517746
v -31.759785 -4.743110 24.876165
v -28.701294 -6.442760 25.187685
v -25.756470 -7.272232 25.322039
v -22.923824 -7.419935 25.279192
v -20.148848 -7.297772 25.134577
v -17.433737 -7.071141 24.978489
v -14.776513 -6.813579 24.943636
v -12.178782 -6.519518 25.059416
v -10.049790 -6.117362 25.299801
v -8.286918 -5.446838 25.519251
v -6.353299 -4.789422 25.555649
v -3.888744 -4.723611 25.405193
v -0.553211 -4.469178 25.150864
v 3.678757 -4.061621 24.844217
v 8.246598 -3.745564 24.763611
v 12.085376 -3.154309 24.745644
v 15.014934 -2.861307 24.724388
v 17.701279 -2.663496 24.637064
v 20.611120 -1.842829 24.641876
v 23.491980 -0.968886 24.553415
v 26.107361 -0.194681 24.385925
v 28.601244 0.483080 24.210409
v 31.094221 0.871816 24.042150
v 33.633656 1.118094 23.874104
v 36.232086 1.466777 23.707006
v 38.959522 1.512893 23.693548
v 41.774361 1.296326 23.793900
v 44.602489 0.986079 23.951288
v -48.001980 1.210261 27.006065
v -45.606522 1.313403 26.944468
v -43.073040 0.892383 26.986202
v -40.387497 -0.083085 27.138128
v -37.561371 -1.523329 27.384117
v -34.619457 -3.270833 27.694382
v -31.599852 -5.099450 28.025194
v -28.597582 -6.501397 28.279835
v -25.729332 -6.904254 28.342422
v -22.961592 -6.660701 28.244440
v -20.231791 -6.266634 28.051046
v -17.446363 -6.039789 27.832968
v -14.352653 -5.947351 27.713831
v -11.100303 -5.621943 27.760647
v -8.788361 -5.342466 28.012901
v -7.362016 -4.777238 28.263245
v -5.902270 -3.895870 28.374254
v -3.764706 -3.200230 28.319101
v -0.743553 -2.644850 28.074650
v 3.240242 -2.558989 27.714413
v 7.865466 -2.582440 27.575111
v 11.971104 -2.171543 27.566509
v 15.179762 -1.718170 27.540644
v 17.976034 -1.257340 27.437731
v 20.731390 -0.707763 27.397375
v 23.528601 -0.502306 27.422358
v 26.232634 -0.435371 27.453619
v 28.764856 -0.125115 27.386087
v 31.231922 0.324259 27.227880
v 33.700882 0.919688 26.969906
v 36.198933 1.537848 26.739426
v 38.838726 1.641591 26.785179
v 41.749802 1.247458 26.912466
v 44.635117 0.903860 27.032606
v -47.664040 0.150570 30.293747
v -45.236725 0.144484 30.254225
v -42.689953 -0.305653 30.302845
v -40.017490 -1.205936 30.441959
v -37.231510 -2.477149 30.657492
v -34.334618 -4.020959 30.930073
v -31.350866 -5.648653 31.218973
v -28.393490 -6.832664 31.413013
v -25.583878 -7.021400 31.416695
v -22.879658 -6.536813 31.275524
v -20.202236 -5.907775 31.051170
v -17.422707 -5.608023 30.823719
v -14.181110 -5.497038 30.710516
v -10.416355 -4.753916 30.773073
v -7.633965 -4.141493 31.029316
v -6.299764 -3.742426 31.222351
v -5.247972 -3.044651 31.278435
v -3.310580 -1.654360 31.183846
v -0.394054 -0.713450 30.979992
v 3.449830 -0.805966 30.718559
v 7.760662 -1.058595 30.476154
v 11.706462 -0.952970 30.332275
v 15.061599 -0.648845 30.280857
v 17.938883 -0.082072 30.184914
v 20.636246 0.333481 30.132265
v 23.451654 0.151483 30.253223
v 26.293308 -0.307903 30.445354
v 28.958117 -0.465818 30.525423
v 31.495298 -0.283621 30.477430
v 33.938248 0.255737 30.299719
v 36.189045 1.121626 30.154385
v 38.565502 1.599161 30.214996
v 41.602089 1.177985 30.265696
v 44.636501 0.826834 30.340118
v -47.228523 -1.151204 33.634602
v -44.791050 -1.221137 33.609905
v -42.285130 -1.589339 33.646576
v -39.690361 -2.282307 33.750271
v -36.987831 -3.284916 33.918037
v -34.148285 -4.571400 34.143005
v -31.189112 -5.993648 34.388668
v -28.252445 -7.064824 34.537437
v -25.476006 -7.254682 34.492149
v -22.823219 -6.712738 34.308067
v -20.190783 -5.957766 34.064030
v -17.422838 -5.627964 33.874115
v -14.294353 -5.670753 33.845177
v -10.657012 -5.115576 33.997948
v -7.589467 -4.374663 34.236614
v -5.895735 -3.927529 34.352371
v -4.596357 -3.027698 34.311161
v -2.646247 -1.502598 34.153160
v 0.167722 -0.399142 33.956654
v 3.819784 -0.081975 33.718243
v 7.703545 -0.026230 33.380646
v 11.416039 0.043552 33.136097
v 14.892536 0.129578 33.092709
v 17.913162 0.528121 33.051613
v 20.645374 0.891719 33.025799
v 23.329357 0.867763 33.110165
v 26.096287 0.436672 33.300842
v 28.894512 -0.107806 33.495930
v 31.640730 -0.496147 33.630333
v 34.212322 -0.451745 33.660130
v 36.487942 0.156909 33.656967
v 38.796131 0.827801 33.682007
v 41.655006 1.000984 33.734119
v 44.535881 1.141351 33.851765
v -46.824028 -2.324421 36.959499
v -44.456528 -2.306058 36.923824
v -42.061604 -2.455472 36.925201
v -39.583244 -2.860635 36.979733
v -36.961102 -3.586543 37.098129
v -34.166222 -4.613426 37.272587
v -31.264874 -5.715840 37.451263
v -28.378904 -6.540104 37.550228
v -25.603027 -6.752522 37.491581
v -22.931892 -6.335965 37.300068
v -20.267248 -5.698555 37.077908
v -17.460423 -5.371079 36.946117
v -14.409616 -5.467303 36.985306
v -11.174228 -5.539495 37.179272
v -8.212671 -5.269712 37.388065
v -5.991148 -4.615176 37.458893
v -4.074151 -3.218964 37.350903
v -1.919140 -1.599620 37.154419
v 0.822871 -0.400766 36.935734
v 4.212148 0.199294 36.676357
v 7.801630 0.526317 36.324120
v 11.421635 0.639197 36.071205
v 14.950113 0.607325 36.050236
v 18.060747 0.832352 36.059734
v 20.719912 1.306316 36.000397
v 23.108788 1.759214 35.946510
v 25.674126 1.614493 36.050579
v 28.600742 0.711654 36.342606
v 31.601585 -0.285019 36.650169
v 34.334896 -0.654497 36.795479
v 36.900173 -0.575236 36.842606
v 39.426888 -0.222442 36.857159
v 42.048775 0.285334 36.953712
v 44.668777 0.769439 37.077976
v -46.576622 -3.002917 40.199802
v -44.323471 -2.808673 40.138325
v -42.037033 -2.734738 40.103745
v -39.637589 -2.910649 40.119190
v -37.062599 -3.406821 40.194996
v -34.333092 -4.107386 40.300972
v -31.553822 -4.725282 40.375404
v -28.772581 -5.100335 40.390732
v -26.003693 -5.156304 40.329037
v -23.237959 -4.942039 40.202221
v -20.435442 -4.645854 40.072948
v -17.534531 -4.478497 40.015877
v -14.453846 -4.616977 40.088505
v -11.300547 -4.921053 40.261452
v -8.370543 -4.952146 40.419876
v -5.838544 -4.326334 40.452591
v -3.583868 -3.028537 40.327305
v -1.256518 -1.549603 40.122898
v 1.478241 -0.367723 39.898350
v 4.723044 0.331790 39.655987
v 8.228412 0.690282 39.371376
v 11.781492 0.809902 39.167549
v 15.175711 0.859423 39.122906
v 18.150963 1.224861 39.055756
v 20.668463 1.885008 38.904736
v 22.939655 2.491894 38.785152
v 25.468931 2.340032 38.885582
v 28.447977 1.220556 39.259159
v 31.426435 0.140195 39.632221
v 34.133801 -0.246801 39.798595
v 36.862122 -0.469540 39.880905
v 39.635757 -0.587268 39.925877
v 42.314171 -0.416064 39.958523
v 44.958054 -0.175607 39.993439
v -46.463249 -3.087879 43.332623
v -44.287235 -2.776074 43.255478
v -42.068218 -2.544603 43.196308
v -39.717102 -2.538733 43.180580
v -37.188080 -2.795352 43.209995
v -34.560230 -3.086074 43.229042
v -31.909948 -3.208277 43.197357
v -29.229223 -3.164129 43.124947
v -26.483864 -3.034879 43.038055
v -23.639772 -2.949404 42.969807
v -20.700520 -2.955470 42.935852
v -17.679636 -3.068085 42.956360
v -14.536906 -3.378891 43.055901
v -11.326385 -3.829809 43.215851
v -8.278934 -4.065593 43.354176
v -5.515394 -3.757015 43.392498
v -3.005296 -2.815585 43.295105
v -0.512611 -1.564513 43.100334
v 2.273726 -0.500313 42.883789
v 5.449640 0.179823 42.672157
v 8.852493 0.540094 42.471931
v 12.240797 0.719158 42.331059
v 15.412978 0.919799 42.245541
v 18.184435 1.488322 42.068703
v 20.643185 2.155125 41.871056
v 23.046703 2.472967 41.805008
v 25.702888 2.032533 41.990059
v 28.565763 1.058668 42.365067
v 31.220486 0.517025 42.653259
v 33.772121 0.386999 42.779808
v 36.597240 -0.005616 42.887268
v 39.562111 -0.467977 42.978592
v 42.350639 -0.553095 43.005993
v 45.042984 -0.464096 43.006809
v -46.390793 -2.639890 46.363354
v -44.244717 -2.274737 46.281239
v -42.055363 -1.944257 46.207462
v -39.733955 -1.788965 46.166000
v -37.250286 -1.820229 46.151630
v -34.698250 -1.798829 46.105598
v -32.115543 -1.636453 46.013245
v -29.474550 -1.410019 45.899662
v -26.736181 -1.229868 45.797607
v -23.872147 -1.187410 45.736778
v -20.876373 -1.334829 45.739368
v -17.777704 -1.650402 45.809608
v -14.581980 -2.124482 45.940865
v -11.303687 -2.739086 46.118820
v -8.118480 -3.215856 46.283672
v -5.134514 -3.247754 46.358139
v -2.370473 -2.678571 46.293850
v 0.299846 -1.699538 46.117569
v 3.129987 -0.784152 45.918655
v 6.192413 -0.120758 45.735218
v 9.388277 0.300619 45.586723
v 12.562975 0.551017 45.487011
v 15.579389 0.769582 45.403584
v 18.289221 1.232050 45.240314
v 20.784050 1.698564 45.086304
v 23.330177 1.726549 45.090984
v 26.055059 1.170644 45.309105
v 28.786978 0.490900 45.608704
v 31.256514 0.364152 45.783974
v 33.750168 0.388861 45.865128
v 36.578842 0.021060 45.962383
v 39.548729 -0.433006 46.049232
v 42.339108 -0.522070 46.074543
v 45.034321 -0.442347 46.073936
v -43.564762 -8.464448 -48.119843
v -40.748734 -9.087633 -48.271614
v -37.950497 -9.595796 -48.395378
v -35.172638 -9.972198 -48.487049
v -32.417183 -10.203572 -48.543495
v -29.685310 -10.280331 -48.563160
v -26.976885 -10.193759 -48.547970
v -24.268442 -9.903083 -48.512421
v -21.426367 -9.239948 -48.501312
v -18.260910 -7.998823 -48.562687
v -14.808906 -6.271616 -48.676857
v -11.183460 -4.240632 -48.807186
v -7.499355 -2.079187 -48.923443
v -3.867584 0.057163 -49.003761
v -0.396392 2.028119 -49.033508
v 2.803095 3.684180 -48.994942
v 5.620492 4.839466 -48.852512
v 8.003263 5.385234 -48.589474
v 10.008211 5.361770 -48.225990
v 11.748640 4.885449 -47.800838
v 13.346904 4.084784 -47.355831
v 14.922687 3.084741 -46.931973
v 16.591656 2.007573 -46.568661
v 18.462553 1.003425 -46.297153
v 20.632050 0.303591 -46.129208
v 23.144964 0.036276 -46.066811
v 25.838194 0.018571 -46.052162
v 28.581995 0.291667 -45.961205
v 31.405230 1.462638 -45.571232
v 34.306404 3.514393 -44.887920
v 37.243347 5.970471 -44.069954
v 40.168522 8.293507 -43.296291
v 43.036808 9.973577 -42.736763
v 45.811214 10.592619 -42.530598
v 47.150467 10.466900 -42.561810
v 46.367279 -0.394287 46.061577
v 46.385082 -0.415564 43.004395
v 46.316357 -0.179803 39.975807
v 46.070976 0.645304 37.030804
v 45.985374 0.948660 33.819218
v 46.082218 0.651049 30.373236
v 46.057281 0.726662 27.117954
v 46.027653 0.779400 24.056709
v 45.954979 0.923397 21.276962
v 45.559681 1.993627 19.065758
v 44.787708 4.156188 17.433144
v 43.854153 6.792043 16.005135
v 42.976254 9.281837 14.355055
v 42.416332 10.873791 12.121321
v 42.395596 10.931004 9.048779
v 42.917816 9.442433 5.140054
v 43.789692 6.950050 0.688925
v 44.613304 4.379352 -3.925974
v 44.859772 2.868895 -8.321002
v 44.497166 2.789072 -12.131129
v 43.956268 3.451771 -15.394415
v 43.588337 4.002553 -18.479656
v 43.588703 4.017588 -21.545652
v 43.970119 3.852474 -24.487770
v 44.654480 4.480819 -27.057842
v 45.552132 6.145045 -29.226591
v 46.463024 8.315383 -31.241385
v 47.071793 10.571337 -33.371109
v 47.304916 12.145297 -35.874001
v 47.307991 12.140639 -38.944492
v -44.844795 -8.980266 -45.174911
v -42.013145 -9.704487 -45.351295
v -39.198616 -10.317963 -45.500702
v -36.404564 -10.798988 -45.617886
v -33.633492 -11.129070 -45.699295
v -30.885967 -11.281773 -45.748047
v -28.157993 -11.201484 -45.784657
v -25.443235 -10.855960 -45.822815
v -22.658451 -10.170001 -45.877190
v -19.605814 -8.954967 -45.984554
v -16.223820 -7.214131 -46.136311
v -12.636031 -5.173231 -46.278538
v -8.971486 -3.040215 -46.369305
v -5.344325 -0.974336 -46.386509
v -1.852770 0.916427 -46.328468
v 1.414357 2.559398 -46.208031
v 4.364790 3.860635 -46.028988
v 6.916690 4.693495 -45.775768
v 9.063649 4.979806 -45.431610
v 10.892181 4.763792 -45.008957
v 12.524692 4.169782 -44.547646
v 14.083930 3.326457 -44.089569
v 15.688079 2.356708 -43.675323
v 17.450512 1.380064 -43.343567
v 19.474579 0.560169 -43.120560
v 21.843571 0.111746 -43.013901
v 24.480307 0.009056 -42.987061
v 27.209812 0.151918 -42.937195
v 30.008793 1.048690 -42.638535
v 32.903374 3.025976 -41.980019
v 35.856674 5.666906 -41.100494
v 38.820316 8.424701 -40.182045
v 41.745777 10.750986 -39.407303
v 44.586102 12.115033 -38.953018
v -44.730362 -9.720145 -42.284554
v -41.891487 -10.491027 -42.472298
v -39.070522 -11.146079 -42.631855
v -36.270939 -11.659981 -42.758236
v -33.492920 -11.985909 -42.859177
v -30.729944 -12.023173 -42.969948
v -27.976038 -11.693048 -43.120461
v -25.231148 -11.029899 -43.293846
v -22.403542 -10.016668 -43.474689
v -19.294123 -8.504223 -43.681877
v -15.868919 -6.546621 -43.892899
v -12.278508 -4.415646 -44.041733
v -8.666319 -2.343877 -44.080250
v -5.149868 -0.494209 -43.986450
v -1.820363 1.041844 -43.764954
v 1.254825 2.236940 -43.444096
v 4.030486 3.115780 -43.070484
v 6.482173 3.710051 -42.687347
v 8.612052 3.982878 -42.295460
v 10.466279 3.867863 -41.866528
v 12.140624 3.400665 -41.405853
v 13.753754 2.700311 -40.952030
v 15.422546 1.887810 -40.545216
v 17.259089 1.079308 -40.223953
v 19.367125 0.411984 -40.019077
v 21.810923 0.069122 -39.933479
v 24.478992 0.006605 -39.915504
v 27.209734 0.150109 -39.865231
v 30.008701 1.046672 -39.566406
v 32.903328 3.024872 -38.908607
v 35.856647 5.666743 -38.029785
v 38.819870 8.425365 -37.111488
v 41.744381 10.753094 -36.336773
v 44.583767 12.118562 -35.882515
v -44.639748 -10.305972 -39.356674
v -41.794857 -11.115741 -39.553890
v -38.968288 -11.805653 -39.722500
v -36.161602 -12.327572 -39.866726
v -33.365738 -12.539735 -40.035866
v -30.570124 -12.294762 -40.284328
v -27.779507 -11.610977 -40.596088
v -25.002417 -10.609775 -40.914448
v -22.138157 -9.286167 -41.216988
v -18.989466 -7.509573 -41.516556
v -15.550723 -5.386052 -41.776527
v -11.997244 -3.231824 -41.918560
v -8.482394 -1.298301 -41.889336
v -5.122225 0.256459 -41.669285
v -1.997779 1.364611 -41.271698
v 0.845086 2.041003 -40.738689
v 3.400660 2.379514 -40.137791
v 5.702086 2.537674 -39.554890
v 7.794411 2.639577 -39.055557
v 9.701742 2.603962 -38.611607
v 11.469795 2.311804 -38.169144
v 13.196408 1.814177 -37.740391
v 14.993498 1.223758 -37.363071
v 16.969969 0.651851 -37.074917
v 19.225651 0.215110 -36.907730
v 21.776262 0.019347 -36.848949
v 24.476343 -0.022484 -36.826164
v 27.201273 0.029619 -36.778664
v 29.979881 0.693715 -36.551987
v 32.846489 2.367465 -36.021626
v 35.770664 4.712698 -35.269939
v 38.694191 7.191730 -34.458923
v 41.569748 9.291626 -33.773922
v 44.369404 10.519276 -33.378323
v -44.576855 -10.712264 -36.385254
v -41.727562 -11.550625 -36.589321
v -38.896297 -12.262237 -36.766838
v -36.076088 -12.714280 -36.959896
v -33.249680 -12.681162 -37.254612
v -30.415817 -12.096480 -37.666061
v -27.590393 -11.077412 -38.130688
v -24.784111 -9.765044 -38.582874
v -21.900064 -8.172949 -38.995285
v -18.749222 -6.197299 -39.373524
v -15.343472 -3.985444 -39.667896
v -11.875459 -1.892989 -39.786503
v -8.500297 -0.179007 -39.673008
v -5.324615 1.019097 -39.315407
v -2.413897 1.670554 -38.740501
v 0.208076 1.837266 -38.006344
v 2.565239 1.667533 -37.197334
v 4.723836 1.377807 -36.417267
v 6.765263 1.198946 -35.772171
v 8.730618 1.164809 -35.284817
v 10.628749 1.068628 -34.870457
v 12.516452 0.816867 -34.483952
v 14.495483 0.499627 -34.155342
v 16.668051 0.218617 -33.919941
v 19.109076 0.042050 -33.796318
v 21.757490 -0.072396 -33.719532
v 24.468454 -0.203172 -33.618523
v 27.184725 -0.290635 -33.527126
v 29.932934 0.033693 -33.411369
v 32.749271 1.201967 -33.136971
v 35.595566 3.113489 -32.668274
v 38.389843 5.250042 -32.086243
v 41.119808 7.089660 -31.554552
v 43.810692 8.192877 -31.245989
v -44.544727 -10.906983 -33.370857
v -41.692932 -11.767942 -33.575764
v -38.856483 -12.469988 -33.768448
v -36.016888 -12.771545 -34.040379
v -33.157688 -12.452966 -34.473747
v -30.290390 -11.566074 -35.028091
v -27.434759 -10.256056 -35.625111
v -24.603157 -8.671808 -36.196602
v -21.724201 -6.871778 -36.705101
v -18.624865 -4.791554 -37.143723
v -15.311005 -2.594753 -37.452255
v -11.978057 -0.660039 -37.527874
v -8.774652 0.760280 -37.315811
v -5.791908 1.566027 -36.817791
v -3.077203 1.773870 -36.078114
v -0.634812 1.491612 -35.170845
v 1.579254 0.907643 -34.193073
v 3.648851 0.270416 -33.258133
v 5.670522 -0.155291 -32.483658
v 7.708385 -0.221639 -31.941328
v 9.760919 -0.131613 -31.552862
v 11.846841 -0.110322 -31.221449
v 14.050081 -0.118922 -30.957333
v 16.451418 -0.089996 -30.786100
v 19.057035 -0.097665 -30.670883
v 21.762436 -0.290583 -30.497873
v 24.472904 -0.595207 -30.263107
v 27.175442 -0.790880 -30.100000
v 29.892015 -0.686448 -30.078299
v 32.636505 0.001185 -30.097960
v 35.335117 1.440268 -30.007895
v 37.917530 3.272454 -29.756401
v 40.435410 4.902042 -29.437284
v 42.967754 5.926013 -29.227884
v -44.546204 -10.725239 -30.371981
v -41.693966 -11.652943 -30.552441
v -38.852837 -12.380163 -30.746544
v -35.997017 -12.566842 -31.084887
v -33.112732 -12.017913 -31.624695
v -30.218622 -10.874469 -32.284843
v -27.337196 -9.318004 -32.985672
v -24.483721 -7.513064 -33.659035
v -21.629370 -5.576940 -34.246746
v -18.634726 -3.505750 -34.719833
v -15.474195 -1.445625 -35.015022
v -12.316582 0.239471 -35.028255
v -9.300138 1.314724 -34.710663
v -6.499330 1.729816 -34.083084
v -3.944327 1.551852 -33.208534
v -1.623366 0.926764 -32.173416
v 0.520551 0.068775 -31.082214
v 2.578187 -0.761001 -30.052353
v 4.646993 -1.293322 -29.204155
v 6.796700 -1.338017 -28.630239
v 9.026823 -1.070261 -28.266907
v 11.337453 -0.771558 -27.996044
v 13.771743 -0.492457 -27.801695
v 16.337708 -0.309505 -27.675068
v 19.042374 -0.352667 -27.516933
v 21.817686 -0.669630 -27.230347
v 24.547632 -1.084969 -26.898006
v 27.224829 -1.305305 -26.696741
v 29.893742 -1.182445 -26.735453
v 32.532917 -0.643402 -26.950663
v 35.048294 0.419868 -27.160952
v 37.425842 1.865204 -27.233767
v 39.755314 3.234851 -27.155226
v 42.139133 4.163620 -27.055403
v -44.583366 -9.997025 -27.459185
v -41.736992 -11.065215 -27.600302
v -38.901077 -11.960776 -27.769186
v -36.042080 -12.233525 -28.112839
v -33.145508 -11.636021 -28.681753
v -30.230917 -10.309913 -29.386587
v -27.323347 -8.511073 -30.142206
v -24.447451 -6.510061 -30.879295
v -21.610338 -4.495319 -31.519306
v -18.683348 -2.776124 -31.910095
v -15.747114 -0.890269 -32.190430
v -12.830514 0.631216 -32.183365
v -9.999772 1.350478 -31.767687
v -7.353810 1.428931 -31.040258
v -4.908507 0.974486 -30.077147
v -2.638282 0.169155 -28.967075
v -0.478326 -0.751840 -27.814213
v 1.657916 -1.546449 -26.743486
v 3.854151 -1.989608 -25.883478
v 6.169743 -1.928553 -25.326872
v 8.602895 -1.537487 -25.001932
v 11.120183 -1.096711 -24.780287
v 13.675165 -0.762917 -24.630875
v 16.247499 -0.699045 -24.523775
v 19.006519 -0.812333 -24.352928
v 21.907074 -1.059988 -24.042040
v 24.682156 -1.412989 -23.706863
v 27.329733 -1.555986 -23.533133
v 29.936298 -1.303832 -23.616220
v 32.454899 -0.647836 -23.888401
v 34.813103 0.336751 -24.194635
v 37.043877 1.512416 -24.417633
v 39.239857 2.629772 -24.491987
v 41.514774 3.449633 -24.482233
v -44.657887 -8.785598 -24.627443
v -41.828114 -10.043107 -24.741295
v -39.012714 -11.227116 -24.869133
v -36.169697 -11.803327 -25.150898
v -33.279438 -11.432768 -25.650688
v -30.357861 -10.151908 -26.306475
v -27.429787 -8.207075 -27.041180
v -24.530571 -6.021210 -27.772291
v -21.689371 -3.943444 -28.413717
v -18.658209 -3.128868 -28.512396
v -15.882107 -1.647325 -28.694586
v -13.381023 0.399183 -28.917454
v -10.721445 0.840155 -28.439629
v -8.185657 0.731581 -27.656712
v -5.781281 0.226906 -26.643045
v -3.475909 -0.488351 -25.493504
v -1.208997 -1.210244 -24.325842
v 1.088129 -1.760448 -23.271397
v 3.472958 -2.027865 -22.434637
v 5.973680 -1.943389 -21.886871
v 8.564734 -1.648465 -21.565962
v 11.191619 -1.341357 -21.362743
v 13.801974 -1.150008 -21.244806
v 16.405970 -1.167577 -21.176163
v 19.180071 -1.198915 -21.098505
v 22.058821 -1.247272 -20.942343
v 24.797707 -1.388345 -20.754000
v 27.416399 -1.370895 -20.674852
v 29.979481 -1.028184 -20.783638
v 32.418068 -0.311871 -21.023170
v 34.685036 0.686886 -21.268702
v 36.836521 1.774245 -21.443626
v 38.959488 2.775292 -21.521294
v 41.173061 3.557215 -21.538954
v -44.777958 -7.310205 -21.815151
v -41.972157 -8.758334 -21.905924
v -39.187202 -10.262041 -21.975494
v -36.378483 -11.261774 -22.149805
v -33.517017 -11.335327 -22.510866
v -30.611118 -10.413236 -23.024368
v -27.683218 -8.624767 -23.644493
v -24.771225 -6.396113 -24.290911
v -21.917023 -4.260015 -24.867489
v -18.896952 -3.244820 -24.972557
v -16.239317 -1.854778 -25.158276
v -13.818256 -0.351457 -25.243235
v -11.251376 0.013551 -24.726654
v -8.756798 -0.017343 -23.913950
v -6.326722 -0.310689 -22.879745
v -3.936919 -0.737373 -21.732100
v -1.545731 -1.153564 -20.603388
v 0.907297 -1.474808 -19.588221
v 3.458966 -1.689249 -18.756634
v 6.094295 -1.751950 -18.183487
v 8.762563 -1.737951 -17.830265
v 11.421043 -1.711759 -17.637815
v 14.075912 -1.667026 -17.587729
v 16.750214 -1.639843 -17.625864
v 19.479027 -1.543412 -17.712601
v 22.204662 -1.366254 -17.807144
v 24.846699 -1.172750 -17.877523
v 27.437790 -0.930686 -17.947018
v 29.996124 -0.565737 -18.068823
v 32.432735 0.047919 -18.230923
v 34.694298 0.895452 -18.360666
v 36.839737 1.844244 -18.431734
v 38.959690 2.774864 -18.461496
v 41.172741 3.542545 -18.473175
v -44.949154 -5.802134 -18.944563
v -42.165607 -7.362563 -19.005590
v -39.409687 -9.115953 -19.010647
v -36.643509 -10.557426 -19.049019
v -33.829327 -11.185508 -19.224932
v -30.961826 -10.818340 -19.541456
v -28.060072 -9.512472 -19.968397
v -25.159027 -7.556379 -20.459951
v -22.300985 -5.477518 -20.922915
v -19.391394 -4.113859 -21.096342
v -16.602432 -3.074011 -21.084841
v -14.181318 -1.546578 -21.131077
v -11.615972 -0.999948 -20.600578
v -9.101891 -0.745582 -19.783762
v -6.625289 -0.722092 -18.776224
v -4.207383 -1.107098 -17.647116
v -1.773092 -1.452173 -16.594318
v 0.840108 -1.371903 -15.672442
v 3.565816 -1.395224 -14.866055
v 6.293520 -1.627012 -14.294911
v 9.014982 -1.905179 -13.929865
v 11.696900 -2.147202 -13.770083
v 14.339937 -2.244562 -13.820246
v 16.973364 -2.196163 -14.023208
v 19.613811 -1.976089 -14.298985
v 22.236837 -1.552838 -14.596142
v 24.820345 -1.029916 -14.880715
v 27.390471 -0.566262 -15.101644
v 29.976267 -0.220039 -15.239163
v 32.488838 0.176977 -15.318950
v 34.832890 0.782465 -15.357604
v 37.046738 1.556128 -15.372108
v 39.231358 2.369058 -15.381357
v 41.501717 3.050673 -15.388809
v -45.164955 -4.463212 -15.948776
v -42.396145 -6.014077 -15.971553
v -39.657906 -7.858136 -15.917710
v -36.925533 -9.604653 -15.824077
v -34.162140 -10.754588 -15.788190
v -31.348011 -10.998154 -15.873963
v -28.494772 -10.342336 -16.073629
v -25.631058 -8.960831 -16.364302
v -22.791258 -7.205768 -16.680311
v -20.004639 -5.519855 -16.898695
v -17.281439 -4.141094 -16.906273
v -14.595063 -3.480853 -16.642998
v -12.019392 -3.170248 -16.181519
v -9.547084 -2.572106 -15.362397
v -7.196702 -2.493261 -14.515998
v -4.746712 -2.947550 -13.423509
v -2.122242 -2.187845 -12.538626
v 0.724622 -1.395669 -11.744095
v 3.646711 -1.187717 -10.970034
v 6.456548 -1.582943 -10.429624
v 9.231590 -2.109421 -10.083668
v 11.943550 -2.566933 -9.973576
v 14.577425 -2.792914 -10.115832
v 17.151932 -2.733995 -10.465930
v 19.698977 -2.373801 -10.918039
v 22.235348 -1.739798 -11.368303
v 24.769226 -1.010273 -11.774948
v 27.325314 -0.408728 -12.089929
v 29.945110 -0.087159 -12.243676
v 32.562820 0.105697 -12.277646
v 35.041019 0.485448 -12.276233
v 37.365463 1.122905 -12.239504
v 39.640465 1.859980 -12.174145
v 41.987755 2.470145 -12.127628
v -45.416023 -3.511708 -12.769605
v -42.656841 -4.952373 -12.753421
v -39.924854 -6.717327 -12.646570
v -37.206825 -8.520876 -12.465048
v -34.478298 -9.979624 -12.257135
v -31.718151 -10.765526 -12.106280
v -28.924791 -10.767298 -12.067819
v -26.115849 -10.069039 -12.145535
v -23.315937 -8.855208 -12.297172
v -20.550734 -7.364957 -12.400911
v -17.926189 -5.259663 -12.410583
v -15.294728 -4.735107 -11.956413
v -12.634119 -5.222509 -11.287279
v -10.024256 -4.281408 -10.737170
v -7.994249 -3.779986 -10.264432
v -4.946748 -2.219591 -9.331588
v -2.195769 -1.584527 -8.676711
v 0.703080 -0.969550 -7.947373
v 3.649502 -0.989997 -7.272038
v 6.513752 -1.560179 -6.784614
v 9.336944 -2.259927 -6.489624
v 12.085000 -2.853337 -6.436611
v 14.732374 -3.168630 -6.647478
v 17.287127 -3.120126 -7.084781
v 19.783323 -2.680132 -7.637993
v 22.263079 -1.918039 -8.183207
v 24.760332 -1.071323 -8.658377
v 27.306337 -0.403078 -9.015059
v 29.938475 -0.077074 -9.178452
v 32.595890 0.088726 -9.166413
v 35.132103 0.497974 -9.022972
v 37.515762 1.234179 -8.767154
v 39.857674 2.049567 -8.493143
v 42.281086 2.652097 -8.321329
v -45.692951 -3.140090 -9.363695
v -42.945045 -4.427920 -9.324669
v -40.214355 -5.991591 -9.178240
v -37.497490 -7.647542 -8.953687
v -34.782341 -9.134561 -8.670279
v -32.057400 -10.214646 -8.377043
v -29.318007 -10.740485 -8.143969
v -26.569031 -10.677806 -8.023966
v -23.821074 -10.064969 -8.019897
v -21.080326 -9.038074 -8.013583
v -18.485641 -7.200266 -7.977602
v -15.929511 -6.149522 -7.411251
v -13.201329 -6.255640 -6.572493
v -10.382631 -4.442601 -6.252069
v -7.736630 -2.365362 -5.844733
v -5.073127 -1.136635 -5.406805
v -2.235196 -0.623348 -4.981808
v 0.646595 -0.525311 -4.394593
v 3.538478 -0.803326 -3.883765
v 6.430635 -1.449735 -3.487144
v 9.285840 -2.209175 -3.269564
v 12.064796 -2.847721 -3.277695
v 14.738932 -3.191364 -3.535127
v 17.307371 -3.150844 -3.999273
v 19.803246 -2.711313 -4.563875
v 22.276356 -1.947630 -5.118857
v 24.768497 -1.095588 -5.598721
v 27.315853 -0.430811 -5.949325
v 29.927414 -0.043849 -6.068571
v 32.487694 0.421418 -5.879115
v 34.885735 1.326238 -5.406182
v 37.176991 2.510410 -4.795762
v 39.493526 3.601632 -4.249382
v 41.951870 4.280924 -3.930746
v -45.983059 -3.358673 -5.738146
v -43.253944 -4.526991 -5.698077
v -40.531006 -5.887006 -5.542084
v -37.782173 -7.389103 -5.306944
v -35.104542 -8.671479 -5.013912
v -32.394932 -9.774884 -4.703606
v -29.686691 -10.533745 -4.413320
v -26.979731 -10.857283 -4.200142
v -24.273674 -10.683101 -4.097128
v -21.562803 -10.036922 -4.013151
v -19.438507 -7.907248 -4.375289
v -16.311840 -7.356281 -3.488900
v -13.563495 -7.119574 -2.853232
v -10.759295 -5.056191 -2.523468
v -7.994793 -2.893737 -2.172659
v -5.256534 -1.503865 -1.867532
v -2.453530 -0.675295 -1.583798
v 0.421905 -0.481343 -1.192904
v 3.314727 -0.669694 -0.821999
v 6.216738 -1.231518 -0.543607
v 9.086999 -1.924333 -0.418354
v 11.888848 -2.523513 -0.488342
v 14.594961 -2.846851 -0.766764
v 17.197546 -2.797353 -1.208454
v 19.723072 -2.390922 -1.724301
v 22.222589 -1.708792 -2.221172
v 24.740969 -0.957329 -2.641074
v 27.309351 -0.382621 -2.922678
v 29.860386 0.155574 -2.878038
v 32.227657 1.165184 -2.369484
v 34.389530 2.752557 -1.520739
v 36.488815 4.516932 -0.577700
v 38.678440 6.023059 0.222190
v 41.087776 6.903146 0.680956
v -46.275944 -3.987330 -1.962404
v -43.572922 -5.072959 -1.930207
v -40.795010 -6.436016 -1.798703
v -37.840549 -7.894082 -1.708593
v -35.109612 -8.259040 -1.794018
v -32.682270 -9.594948 -1.171071
v -30.061699 -10.521126 -0.783434
v -27.367334 -10.888649 -0.595071
v -24.674854 -10.836046 -0.484766
v -21.976677 -10.363149 -0.385809
v -19.281942 -8.975920 -0.259556
v -16.600048 -7.752811 0.018729
v -13.884313 -7.091225 0.416754
v -10.942067 -5.012411 0.592871
v -8.216093 -3.873819 1.050428
v -5.449012 -2.555660 1.358991
v -2.667180 -1.397284 1.580360
v 0.154575 -0.745125 1.788941
v 3.028769 -0.676956 1.995756
v 5.923119 -1.026127 2.142854
v 8.797346 -1.556841 2.172930
v 11.616336 -2.044323 2.050319
v 14.351886 -2.293307 1.774715
v 16.996681 -2.214097 1.386187
v 19.572800 -1.848014 0.956768
v 22.122990 -1.288988 0.564606
v 24.690287 -0.718010 0.255688
v 27.287640 -0.281041 0.109127
v 29.758341 0.454219 0.380959
v 31.943388 1.977365 1.188512
v 33.916790 4.101411 2.328092
v 35.844841 6.354332 3.533891
v 37.895050 8.259205 4.546288
v 40.220619 9.379869 5.130248
v -46.619495 -4.534389 1.815914
v -43.963398 -5.447848 1.823878
v -41.289314 -6.740579 2.050098
v -38.478115 -7.932681 2.157009
v -35.545361 -8.003181 1.684159
v -33.121220 -8.551400 1.844553
v -30.509575 -10.355798 2.711819
v -27.749029 -10.919322 2.952806
v -25.051327 -10.841170 3.027395
v -22.381971 -10.432423 3.096946
v -19.687513 -8.997844 3.130020
v -16.985531 -7.738272 3.440903
v -13.990172 -5.431500 3.687289
v -11.190068 -4.106823 3.824274
v -8.660105 -4.443490 4.208952
v -5.767782 -3.370318 4.467255
v -2.912824 -2.225207 4.603009
v -0.094743 -1.373895 4.672032
v 2.751525 -0.990219 4.711694
v 5.623931 -1.042104 4.718689
v 8.491436 -1.332745 4.653479
v 11.318014 -1.628138 4.491263
v 14.077745 -1.745798 4.235697
v 16.768375 -1.618206 3.918234
v 19.414770 -1.269274 3.596857
v 22.045761 -0.824296 3.331818
v 24.675962 -0.486193 3.164013
v 27.287823 -0.214451 3.167629
v 29.697460 0.636350 3.597939
v 31.777889 2.451715 4.570194
v 33.646873 4.872796 5.869109
v 35.475212 7.409414 7.225197
v 37.437210 9.565164 8.368535
v 39.703365 10.854671 9.038048
v -47.084015 -4.426056 5.434655
v -44.496616 -5.055774 5.396791
v -41.865982 -6.091691 5.552849
v -39.186722 -7.209214 5.732395
v -36.473434 -8.032445 5.752390
v -33.903370 -8.325322 5.664968
v -31.385611 -9.185205 6.207705
v -28.251661 -10.501348 6.420041
v -25.435337 -10.729612 6.486363
v -22.830160 -10.402795 6.557338
v -20.315350 -9.120651 6.562145
v -17.790773 -7.931252 6.796298
v -15.210630 -6.821546 7.003438
v -12.536839 -6.057384 7.192290
v -9.551195 -5.105960 7.376155
v -6.360259 -4.101630 7.503640
v -3.237170 -3.181605 7.558336
v -0.279830 -2.323074 7.542011
v 2.589187 -1.704399 7.465782
v 5.422320 -1.457427 7.343140
v 8.249330 -1.449629 7.183693
v 11.068620 -1.480199 6.988965
v 13.856179 -1.410111 6.759160
v 16.615183 -1.171773 6.516477
v 19.380587 -0.747967 6.298720
v 22.140129 -0.333049 6.148461
v 24.822500 -0.192432 6.100036
v 27.394741 -0.153107 6.194891
v 29.750750 0.570142 6.664011
v 31.813593 2.358905 7.643732
v 33.679459 4.783367 8.942736
v 35.505119 7.326970 10.298425
v 37.464184 9.490818 11.441427
v 39.727314 10.788630 12.110784
v -47.646061 -3.575041 8.831296
v -45.131088 -3.923543 8.756797
v -42.549225 -4.554874 8.770509
v -39.889801 -5.477568 8.877975
v -37.155117 -6.616285 9.061707
v -34.409401 -7.735276 9.294044
v -31.909466 -8.270628 9.585732
v -28.815630 -9.525586 9.716669
v -25.860140 -10.272644 9.835922
v -23.259365 -10.216257 9.957288
v -20.901758 -9.590994 10.057101
v -18.626242 -8.613352 10.158242
v -16.321447 -7.421893 10.289011
v -13.828730 -6.180642 10.436490
v -10.909835 -5.132474 10.548527
v -7.508896 -4.406013 10.582095
v -3.881233 -3.815005 10.536630
v -0.366467 -3.070793 10.446108
v 2.792979 -2.334102 10.313032
v 5.595009 -1.937077 10.115440
v 8.273900 -1.788867 9.847563
v 11.018462 -1.604024 9.567149
v 13.827625 -1.322533 9.375463
v 16.657013 -0.932783 9.257264
v 19.539724 -0.375356 9.136146
v 22.391752 0.078500 9.051801
v 25.072258 0.120363 9.064805
v 27.589127 -0.062960 9.180032
v 29.938951 0.319344 9.573754
v 32.063221 1.741400 10.405619
v 34.012623 3.853873 11.544754
v 35.926304 6.132484 12.744886
v 37.966679 8.064367 13.754760
v 40.285961 9.201344 14.341846
v -48.221066 -2.188967 11.997949
v -45.776371 -2.282940 11.900443
v -43.242695 -2.711811 11.884643
v -40.604820 -3.506639 11.960916
v -37.863541 -4.614968 12.120125
v -35.033211 -5.911317 12.335468
v -32.137402 -7.247000 12.577776
v -29.204510 -8.486365 12.824716
v -26.293497 -9.455365 13.051372
v -23.579084 -9.862989 13.238111
v -21.143732 -9.575083 13.374022
v -18.957052 -8.685092 13.481679
v -16.974918 -7.366706 13.609728
v -14.885434 -5.979451 13.738988
v -12.249550 -4.920465 13.795691
v -8.854025 -4.372242 13.727080
v -4.807455 -3.950397 13.538679
v -0.518209 -3.171226 13.365139
v 3.255515 -2.275938 13.212233
v 6.205476 -1.771397 12.897969
v 8.753123 -1.654524 12.416329
v 11.332654 -1.475852 11.978064
v 14.071827 -1.126203 11.854217
v 16.854959 -0.779884 12.010684
v 19.691744 -0.316068 12.105877
v 22.536428 0.171875 12.102470
v 25.233175 0.295808 12.133583
v 27.798496 0.127217 12.204520
v 30.250898 0.206865 12.425159
v 32.485069 0.999588 12.963954
v 34.528820 2.519256 13.789551
v 36.560795 4.348561 14.696274
v 38.727558 5.917734 15.482358
v 41.138725 6.789811 15.960246
v -48.730679 -0.581823 14.972112
v -46.348598 -0.443862 14.859015
v -43.858990 -0.704671 14.828761
v -41.240921 -1.421810 14.896765
v -38.493565 -2.561090 15.060066
v -35.633751 -4.008876 15.299854
v -32.688545 -5.606339 15.587504
v -29.687971 -7.184937 15.890774
v -26.675821 -8.559042 16.175051
v -23.786142 -9.441713 16.403547
v -21.153761 -9.592428 16.549505
v -18.917715 -8.894899 16.652792
v -17.062937 -7.542504 16.782915
v -15.198491 -6.076529 16.922035
v -12.835209 -5.027122 16.986401
v -9.692871 -4.602343 16.888868
v -5.815440 -4.070455 16.528933
v -1.260653 -3.068109 16.255545
v 3.168929 -1.980802 16.121965
v 6.590205 -1.278800 15.668318
v 9.262286 -1.179354 14.976894
v 11.744274 -1.111077 14.410429
v 14.356277 -0.855809 14.339678
v 17.000578 -0.739482 14.765425
v 19.678497 -0.531900 15.170255
v 22.499531 0.054616 15.329780
v 25.282179 0.438875 15.339012
v 27.961973 0.418785 15.296434
v 30.531288 0.347712 15.325108
v 32.859787 0.538407 15.511816
v 35.008759 1.343446 15.910040
v 37.183388 2.618539 16.439098
v 39.500618 3.755701 16.959255
v 42.023239 4.305304 17.327084
v -49.108360 0.744542 17.877655
v -46.774509 1.078675 17.754110
v -44.319664 0.949296 17.720575
v -41.715820 0.264586 17.798241
v -38.960800 -0.947874 17.985563
v -36.076054 -2.550776 18.259256
v -33.092449 -4.362046 18.586000
v -30.042244 -6.194962 18.929586
v -26.973057 -7.828164 19.240160
v -23.980785 -8.951275 19.446583
v -21.171692 -9.360217 19.523651
v -18.737892 -8.928026 19.551191
v -16.745644 -7.777615 19.632441
v -14.853938 -6.475737 19.776150
v -12.635963 -5.607523 19.914774
v -9.943212 -5.246942 19.958778
v -6.824278 -4.679423 19.685102
v -2.901871 -3.724062 19.294693
v 1.664681 -2.643401 19.055870
v 5.712721 -1.814166 18.706638
v 8.905700 -1.659930 18.123373
v 11.652777 -1.583809 17.572449
v 14.279506 -1.330054 17.488274
v 16.850136 -1.341702 17.877712
v 19.464083 -1.230352 18.327597
v 22.288908 -0.508156 18.523674
v 25.071297 0.377136 18.414675
v 27.796772 0.739928 18.273582
v 30.454967 0.643244 18.230383
v 32.874886 0.541343 18.196877
v 35.202724 0.800321 18.226906
v 37.598728 1.468273 18.386934
v 40.105270 2.077659 18.648674
v 42.749798 2.281171 18.905226
v -49.311928 1.460536 20.830656
v -47.002220 1.895151 20.702301
v -44.564816 1.833983 20.669695
v -41.965523 1.154948 20.758093
v -39.201775 -0.116620 20.965050
v -36.300316 -1.817999 21.261494
v -33.294140 -3.753678 21.610752
v -30.218801 -5.718243 21.972584
v -27.154385 -7.328001 22.261934
v -24.190811 -8.243325 22.386395
v -21.339678 -8.552595 22.359798
v -18.683887 -8.342122 22.280020
v -16.358059 -7.634346 22.270317
v -14.207094 -6.827270 22.383671
v -12.018033 -6.257954 22.580021
v -9.804580 -5.773357 22.778950
v -7.476209 -5.212343 22.772224
v -4.607632 -4.683705 22.466516
v -0.842831 -4.110731 22.153074
v 3.367168 -3.534664 21.934841
v 7.409915 -3.279179 21.664425
v 10.936141 -2.975819 21.381968
v 13.833651 -2.633844 21.300133
v 16.406322 -2.675663 21.407362
v 19.113300 -2.361050 21.573832
v 22.046898 -1.361645 21.623453
v 24.809809 -0.150334 21.413490
v 27.442413 0.676439 21.212082
v 30.055244 0.902070 21.110035
v 32.564026 0.877659 21.002363
v 35.073814 0.987666 20.883713
v 37.668018 1.274517 20.832478
v 40.355515 1.407931 20.918522
v 43.117138 1.293940 21.084906
v -49.326550 1.529907 23.889080
v -47.012840 1.946882 23.765688
v -44.571033 1.867333 23.739744
v -41.967823 1.172504 23.834982
v -39.201397 -0.109714 24.047226
v -36.298130 -1.818107 24.346687
v -33.290268 -3.759429 24.696499
v -30.223372 -5.671576 25.046783
v -27.212046 -6.969209 25.279898
v -24.329964 -7.402576 25.318499
v -21.530207 -7.378033 25.214928
v -18.781904 -7.191620 25.048946
v -16.104645 -6.945301 24.942200
v -13.444935 -6.672909 24.982599
v -11.047518 -6.344281 25.170967
v -9.155062 -5.813548 25.424116
v -7.366780 -5.062218 25.564205
v -5.210753 -4.721950 25.497520
v -2.341092 -4.639455 25.291889
v 1.470184 -4.255881 24.983568
v 5.991034 -3.921715 24.780781
v 10.292600 -3.455849 24.752886
v 13.629707 -2.957387 24.742872
v 16.345453 -2.810631 24.677046
v 19.134659 -2.308538 24.636545
v 22.077429 -1.389675 24.613432
v 24.828123 -0.573713 24.474068
v 27.359703 0.169304 24.297440
v 29.843557 0.713510 24.125082
v 32.358139 0.987410 23.960842
v 34.920696 1.301575 23.780457
v 37.579792 1.535886 23.679976
v 40.361980 1.423235 23.734724
v 43.186520 1.154284 23.864826
v -49.159210 1.002620 27.067554
v -46.819702 1.321177 26.963585
v -44.358429 1.172714 26.951529
v -41.748997 0.470497 27.048981
v -38.990593 -0.754214 27.251060
v -36.103195 -2.369390 27.533289
v -33.114922 -4.199262 27.861866
v -30.087490 -5.901217 28.171013
v -27.146339 -6.820194 28.335623
v -24.337194 -6.829272 28.309174
v -21.594950 -6.457969 28.156284
v -18.860931 -6.122948 27.937147
v -15.950297 -6.007208 27.756466
v -12.676562 -5.797311 27.710506
v -9.800035 -5.488047 27.871359
v -8.017544 -5.113754 28.150131
v -6.687448 -4.340815 28.338888
v -4.936621 -3.526011 28.368635
v -2.371820 -2.884190 28.222208
v 1.129905 -2.548693 27.885668
v 5.542777 -2.604908 27.615454
v 10.031340 -2.415332 27.565031
v 13.664503 -1.936110 27.563457
v 16.599581 -1.503123 27.490818
v 19.347918 -0.965899 27.406569
v 22.131151 -0.560509 27.404186
v 24.901026 -0.482603 27.444832
v 27.515310 -0.309012 27.432863
v 30.000574 0.084998 27.319159
v 32.464828 0.602100 27.108616
v 34.942398 1.259541 26.830704
v 37.486366 1.670881 26.734512
v 40.276737 1.468714 26.849758
v 43.202961 1.065491 26.968639
v -48.841568 0.016575 30.340569
v -46.464027 0.198956 30.263811
v -43.979156 -0.022709 30.266996
v -41.368729 -0.703403 30.361750
v -38.638367 -1.801080 30.541304
v -35.796757 -3.221972 30.788057
v -32.848267 -4.849916 31.078293
v -29.859072 -6.342220 31.336061
v -26.970274 -7.045280 31.437754
v -24.223593 -6.830278 31.360153
v -21.542501 -6.206029 31.169783
v -18.842678 -5.702476 30.930023
v -15.891096 -5.596220 30.748709
v -12.281231 -5.172404 30.714125
v -8.833769 -4.404342 30.891762
v -6.838462 -3.939458 31.142311
v -5.829887 -3.478911 31.268969
v -4.409798 -2.382223 31.248207
v -1.973487 -1.058836 31.092562
v 1.428153 -0.671212 30.852198
v 5.602491 -0.963753 30.589474
v 9.806101 -1.042690 30.388727
v 13.455017 -0.830588 30.304770
v 16.544451 -0.382762 30.237576
v 19.286404 0.182814 30.142069
v 22.027592 0.312139 30.172787
v 24.884956 -0.085844 30.353857
v 27.648605 -0.435011 30.502415
v 30.236792 -0.415077 30.518803
v 32.736721 -0.065839 30.398724
v 35.081161 0.680242 30.205595
v 37.312183 1.469230 30.171001
v 40.031925 1.444316 30.243036
v 43.145100 0.981360 30.300621
v -48.425655 -1.211559 33.666355
v -46.017578 -1.151263 33.615112
v -43.547840 -1.365589 33.620071
v -40.999893 -1.895687 33.690109
v -38.354446 -2.745903 33.826431
v -35.586262 -3.896560 34.024265
v -32.676750 -5.289256 34.269375
v -29.706791 -6.614645 34.483727
v -26.843607 -7.273534 34.537663
v -24.139641 -7.048098 34.412773
v -21.513514 -6.318230 34.187073
v -18.833912 -5.717010 33.954525
v -15.929708 -5.670638 33.836159
v -12.490169 -5.468418 33.901527
v -8.971326 -4.716715 34.120529
v -6.606907 -4.148947 34.315399
v -5.277666 -3.574209 34.349831
v -3.726655 -2.285151 34.241638
v -1.354200 -0.850624 34.057156
v 1.920623 -0.168565 33.849129
v 5.767949 -0.049428 33.553375
v 9.585117 0.010740 33.233250
v 13.199421 0.062221 33.100613
v 16.456444 0.300863 33.076130
v 19.298874 0.742121 33.030025
v 21.981604 0.937362 33.051689
v 24.703247 0.687541 33.198154
v 27.496601 0.160716 33.402523
v 30.280134 -0.338462 33.575008
v 32.960247 -0.545115 33.655571
v 35.379215 -0.200130 33.656898
v 37.590752 0.539436 33.667530
v 40.182869 0.942082 33.696804
v 43.102753 1.112276 33.805180
v -48.007500 -2.372771 36.986511
v -45.641285 -2.299151 36.937965
v -43.265614 -2.354303 36.918861
v -40.836773 -2.621168 36.944965
v -38.293419 -3.181407 37.030731
v -35.583015 -4.072452 37.180706
v -32.721581 -5.175755 37.366138
v -29.812521 -6.186999 37.516842
v -26.975317 -6.732831 37.541313
v -24.258837 -6.604453 37.407047
v -21.607992 -6.008594 37.185017
v -18.889647 -5.475870 36.994251
v -15.968160 -5.388535 36.942699
v -12.794249 -5.535096 37.069908
v -9.617531 -5.445725 37.292557
v -7.023059 -5.018783 37.446465
v -5.032264 -3.993002 37.422840
v -3.052097 -2.391024 37.258125
v -0.636093 -0.923321 37.046791
v 2.461949 -0.044261 36.817303
v 5.999289 0.386969 36.503567
v 9.611065 0.612322 36.170654
v 13.218611 0.615423 36.041180
v 16.566051 0.679571 36.061741
v 19.441092 1.048553 36.036961
v 21.921331 1.570705 35.962856
v 24.347944 1.787882 35.972721
v 27.102848 1.229422 36.180733
v 30.119703 0.166375 36.509327
v 33.001167 -0.548348 36.741947
v 35.630619 -0.657039 36.827290
v 38.155724 -0.422409 36.846802
v 40.734741 0.007205 36.890980
v 43.343945 0.598677 37.035625
v -47.712574 -3.102860 40.232822
v -45.449295 -2.899799 40.167339
v -43.189388 -2.748028 40.116116
v -40.856339 -2.784593 40.104019
v -38.373039 -3.121024 40.150406
v -35.710785 -3.749305 40.248219
v -32.945328 -4.439591 40.344448
v -30.162165 -4.949641 40.391785
v -27.386522 -5.168449 40.369789
v -24.622498 -5.072809 40.270576
v -21.844217 -4.791322 40.133236
v -19.003933 -4.531445 40.030712
v -16.015207 -4.510285 40.035633
v -12.868819 -4.772765 40.168659
v -9.791517 -4.999323 40.350342
v -7.056040 -4.733303 40.456432
v -4.696003 -3.736790 40.405853
v -2.452765 -2.277509 40.230198
v 0.045914 -0.902081 40.011562
v 3.048960 0.036432 39.782562
v 6.458427 0.545632 39.513676
v 10.010238 0.774768 39.249622
v 13.516446 0.817226 39.134598
v 16.723352 0.995032 39.100437
v 19.460554 1.531826 38.986343
v 21.804680 2.237451 38.829090
v 24.146534 2.547575 38.798389
v 26.923424 1.852230 39.051193
v 29.966650 0.609204 39.465134
v 32.799244 -0.115233 39.736523
v 35.485825 -0.360885 39.844921
v 38.253517 -0.556590 39.907139
v 40.987522 -0.533937 39.940659
v 43.629978 -0.272885 39.982174
v -47.560894 -3.226859 43.369411
v -45.374878 -2.932257 43.293655
v -43.188850 -2.640406 43.221882
v -40.914188 -2.506394 43.181843
v -38.471630 -2.645038 43.192471
v -35.880268 -2.952782 43.224335
v -33.237076 -3.171307 43.219650
v -30.575340 -3.203184 43.164825
v -27.867172 -3.101743 43.081078
v -25.074785 -2.981702 43.000393
v -22.180340 -2.941212 42.947556
v -19.202629 -2.992833 42.937435
v -16.124186 -3.196210 42.996014
v -12.926559 -3.605541 43.132729
v -9.771366 -3.998350 43.293194
v -6.859805 -3.992330 43.389381
v -4.239564 -3.353000 43.359852
v -1.777864 -2.195656 43.204899
v 0.831829 -0.989324 42.991982
v 3.819297 -0.112893 42.777428
v 7.138145 0.391434 42.568195
v 10.561072 0.644276 42.390911
v 13.868606 0.789265 42.291462
v 16.848724 1.164218 42.168530
v 19.439547 1.836498 41.963120
v 21.829954 2.388797 41.812130
v 24.334982 2.354184 41.864384
v 27.136316 1.549503 42.170666
v 29.925524 0.708755 42.531254
v 32.481415 0.448038 42.728245
v 35.147930 0.229796 42.832378
v 38.086594 -0.264616 42.939075
v 40.979164 -0.553673 42.998905
v 43.700924 -0.514984 43.007748
v -47.466961 -2.792777 46.389091
v -45.317223 -2.462947 46.323021
v -43.161373 -2.095400 46.241589
v -40.915585 -1.838672 46.181828
v -38.507450 -1.794801 46.158943
v -35.978512 -1.826446 46.134727
v -33.411720 -1.732387 46.064075
v -30.804878 -1.524221 45.957039
v -28.119606 -1.307920 45.845249
v -25.321012 -1.186755 45.760372
v -22.389147 -1.237841 45.729515
v -19.338623 -1.473351 45.766403
v -16.193602 -1.865279 45.867897
v -12.943573 -2.427563 46.026882
v -9.690418 -3.015507 46.207825
v -6.598050 -3.302394 46.336357
v -3.729014 -3.035003 46.343540
v -1.040066 -2.210201 46.214104
v 1.685657 -1.215244 46.017490
v 4.635952 -0.419349 45.823753
v 7.783451 0.116159 45.655437
v 10.986347 0.442673 45.530781
v 14.102481 0.642707 45.450775
v 16.972710 0.974805 45.329983
v 19.547310 1.493963 45.152191
v 22.037403 1.786876 45.062099
v 24.674528 1.506071 45.177780
v 27.443422 0.791953 45.463894
v 30.045971 0.364395 45.714714
v 32.473381 0.403681 45.827980
v 35.125431 0.249791 45.910896
v 38.071449 -0.232929 46.011650
v 40.966690 -0.519072 46.068356
v 43.690952 -0.489285 46.075306
v -44.967999 -8.122743 -48.025959
v -42.154705 -8.789256 -48.198948
v -39.347221 -9.357201 -48.337269
v -36.558880 -9.801373 -48.445450
v -33.792015 -10.106684 -48.519817
v -31.048269 -10.261747 -48.557930
v -28.328272 -10.258291 -48.559502
v -25.628172 -10.081429 -48.530563
v -22.878323 -9.634453 -48.499920
v -19.885851 -8.691049 -48.523052
v -16.563869 -7.184652 -48.615540
v -13.010625 -5.282925 -48.742058
v -9.341722 -3.166113 -48.868622
v -5.670148 -0.998909 -48.969116
v -2.105120 1.071867 -49.025726
v 1.244663 2.907252 -49.024899
v 4.264849 4.334064 -48.938492
v 6.864608 5.188645 -48.735443
v 9.046423 5.438111 -48.418041
v 10.903827 5.172163 -48.018505
v 12.557982 4.517746 -47.578232
v 14.130287 3.602087 -47.138741
v 15.738478 2.547921 -46.740417
v 17.495724 1.482661 -46.420528
v 19.503819 0.601597 -46.199348
v 21.853062 0.124103 -46.087311
v 24.480446 0.006856 -46.058632
v 27.203501 0.080564 -46.031517
v 29.982380 0.750185 -45.808502
v 32.848335 2.403944 -45.257740
v 35.773403 4.725774 -44.484486
v 38.710316 7.181465 -43.666645
v 41.612377 9.243302 -42.979977
v 44.437328 10.433579 -42.583565
vn 0.0750 0.8738 -0.4804
vn 0.1655 0.8664 -0.4712
vn 0.1387 0.8408 -0.5233
vn 0.0619 0.8452 -0.5309
vn -0.0357 0.9993 -0.0124
vn -0.0354 0.9993 -0.0117
vn -0.0362 0.9993 -0.0108
vn -0.0366 0.9993 -0.0116
vn -0.0366 0.9993 -0.0028
vn -0.0353 0.9994 -0.0044
vn -0.0218 0.9994 0.0276
vn -0.0304 0.9986 0.0432
vn -0.0097 0.9914 0.1305
vn 0.0210 0.9957 0.0898
vn 0.0943 0.9790 0.1807
vn 0.0274 0.9699 0.2420
vn 0.0720 0.9429 0.3251
vn 0.1771 0.9504 0.2555
vn 0.2338 0.9560 0.1774
vn 0.1097 0.9687 0.2225
vn 0.1259 0.9919 -0.0161
vn 0.2319 0.9727 -0.0092
vn 0.1926 0.9776 -0.0848
vn 0.1280 0.9858 -0.1090
vn 0.1249 0.9905 -0.0571
vn 0.1534 0.9874 -0.0393
vn 0.1296 0.9915 0.0119
vn 0.1188 0.9929 0.0053
vn 0.1182 0.9922 0.0406
vn 0.1264 0.9914 0.0344
vn 0.1385 0.9901 0.0243
vn 0.1267 0.9913 0.0364
vn 0.1388 0.9903 0.0040
vn 0.1535 0.9881 -0.0054
vn 0.1615 0.9869 0.0050
vn 0.1453 0.9893 0.0115
vn 0.1426 0.9857 0.0897
vn 0.1623 0.9832 0.0834
vn 0.1525 0.9509 0.2694
vn 0.1254 0.9522 0.2786
vn 0.0916 0.8298 0.5505
vn 0.1283 0.8347 0.5355
vn 0.1083 0.6851 0.7204
vn 0.0625 0.6717 0.7382
vn 0.0486 0.5534 0.8315
vn 0.1026 0.5734 0.8128
vn 0.1098 0.5156 0.8498
vn 0.0471 0.4912 0.8698
vn 0.0534 0.4821 0.8745
vn 0.1260 0.5088 0.8516
vn 0.1478 0.5485 0.8230
vn 0.0631 0.5216 0.8508
vn 0.0741 0.6075 0.7909
vn 0.1728 0.6320 0.7554
vn 0.1987 0.7536 0.6266
vn 0.0857 0.7383 0.6690
vn 0.0939 0.8872 0.4517
vn 0.2160 0.8844 0.4137
vn 0.2116 0.9661 0.1481
vn 0.0915 0.9823 0.1637
vn 0.0781 0.9911 -0.1080
vn 0.1854 0.9775 -0.1005
vn 0.1531 0.9495 -0.2737
vn 0.0626 0.9550 -0.2900
vn 0.0499 0.9146 -0.4014
vn 0.1246 0.9146 -0.3847
vn 0.1025 0.8864 -0.4515
vn 0.0406 0.8837 -0.4663
vn 0.0339 0.8655 -0.4998
vn 0.0861 0.8693 -0.4867
vn 0.0724 0.8698 -0.4881
vn 0.0266 0.8645 -0.5020
vn 0.0132 0.8816 -0.4718
vn 0.0552 0.8889 -0.4547
vn 0.0325 0.9255 -0.3774
vn -0.0076 0.9181 -0.3964
vn -0.0325 0.9648 -0.2610
vn 0.0079 0.9699 -0.2435
vn -0.0170 0.9962 -0.0849
vn -0.0576 0.9933 -0.1000
vn -0.0802 0.9948 0.0634
vn -0.0409 0.9963 0.0761
vn -0.0621 0.9792 0.1932
vn -0.0990 0.9780 0.1835
vn -0.1150 0.9654 0.2340
vn -0.0787 0.9675 0.2404
vn -0.0909 0.9702 0.2246
vn -0.1292 0.9668 0.2205
vn -0.1418 0.9785 0.1495
vn -0.1005 0.9831 0.1528
vn -0.1066 0.9928 0.0548
vn -0.1496 0.9873 0.0534
vn -0.1496 0.9878 -0.0437
vn -0.1063 0.9933 -0.0458
vn -0.0972 0.9911 -0.0912
vn -0.1413 0.9864 -0.0841
vn -0.1252 0.9911 -0.0461
vn -0.0772 0.9953 -0.0591
vn -0.0451 0.9951 0.0881
vn -0.1008 0.9895 0.1037
vn -0.0668 0.9329 0.3539
vn -0.0028 0.9397 0.3419
vn 0.0381 0.8367 0.5464
vn -0.0316 0.8329 0.5525
vn -0.0025 0.7435 0.6687
vn 0.0718 0.7421 0.6664
vn 0.1000 0.6761 0.7300
vn 0.0210 0.6816 0.7314
vn 0.0411 0.6516 0.7575
vn 0.1266 0.6437 0.7547
vn 0.1545 0.6436 0.7496
vn 0.0598 0.6521 0.7557
vn 0.0788 0.6863 0.7230
vn 0.1862 0.6776 0.7114
vn 0.2229 0.7578 0.6133
vn 0.0992 0.7703 0.6300
vn 0.1176 0.8895 0.4415
vn 0.2570 0.8681 0.4246
vn 0.2684 0.9514 0.1512
vn 0.1240 0.9796 0.1584
vn 0.1124 0.9829 -0.1457
vn 0.2447 0.9594 -0.1401
vn 0.2043 0.9148 -0.3483
vn 0.0930 0.9292 -0.3577
vn 0.2739 0.9326 0.2352
vn 0.2659 0.9327 0.2438
vn 0.2578 0.9294 0.2642
vn 0.2657 0.9297 0.2551
vn 0.2507 0.9344 0.2530
vn 0.2324 0.9366 0.2621
vn 0.2248 0.9323 0.2833
vn 0.2428 0.9306 0.2738
vn 0.2120 0.9390 0.2709
vn 0.1895 0.9413 0.2794
vn 0.1828 0.9359 0.3012
vn 0.2048 0.9341 0.2925
vn 0.1648 0.9436 0.2873
vn 0.1377 0.9458 0.2940
vn 0.1330 0.9392 0.3167
vn 0.1588 0.9376 0.3094
vn 0.1076 0.9483 0.2986
vn 0.0731 0.9514 0.2991
vn 0.0752 0.9419 0.3273
vn 0.1053 0.9406 0.3229
vn 0.0333 0.9556 0.2929
vn -0.0137 0.9606 0.2776
vn 0.0051 0.9459 0.3245
vn 0.0423 0.9435 0.3285
vn -0.0670 0.9655 0.2515
vn -0.1194 0.9694 0.2144
vn -0.0784 0.9537 0.2903
vn -0.0362 0.9494 0.3121
vn -0.1708 0.9708 0.1685
vn -0.2287 0.9664 0.1172
vn -0.1776 0.9584 0.2235
vn -0.1230 0.9577 0.2601
vn -0.2919 0.9543 0.0641
vn -0.3571 0.9340 0.0136
vn -0.3120 0.9399 0.1389
vn -0.2417 0.9531 0.1820
vn -0.4160 0.9088 -0.0313
vn -0.4566 0.8869 -0.0705
vn -0.4278 0.9019 0.0593
vn -0.3788 0.9204 0.0973
vn -0.4815 0.8704 -0.1030
vn -0.4954 0.8592 -0.1278
vn -0.4828 0.8757 0.0010
vn -0.4611 0.8869 0.0267
vn -0.5011 0.8533 -0.1440
vn -0.5012 0.8521 -0.1507
vn -0.5024 0.8643 -0.0265
vn -0.4958 0.8683 -0.0170
vn -0.4968 0.8553 -0.1471
vn -0.4896 0.8618 -0.1328
vn -0.5019 0.8647 -0.0188
vn -0.5039 0.8633 -0.0270
vn -0.4799 0.8707 -0.1077
vn -0.4685 0.8805 -0.0722
vn -0.4896 0.8717 0.0212
vn -0.4969 0.8678 -0.0024
vn -0.4554 0.8899 -0.0279
vn -0.4407 0.8974 0.0231
vn -0.4683 0.8798 0.0819
vn -0.4800 0.8758 0.0500
vn -0.4237 0.9025 0.0771
vn -0.4024 0.9063 0.1292
vn -0.4310 0.8907 0.1442
vn -0.4532 0.8840 0.1144
vn -0.3749 0.9105 0.1743
vn -0.3376 0.9176 0.2100
vn -0.3535 0.9171 0.1845
vn -0.3989 0.9015 0.1681
vn -0.2861 0.9288 0.2355
vn -0.2155 0.9434 0.2520
vn -0.2050 0.9589 0.1960
vn -0.2897 0.9374 0.1935
vn -0.1224 0.9574 0.2615
vn -0.0146 0.9644 0.2640
vn 0.0223 0.9817 0.1894
vn -0.0980 0.9760 0.1943
vn 0.0993 0.9604 0.2603
vn 0.2076 0.9454 0.2512
vn 0.2585 0.9509 0.1702
vn 0.1449 0.9727 0.1812
vn 0.3009 0.9236 0.2375
vn 0.3740 0.9008 0.2204
vn 0.4258 0.8934 0.1431
vn 0.3536 0.9221 0.1572
vn 0.4252 0.8825 0.2010
vn 0.4554 0.8719 0.1799
vn 0.5014 0.8577 0.1136
vn 0.4744 0.8709 0.1285
vn 0.4659 0.8707 0.1576
vn 0.4587 0.8785 0.1339
vn 0.4984 0.8630 0.0821
vn 0.5087 0.8553 0.0982
vn 0.4337 0.8944 0.1088
vn 0.3871 0.9183 0.0832
vn 0.4188 0.9068 0.0485
vn 0.4702 0.8801 0.0652
vn 0.3182 0.9462 0.0588
vn 0.2263 0.9733 0.0373
vn 0.2452 0.9692 0.0211
vn 0.3433 0.9386 0.0335
vn 0.1253 0.9919 0.0201
vn 0.0558 0.9984 0.0083
vn 0.0639 0.9979 0.0048
vn 0.1387 0.9903 0.0115
vn 0.0153 0.9999 0.0020
vn -0.0242 0.9997 -0.0011
vn -0.0197 0.9998 -0.0032
vn 0.0190 0.9998 0.0009
vn -0.0841 0.9964 -0.0048
vn -0.2166 0.9762 -0.0113
vn -0.1988 0.9796 -0.0299
vn -0.0736 0.9972 -0.0125
vn -0.3904 0.9205 -0.0195
vn -0.5191 0.8543 -0.0279
vn -0.4932 0.8664 -0.0782
vn -0.3669 0.9287 -0.0533
vn -0.6012 0.7983 -0.0358
vn -0.6487 0.7598 -0.0431
vn -0.6198 0.7752 -0.1222
vn -0.5743 0.8124 -0.1011
vn -0.6722 0.7387 -0.0507
vn -0.6774 0.7333 -0.0589
vn -0.6414 0.7491 -0.1655
vn -0.6403 0.7547 -0.1432
vn -0.6658 0.7429 -0.0684
vn -0.6354 0.7680 -0.0798
vn -0.5880 0.7786 -0.2191
vn -0.6246 0.7573 -0.1905
vn -0.5797 0.8094 -0.0937
vn -0.4868 0.8666 -0.1102
vn -0.4307 0.8552 -0.2884
vn -0.5263 0.8121 -0.2520
vn -0.3390 0.9320 -0.1280
vn -0.1273 0.9816 -0.1423
vn -0.1062 0.9303 -0.3511
vn -0.2907 0.9001 -0.3245
vn 0.2880 0.9388 0.1890
vn 0.2799 0.9398 0.1963
vn 0.2733 0.9362 0.2211
vn 0.2813 0.9356 0.2131
vn 0.2645 0.9425 0.2041
vn 0.2459 0.9458 0.2120
vn 0.2395 0.9412 0.2383
vn 0.2580 0.9385 0.2297
vn 0.2249 0.9493 0.2198
vn 0.2012 0.9529 0.2269
vn 0.1958 0.9470 0.2547
vn 0.2187 0.9441 0.2467
vn 0.1737 0.9570 0.2325
vn 0.1385 0.9623 0.2340
vn 0.1404 0.9533 0.2673
vn 0.1701 0.9500 0.2620
vn 0.0935 0.9694 0.2268
vn 0.0356 0.9777 0.2071
vn 0.0617 0.9634 0.2608
vn 0.1053 0.9576 0.2681
vn -0.0344 0.9844 0.1723
vn -0.1072 0.9866 0.1232
vn -0.0511 0.9769 0.2076
vn 0.0089 0.9705 0.2411
vn -0.1776 0.9819 0.0656
vn -0.2382 0.9712 0.0050
vn -0.1752 0.9782 0.1113
vn -0.1156 0.9798 0.1633
vn -0.2893 0.9556 -0.0555
vn -0.3395 0.9338 -0.1129
vn -0.2855 0.9584 -0.0025
vn -0.2293 0.9718 0.0548
vn -0.3883 0.9065 -0.1656
vn -0.4336 0.8759 -0.2118
vn -0.3988 0.9106 -0.1082
vn -0.3428 0.9376 -0.0580
vn -0.4708 0.8459 -0.2504
vn -0.4918 0.8232 -0.2837
vn -0.4776 0.8582 -0.1881
vn -0.4470 0.8817 -0.1512
vn -0.4993 0.8086 -0.3114
vn -0.4974 0.8015 -0.3319
vn -0.4994 0.8321 -0.2415
vn -0.4935 0.8418 -0.2186
vn -0.4885 0.8018 -0.3442
vn -0.4749 0.8090 -0.3465
vn -0.4909 0.8315 -0.2601
vn -0.4976 0.8288 -0.2558
vn -0.4573 0.8228 -0.3374
vn -0.4373 0.8422 -0.3154
vn -0.4668 0.8525 -0.2350
vn -0.4801 0.8398 -0.2536
vn -0.4149 0.8659 -0.2793
vn -0.3911 0.8915 -0.2286
vn -0.4346 0.8863 -0.1600
vn -0.4514 0.8687 -0.2038
vn -0.3658 0.9161 -0.1641
vn -0.3401 0.9362 -0.0883
vn -0.3971 0.9169 -0.0398
vn -0.4163 0.9032 -0.1045
vn -0.3143 0.9493 -0.0057
vn -0.2901 0.9538 0.0778
vn -0.3551 0.9295 0.0998
vn -0.3767 0.9258 0.0301
vn -0.2677 0.9508 0.1560
vn -0.2464 0.9431 0.2232
vn -0.3025 0.9279 0.2182
vn -0.3314 0.9291 0.1639
vn -0.2239 0.9348 0.2756
vn -0.1917 0.9301 0.3135
vn -0.2123 0.9332 0.2900
vn -0.2651 0.9285 0.2601
vn -0.1451 0.9301 0.3375
vn -0.0782 0.9332 0.3507
vn -0.0502 0.9469 0.3176
vn -0.1398 0.9407 0.3090
vn 0.0083 0.9344 0.3562
vn 0.0979 0.9304 0.3532
vn 0.1524 0.9376 0.3124
vn 0.0519 0.9465 0.3186
vn 0.1808 0.9221 0.3422
vn 0.2502 0.9122 0.3245
vn 0.3138 0.9067 0.2817
vn 0.2416 0.9229 0.2997
vn 0.3022 0.9044 0.3011
vn 0.3359 0.9014 0.2733
vn 0.3989 0.8866 0.2342
vn 0.3663 0.8936 0.2595
vn 0.3513 0.9045 0.2416
vn 0.3494 0.9139 0.2068
vn 0.4081 0.8957 0.1765
vn 0.4124 0.8873 0.2065
vn 0.3304 0.9286 0.1690
vn 0.2927 0.9474 0.1294
vn 0.3444 0.9322 0.1113
vn 0.3863 0.9110 0.1445
vn 0.2370 0.9674 0.0898
vn 0.1629 0.9852 0.0541
vn 0.1982 0.9789 0.0491
vn 0.2822 0.9561 0.0786
vn 0.0824 0.9962 0.0273
vn 0.0320 0.9994 0.0115
vn 0.0443 0.9990 0.0106
vn 0.1056 0.9941 0.0258
vn 0.0083 0.9999 0.0056
vn -0.0196 0.9998 0.0085
vn -0.0246 0.9997 0.0023
vn 0.0111 0.9999 0.0032
vn -0.0729 0.9971 0.0197
vn -0.2025 0.9785 0.0388
vn -0.2182 0.9758 0.0126
vn -0.0842 0.9964 0.0059
vn -0.3802 0.9228 0.0632
vn -0.5176 0.8511 0.0883
vn -0.5276 0.8490 0.0294
vn -0.3952 0.9184 0.0209
vn -0.6082 0.7860 0.1111
vn -0.6614 0.7383 0.1324
vn -0.6632 0.7471 0.0444
vn -0.6130 0.7892 0.0371
vn -0.6888 0.7083 0.1547
vn -0.6974 0.6939 0.1794
vn -0.6972 0.7143 0.0606
vn -0.6892 0.7227 0.0521
vn -0.6890 0.6945 0.2073
vn -0.6613 0.7106 0.2402
vn -0.6621 0.7449 0.0824
vn -0.6889 0.7214 0.0705
vn -0.6074 0.7432 0.2805
vn -0.5142 0.7918 0.3296
vn -0.5195 0.8466 0.1156
vn -0.6101 0.7863 0.0972
vn -0.3611 0.8495 0.3846
vn -0.1371 0.8924 0.4300
vn -0.1405 0.9780 0.1541
vn -0.3682 0.9197 0.1365
vn 0.2982 0.9449 0.1354
vn 0.2902 0.9466 0.1409
vn 0.2856 0.9433 0.1694
vn 0.2936 0.9419 0.1630
vn 0.2748 0.9502 0.1468
vn 0.2561 0.9545 0.1529
vn 0.2514 0.9503 0.1835
vn 0.2702 0.9465 0.1764
vn 0.2340 0.9592 0.1586
vn 0.2049 0.9654 0.1616
vn 0.2047 0.9590 0.1960
vn 0.2301 0.9544 0.1903
vn 0.1651 0.9736 0.1577
vn 0.1048 0.9843 0.1421
vn 0.1278 0.9729 0.1928
vn 0.1732 0.9647 0.1983
vn 0.0231 0.9936 0.1102
vn -0.0676 0.9958 0.0623
vn -0.0084 0.9905 0.1374
vn 0.0666 0.9826 0.1733
vn -0.1594 0.9872 0.0057
vn -0.2403 0.9692 -0.0533
vn -0.1736 0.9843 0.0308
vn -0.0931 0.9917 0.0883
vn -0.3064 0.9453 -0.1116
vn -0.3569 0.9189 -0.1679
vn -0.3005 0.9495 -0.0906
vn -0.2439 0.9693 -0.0300
vn -0.3947 0.8918 -0.2213
vn -0.4287 0.8623 -0.2695
vn -0.3874 0.8994 -0.2027
vn -0.3452 0.9266 -0.1490
vn -0.4594 0.8318 -0.3114
vn -0.4854 0.8025 -0.3468
vn -0.4619 0.8378 -0.2912
vn -0.4269 0.8690 -0.2504
vn -0.5044 0.7772 -0.3762
vn -0.5097 0.7605 -0.4023
vn -0.5017 0.7890 -0.3546
vn -0.4892 0.8093 -0.3251
vn -0.5032 0.7529 -0.4242
vn -0.4882 0.7537 -0.4399
vn -0.4929 0.7740 -0.3974
vn -0.5017 0.7775 -0.3793
vn -0.4662 0.7632 -0.4475
vn -0.4390 0.7808 -0.4445
vn -0.4568 0.7907 -0.4075
vn -0.4773 0.7786 -0.4075
vn -0.4067 0.8066 -0.4290
vn -0.3707 0.8390 -0.3983
vn -0.4045 0.8364 -0.3699
vn -0.4321 0.8104 -0.3957
vn -0.3306 0.8761 -0.3510
vn -0.2880 0.9139 -0.2861
vn -0.3415 0.8998 -0.2715
vn -0.3739 0.8672 -0.3288
vn -0.2432 0.9481 -0.2049
vn -0.1994 0.9735 -0.1116
vn -0.2730 0.9553 -0.1134
vn -0.3072 0.9307 -0.1987
vn -0.1588 0.9872 -0.0128
vn -0.1260 0.9885 0.0835
vn -0.2115 0.9748 0.0710
vn -0.2400 0.9705 -0.0211
vn -0.1031 0.9800 0.1702
vn -0.0929 0.9657 0.2426
vn -0.1738 0.9578 0.2289
vn -0.1889 0.9695 0.1563
vn -0.0942 0.9496 0.2990
vn -0.1019 0.9352 0.3390
vn -0.1535 0.9324 0.3271
vn -0.1646 0.9440 0.2859
vn -0.1092 0.9253 0.3632
vn -0.0950 0.9208 0.3782
vn -0.0936 0.9247 0.3689
vn -0.1347 0.9259 0.3531
vn -0.0550 0.9209 0.3858
vn 0.0009 0.9231 0.3846
vn 0.0469 0.9253 0.3764
vn -0.0278 0.9256 0.3774
vn 0.0658 0.9243 0.3761
vn 0.1243 0.9248 0.3597
vn 0.1862 0.9180 0.3502
vn 0.1216 0.9222 0.3671
vn 0.1702 0.9264 0.3357
vn 0.2015 0.9308 0.3051
vn 0.2692 0.9161 0.2970
vn 0.2360 0.9153 0.3265
vn 0.2171 0.9385 0.2684
vn 0.2170 0.9495 0.2266
vn 0.2849 0.9320 0.2239
vn 0.2854 0.9217 0.2626
vn 0.2017 0.9626 0.1806
vn 0.1718 0.9762 0.1323
vn 0.2342 0.9625 0.1367
vn 0.2680 0.9461 0.1815
vn 0.1305 0.9877 0.0857
vn 0.0852 0.9952 0.0481
vn 0.1235 0.9910 0.0526
vn 0.1850 0.9784 0.0919
vn 0.0428 0.9987 0.0276
vn 0.0215 0.9995 0.0245
vn 0.0226 0.9997 0.0133
vn 0.0596 0.9979 0.0257
vn 0.0180 0.9993 0.0323
vn 0.0088 0.9989 0.0468
vn -0.0084 0.9998 0.0203
vn 0.0095 0.9999 0.0121
vn -0.0240 0.9974 0.0680
vn -0.1283 0.9867 0.1002
vn -0.1710 0.9830 0.0674
vn -0.0515 0.9979 0.0383
vn -0.2901 0.9457 0.1465
vn -0.4366 0.8773 0.1995
vn -0.4877 0.8606 0.1467
vn -0.3447 0.9327 0.1057
vn -0.5455 0.8008 0.2474
vn -0.6089 0.7384 0.2898
vn -0.6430 0.7345 0.2169
vn -0.5860 0.7893 0.1833
vn -0.6398 0.6941 0.3301
vn -0.6490 0.6650 0.3696
vn -0.6791 0.6750 0.2887
vn -0.6711 0.6974 0.2516
vn -0.6395 0.6501 0.4104
vn -0.6076 0.6495 0.4570
vn -0.6382 0.6728 0.3742
vn -0.6690 0.6666 0.3287
vn -0.5469 0.6610 0.5139
vn -0.4487 0.6793 0.5807
vn -0.4828 0.7240 0.4927
vn -0.5798 0.6929 0.4286
vn -0.3031 0.6964 0.6505
vn -0.1161 0.7004 0.7042
vn -0.1254 0.7786 0.6148
vn -0.3317 0.7583 0.5612
vn 0.3041 0.9497 0.0748
vn 0.2960 0.9519 0.0788
vn 0.2936 0.9495 0.1107
vn 0.3016 0.9475 0.1062
vn 0.2805 0.9563 0.0828
vn 0.2609 0.9615 0.0860
vn 0.2594 0.9582 0.1203
vn 0.2782 0.9535 0.1155
vn 0.2347 0.9682 0.0869
vn 0.1872 0.9790 0.0809
vn 0.1995 0.9721 0.1235
vn 0.2360 0.9638 0.1243
vn 0.1138 0.9917 0.0605
vn 0.0182 0.9996 0.0236
vn 0.0674 0.9943 0.0828
vn 0.1455 0.9831 0.1109
vn -0.0926 0.9954 -0.0237
vn -0.1962 0.9777 -0.0747
vn -0.1330 0.9910 -0.0116
vn -0.0324 0.9986 0.0407
vn -0.2845 0.9505 -0.1252
vn -0.3555 0.9185 -0.1732
vn -0.3017 0.9456 -0.1220
vn -0.2250 0.9720 -0.0672
vn -0.4098 0.8856 -0.2186
vn -0.4484 0.8546 -0.2619
vn -0.4061 0.8858 -0.2246
vn -0.3620 0.9157 -0.1744
vn -0.4745 0.8264 -0.3031
vn -0.4951 0.7994 -0.3403
vn -0.4642 0.8280 -0.3144
vn -0.4375 0.8571 -0.2720
vn -0.5114 0.7746 -0.3722
vn -0.5237 0.7530 -0.3985
vn -0.5057 0.7739 -0.3814
vn -0.4872 0.7997 -0.3509
vn -0.5305 0.7362 -0.4202
vn -0.5253 0.7286 -0.4396
vn -0.5173 0.7401 -0.4296
vn -0.5178 0.7526 -0.4068
vn -0.5085 0.7308 -0.4554
vn -0.4828 0.7423 -0.4646
vn -0.4847 0.7428 -0.4618
vn -0.5053 0.7370 -0.4488
vn -0.4484 0.7637 -0.4646
vn -0.4069 0.7939 -0.4518
vn -0.4223 0.7816 -0.4591
vn -0.4565 0.7579 -0.4661
vn -0.3578 0.8322 -0.4236
vn -0.3024 0.8753 -0.3775
vn -0.3367 0.8521 -0.4007
vn -0.3819 0.8138 -0.4381
vn -0.2407 0.9190 -0.3124
vn -0.1758 0.9573 -0.2297
vn -0.2324 0.9340 -0.2714
vn -0.2862 0.8938 -0.3452
vn -0.1100 0.9849 -0.1339
vn -0.0496 0.9982 -0.0326
vn -0.1235 0.9889 -0.0827
vn -0.1766 0.9673 -0.1820
vn 0.0016 0.9978 0.0658
vn 0.0381 0.9873 0.1539
vn -0.0407 0.9927 0.1135
vn -0.0763 0.9969 0.0186
vn 0.0585 0.9719 0.2279
vn 0.0608 0.9563 0.2859
vn -0.0124 0.9647 0.2632
vn -0.0185 0.9804 0.1962
vn 0.0455 0.9435 0.3283
vn 0.0136 0.9344 0.3560
vn -0.0437 0.9362 0.3488
vn -0.0216 0.9492 0.3140
vn -0.0300 0.9284 0.3704
vn -0.0654 0.9244 0.3758
vn -0.0842 0.9209 0.3805
vn -0.0723 0.9266 0.3690
vn -0.0841 0.9244 0.3721
vn -0.0724 0.9285 0.3642
vn -0.0391 0.9241 0.3801
vn -0.0734 0.9205 0.3839
vn -0.0321 0.9346 0.3541
vn 0.0102 0.9416 0.3366
vn 0.0654 0.9326 0.3548
vn 0.0143 0.9284 0.3713
vn 0.0451 0.9494 0.3109
vn 0.0690 0.9583 0.2773
vn 0.1344 0.9449 0.2984
vn 0.1063 0.9379 0.3303
vn 0.0801 0.9683 0.2368
vn 0.0787 0.9785 0.1904
vn 0.1476 0.9653 0.2154
vn 0.1482 0.9542 0.2598
vn 0.0668 0.9878 0.1409
vn 0.0522 0.9942 0.0942
vn 0.1094 0.9870 0.1174
vn 0.1336 0.9769 0.1668
vn 0.0397 0.9975 0.0592
vn 0.0394 0.9983 0.0429
vn 0.0550 0.9976 0.0431
vn 0.0795 0.9941 0.0733
vn 0.0500 0.9976 0.0479
vn 0.0585 0.9959 0.0685
vn 0.0339 0.9984 0.0452
vn 0.0390 0.9986 0.0346
vn 0.0610 0.9938 0.0929
vn 0.0520 0.9921 0.1138
vn 0.0300 0.9960 0.0838
vn 0.0360 0.9973 0.0640
vn 0.0250 0.9911 0.1306
vn -0.0420 0.9875 0.1520
vn -0.0824 0.9877 0.1326
vn 0.0030 0.9946 0.1040
vn -0.1498 0.9701 0.1908
vn -0.2821 0.9271 0.2467
vn -0.3652 0.8998 0.2390
vn -0.2210 0.9586 0.1793
vn -0.4126 0.8582 0.3055
vn -0.5038 0.7863 0.3577
vn -0.5613 0.7534 0.3426
vn -0.4864 0.8225 0.2949
vn -0.5606 0.7268 0.3968
vn -0.5882 0.6872 0.4264
vn -0.6170 0.6679 0.4162
vn -0.6012 0.7018 0.3822
vn -0.5910 0.6662 0.4548
vn -0.5659 0.6619 0.4915
vn -0.5830 0.6479 0.4903
vn -0.6123 0.6503 0.4497
vn -0.5073 0.6691 0.5431
vn -0.4127 0.6790 0.6072
vn -0.4260 0.6693 0.6088
vn -0.5228 0.6566 0.5436
vn -0.2785 0.6828 0.6754
vn -0.1175 0.6729 0.7304
vn -0.1138 0.6716 0.7321
vn -0.2861 0.6773 0.6778
vn 0.3080 0.9511 -0.0216
vn 0.3001 0.9538 -0.0141
vn 0.2980 0.9537 0.0419
vn 0.3062 0.9512 0.0374
vn 0.2835 0.9590 -0.0069
vn 0.2588 0.9659 -0.0017
vn 0.2600 0.9644 0.0479
vn 0.2817 0.9584 0.0459
vn 0.2205 0.9754 -0.0022
vn 0.1461 0.9892 -0.0125
vn 0.1681 0.9852 0.0344
vn 0.2288 0.9724 0.0455
vn 0.0337 0.9988 -0.0366
vn -0.0878 0.9935 -0.0728
vn -0.0362 0.9989 -0.0308
vn 0.0742 0.9972 0.0090
vn -0.2037 0.9724 -0.1135
vn -0.3017 0.9410 -0.1534
vn -0.2530 0.9596 -0.1230
vn -0.1514 0.9855 -0.0769
vn -0.3795 0.9053 -0.1908
vn -0.4395 0.8695 -0.2253
vn -0.4012 0.8922 -0.2074
vn -0.3360 0.9270 -0.1667
vn -0.4839 0.8364 -0.2574
vn -0.5145 0.8077 -0.2880
vn -0.4843 0.8281 -0.2822
vn -0.4501 0.8585 -0.2456
vn -0.5339 0.7836 -0.3177
vn -0.5459 0.7633 -0.3455
vn -0.5222 0.7777 -0.3500
vn -0.5065 0.8016 -0.3176
vn -0.5521 0.7474 -0.3695
vn -0.5549 0.7357 -0.3884
vn -0.5401 0.7402 -0.4005
vn -0.5329 0.7571 -0.3779
vn -0.5535 0.7292 -0.4023
vn -0.5409 0.7327 -0.4130
vn -0.5333 0.7261 -0.4341
vn -0.5424 0.7284 -0.4186
vn -0.5163 0.7470 -0.4189
vn -0.4808 0.7715 -0.4166
vn -0.4818 0.7521 -0.4496
vn -0.5124 0.7341 -0.4455
vn -0.4334 0.8064 -0.4024
vn -0.3759 0.8486 -0.3724
vn -0.3920 0.8171 -0.4228
vn -0.4411 0.7803 -0.4433
vn -0.3074 0.8947 -0.3240
vn -0.2312 0.9384 -0.2569
vn -0.2675 0.9058 -0.3286
vn -0.3334 0.8605 -0.3852
vn -0.1493 0.9734 -0.1739
vn -0.0678 0.9944 -0.0813
vn -0.1202 0.9792 -0.1637
vn -0.1949 0.9475 -0.2536
vn 0.0086 0.9999 0.0132
vn 0.0734 0.9921 0.1015
vn 0.0172 0.9993 0.0319
vn -0.0472 0.9967 -0.0657
vn 0.1241 0.9761 0.1784
vn 0.1572 0.9577 0.2410
vn 0.1049 0.9745 0.1986
vn 0.0695 0.9901 0.1218
vn 0.1728 0.9416 0.2891
vn 0.1694 0.9310 0.3232
vn 0.1220 0.9439 0.3070
vn 0.1229 0.9576 0.2604
vn 0.1469 0.9272 0.3445
vn 0.1045 0.9295 0.3538
vn 0.0642 0.9314 0.3583
vn 0.1024 0.9351 0.3393
vn 0.0437 0.9350 0.3519
vn -0.0253 0.9400 0.3402
vn -0.0439 0.9310 0.3624
vn 0.0105 0.9309 0.3651
vn -0.0911 0.9430 0.3202
vn -0.1197 0.9459 0.3016
vn -0.0987 0.9360 0.3378
vn -0.0889 0.9323 0.3506
vn -0.1093 0.9523 0.2851
vn -0.0888 0.9608 0.2625
vn -0.0413 0.9512 0.3058
vn -0.0731 0.9428 0.3254
vn -0.0676 0.9702 0.2326
vn -0.0527 0.9792 0.1960
vn 0.0061 0.9700 0.2429
vn -0.0130 0.9604 0.2782
vn -0.0454 0.9869 0.1550
vn -0.0427 0.9925 0.1145
vn 0.0130 0.9879 0.1543
vn 0.0145 0.9795 0.2008
vn -0.0396 0.9959 0.0815
vn -0.0201 0.9979 0.0622
vn 0.0065 0.9976 0.0692
vn 0.0057 0.9942 0.1076
vn 0.0162 0.9981 0.0598
vn 0.0577 0.9957 0.0720
vn 0.0421 0.9979 0.0502
vn 0.0185 0.9986 0.0491
vn 0.0970 0.9911 0.0916
vn 0.1148 0.9870 0.1128
vn 0.0881 0.9919 0.0919
vn 0.0720 0.9951 0.0672
vn 0.1089 0.9853 0.1315
vn 0.0856 0.9857 0.1450
vn 0.0713 0.9884 0.1340
vn 0.0870 0.9895 0.1158
vn 0.0472 0.9873 0.1519
vn -0.0029 0.9879 0.1549
vn -0.0143 0.9873 0.1581
vn 0.0399 0.9885 0.1460
vn -0.0669 0.9847 0.1611
vn -0.1569 0.9714 0.1784
vn -0.2064 0.9532 0.2209
vn -0.0945 0.9789 0.1811
vn -0.2674 0.9400 0.2120
vn -0.3794 0.8894 0.2551
vn -0.4398 0.8358 0.3288
vn -0.3336 0.9020 0.2742
vn -0.4798 0.8273 0.2922
vn -0.5386 0.7779 0.3238
vn -0.5628 0.7245 0.3980
vn -0.5194 0.7706 0.3692
vn -0.5585 0.7489 0.3568
vn -0.5429 0.7393 0.3983
vn -0.5537 0.6922 0.4628
vn -0.5741 0.6993 0.4258
vn -0.4904 0.7443 0.4535
vn -0.4044 0.7539 0.5178
vn -0.4063 0.7066 0.5793
vn -0.4976 0.6978 0.5152
vn -0.2844 0.7603 0.5840
vn -0.1419 0.7564 0.6385
vn -0.1267 0.7008 0.7021
vn -0.2784 0.7100 0.6469
vn 0.3137 0.9302 -0.1907
vn 0.3106 0.9344 -0.1746
vn 0.3040 0.9484 -0.0905
vn 0.3104 0.9450 -0.1031
vn 0.3005 0.9412 -0.1547
vn 0.2739 0.9525 -0.1329
vn 0.2621 0.9629 -0.0637
vn 0.2890 0.9542 -0.0767
vn 0.2225 0.9682 -0.1146
vn 0.1244 0.9867 -0.1045
vn 0.1289 0.9899 -0.0589
vn 0.2164 0.9747 -0.0562
vn -0.0170 0.9944 -0.1041
vn -0.1558 0.9813 -0.1127
vn -0.1301 0.9864 -0.1004
vn 0.0004 0.9972 -0.0742
vn -0.2755 0.9526 -0.1292
vn -0.3712 0.9161 -0.1515
vn -0.3418 0.9252 -0.1647
vn -0.2466 0.9601 -0.1319
vn -0.4443 0.8781 -0.1776
vn -0.4980 0.8425 -0.2052
vn -0.4715 0.8522 -0.2267
vn -0.4158 0.8880 -0.1967
vn -0.5358 0.8119 -0.2319
vn -0.5613 0.7869 -0.2566
vn -0.5398 0.7938 -0.2803
vn -0.5119 0.8205 -0.2544
vn -0.5764 0.7681 -0.2788
vn -0.5828 0.7559 -0.2982
vn -0.5662 0.7560 -0.3284
vn -0.5572 0.7723 -0.3051
vn -0.5819 0.7501 -0.3143
vn -0.5770 0.7493 -0.3249
vn -0.5675 0.7390 -0.3632
vn -0.5686 0.7452 -0.3484
vn -0.5681 0.7544 -0.3288
vn -0.5486 0.7699 -0.3261
vn -0.5468 0.7476 -0.3770
vn -0.5625 0.7382 -0.3723
vn -0.5174 0.7951 -0.3163
vn -0.4710 0.8306 -0.2971
vn -0.4780 0.7987 -0.3655
vn -0.5186 0.7680 -0.3758
vn -0.4085 0.8740 -0.2631
vn -0.3331 0.9187 -0.2122
vn -0.3568 0.8843 -0.3011
vn -0.4233 0.8390 -0.3419
vn -0.2465 0.9582 -0.1454
vn -0.1555 0.9855 -0.0675
vn -0.1935 0.9669 -0.1666
vn -0.2786 0.9295 -0.2419
vn -0.0652 0.9978 0.0146
vn 0.0179 0.9954 0.0936
vn -0.0213 0.9997 0.0087
vn -0.1055 0.9912 -0.0804
vn 0.0905 0.9823 0.1641
vn 0.1487 0.9636 0.2222
vn 0.1169 0.9789 0.1679
vn 0.0545 0.9941 0.0934
vn 0.1925 0.9445 0.2663
vn 0.2203 0.9293 0.2964
vn 0.1949 0.9411 0.2763
vn 0.1645 0.9594 0.2292
vn 0.2324 0.9207 0.3135
vn 0.2270 0.9203 0.3186
vn 0.2034 0.9216 0.3305
vn 0.2083 0.9277 0.3097
vn 0.2021 0.9280 0.3131
vn 0.1552 0.9419 0.2978
vn 0.1337 0.9315 0.3382
vn 0.1789 0.9233 0.3398
vn 0.0848 0.9581 0.2736
vn -0.0032 0.9701 0.2426
vn -0.0124 0.9523 0.3050
vn 0.0675 0.9429 0.3262
vn -0.0957 0.9733 0.2088
vn -0.1505 0.9716 0.1825
vn -0.1375 0.9578 0.2524
vn -0.0937 0.9563 0.2768
vn -0.1646 0.9728 0.1630
vn -0.1635 0.9762 0.1426
vn -0.1313 0.9695 0.2070
vn -0.1410 0.9625 0.2318
vn -0.1547 0.9806 0.1200
vn -0.1416 0.9851 0.0975
vn -0.1045 0.9844 0.1417
vn -0.1170 0.9773 0.1765
vn -0.1233 0.9891 0.0807
vn -0.0910 0.9929 0.0765
vn -0.0793 0.9936 0.0801
vn -0.0942 0.9898 0.1068
vn -0.0458 0.9950 0.0893
vn -0.0019 0.9937 0.1119
vn -0.0207 0.9968 0.0771
vn -0.0567 0.9959 0.0701
vn 0.0372 0.9910 0.1285
vn 0.0775 0.9882 0.1322
vn 0.0734 0.9917 0.1052
vn 0.0264 0.9955 0.0913
vn 0.1174 0.9848 0.1283
vn 0.1365 0.9829 0.1233
vn 0.1320 0.9830 0.1276
vn 0.1144 0.9865 0.1170
vn 0.1292 0.9843 0.1205
vn 0.0959 0.9883 0.1189
vn 0.0938 0.9851 0.1443
vn 0.1234 0.9828 0.1373
vn 0.0402 0.9927 0.1140
vn -0.0228 0.9945 0.1026
vn -0.0070 0.9900 0.1407
vn 0.0469 0.9882 0.1458
vn -0.0901 0.9924 0.0842
vn -0.1652 0.9843 0.0619
vn -0.1448 0.9817 0.1239
vn -0.0677 0.9890 0.1314
vn -0.2482 0.9678 0.0414
vn -0.3363 0.9412 0.0306
vn -0.3425 0.9290 0.1399
vn -0.2379 0.9631 0.1256
vn -0.4215 0.9060 0.0379
vn -0.4817 0.8741 0.0632
vn -0.5113 0.8356 0.2011
vn -0.4456 0.8798 0.1654
vn -0.5131 0.8527 0.0980
vn -0.5084 0.8496 0.1401
vn -0.5285 0.7974 0.2911
vn -0.5385 0.8069 0.2428
vn -0.4671 0.8635 0.1901
vn -0.3985 0.8845 0.2428
vn -0.4029 0.8173 0.4120
vn -0.4811 0.8041 0.3491
vn -0.3033 0.9067 0.2931
vn -0.1860 0.9242 0.3336
vn -0.1623 0.8356 0.5248
vn -0.2938 0.8300 0.4741
vn 0.3200 0.8817 -0.3468
vn 0.3288 0.8861 -0.3267
vn 0.3186 0.9120 -0.2583
vn 0.3163 0.9076 -0.2760
vn 0.3383 0.8925 -0.2983
vn 0.3241 0.9085 -0.2639
vn 0.2949 0.9334 -0.2042
vn 0.3171 0.9191 -0.2338
vn 0.2747 0.9344 -0.2269
vn 0.1722 0.9665 -0.1903
vn 0.1387 0.9790 -0.1491
vn 0.2420 0.9544 -0.1746
vn 0.0194 0.9879 -0.1539
vn -0.1366 0.9833 -0.1200
vn -0.1581 0.9808 -0.1141
vn -0.0108 0.9917 -0.1284
vn -0.2757 0.9565 -0.0957
vn -0.3877 0.9178 -0.0853
vn -0.3871 0.9144 -0.1187
vn -0.2855 0.9520 -0.1105
vn -0.4732 0.8764 -0.0893
vn -0.5334 0.8393 -0.1049
vn -0.5196 0.8389 -0.1621
vn -0.4643 0.8750 -0.1371
vn -0.5727 0.8098 -0.1275
vn -0.5949 0.7893 -0.1518
vn -0.5801 0.7855 -0.2155
vn -0.5568 0.8087 -0.1895
vn -0.6034 0.7784 -0.1731
vn -0.6032 0.7749 -0.1886
vn -0.5953 0.7623 -0.2538
vn -0.5920 0.7702 -0.2372
vn -0.5959 0.7783 -0.1978
vn -0.5231 0.8405 -0.1409
vn -0.5794 0.7695 -0.2687
vn -0.5914 0.7613 -0.2660
vn -0.3427 0.9389 0.0333
vn -0.4256 0.8866 0.1809
vn -0.5226 0.8501 -0.0658
vn -0.5158 0.8344 -0.1940
vn -0.5904 0.7875 0.1770
vn -0.5978 0.7986 0.0694
vn -0.5032 0.8493 -0.1596
vn -0.5596 0.8256 -0.0720
vn -0.4121 0.9109 -0.0214
vn -0.2727 0.9621 -0.0081
vn -0.3045 0.9460 -0.1114
vn -0.3872 0.9063 -0.1692
vn -0.1800 0.9821 0.0546
vn -0.0896 0.9892 0.1155
vn -0.1199 0.9923 0.0305
vn -0.2127 0.9762 -0.0427
vn -0.0056 0.9855 0.1697
vn 0.0691 0.9745 0.2134
vn 0.0483 0.9850 0.1655
vn -0.0312 0.9943 0.1017
vn 0.1333 0.9603 0.2450
vn 0.1837 0.9471 0.2631
vn 0.1699 0.9509 0.2586
vn 0.1165 0.9688 0.2187
vn 0.2206 0.9379 0.2677
vn 0.2437 0.9345 0.2594
vn 0.2344 0.9260 0.2961
vn 0.2093 0.9356 0.2843
vn 0.2522 0.9376 0.2393
vn 0.2449 0.9468 0.2090
vn 0.2394 0.9291 0.2818
vn 0.2449 0.9236 0.2948
vn 0.2182 0.9608 0.1708
vn 0.1692 0.9772 0.1284
vn 0.1668 0.9594 0.2276
vn 0.2145 0.9418 0.2588
vn 0.0960 0.9916 0.0869
vn 0.0042 0.9986 0.0528
vn 0.0017 0.9884 0.1522
vn 0.0940 0.9771 0.1907
vn -0.0908 0.9954 0.0313
vn -0.1481 0.9886 0.0262
vn -0.1551 0.9831 0.0968
vn -0.0957 0.9884 0.1180
vn -0.1663 0.9855 0.0324
vn -0.1707 0.9844 0.0436
vn -0.1776 0.9810 0.0786
vn -0.1740 0.9810 0.0860
vn -0.1652 0.9846 0.0570
vn -0.1414 0.9872 0.0731
vn -0.1536 0.9855 0.0715
vn -0.1715 0.9825 0.0729
vn -0.0983 0.9907 0.0945
vn -0.0432 0.9919 0.1197
vn -0.0752 0.9920 0.1010
vn -0.1228 0.9892 0.0802
vn 0.0123 0.9898 0.1416
vn 0.0322 0.9877 0.1527
vn 0.0195 0.9880 0.1532
vn -0.0175 0.9914 0.1293
vn 0.0236 0.9889 0.1470
vn 0.0373 0.9915 0.1244
vn 0.0630 0.9875 0.1446
vn 0.0358 0.9867 0.1586
vn 0.0760 0.9928 0.0926
vn 0.1033 0.9929 0.0596
vn 0.1265 0.9871 0.0979
vn 0.1027 0.9873 0.1211
vn 0.1056 0.9940 0.0297
vn 0.0732 0.9973 0.0042
vn 0.0902 0.9937 0.0664
vn 0.1241 0.9891 0.0798
vn 0.0074 0.9998 -0.0176
vn -0.0689 0.9969 -0.0368
vn -0.0450 0.9983 0.0372
vn 0.0273 0.9982 0.0534
vn -0.1482 0.9875 -0.0539
vn -0.2297 0.9707 -0.0705
vn -0.1993 0.9799 -0.0061
vn -0.1207 0.9925 0.0173
vn -0.3110 0.9462 -0.0890
vn -0.3780 0.9195 -0.1078
vn -0.3538 0.9337 -0.0545
vn -0.2794 0.9596 -0.0318
vn -0.4275 0.8958 -0.1212
vn -0.4612 0.8784 -0.1254
vn -0.4650 0.8830 -0.0634
vn -0.4178 0.9061 -0.0661
vn -0.4773 0.8705 -0.1198
vn -0.4657 0.8785 -0.1062
vn -0.4859 0.8736 -0.0254
vn -0.4918 0.8693 -0.0492
vn -0.4256 0.9006 -0.0882
vn -0.3694 0.9266 -0.0702
vn -0.3854 0.9219 0.0406
vn -0.4464 0.8948 0.0063
vn -0.2999 0.9523 -0.0556
vn -0.2141 0.9757 -0.0467
vn -0.2043 0.9743 0.0952
vn -0.3045 0.9498 0.0719
vn 0.3402 0.8371 -0.4284
vn 0.3606 0.8408 -0.4038
vn 0.3427 0.8610 -0.3759
vn 0.3274 0.8565 -0.3991
vn 0.3893 0.8432 -0.3708
vn 0.3944 0.8563 -0.3333
vn 0.3581 0.8816 -0.3076
vn 0.3627 0.8659 -0.3444
vn 0.3636 0.8847 -0.2917
vn 0.2779 0.9284 -0.2465
vn 0.2200 0.9492 -0.2249
vn 0.3164 0.9102 -0.2673
vn 0.1338 0.9715 -0.1957
vn -0.0291 0.9900 -0.1378
vn -0.0932 0.9870 -0.1312
vn 0.0689 0.9814 -0.1794
vn -0.1876 0.9790 -0.0798
vn -0.3263 0.9448 -0.0308
vn -0.3680 0.9282 -0.0555
vn -0.2434 0.9660 -0.0875
vn -0.4387 0.8986 0.0026
vn -0.5188 0.8547 0.0195
vn -0.5339 0.8446 -0.0396
vn -0.4654 0.8842 -0.0397
vn -0.5721 0.8199 0.0219
vn -0.6006 0.7994 0.0145
vn -0.6026 0.7950 -0.0695
vn -0.5785 0.8140 -0.0512
vn -0.6087 0.7934 0.0027
vn -0.6031 0.7976 -0.0086
vn -0.6060 0.7887 -0.1036
vn -0.6095 0.7878 -0.0886
vn -0.5854 0.8106 -0.0137
vn -0.4503 0.8910 -0.0579
vn -0.4325 0.8977 -0.0839
vn -0.5938 0.7969 -0.1110
vn -0.1170 0.9883 -0.0977
vn -0.2614 0.9601 -0.0997
vn -0.3333 0.9357 0.1156
vn -0.1753 0.9845 0.0106
vn -0.6210 0.7784 -0.0915
vn -0.6823 0.7297 -0.0448
vn -0.6736 0.7315 0.1057
vn -0.6159 0.7756 0.1385
vn -0.5135 0.8563 0.0551
vn -0.2234 0.9626 0.1533
vn -0.2456 0.9653 0.0891
vn -0.4939 0.8662 0.0751
vn -0.1357 0.9733 0.1852
vn -0.0590 0.9767 0.2063
vn -0.0688 0.9813 0.1796
vn -0.1528 0.9788 0.1363
vn 0.0104 0.9761 0.2169
vn 0.0721 0.9738 0.2159
vn 0.0762 0.9693 0.2337
vn 0.0080 0.9771 0.2128
vn 0.1264 0.9710 0.2028
vn 0.1716 0.9688 0.1786
vn 0.1847 0.9543 0.2351
vn 0.1360 0.9609 0.2411
vn 0.2058 0.9678 0.1450
vn 0.2267 0.9684 0.1043
vn 0.2439 0.9514 0.1881
vn 0.2211 0.9508 0.2168
vn 0.2316 0.9710 0.0591
vn 0.2204 0.9753 0.0128
vn 0.2415 0.9645 0.1065
vn 0.2510 0.9562 0.1505
vn 0.1921 0.9809 -0.0298
vn 0.1509 0.9865 -0.0630
vn 0.1651 0.9862 0.0147
vn 0.2127 0.9753 0.0593
vn 0.0975 0.9919 -0.0819
vn 0.0306 0.9961 -0.0832
vn 0.0144 0.9992 -0.0371
vn 0.0980 0.9950 -0.0194
vn -0.0394 0.9970 -0.0661
vn -0.0797 0.9962 -0.0352
vn -0.1224 0.9923 -0.0188
vn -0.0717 0.9968 -0.0361
vn -0.0897 0.9960 0.0026
vn -0.0939 0.9947 0.0426
vn -0.1416 0.9892 0.0380
vn -0.1374 0.9905 0.0077
vn -0.0944 0.9923 0.0805
vn -0.0788 0.9907 0.1113
vn -0.1140 0.9890 0.0946
vn -0.1379 0.9881 0.0681
vn -0.0476 0.9903 0.1304
vn -0.0141 0.9907 0.1355
vn -0.0201 0.9918 0.1264
vn -0.0700 0.9909 0.1151
vn 0.0122 0.9918 0.1271
vn 0.0096 0.9936 0.1126
vn 0.0285 0.9926 0.1181
vn 0.0229 0.9917 0.1262
vn -0.0140 0.9951 0.0980
vn -0.0149 0.9968 0.0784
vn 0.0114 0.9964 0.0841
vn 0.0065 0.9944 0.1052
vn 0.0091 0.9988 0.0474
vn 0.0260 0.9997 0.0049
vn 0.0711 0.9973 0.0185
vn 0.0458 0.9975 0.0540
vn 0.0246 0.9987 -0.0455
vn -0.0006 0.9954 -0.0956
vn 0.0434 0.9974 -0.0572
vn 0.0735 0.9971 -0.0200
vn -0.0492 0.9897 -0.1343
vn -0.1085 0.9818 -0.1556
vn -0.0907 0.9900 -0.1078
vn -0.0183 0.9960 -0.0874
vn -0.1743 0.9715 -0.1607
vn -0.2477 0.9566 -0.1534
vn -0.2473 0.9610 -0.1241
vn -0.1670 0.9787 -0.1191
vn -0.3246 0.9357 -0.1384
vn -0.3832 0.9158 -0.1202
vn -0.3908 0.9115 -0.1279
vn -0.3283 0.9361 -0.1265
vn -0.4199 0.9019 -0.1010
vn -0.4416 0.8935 -0.0820
vn -0.4565 0.8814 -0.1211
vn -0.4318 0.8931 -0.1267
vn -0.4489 0.8912 -0.0647
vn -0.4378 0.8976 -0.0511
vn -0.4510 0.8869 -0.1000
vn -0.4651 0.8782 -0.1114
vn -0.4076 0.9121 -0.0432
vn -0.3630 0.9309 -0.0406
vn -0.3629 0.9280 -0.0844
vn -0.4137 0.9059 -0.0903
vn -0.3048 0.9515 -0.0411
vn -0.2297 0.9723 -0.0424
vn -0.2228 0.9714 -0.0819
vn -0.3006 0.9502 -0.0820
vn 0.3744 0.8227 -0.4278
vn 0.4008 0.8207 -0.4072
vn 0.3810 0.8275 -0.4124
vn 0.3569 0.8260 -0.4363
vn 0.4416 0.8139 -0.3775
vn 0.4645 0.8161 -0.3437
vn 0.4311 0.8345 -0.3431
vn 0.4165 0.8260 -0.3799
vn 0.4585 0.8344 -0.3058
vn 0.4032 0.8762 -0.2640
vn 0.3413 0.9044 -0.2561
vn 0.4128 0.8594 -0.3017
vn 0.2899 0.9330 -0.2134
vn 0.1426 0.9785 -0.1487
vn 0.0517 0.9888 -0.1397
vn 0.2098 0.9564 -0.2031
vn -0.0232 0.9967 -0.0776
vn -0.1858 0.9825 -0.0096
vn -0.2644 0.9643 -0.0129
vn -0.1124 0.9910 -0.0733
vn -0.3287 0.9432 0.0490
vn -0.4387 0.8936 0.0945
vn -0.4866 0.8710 0.0679
vn -0.3925 0.9191 0.0349
vn -0.5174 0.8465 0.1255
vn -0.5629 0.8137 0.1451
vn -0.5868 0.8045 0.0918
vn -0.5512 0.8299 0.0856
vn -0.5823 0.7979 0.1559
vn -0.5808 0.7979 0.1612
vn -0.5939 0.7998 0.0867
vn -0.5990 0.7956 0.0909
vn -0.5595 0.8121 0.1656
vn -0.3580 0.9087 0.2148
vn -0.4230 0.8930 0.1537
vn -0.5725 0.8154 0.0853
vn -0.1812 0.9401 0.2889
vn -0.2692 0.9037 0.3329
vn -0.2813 0.9547 0.0975
vn -0.1861 0.9662 0.1785
vn -0.5337 0.7887 0.3052
vn -0.6122 0.7392 0.2807
vn -0.6491 0.7601 0.0303
vn -0.5946 0.8032 0.0369
vn -0.4518 0.8515 0.2661
vn -0.2396 0.9424 0.2335
vn -0.2127 0.9570 0.1974
vn -0.4295 0.8955 0.1165
vn -0.1637 0.9622 0.2176
vn -0.1031 0.9743 0.2002
vn -0.0683 0.9766 0.2037
vn -0.1378 0.9688 0.2060
vn -0.0449 0.9834 0.1756
vn 0.0090 0.9894 0.1451
vn 0.0537 0.9836 0.1720
vn -0.0041 0.9813 0.1922
vn 0.0582 0.9921 0.1111
vn 0.1068 0.9910 0.0812
vn 0.1473 0.9829 0.1103
vn 0.1044 0.9841 0.1439
vn 0.1443 0.9874 0.0642
vn 0.1469 0.9877 0.0541
vn 0.1952 0.9801 0.0354
vn 0.1791 0.9811 0.0738
vn 0.1239 0.9917 0.0336
vn 0.1095 0.9940 -0.0013
vn 0.1855 0.9817 -0.0435
vn 0.1954 0.9807 -0.0049
vn 0.1059 0.9936 -0.0404
vn 0.1029 0.9921 -0.0713
vn 0.1358 0.9864 -0.0921
vn 0.1653 0.9835 -0.0741
vn 0.0938 0.9920 -0.0848
vn 0.0707 0.9944 -0.0781
vn 0.0498 0.9949 -0.0874
vn 0.0980 0.9905 -0.0968
vn 0.0397 0.9977 -0.0543
vn 0.0235 0.9995 -0.0199
vn -0.0293 0.9992 -0.0285
vn -0.0013 0.9980 -0.0633
vn 0.0225 0.9996 0.0185
vn 0.0170 0.9982 0.0572
vn -0.0385 0.9979 0.0515
vn -0.0341 0.9994 0.0111
vn 0.0051 0.9956 0.0935
vn -0.0028 0.9923 0.1235
vn -0.0408 0.9919 0.1201
vn -0.0446 0.9950 0.0894
vn -0.0055 0.9896 0.1441
vn -0.0060 0.9880 0.1543
vn -0.0119 0.9889 0.1479
vn -0.0272 0.9898 0.1400
vn -0.0085 0.9878 0.1552
vn -0.0247 0.9885 0.1495
vn -0.0101 0.9907 0.1360
vn -0.0013 0.9894 0.1451
vn -0.0527 0.9890 0.1383
vn -0.0755 0.9902 0.1178
vn -0.0435 0.9935 0.1049
vn -0.0337 0.9917 0.1243
vn -0.0910 0.9925 0.0819
vn -0.1033 0.9942 0.0302
vn -0.0349 0.9992 0.0182
vn -0.0376 0.9968 0.0700
vn -0.1124 0.9932 -0.0302
vn -0.1178 0.9891 -0.0884
vn -0.0572 0.9929 -0.1044
vn -0.0409 0.9982 -0.0439
vn -0.1218 0.9837 -0.1325
vn -0.1335 0.9790 -0.1544
vn -0.1225 0.9775 -0.1720
vn -0.0847 0.9851 -0.1497
vn -0.1571 0.9759 -0.1514
vn -0.1994 0.9717 -0.1264
vn -0.2308 0.9608 -0.1539
vn -0.1704 0.9702 -0.1720
vn -0.2581 0.9623 -0.0864
vn -0.3090 0.9502 -0.0405
vn -0.3547 0.9308 -0.0880
vn -0.3001 0.9459 -0.1234
vn -0.3467 0.9380 0.0033
vn -0.3754 0.9260 0.0408
vn -0.4136 0.9102 -0.0212
vn -0.3902 0.9192 -0.0528
vn -0.3939 0.9164 0.0711
vn -0.3955 0.9136 0.0948
vn -0.4205 0.9070 0.0234
vn -0.4253 0.9051 0.0045
vn -0.3785 0.9186 0.1131
vn -0.3430 0.9307 0.1274
vn -0.3586 0.9325 0.0437
vn -0.3979 0.9167 0.0360
vn -0.2891 0.9472 0.1384
vn -0.2179 0.9650 0.1459
vn -0.2289 0.9721 0.0518
vn -0.3028 0.9518 0.0486
vn 0.3998 0.8383 -0.3707
vn 0.4294 0.8273 -0.3622
vn 0.4175 0.8205 -0.3904
vn 0.3895 0.8271 -0.4053
vn 0.4782 0.8083 -0.3435
vn 0.5128 0.7960 -0.3217
vn 0.4920 0.8026 -0.3373
vn 0.4624 0.8077 -0.3658
vn 0.5246 0.7973 -0.2985
vn 0.5008 0.8213 -0.2732
vn 0.4573 0.8467 -0.2718
vn 0.4963 0.8124 -0.3060
vn 0.4351 0.8684 -0.2379
vn 0.3275 0.9262 -0.1867
vn 0.2374 0.9571 -0.1659
vn 0.3672 0.9020 -0.2272
vn 0.1770 0.9765 -0.1232
vn 0.0078 0.9986 -0.0528
vn -0.0937 0.9953 -0.0230
vn 0.0755 0.9926 -0.0949
vn -0.1578 0.9873 0.0167
vn -0.2983 0.9511 0.0797
vn -0.3761 0.9214 0.0976
vn -0.2499 0.9673 0.0425
vn -0.4065 0.9038 0.1336
vn -0.4794 0.8594 0.1778
vn -0.5276 0.8315 0.1739
vn -0.4697 0.8715 0.1409
vn -0.5233 0.8256 0.2113
vn -0.5385 0.8086 0.2371
vn -0.5627 0.7989 0.2126
vn -0.5576 0.8065 0.1967
vn -0.5295 0.8083 0.2575
vn -0.5004 0.8227 0.2699
vn -0.4369 0.8793 0.1896
vn -0.5455 0.8073 0.2252
vn -0.3852 0.8942 0.2281
vn -0.3571 0.9313 0.0713
vn -0.2505 0.9680 0.0137
vn -0.2051 0.9738 0.0979
vn -0.4316 0.9017 -0.0243
vn -0.4731 0.8782 0.0700
vn -0.6194 0.7806 0.0836
vn -0.5158 0.8567 0.0116
vn -0.3821 0.8923 0.2402
vn -0.2651 0.9057 0.3308
vn -0.2689 0.9310 0.2469
vn -0.5095 0.8419 0.1778
vn -0.2479 0.9072 0.3399
vn -0.2359 0.9147 0.3283
vn -0.1592 0.9622 0.2207
vn -0.2067 0.9480 0.2421
vn -0.2157 0.9294 0.2995
vn -0.1746 0.9484 0.2645
vn -0.0619 0.9852 0.1597
vn -0.1107 0.9750 0.1925
vn -0.1116 0.9648 0.2381
vn 0.0163 0.9674 0.2526
vn 0.0616 0.9919 0.1107
vn -0.0104 0.9918 0.1277
vn 0.1186 0.9438 0.3085
vn 0.0331 0.9430 0.3311
vn 0.1145 0.9826 0.1460
vn 0.1298 0.9839 0.1226
vn -0.1263 0.9576 0.2588
vn -0.1538 0.9768 0.1493
vn -0.0094 0.9945 0.1047
vn 0.0364 0.9889 0.1437
vn -0.1229 0.9906 0.0609
vn -0.0635 0.9980 -0.0049
vn 0.0254 0.9995 -0.0200
vn -0.0081 0.9991 0.0426
vn 0.0364 0.9983 -0.0454
vn 0.0983 0.9938 -0.0520
vn 0.0862 0.9943 -0.0635
vn 0.0693 0.9959 -0.0584
vn 0.1148 0.9928 -0.0344
vn 0.1216 0.9926 -0.0055
vn 0.0747 0.9971 -0.0130
vn 0.0789 0.9959 -0.0445
vn 0.1258 0.9917 0.0270
vn 0.1176 0.9913 0.0597
vn 0.0698 0.9958 0.0591
vn 0.0767 0.9968 0.0228
vn 0.0963 0.9912 0.0912
vn 0.0684 0.9905 0.1189
vn 0.0339 0.9918 0.1228
vn 0.0526 0.9942 0.0936
vn 0.0369 0.9895 0.1398
vn 0.0080 0.9884 0.1516
vn 0.0010 0.9881 0.1540
vn 0.0160 0.9895 0.1435
vn -0.0197 0.9879 0.1539
vn -0.0564 0.9875 0.1470
vn -0.0393 0.9881 0.1487
vn -0.0139 0.9878 0.1552
vn -0.1022 0.9861 0.1311
vn -0.1480 0.9833 0.1063
vn -0.1110 0.9875 0.1121
vn -0.0753 0.9880 0.1348
vn -0.1888 0.9792 0.0742
vn -0.2141 0.9761 0.0380
vn -0.1649 0.9857 0.0354
vn -0.1430 0.9866 0.0785
vn -0.2209 0.9753 0.0016
vn -0.2099 0.9772 -0.0316
vn -0.1702 0.9838 -0.0565
vn -0.1742 0.9846 -0.0116
vn -0.1830 0.9814 -0.0584
vn -0.1489 0.9862 -0.0728
vn -0.1422 0.9835 -0.1116
vn -0.1555 0.9835 -0.0924
vn -0.1176 0.9908 -0.0675
vn -0.1170 0.9922 -0.0420
vn -0.1589 0.9841 -0.0797
vn -0.1379 0.9846 -0.1072
vn -0.1502 0.9887 -0.0016
vn -0.1968 0.9794 0.0451
vn -0.2537 0.9672 0.0124
vn -0.2052 0.9780 -0.0364
vn -0.2485 0.9645 0.0893
vn -0.2927 0.9479 0.1258
vn -0.3335 0.9380 0.0946
vn -0.2976 0.9530 0.0574
vn -0.3237 0.9334 0.1550
vn -0.3348 0.9254 0.1779
vn -0.3645 0.9188 0.1515
vn -0.3581 0.9252 0.1255
vn -0.3247 0.9253 0.1960
vn -0.2945 0.9322 0.2106
vn -0.3183 0.9284 0.1920
vn -0.3511 0.9201 0.1736
vn -0.2456 0.9437 0.2218
vn -0.1819 0.9562 0.2295
vn -0.2001 0.9557 0.2160
vn -0.2671 0.9413 0.2065
vn 0.4049 0.8755 -0.2639
vn 0.4376 0.8586 -0.2671
vn 0.4361 0.8403 -0.3220
vn 0.4048 0.8550 -0.3241
vn 0.4919 0.8301 -0.2624
vn 0.5323 0.8065 -0.2573
vn 0.5263 0.7971 -0.2961
vn 0.4882 0.8158 -0.3100
vn 0.5528 0.7939 -0.2531
vn 0.5506 0.7971 -0.2481
vn 0.5318 0.8036 -0.2672
vn 0.5432 0.7907 -0.2823
vn 0.5229 0.8186 -0.2374
vn 0.4599 0.8609 -0.2176
vn 0.4035 0.8912 -0.2075
vn 0.4877 0.8383 -0.2438
vn 0.3532 0.9172 -0.1844
vn 0.2144 0.9676 -0.1337
vn 0.1131 0.9891 -0.0947
vn 0.2722 0.9492 -0.1577
vn 0.0549 0.9960 -0.0700
vn -0.0994 0.9950 -0.0006
vn -0.2055 0.9777 0.0429
vn -0.0547 0.9982 -0.0254
vn -0.2326 0.9703 0.0667
vn -0.3364 0.9330 0.1276
vn -0.4165 0.8952 0.1585
vn -0.3276 0.9390 0.1049
vn -0.4111 0.8936 0.1803
vn -0.4555 0.8614 0.2246
vn -0.5042 0.8300 0.2387
vn -0.4759 0.8559 0.2024
vn -0.4758 0.8406 0.2588
vn -0.4776 0.8318 0.2829
vn -0.4940 0.8209 0.2867
vn -0.5077 0.8192 0.2669
vn -0.4687 0.8329 0.2944
vn -0.4735 0.8364 0.2760
vn -0.4374 0.8472 0.3016
vn -0.4666 0.8324 0.2989
vn -0.4463 0.8595 0.2493
vn -0.3214 0.9099 0.2622
vn -0.3392 0.8848 0.3195
vn -0.4057 0.8636 0.2993
vn -0.1289 0.9363 0.3267
vn -0.0736 0.9144 0.3982
vn -0.2057 0.8779 0.4325
vn -0.2375 0.8956 0.3761
vn -0.1741 0.8827 0.4365
vn -0.3153 0.8503 0.4215
vn -0.2972 0.8400 0.4540
vn -0.2439 0.8532 0.4610
vn -0.3714 0.8360 0.4040
vn -0.2746 0.8529 0.4441
vn -0.2749 0.8733 0.4022
vn -0.3329 0.8456 0.4173
vn -0.1427 0.8755 0.4617
vn -0.0826 0.9294 0.3597
vn -0.0477 0.8508 0.5233
vn -0.1484 0.8784 0.4542
vn -0.1416 0.9807 0.1347
vn -0.2502 0.9661 -0.0637
vn -0.1594 0.9201 0.3577
vn -0.0380 0.8641 0.5019
vn -0.3165 0.9415 -0.1155
vn -0.2706 0.9584 -0.0907
vn -0.2717 0.9599 0.0689
vn -0.3033 0.9362 0.1776
vn -0.2063 0.9753 -0.0785
vn -0.1151 0.9905 -0.0754
vn -0.1158 0.9927 -0.0330
vn -0.1937 0.9810 0.0052
vn 0.0316 0.9977 -0.0608
vn 0.1387 0.9894 -0.0422
vn 0.1150 0.9923 -0.0451
vn 0.0202 0.9986 -0.0498
vn 0.1812 0.9832 -0.0201
vn 0.1987 0.9801 0.0045
vn 0.1630 0.9866 0.0022
vn 0.1488 0.9885 -0.0250
vn 0.2021 0.9789 0.0290
vn 0.1905 0.9803 0.0521
vn 0.1580 0.9857 0.0590
vn 0.1677 0.9854 0.0309
vn 0.1638 0.9837 0.0742
vn 0.1253 0.9876 0.0950
vn 0.0995 0.9888 0.1110
vn 0.1338 0.9873 0.0860
vn 0.0768 0.9906 0.1134
vn 0.0247 0.9916 0.1270
vn 0.0165 0.9892 0.1459
vn 0.0579 0.9896 0.1319
vn -0.0305 0.9907 0.1328
vn -0.0931 0.9872 0.1294
vn -0.0745 0.9866 0.1450
vn -0.0249 0.9883 0.1506
vn -0.1606 0.9801 0.1166
vn -0.2202 0.9707 0.0959
vn -0.1852 0.9772 0.1037
vn -0.1314 0.9829 0.1289
vn -0.2655 0.9615 0.0705
vn -0.2868 0.9570 0.0445
vn -0.2543 0.9663 0.0403
vn -0.2299 0.9705 0.0727
vn -0.2830 0.9589 0.0214
vn -0.2587 0.9660 0.0031
vn -0.2389 0.9709 -0.0148
vn -0.2565 0.9665 0.0103
vn -0.2148 0.9766 -0.0095
vn -0.1544 0.9879 -0.0152
vn -0.1528 0.9874 -0.0422
vn -0.2027 0.9787 -0.0334
vn -0.0890 0.9959 -0.0131
vn -0.0587 0.9983 -0.0033
vn -0.0816 0.9965 -0.0180
vn -0.1003 0.9943 -0.0373
vn -0.0698 0.9975 0.0126
vn -0.1107 0.9934 0.0313
vn -0.1449 0.9881 0.0523
vn -0.1018 0.9947 0.0134
vn -0.1745 0.9835 0.0480
vn -0.2379 0.9695 0.0588
vn -0.2567 0.9585 0.1240
vn -0.2029 0.9749 0.0913
vn -0.2896 0.9551 0.0631
vn -0.3139 0.9474 0.0622
vn -0.3166 0.9348 0.1609
vn -0.2981 0.9431 0.1472
vn -0.3082 0.9495 0.0591
vn -0.2766 0.9593 0.0565
vn -0.2813 0.9439 0.1729
vn -0.3104 0.9356 0.1684
vn -0.2220 0.9735 0.0557
vn -0.1523 0.9866 0.0577
vn -0.1668 0.9695 0.1793
vn -0.2316 0.9567 0.1761
vn 0.3933 0.9132 -0.1067
vn 0.4245 0.8979 -0.1165
vn 0.4337 0.8791 -0.1974
vn 0.4008 0.8962 -0.1901
vn 0.4765 0.8701 -0.1259
vn 0.5184 0.8438 -0.1388
vn 0.5301 0.8229 -0.2045
vn 0.4883 0.8494 -0.2003
vn 0.5444 0.8247 -0.1533
vn 0.5525 0.8164 -0.1682
vn 0.5573 0.8019 -0.2153
vn 0.5534 0.8060 -0.2100
vn 0.5419 0.8205 -0.1822
vn 0.5097 0.8387 -0.1916
vn 0.4946 0.8421 -0.2151
vn 0.5403 0.8127 -0.2182
vn 0.4521 0.8715 -0.1900
vn 0.3670 0.9142 -0.1721
vn 0.3019 0.9392 -0.1638
vn 0.4140 0.8883 -0.1990
vn 0.2525 0.9579 -0.1365
vn 0.1216 0.9890 -0.0843
vn 0.0137 0.9989 -0.0459
vn 0.1616 0.9806 -0.1110
vn -0.0130 0.9997 -0.0216
vn -0.1345 0.9899 0.0444
vn -0.2411 0.9666 0.0875
vn -0.1253 0.9919 0.0224
vn -0.2354 0.9660 0.1072
vn -0.3139 0.9354 0.1625
vn -0.3923 0.8987 0.1959
vn -0.3302 0.9325 0.1460
vn -0.3716 0.9048 0.2080
vn -0.4078 0.8799 0.2440
vn -0.4503 0.8525 0.2653
vn -0.4316 0.8708 0.2355
vn -0.4556 0.8514 0.2598
vn -0.6169 0.7581 0.2116
vn -0.5638 0.8009 0.2018
vn -0.4695 0.8389 0.2753
vn -0.6451 0.7453 0.1682
vn -0.4586 0.8718 0.1720
vn -0.3573 0.9318 0.0640
vn -0.5534 0.8266 0.1024
vn -0.0498 0.9744 0.2194
vn 0.1599 0.9607 0.2270
vn 0.1182 0.9734 0.1962
vn -0.0183 0.9928 0.1180
vn 0.0548 0.9794 0.1942
vn -0.2863 0.9495 0.1283
vn -0.2953 0.9243 0.2419
vn -0.0210 0.9677 0.2511
vn -0.4758 0.8775 0.0600
vn -0.4514 0.8899 -0.0659
vn -0.2440 0.9570 0.1567
vn -0.3928 0.8992 0.1929
vn -0.3567 0.8943 -0.2700
vn -0.3950 0.8567 -0.3318
vn -0.3293 0.9405 -0.0841
vn -0.1782 0.9771 0.1166
vn -0.2470 0.9135 -0.3232
vn -0.1244 0.9426 -0.3098
vn -0.1801 0.9357 -0.3034
vn -0.2141 0.9353 -0.2816
vn -0.1442 0.9450 -0.2937
vn -0.1380 0.9596 -0.2452
vn -0.2090 0.9585 -0.1940
vn -0.2294 0.9450 -0.2333
vn -0.0798 0.9797 -0.1837
vn 0.0065 0.9927 -0.1208
vn -0.0638 0.9911 -0.1170
vn -0.1572 0.9740 -0.1633
vn 0.1108 0.9913 -0.0709
vn 0.1890 0.9811 -0.0423
vn 0.1657 0.9853 -0.0422
vn 0.0678 0.9951 -0.0723
vn 0.2299 0.9729 -0.0260
vn 0.2480 0.9687 -0.0126
vn 0.2275 0.9738 -0.0003
vn 0.2092 0.9776 -0.0206
vn 0.2481 0.9687 -0.0006
vn 0.2321 0.9726 0.0102
vn 0.2153 0.9759 0.0369
vn 0.2292 0.9732 0.0190
vn 0.1999 0.9796 0.0197
vn 0.1537 0.9877 0.0280
vn 0.1438 0.9872 0.0685
vn 0.1860 0.9811 0.0534
vn 0.0942 0.9949 0.0350
vn 0.0262 0.9988 0.0403
vn 0.0286 0.9954 0.0915
vn 0.0896 0.9926 0.0816
vn -0.0480 0.9979 0.0433
vn -0.1264 0.9910 0.0440
vn -0.1107 0.9892 0.0958
vn -0.0381 0.9946 0.0965
vn -0.2035 0.9781 0.0429
vn -0.2666 0.9630 0.0401
vn -0.2474 0.9658 0.0779
vn -0.1850 0.9787 0.0893
vn -0.3104 0.9499 0.0353
vn -0.3260 0.9449 0.0293
vn -0.3100 0.9496 0.0469
vn -0.2921 0.9543 0.0630
vn -0.3136 0.9493 0.0234
vn -0.2797 0.9599 0.0187
vn -0.2713 0.9623 0.0200
vn -0.3012 0.9530 0.0320
vn -0.2267 0.9738 0.0157
vn -0.1602 0.9870 0.0124
vn -0.1562 0.9877 0.0066
vn -0.2220 0.9750 0.0116
vn -0.0933 0.9956 0.0047
vn -0.0692 0.9975 -0.0128
vn -0.0531 0.9986 0.0013
vn -0.0860 0.9963 0.0040
vn -0.0934 0.9946 -0.0459
vn -0.1487 0.9845 -0.0934
vn -0.1096 0.9938 -0.0174
vn -0.0643 0.9979 -0.0048
vn -0.2221 0.9640 -0.1464
vn -0.2789 0.9404 -0.1945
vn -0.2472 0.9670 -0.0608
vn -0.1808 0.9828 -0.0372
vn -0.3113 0.9217 -0.2315
vn -0.3143 0.9139 -0.2570
vn -0.3155 0.9439 -0.0980
vn -0.2966 0.9515 -0.0820
vn -0.2893 0.9175 -0.2730
vn -0.2435 0.9284 -0.2808
vn -0.2650 0.9575 -0.1137
vn -0.3029 0.9468 -0.1086
vn -0.1798 0.9427 -0.2811
vn -0.1059 0.9558 -0.2743
vn -0.1320 0.9852 -0.1094
vn -0.2053 0.9720 -0.1140
vn 0.3734 0.9259 0.0570
vn 0.3955 0.9172 0.0481
vn 0.4110 0.9112 -0.0297
vn 0.3837 0.9232 -0.0196
vn 0.4337 0.9004 0.0348
vn 0.4695 0.8828 0.0153
vn 0.4972 0.8654 -0.0622
vn 0.4571 0.8883 -0.0431
vn 0.4972 0.8676 -0.0084
vn 0.5109 0.8589 -0.0343
vn 0.5365 0.8371 -0.1066
vn 0.5252 0.8468 -0.0840
vn 0.5097 0.8583 -0.0599
vn 0.4939 0.8655 -0.0833
vn 0.5086 0.8485 -0.1461
vn 0.5310 0.8376 -0.1281
vn 0.4626 0.8806 -0.1025
vn 0.4148 0.9027 -0.1144
vn 0.4039 0.9012 -0.1572
vn 0.4673 0.8701 -0.1571
vn 0.3490 0.9301 -0.1143
vn 0.2690 0.9581 -0.0983
vn 0.2100 0.9716 -0.1089
vn 0.3157 0.9381 -0.1423
vn 0.1762 0.9822 -0.0657
vn 0.0740 0.9971 -0.0198
vn -0.0241 0.9997 0.0032
vn 0.0927 0.9940 -0.0584
vn -0.0315 0.9990 0.0322
vn -0.1302 0.9879 0.0845
vn -0.2232 0.9667 0.1253
vn -0.1314 0.9891 0.0667
vn -0.2170 0.9671 0.1327
vn -0.2874 0.9419 0.1739
vn -0.3514 0.9108 0.2169
vn -0.2975 0.9384 0.1758
vn -0.3429 0.9166 0.2057
vn -0.4357 0.8693 0.2335
vn -0.5415 0.7873 0.2949
vn -0.4043 0.8784 0.2549
vn -0.6135 0.7552 0.2310
vn -0.7279 0.6617 0.1799
vn -0.6157 0.7421 0.2650
vn -0.6375 0.7028 0.3157
vn 0.0510 0.9386 0.3411
vn -0.0333 0.9505 0.3090
vn 0.0546 0.9290 0.3659
vn -0.0490 0.9391 0.3400
vn -0.1903 0.9581 0.2140
vn -0.7021 0.7061 0.0921
vn -0.5229 0.8524 -0.0053
vn -0.0718 0.9534 0.2931
vn -0.4060 0.9084 0.1000
vn -0.6551 0.7552 -0.0214
vn -0.5982 0.7969 -0.0839
vn -0.4124 0.9042 -0.1108
vn -0.5867 0.8092 -0.0313
vn -0.4750 0.8799 -0.0065
vn -0.4407 0.8837 -0.1579
vn -0.5586 0.8192 -0.1296
vn -0.3765 0.9263 -0.0160
vn -0.2548 0.9649 -0.0634
vn -0.1679 0.9553 -0.2433
vn -0.2838 0.9383 -0.1976
vn -0.1130 0.9899 -0.0858
vn -0.0273 0.9974 -0.0664
vn -0.0648 0.9800 -0.1882
vn -0.1065 0.9642 -0.2430
vn 0.0063 0.9990 -0.0434
vn 0.0598 0.9976 -0.0354
vn 0.0524 0.9954 -0.0801
vn -0.0175 0.9921 -0.1241
vn 0.1373 0.9899 -0.0357
vn 0.1994 0.9791 -0.0393
vn 0.2014 0.9786 -0.0417
vn 0.1366 0.9891 -0.0545
vn 0.2384 0.9701 -0.0450
vn 0.2570 0.9650 -0.0520
vn 0.2582 0.9656 -0.0321
vn 0.2402 0.9701 -0.0357
vn 0.2565 0.9647 -0.0599
vn 0.2382 0.9688 -0.0680
vn 0.2399 0.9704 -0.0282
vn 0.2576 0.9658 -0.0297
vn 0.2021 0.9764 -0.0759
vn 0.1503 0.9851 -0.0831
vn 0.1554 0.9875 -0.0268
vn 0.2051 0.9784 -0.0273
vn 0.0835 0.9925 -0.0893
vn 0.0074 0.9956 -0.0938
vn 0.0183 0.9995 -0.0257
vn 0.0914 0.9955 -0.0263
vn -0.0739 0.9926 -0.0964
vn -0.1534 0.9835 -0.0956
vn -0.1415 0.9896 -0.0245
vn -0.0609 0.9978 -0.0253
vn -0.2254 0.9701 -0.0899
vn -0.2829 0.9558 -0.0799
vn -0.2793 0.9600 -0.0182
vn -0.2178 0.9758 -0.0221
vn -0.3222 0.9443 -0.0673
vn -0.3329 0.9414 -0.0540
vn -0.3347 0.9423 -0.0101
vn -0.3214 0.9468 -0.0140
vn -0.3151 0.9482 -0.0403
vn -0.2756 0.9609 -0.0266
vn -0.2823 0.9593 -0.0018
vn -0.3194 0.9476 -0.0061
vn -0.2211 0.9751 -0.0146
vn -0.1728 0.9849 -0.0124
vn -0.1659 0.9861 0.0022
vn -0.2273 0.9738 0.0025
vn -0.1453 0.9888 -0.0328
vn -0.1757 0.9810 -0.0828
vn -0.1106 0.9929 -0.0448
vn -0.1124 0.9936 -0.0107
vn -0.2539 0.9540 -0.1592
vn -0.3212 0.9150 -0.2443
vn -0.2238 0.9575 -0.1821
vn -0.1601 0.9815 -0.1053
vn -0.3649 0.8747 -0.3190
vn -0.3783 0.8453 -0.3773
vn -0.3210 0.8935 -0.3140
vn -0.2855 0.9237 -0.2553
vn -0.3663 0.8296 -0.4213
vn -0.3334 0.8264 -0.4538
vn -0.3139 0.8668 -0.3874
vn -0.3298 0.8739 -0.3572
vn -0.2822 0.8326 -0.4766
vn -0.2179 0.8441 -0.4900
vn -0.2216 0.8810 -0.4181
vn -0.2757 0.8707 -0.4074
vn -0.1428 0.8579 -0.4935
vn -0.0628 0.8711 -0.4871
vn -0.0799 0.9076 -0.4121
vn -0.1543 0.8945 -0.4197
vn 0.3543 0.9199 0.1678
vn 0.3689 0.9152 0.1621
vn 0.3810 0.9177 0.1129
vn 0.3634 0.9239 0.1199
vn 0.3943 0.9059 0.1544
vn 0.4180 0.8971 0.1431
vn 0.4414 0.8930 0.0879
vn 0.4117 0.9055 0.1028
vn 0.4491 0.8824 0.1404
vn 0.4759 0.8658 0.1546
vn 0.4839 0.8737 0.0494
vn 0.4656 0.8824 0.0678
vn 0.4596 0.8727 0.1647
vn 0.3869 0.9131 0.1289
vn 0.4625 0.8866 0.0099
vn 0.4843 0.8742 0.0344
vn 0.3555 0.9339 0.0378
vn 0.3935 0.9191 -0.0192
vn 0.4073 0.9121 -0.0458
vn 0.4361 0.8996 -0.0233
vn 0.3779 0.9258 -0.0079
vn 0.3008 0.9537 0.0030
vn 0.2970 0.9534 -0.0532
vn 0.3576 0.9323 -0.0544
vn 0.2410 0.9705 -0.0009
vn 0.1697 0.9855 -0.0002
vn 0.1402 0.9899 -0.0203
vn 0.2251 0.9735 -0.0415
vn 0.0868 0.9962 0.0063
vn -0.0021 0.9998 0.0186
vn -0.0520 0.9977 0.0430
vn 0.0448 0.9990 0.0088
vn -0.0921 0.9951 0.0352
vn -0.1756 0.9829 0.0549
vn -0.2256 0.9678 0.1119
vn -0.1443 0.9864 0.0785
vn -0.2506 0.9652 0.0753
vn -0.4585 0.8814 0.1137
vn -0.4641 0.8828 0.0723
vn -0.2948 0.9452 0.1405
vn -0.8016 0.5871 0.1126
vn -0.5061 0.8226 0.2592
vn -0.6385 0.7371 -0.2214
vn -0.7205 0.6551 -0.2276
vn 0.0473 0.9557 0.2904
vn -0.1781 0.9798 0.0913
vn -0.0966 0.9774 0.1883
vn 0.1820 0.9611 0.2075
vn -0.1409 0.9900 -0.0089
vn -0.4892 0.8722 0.0004
vn -0.6423 0.7417 0.1929
vn -0.1880 0.9626 0.1950
vn -0.6176 0.7835 0.0690
vn -0.6279 0.7654 0.1408
vn -0.6724 0.7303 0.1206
vn -0.5551 0.7989 0.2315
vn -0.5443 0.8029 0.2431
vn -0.4788 0.8305 0.2846
vn -0.4802 0.8527 0.2058
vn -0.5812 0.7962 0.1681
vn -0.4462 0.8484 0.2847
vn -0.3834 0.8820 0.2742
vn -0.3355 0.9253 0.1768
vn -0.4287 0.8803 0.2033
vn -0.2726 0.9331 0.2344
vn -0.1676 0.9730 0.1590
vn -0.0697 0.9945 0.0781
vn -0.1814 0.9743 0.1334
vn -0.0861 0.9925 0.0862
vn -0.0020 0.9992 0.0408
vn 0.0382 0.9993 0.0013
vn -0.0213 0.9993 0.0301
vn 0.0859 0.9962 0.0107
vn 0.1546 0.9878 -0.0178
vn 0.1834 0.9825 -0.0334
vn 0.1188 0.9928 -0.0166
vn 0.1996 0.9788 -0.0462
vn 0.2232 0.9720 -0.0741
vn 0.2450 0.9671 -0.0688
vn 0.2246 0.9731 -0.0509
vn 0.2267 0.9687 -0.1009
vn 0.2116 0.9692 -0.1262
vn 0.2283 0.9680 -0.1039
vn 0.2458 0.9654 -0.0867
vn 0.1779 0.9726 -0.1497
vn 0.1262 0.9771 -0.1711
vn 0.1401 0.9810 -0.1340
vn 0.1926 0.9739 -0.1198
vn 0.0581 0.9801 -0.1900
vn -0.0172 0.9788 -0.2042
vn -0.0051 0.9877 -0.1565
vn 0.0719 0.9866 -0.1466
vn -0.0936 0.9729 -0.2116
vn -0.1616 0.9642 -0.2101
vn -0.1606 0.9738 -0.1611
vn -0.0856 0.9831 -0.1620
vn -0.2181 0.9553 -0.1995
vn -0.2625 0.9478 -0.1808
vn -0.2771 0.9510 -0.1371
vn -0.2255 0.9622 -0.1524
vn -0.2925 0.9435 -0.1558
vn -0.2963 0.9466 -0.1269
vn -0.3201 0.9426 -0.0957
vn -0.3124 0.9427 -0.1174
vn -0.2735 0.9571 -0.0960
vn -0.2325 0.9704 -0.0658
vn -0.2588 0.9646 -0.0503
vn -0.2999 0.9512 -0.0729
vn -0.1886 0.9812 -0.0418
vn -0.1936 0.9803 -0.0379
vn -0.1820 0.9829 -0.0273
vn -0.2076 0.9777 -0.0309
vn -0.2536 0.9647 -0.0706
vn -0.3475 0.9279 -0.1352
vn -0.2577 0.9589 -0.1189
vn -0.1939 0.9794 -0.0564
vn -0.4496 0.8688 -0.2073
vn -0.5110 0.8154 -0.2722
vn -0.4201 0.8651 -0.2739
vn -0.3542 0.9141 -0.1975
vn -0.5332 0.7798 -0.3280
vn -0.5251 0.7633 -0.3763
vn -0.4491 0.8028 -0.3922
vn -0.4501 0.8261 -0.3391
vn -0.4923 0.7631 -0.4187
vn -0.4380 0.7750 -0.4555
vn -0.3773 0.7980 -0.4700
vn -0.4232 0.7945 -0.4354
vn -0.3640 0.7949 -0.4854
vn -0.2739 0.8177 -0.5063
vn -0.2368 0.8250 -0.5131
vn -0.3137 0.8096 -0.4962
vn -0.1711 0.8394 -0.5159
vn -0.0643 0.8559 -0.5131
vn -0.0581 0.8550 -0.5154
vn -0.1493 0.8412 -0.5196
vn 0.3348 0.9221 0.1938
vn 0.3466 0.9203 0.1816
vn 0.3584 0.9137 0.1915
vn 0.3459 0.9172 0.1977
vn 0.3668 0.9149 0.1687
vn 0.3870 0.9089 0.1551
vn 0.4003 0.8998 0.1737
vn 0.3801 0.9065 0.1835
vn 0.4497 0.8822 0.1397
vn 0.4882 0.8637 0.1256
vn 0.4855 0.8558 0.1786
vn 0.4531 0.8745 0.1731
vn 0.3323 0.9409 0.0657
vn 0.0758 0.9962 -0.0420
vn 0.2399 0.9708 0.0089
vn 0.4166 0.8979 0.1420
vn 0.0874 0.9886 -0.1227
vn 0.3933 0.9029 -0.1734
vn 0.4162 0.8825 -0.2188
vn 0.2225 0.9606 -0.1667
vn 0.5938 0.7912 -0.1467
vn 0.5209 0.8517 -0.0573
vn 0.3631 0.9317 0.0078
vn 0.4934 0.8625 -0.1121
vn 0.2777 0.9603 0.0254
vn 0.1628 0.9856 0.0449
vn 0.1718 0.9846 0.0324
vn 0.2358 0.9708 0.0441
vn 0.0899 0.9955 0.0284
vn 0.0146 0.9998 0.0116
vn 0.0171 0.9997 0.0146
vn 0.0975 0.9950 0.0220
vn -0.0597 0.9982 -0.0007
vn -0.1288 0.9917 -0.0056
vn -0.1438 0.9895 0.0160
vn -0.0658 0.9978 0.0120
vn -0.1983 0.9801 0.0003
vn -0.3701 0.9287 0.0220
vn -0.3979 0.9174 -0.0006
vn -0.2209 0.9751 0.0218
vn -0.4833 0.8734 0.0601
vn -0.4719 0.8757 0.1025
vn -0.4464 0.8544 0.2660
vn -0.6666 0.7342 0.1287
vn -0.3760 0.9193 0.1164
vn -0.3149 0.9491 0.0059
vn -0.2288 0.9723 0.0479
vn -0.2050 0.9665 0.1544
vn -0.4176 0.8690 -0.2655
vn -0.5620 0.6956 -0.4476
vn -0.4899 0.8620 -0.1301
vn -0.2353 0.9714 0.0302
vn -0.4129 0.7511 -0.5152
vn -0.2046 0.9309 -0.3027
vn -0.5123 0.8482 -0.1347
vn -0.5680 0.7967 -0.2064
vn -0.1922 0.9813 0.0074
vn -0.3687 0.9213 0.1232
vn -0.4562 0.8690 0.1915
vn -0.4150 0.9080 0.0569
vn -0.4414 0.8801 0.1748
vn -0.4129 0.8897 0.1951
vn -0.4101 0.8833 0.2270
vn -0.4524 0.8636 0.2226
vn -0.3669 0.9077 0.2034
vn -0.2971 0.9342 0.1976
vn -0.2524 0.9520 0.1731
vn -0.3398 0.9164 0.2117
vn -0.2037 0.9627 0.1779
vn -0.1048 0.9838 0.1453
vn -0.0520 0.9948 0.0875
vn -0.1529 0.9799 0.1280
vn -0.0105 0.9945 0.1042
vn 0.0664 0.9960 0.0593
vn 0.1148 0.9933 0.0115
vn 0.0416 0.9979 0.0497
vn 0.1221 0.9924 0.0139
vn 0.1563 0.9872 -0.0299
vn 0.1933 0.9791 -0.0628
vn 0.1649 0.9860 -0.0264
vn 0.1695 0.9829 -0.0717
vn 0.1619 0.9804 -0.1119
vn 0.1894 0.9733 -0.1298
vn 0.2010 0.9748 -0.0972
vn 0.1339 0.9795 -0.1507
vn 0.0881 0.9785 -0.1865
vn 0.1089 0.9758 -0.1896
vn 0.1583 0.9742 -0.1608
vn 0.0277 0.9760 -0.2162
vn -0.0359 0.9711 -0.2361
vn -0.0276 0.9723 -0.2319
vn 0.0432 0.9758 -0.2144
vn -0.0971 0.9646 -0.2451
vn -0.1492 0.9583 -0.2436
vn -0.1572 0.9584 -0.2382
vn -0.0972 0.9659 -0.2401
vn -0.1899 0.9536 -0.2335
vn -0.2178 0.9520 -0.2149
vn -0.2417 0.9480 -0.2073
vn -0.2052 0.9520 -0.2271
vn -0.2309 0.9549 -0.1866
vn -0.2217 0.9637 -0.1491
vn -0.2628 0.9539 -0.1448
vn -0.2644 0.9476 -0.1793
vn -0.1923 0.9756 -0.1061
vn -0.1600 0.9850 -0.0652
vn -0.1990 0.9774 -0.0711
vn -0.2372 0.9655 -0.1070
vn -0.1469 0.9884 -0.0377
vn -0.2187 0.9752 -0.0335
vn -0.2063 0.9776 -0.0418
vn -0.1677 0.9848 -0.0452
vn -0.3680 0.9280 -0.0579
vn -0.5078 0.8554 -0.1019
vn -0.4336 0.8919 -0.1288
vn -0.3141 0.9466 -0.0722
vn -0.6105 0.7781 -0.1477
vn -0.6668 0.7210 -0.1886
vn -0.5938 0.7674 -0.2421
vn -0.5362 0.8227 -0.1889
vn -0.6875 0.6901 -0.2262
vn -0.6811 0.6833 -0.2629
vn -0.6038 0.7244 -0.3327
vn -0.6132 0.7351 -0.2892
vn -0.6505 0.6978 -0.2999
vn -0.5946 0.7300 -0.3370
vn -0.5120 0.7538 -0.4119
vn -0.5697 0.7320 -0.3737
vn -0.5101 0.7755 -0.3721
vn -0.3950 0.8265 -0.4011
vn -0.3274 0.8196 -0.4703
vn -0.4306 0.7851 -0.4452
vn -0.2516 0.8730 -0.4179
vn -0.0948 0.9037 -0.4175
vn -0.0773 0.8732 -0.4811
vn -0.2058 0.8510 -0.4831
vn 0.2761 0.9581 0.0756
vn 0.2906 0.9559 0.0426
vn 0.3258 0.9367 0.1285
vn 0.3132 0.9374 0.1523
vn 0.3213 0.9469 0.0158
vn 0.4097 0.9121 0.0113
vn 0.3943 0.9123 0.1106
vn 0.3488 0.9311 0.1071
vn 0.4543 0.8907 0.0155
vn 0.4495 0.8932 0.0056
vn 0.4670 0.8771 0.1125
vn 0.4400 0.8892 0.1250
vn 0.3437 0.9391 -0.0018
vn 0.1806 0.9825 0.0465
vn 0.0781 0.9946 0.0689
vn 0.3036 0.9493 0.0813
vn -0.0270 0.9975 0.0660
vn -0.0511 0.9976 0.0467
vn 0.1712 0.9820 -0.0794
vn -0.0017 0.9991 0.0424
vn 0.3129 0.9493 0.0311
vn 0.5872 0.8086 -0.0373
vn 0.6455 0.7416 -0.1826
vn 0.5398 0.8211 -0.1856
vn 0.5196 0.8445 -0.1295
vn 0.3875 0.9154 -0.1089
vn 0.2412 0.9701 -0.0267
vn 0.4345 0.8896 -0.1411
vn 0.1244 0.9903 -0.0612
vn 0.0112 0.9994 -0.0341
vn 0.0064 1.0000 0.0013
vn 0.0804 0.9966 0.0149
vn -0.0521 0.9982 -0.0292
vn -0.1129 0.9933 -0.0249
vn -0.1219 0.9925 -0.0133
vn -0.0603 0.9981 -0.0087
vn -0.2064 0.9772 -0.0505
vn -0.4792 0.8598 -0.1765
vn -0.3668 0.9275 -0.0720
vn -0.1835 0.9829 -0.0172
vn -0.5782 0.7393 -0.3453
vn -0.3617 0.8127 -0.4567
vn -0.4333 0.8800 -0.1949
vn -0.4833 0.8615 -0.1555
vn -0.1978 0.9110 -0.3619
vn -0.4856 0.8497 -0.2056
vn -0.4615 0.8448 -0.2709
vn -0.3631 0.9125 -0.1886
vn -0.5848 0.8082 -0.0700
vn -0.4686 0.8647 0.1809
vn -0.6018 0.7306 -0.3226
vn -0.5532 0.7459 -0.3709
vn -0.2083 0.8836 0.4193
vn 0.1030 0.8759 0.4714
vn 0.1461 0.9836 0.1054
vn -0.3105 0.9382 -0.1532
vn -0.1414 0.9438 0.2989
vn -0.3344 0.9288 0.1599
vn -0.3122 0.9334 0.1769
vn -0.0907 0.9773 0.1914
vn -0.3732 0.9151 0.1525
vn -0.3618 0.9096 0.2043
vn -0.3958 0.8945 0.2081
vn -0.4145 0.8936 0.1725
vn -0.3447 0.9059 0.2460
vn -0.3108 0.9105 0.2728
vn -0.3135 0.9182 0.2423
vn -0.3655 0.9014 0.2322
vn -0.2585 0.9246 0.2796
vn -0.1914 0.9448 0.2659
vn -0.1535 0.9656 0.2097
vn -0.2387 0.9422 0.2352
vn -0.1128 0.9651 0.2362
vn -0.0388 0.9800 0.1953
vn 0.0130 0.9922 0.1242
vn -0.0646 0.9832 0.1709
vn 0.0236 0.9887 0.1483
vn 0.0667 0.9930 0.0978
vn 0.1135 0.9932 0.0255
vn 0.0736 0.9945 0.0747
vn 0.0884 0.9951 0.0445
vn 0.0891 0.9960 -0.0102
vn 0.1286 0.9891 -0.0712
vn 0.1319 0.9910 -0.0232
vn 0.0698 0.9956 -0.0631
vn 0.0365 0.9932 -0.1103
vn 0.0641 0.9850 -0.1600
vn 0.1045 0.9875 -0.1178
vn -0.0070 0.9889 -0.1485
vn -0.0524 0.9831 -0.1754
vn -0.0431 0.9754 -0.2162
vn 0.0115 0.9810 -0.1939
vn -0.0965 0.9767 -0.1915
vn -0.1363 0.9705 -0.1989
vn -0.1405 0.9636 -0.2276
vn -0.0954 0.9692 -0.2269
vn -0.1679 0.9653 -0.2002
vn -0.1788 0.9646 -0.1940
vn -0.1950 0.9588 -0.2063
vn -0.1757 0.9593 -0.2209
vn -0.1666 0.9701 -0.1765
vn -0.1339 0.9801 -0.1465
vn -0.1767 0.9737 -0.1442
vn -0.1964 0.9637 -0.1810
vn -0.0895 0.9903 -0.1065
vn -0.0696 0.9956 -0.0629
vn -0.1164 0.9917 -0.0545
vn -0.1411 0.9850 -0.0989
vn -0.0973 0.9949 -0.0263
vn -0.2246 0.9745 -0.0028
vn -0.2280 0.9735 -0.0155
vn -0.1253 0.9918 -0.0242
vn -0.4327 0.9015 0.0045
vn -0.6023 0.7983 -0.0014
vn -0.5657 0.8227 -0.0568
vn -0.4101 0.9116 -0.0292
vn -0.7115 0.7026 -0.0119
vn -0.7726 0.6345 -0.0226
vn -0.7281 0.6761 -0.1131
vn -0.6703 0.7371 -0.0862
vn -0.8016 0.5970 -0.0330
vn -0.8079 0.5878 -0.0437
vn -0.7523 0.6379 -0.1648
vn -0.7526 0.6437 -0.1387
vn -0.7937 0.6058 -0.0552
vn -0.7555 0.6516 -0.0682
vn -0.6805 0.6980 -0.2227
vn -0.7293 0.6565 -0.1927
vn -0.6836 0.7251 -0.0829
vn -0.5621 0.8213 -0.0981
vn -0.4767 0.8323 -0.2829
vn -0.5991 0.7593 -0.2540
vn -0.3767 0.9198 -0.1103
vn -0.1429 0.9831 -0.1142
vn -0.1171 0.9452 -0.3049
vn -0.3102 0.9013 -0.3024
vn 0.1654 0.9751 -0.1480
vn 0.1852 0.9652 -0.1844
vn 0.2422 0.9676 -0.0708
vn 0.2252 0.9737 -0.0343
vn 0.2234 0.9511 -0.2133
vn 0.2844 0.9265 -0.2463
vn 0.3693 0.9187 -0.1398
vn 0.2778 0.9550 -0.1037
vn 0.3549 0.8852 -0.3009
vn 0.3805 0.8519 -0.3599
vn 0.4307 0.8747 -0.2221
vn 0.4391 0.8800 -0.1810
vn 0.3517 0.8511 -0.3899
vn 0.3288 0.8663 -0.3761
vn 0.2780 0.9243 -0.2614
vn 0.3631 0.8941 -0.2622
vn 0.3176 0.8981 -0.3043
vn 0.2379 0.9580 -0.1598
vn -0.0019 0.9999 -0.0118
vn 0.1075 0.9807 -0.1631
vn 0.1351 0.9886 -0.0659
vn 0.1845 0.9775 -0.1018
vn 0.4036 0.9147 -0.0213
vn 0.1630 0.9849 0.0581
vn 0.3561 0.9214 -0.1557
vn 0.4278 0.8773 -0.2176
vn 0.4588 0.8666 -0.1962
vn 0.4734 0.8684 -0.1477
vn 0.3440 0.9041 -0.2535
vn 0.2273 0.9552 -0.1894
vn 0.0924 0.9877 -0.1259
vn 0.2437 0.9467 -0.2106
vn 0.0412 0.9911 -0.1262
vn -0.0531 0.9948 -0.0869
vn -0.0927 0.9946 -0.0468
vn -0.0217 0.9976 -0.0665
vn -0.1551 0.9854 -0.0701
vn -0.3182 0.9477 -0.0257
vn -0.4762 0.8783 0.0412
vn -0.2011 0.9793 -0.0238
vn -0.4306 0.8983 0.0872
vn -0.4254 0.8823 0.2013
vn -0.4571 0.8320 0.3145
vn -0.6042 0.7795 0.1654
vn -0.4071 0.8827 0.2349
vn -0.4418 0.8776 0.1860
vn -0.4297 0.8824 0.1918
vn -0.2950 0.9023 0.3143
vn -0.4062 0.8992 0.1623
vn -0.3290 0.9334 0.1433
vn -0.2999 0.8569 0.4194
vn -0.4605 0.8508 0.2530
vn -0.3388 0.9399 0.0424
vn -0.3140 0.9480 -0.0509
vn -0.1338 0.9257 0.3538
vn -0.2363 0.8664 0.4400
vn -0.3194 0.9433 -0.0902
vn -0.2881 0.9565 -0.0445
vn -0.3324 0.9423 0.0408
vn -0.2735 0.9557 0.1090
vn -0.2613 0.9650 0.0219
vn -0.2485 0.9637 0.0972
vn -0.3109 0.9355 0.1681
vn -0.3201 0.9420 0.1002
vn -0.2489 0.9536 0.1695
vn -0.2513 0.9404 0.2292
vn -0.2888 0.9166 0.2765
vn -0.3043 0.9245 0.2297
vn -0.2498 0.9310 0.2662
vn -0.2256 0.9333 0.2792
vn -0.2141 0.9292 0.3014
vn -0.2610 0.9174 0.3004
vn -0.1761 0.9463 0.2711
vn -0.1184 0.9616 0.2477
vn -0.0824 0.9637 0.2539
vn -0.1489 0.9471 0.2845
vn -0.0611 0.9742 0.2173
vn -0.0206 0.9826 0.1846
vn 0.0197 0.9856 0.1682
vn -0.0225 0.9765 0.2143
vn -0.0017 0.9889 0.1484
vn 0.0004 0.9944 0.1061
vn 0.0442 0.9972 0.0599
vn 0.0412 0.9924 0.1160
vn -0.0116 0.9982 0.0582
vn -0.0322 0.9994 0.0092
vn 0.0046 0.9990 -0.0455
vn 0.0304 0.9995 0.0045
vn -0.0586 0.9977 -0.0335
vn -0.0889 0.9938 -0.0672
vn -0.0676 0.9905 -0.1201
vn -0.0302 0.9957 -0.0875
vn -0.1220 0.9880 -0.0942
vn -0.1558 0.9809 -0.1164
vn -0.1415 0.9768 -0.1610
vn -0.1052 0.9840 -0.1439
vn -0.1824 0.9740 -0.1342
vn -0.1760 0.9734 -0.1467
vn -0.1729 0.9687 -0.1784
vn -0.1708 0.9700 -0.1730
vn -0.1342 0.9794 -0.1512
vn -0.0743 0.9866 -0.1450
vn -0.0991 0.9829 -0.1551
vn -0.1457 0.9741 -0.1729
vn -0.0087 0.9917 -0.1286
vn 0.0245 0.9948 -0.0991
vn -0.0214 0.9957 -0.0896
vn -0.0443 0.9909 -0.1273
vn -0.0010 0.9985 -0.0547
vn -0.1448 0.9894 0.0043
vn -0.1970 0.9804 0.0018
vn -0.0549 0.9975 -0.0450
vn -0.3931 0.9170 0.0670
vn -0.5984 0.7927 0.1167
vn -0.6147 0.7865 0.0605
vn -0.4284 0.9027 0.0393
vn -0.7276 0.6689 0.1521
vn -0.7978 0.5755 0.1798
vn -0.7970 0.5988 0.0791
vn -0.7319 0.6777 0.0715
vn -0.8317 0.5156 0.2061
vn -0.8419 0.4860 0.2348
vn -0.8398 0.5345 0.0956
vn -0.8294 0.5519 0.0867
vn -0.8324 0.4846 0.2687
vn -0.8007 0.5122 0.3106
vn -0.8009 0.5864 0.1211
vn -0.8313 0.5454 0.1068
vn -0.7365 0.5714 0.3620
vn -0.6199 0.6626 0.4202
vn -0.6222 0.7666 0.1590
vn -0.7380 0.6603 0.1389
vn -0.4260 0.7726 0.4707
vn -0.1623 0.8593 0.4850
vn -0.1634 0.9703 0.1785
vn -0.4279 0.8866 0.1758
vn 0.0400 0.9381 -0.3441
vn 0.0663 0.9248 -0.3747
vn 0.1252 0.9500 -0.2859
vn 0.1022 0.9623 -0.2520
vn 0.1161 0.9105 -0.3969
vn 0.1721 0.8947 -0.4121
vn 0.2188 0.9181 -0.3306
vn 0.1695 0.9350 -0.3116
vn 0.2281 0.8778 -0.4212
vn 0.2791 0.8608 -0.4255
vn 0.3247 0.8719 -0.3665
vn 0.2729 0.8976 -0.3461
vn 0.3232 0.8451 -0.4259
vn 0.3571 0.8322 -0.4241
vn 0.3587 0.8507 -0.3843
vn 0.3464 0.8544 -0.3875
vn 0.3803 0.8236 -0.4209
vn 0.3910 0.8205 -0.4171
vn 0.3787 0.8573 -0.3488
vn 0.3845 0.8479 -0.3650
vn 0.3768 0.8328 -0.4056
vn 0.3157 0.8820 -0.3499
vn 0.1672 0.9673 -0.1909
vn 0.2693 0.9174 -0.2930
vn 0.2908 0.9256 -0.2421
vn 0.3556 0.9159 -0.1860
vn 0.3704 0.9077 -0.1971
vn 0.2636 0.9500 -0.1674
vn 0.3872 0.9020 -0.1908
vn 0.3168 0.9214 -0.2252
vn 0.3081 0.9307 -0.1971
vn 0.3902 0.8977 -0.2044
vn 0.1907 0.9542 -0.2305
vn 0.0918 0.9791 -0.1816
vn 0.0107 0.9900 -0.1406
vn 0.1175 0.9759 -0.1841
vn -0.0390 0.9906 -0.1315
vn -0.1697 0.9817 -0.0864
vn -0.2242 0.9713 -0.0796
vn -0.1120 0.9883 -0.1039
vn -0.2792 0.9587 -0.0532
vn -0.3624 0.9312 -0.0376
vn -0.3701 0.9265 -0.0677
vn -0.3100 0.9483 -0.0680
vn -0.4209 0.9061 -0.0426
vn -0.4639 0.8832 -0.0698
vn -0.4549 0.8879 -0.0692
vn -0.4149 0.9070 -0.0717
vn -0.4884 0.8649 -0.1154
vn -0.4774 0.8631 -0.1647
vn -0.4065 0.9043 -0.1303
vn -0.4403 0.8945 -0.0778
vn -0.4339 0.8783 -0.2008
vn -0.3695 0.9045 -0.2132
vn -0.3526 0.9157 -0.1930
vn -0.3953 0.8996 -0.1855
vn -0.2936 0.9352 -0.1978
vn -0.2220 0.9621 -0.1581
vn -0.2484 0.9601 -0.1281
vn -0.2989 0.9386 -0.1722
vn -0.1620 0.9818 -0.0994
vn -0.1362 0.9898 -0.0408
vn -0.1863 0.9825 0.0083
vn -0.2058 0.9765 -0.0634
vn -0.1441 0.9895 0.0061
vn -0.1727 0.9841 0.0412
vn -0.2080 0.9689 0.1339
vn -0.1904 0.9787 0.0761
vn -0.2123 0.9750 0.0664
vn -0.2294 0.9698 0.0830
vn -0.2297 0.9533 0.1960
vn -0.2308 0.9572 0.1747
vn -0.2154 0.9730 0.0826
vn -0.1731 0.9827 0.0653
vn -0.1485 0.9731 0.1763
vn -0.1982 0.9607 0.1945
vn -0.1079 0.9932 0.0428
vn -0.0585 0.9978 0.0314
vn -0.0452 0.9889 0.1412
vn -0.0885 0.9839 0.1553
vn -0.0405 0.9986 0.0332
vn -0.0527 0.9979 0.0371
vn -0.0315 0.9930 0.1142
vn -0.0277 0.9910 0.1308
vn -0.0862 0.9959 0.0281
vn -0.1083 0.9941 0.0032
vn -0.0714 0.9966 0.0402
vn -0.0513 0.9952 0.0828
vn -0.1155 0.9930 -0.0229
vn -0.1287 0.9909 -0.0384
vn -0.1117 0.9933 -0.0284
vn -0.0887 0.9961 0.0009
vn -0.1525 0.9874 -0.0424
vn -0.1800 0.9829 -0.0398
vn -0.1728 0.9824 -0.0703
vn -0.1417 0.9886 -0.0512
vn -0.2014 0.9788 -0.0372
vn -0.1874 0.9815 -0.0400
vn -0.1828 0.9782 -0.0982
vn -0.1958 0.9769 -0.0855
vn -0.1336 0.9898 -0.0493
vn -0.0582 0.9964 -0.0612
vn -0.0598 0.9921 -0.1106
vn -0.1305 0.9856 -0.1078
vn 0.0263 0.9972 -0.0697
vn 0.0813 0.9942 -0.0698
vn 0.0619 0.9944 -0.0852
vn 0.0166 0.9944 -0.1042
vn 0.0822 0.9949 -0.0593
vn -0.0209 0.9995 -0.0255
vn -0.0808 0.9967 0.0023
vn 0.0499 0.9974 -0.0518
vn -0.2352 0.9706 0.0508
vn -0.4607 0.8733 0.1584
vn -0.5495 0.8205 0.1578
vn -0.3276 0.9415 0.0787
vn -0.6334 0.7287 0.2604
vn -0.7279 0.5964 0.3382
vn -0.7747 0.5706 0.2724
vn -0.6965 0.6823 0.2223
vn -0.7677 0.5005 0.4002
vn -0.7721 0.4399 0.4587
vn -0.8165 0.4498 0.3620
vn -0.8096 0.4943 0.3166
vn -0.7491 0.4084 0.5216
vn -0.6985 0.4017 0.5923
vn -0.7602 0.4436 0.4747
vn -0.8007 0.4334 0.4136
vn -0.6143 0.4180 0.6693
vn -0.4897 0.4545 0.7440
vn -0.5637 0.5433 0.6222
vn -0.6859 0.4807 0.5463
vn -0.3195 0.5070 0.8006
vn -0.1181 0.5627 0.8182
vn -0.1422 0.6961 0.7037
vn -0.3782 0.6232 0.6845
vn -0.0707 0.8829 -0.4641
vn -0.0385 0.8706 -0.4905
vn 0.0114 0.8947 -0.4466
vn -0.0179 0.9078 -0.4191
vn 0.0210 0.8606 -0.5089
vn 0.0890 0.8497 -0.5197
vn 0.1280 0.8689 -0.4782
vn 0.0661 0.8823 -0.4659
vn 0.1586 0.8375 -0.5229
vn 0.2238 0.8244 -0.5198
vn 0.2487 0.8387 -0.4845
vn 0.1907 0.8540 -0.4840
vn 0.2825 0.8116 -0.5114
vn 0.3312 0.8005 -0.4994
vn 0.3408 0.8115 -0.4747
vn 0.2998 0.8239 -0.4809
vn 0.3700 0.7927 -0.4845
vn 0.3976 0.7896 -0.4674
vn 0.3903 0.7994 -0.4568
vn 0.3715 0.8027 -0.4665
vn 0.4152 0.7922 -0.4473
vn 0.4243 0.8004 -0.4235
vn 0.3944 0.8147 -0.4251
vn 0.3985 0.8024 -0.4444
vn 0.4254 0.8138 -0.3960
vn 0.4183 0.8317 -0.3651
vn 0.3794 0.8654 -0.3272
vn 0.3746 0.8433 -0.3852
vn 0.4020 0.8536 -0.3312
vn 0.3730 0.8799 -0.2943
vn 0.3270 0.8997 -0.2893
vn 0.3763 0.8765 -0.3002
vn 0.3271 0.9103 -0.2536
vn 0.2523 0.9450 -0.2083
vn 0.1759 0.9630 -0.2042
vn 0.2626 0.9308 -0.2541
vn 0.1392 0.9779 -0.1558
vn 0.0036 0.9956 -0.0931
vn -0.0892 0.9917 -0.0920
vn 0.0499 0.9874 -0.1502
vn -0.1409 0.9896 -0.0276
vn -0.2902 0.9566 0.0248
vn -0.3365 0.9417 -0.0012
vn -0.2208 0.9746 -0.0380
vn -0.4334 0.9000 0.0463
vn -0.5394 0.8413 0.0342
vn -0.5056 0.8625 -0.0203
vn -0.4328 0.9015 0.0051
vn -0.5993 0.8005 0.0023
vn -0.5998 0.7994 -0.0350
vn -0.5421 0.8325 -0.1147
vn -0.5489 0.8333 -0.0658
vn -0.5437 0.8365 -0.0681
vn -0.4450 0.8913 -0.0873
vn -0.4043 0.8984 -0.1712
vn -0.4885 0.8590 -0.1531
vn -0.3203 0.9437 -0.0830
vn -0.2018 0.9778 -0.0560
vn -0.2088 0.9691 -0.1313
vn -0.3038 0.9387 -0.1631
vn -0.1101 0.9938 -0.0163
vn -0.0887 0.9960 0.0036
vn -0.1044 0.9935 -0.0448
vn -0.1318 0.9878 -0.0833
vn -0.1242 0.9921 -0.0166
vn -0.1684 0.9840 -0.0588
vn -0.1589 0.9868 -0.0325
vn -0.1215 0.9921 -0.0303
vn -0.2068 0.9743 -0.0897
vn -0.2313 0.9679 -0.0984
vn -0.2305 0.9724 -0.0356
vn -0.2045 0.9782 -0.0368
vn -0.2411 0.9648 -0.1052
vn -0.2199 0.9675 -0.1246
vn -0.1973 0.9784 -0.0615
vn -0.2299 0.9723 -0.0408
vn -0.1617 0.9742 -0.1575
vn -0.1028 0.9766 -0.1887
vn -0.0805 0.9892 -0.1225
vn -0.1338 0.9864 -0.0951
vn -0.0645 0.9772 -0.2022
vn -0.0694 0.9793 -0.1903
vn -0.0701 0.9907 -0.1163
vn -0.0567 0.9900 -0.1293
vn -0.1102 0.9803 -0.1638
vn -0.1297 0.9810 -0.1442
vn -0.1309 0.9866 -0.0969
vn -0.1103 0.9888 -0.1001
vn -0.1209 0.9840 -0.1306
vn -0.1035 0.9887 -0.1080
vn -0.1264 0.9877 -0.0923
vn -0.1277 0.9868 -0.0998
vn -0.0913 0.9938 -0.0630
vn -0.1163 0.9932 -0.0043
vn -0.1610 0.9867 -0.0246
vn -0.1358 0.9886 -0.0643
vn -0.1635 0.9857 0.0397
vn -0.1831 0.9815 0.0555
vn -0.1861 0.9823 0.0194
vn -0.1897 0.9818 0.0069
vn -0.1678 0.9849 0.0431
vn -0.1111 0.9937 0.0112
vn -0.0754 0.9971 -0.0097
vn -0.1449 0.9894 0.0121
vn -0.0206 0.9995 -0.0252
vn 0.0426 0.9974 -0.0578
vn 0.0726 0.9956 -0.0593
vn 0.0126 0.9993 -0.0358
vn 0.0592 0.9946 -0.0856
vn 0.0307 0.9950 -0.0951
vn 0.0177 0.9972 -0.0720
vn 0.0829 0.9936 -0.0771
vn -0.0483 0.9971 -0.0595
vn -0.1895 0.9811 0.0391
vn -0.3316 0.9373 0.1072
vn -0.1325 0.9911 -0.0132
vn -0.3839 0.9038 0.1889
vn -0.5448 0.7671 0.3388
vn -0.6549 0.6618 0.3649
vn -0.5301 0.8104 0.2496
vn -0.6314 0.6279 0.4552
vn -0.6508 0.5259 0.5477
vn -0.7165 0.4627 0.5221
vn -0.7096 0.5422 0.4499
vn -0.6242 0.4594 0.6319
vn -0.5634 0.4192 0.7119
vn -0.6307 0.3924 0.6695
vn -0.6888 0.4153 0.5942
vn -0.4731 0.4004 0.7848
vn -0.3595 0.3996 0.8433
vn -0.4198 0.4066 0.8114
vn -0.5410 0.3905 0.7449
vn -0.2256 0.4162 0.8808
vn -0.0818 0.4461 0.8912
vn -0.0977 0.4803 0.8716
vn -0.2677 0.4388 0.8578
vn -0.1695 0.8782 -0.4473
vn -0.1302 0.8703 -0.4750
vn -0.0853 0.8600 -0.5031
vn -0.1209 0.8711 -0.4761
vn -0.0580 0.8667 -0.4955
vn 0.0266 0.8617 -0.5068
vn 0.0553 0.8443 -0.5329
vn -0.0201 0.8525 -0.5224
vn 0.1151 0.8538 -0.5078
vn 0.2001 0.8432 -0.4990
vn 0.2075 0.8237 -0.5278
vn 0.1333 0.8346 -0.5345
vn 0.2778 0.8313 -0.4815
vn 0.3435 0.8199 -0.4580
vn 0.3322 0.8028 -0.4950
vn 0.2750 0.8126 -0.5139
vn 0.3967 0.8105 -0.4309
vn 0.4367 0.8046 -0.4023
vn 0.4141 0.7924 -0.4480
vn 0.3789 0.7957 -0.4725
vn 0.4650 0.8027 -0.3735
vn 0.4824 0.8051 -0.3451
vn 0.4535 0.7994 -0.3940
vn 0.4387 0.7936 -0.4217
vn 0.4900 0.8121 -0.3169
vn 0.4886 0.8233 -0.2888
vn 0.4559 0.8246 -0.3348
vn 0.4592 0.8099 -0.3650
vn 0.4777 0.8389 -0.2607
vn 0.4560 0.8591 -0.2324
vn 0.4190 0.8668 -0.2704
vn 0.4432 0.8435 -0.3034
vn 0.4205 0.8840 -0.2042
vn 0.3630 0.9149 -0.1765
vn 0.3159 0.9283 -0.1963
vn 0.3799 0.8947 -0.2351
vn 0.2761 0.9499 -0.1467
vn 0.1614 0.9807 -0.1100
vn 0.0924 0.9914 -0.0927
vn 0.2179 0.9643 -0.1502
vn 0.0162 0.9978 -0.0640
vn -0.1664 0.9860 -0.0104
vn -0.2309 0.9725 0.0295
vn -0.0566 0.9980 -0.0289
vn -0.3731 0.9267 0.0447
vn -0.5312 0.8426 0.0890
vn -0.5506 0.8307 0.0818
vn -0.4150 0.9072 0.0686
vn -0.6205 0.7753 0.1175
vn -0.6390 0.7577 0.1325
vn -0.6349 0.7702 0.0606
vn -0.6254 0.7766 0.0760
vn -0.5913 0.7943 0.1393
vn -0.4815 0.8646 0.1437
vn -0.4753 0.8793 0.0311
vn -0.5824 0.8118 0.0428
vn -0.3237 0.9339 0.1519
vn -0.1763 0.9704 0.1652
vn -0.1907 0.9799 0.0591
vn -0.3297 0.9434 0.0361
vn -0.0774 0.9812 0.1767
vn -0.0887 0.9820 0.1668
vn -0.0837 0.9921 0.0938
vn -0.0900 0.9919 0.0894
vn -0.1778 0.9775 0.1137
vn -0.2245 0.9732 0.0502
vn -0.1963 0.9800 -0.0310
vn -0.1476 0.9880 0.0443
vn -0.2192 0.9754 0.0231
vn -0.2261 0.9740 0.0157
vn -0.2299 0.9694 -0.0867
vn -0.2139 0.9739 -0.0762
vn -0.2498 0.9683 0.0062
vn -0.2361 0.9717 0.0090
vn -0.2361 0.9657 -0.1076
vn -0.2493 0.9639 -0.0940
vn -0.1609 0.9867 0.0221
vn -0.0664 0.9974 0.0293
vn -0.1014 0.9849 -0.1404
vn -0.1746 0.9767 -0.1249
vn 0.0091 0.9994 0.0328
vn 0.0158 0.9992 0.0374
vn -0.0414 0.9896 -0.1379
vn -0.0448 0.9881 -0.1471
vn -0.0449 0.9980 0.0445
vn -0.0883 0.9948 0.0505
vn -0.1120 0.9890 -0.0962
vn -0.0867 0.9895 -0.1160
vn -0.0941 0.9938 0.0591
vn -0.0650 0.9950 0.0762
vn -0.0774 0.9956 -0.0532
vn -0.1057 0.9913 -0.0782
vn -0.0209 0.9944 0.1040
vn -0.0440 0.9900 0.1339
vn -0.0685 0.9969 0.0377
vn -0.0442 0.9989 -0.0122
vn -0.1272 0.9806 0.1490
vn -0.2003 0.9693 0.1426
vn -0.1865 0.9794 0.0778
vn -0.1373 0.9879 0.0720
vn -0.2434 0.9631 0.1153
vn -0.2175 0.9734 0.0718
vn -0.1598 0.9870 0.0145
vn -0.2028 0.9777 0.0550
vn -0.1248 0.9921 0.0142
vn -0.0426 0.9980 -0.0471
vn 0.0080 0.9981 -0.0608
vn -0.0631 0.9976 -0.0272
vn 0.0058 0.9960 -0.0889
vn 0.0314 0.9942 -0.1028
vn 0.0322 0.9950 -0.0945
vn 0.0328 0.9958 -0.0849
vn 0.0341 0.9948 -0.0957
vn 0.0008 0.9979 -0.0652
vn -0.0738 0.9971 -0.0175
vn 0.0055 0.9970 -0.0772
vn -0.0820 0.9966 0.0045
vn -0.2218 0.9675 0.1212
vn -0.3906 0.8853 0.2523
vn -0.2199 0.9706 0.0977
vn -0.3769 0.8874 0.2655
vn -0.4608 0.7870 0.4102
vn -0.5689 0.6367 0.5206
vn -0.5210 0.7543 0.3995
vn -0.4718 0.6948 0.5428
vn -0.4296 0.6213 0.6553
vn -0.4984 0.4917 0.7140
vn -0.5546 0.5504 0.6241
vn -0.3521 0.5697 0.7426
vn -0.2587 0.5379 0.8023
vn -0.3080 0.4403 0.8434
vn -0.4121 0.4565 0.7886
vn -0.1553 0.5267 0.8357
vn -0.0496 0.5335 0.8443
vn -0.0677 0.4622 0.8842
vn -0.1905 0.4433 0.8759
vn -0.2509 0.9247 -0.2862
vn -0.2066 0.9288 -0.3077
vn -0.1721 0.8986 -0.4037
vn -0.2146 0.9010 -0.3770
vn -0.1226 0.9377 -0.3252
vn -0.0199 0.9417 -0.3359
vn 0.0014 0.8996 -0.4366
vn -0.0930 0.9007 -0.4245
vn 0.0907 0.9370 -0.3375
vn 0.1985 0.9231 -0.3294
vn 0.1984 0.8810 -0.4295
vn 0.1016 0.8930 -0.4383
vn 0.2963 0.9025 -0.3126
vn 0.3755 0.8801 -0.2906
vn 0.3599 0.8489 -0.3872
vn 0.2867 0.8652 -0.4113
vn 0.4366 0.8593 -0.2666
vn 0.4803 0.8428 -0.2428
vn 0.4605 0.8232 -0.3319
vn 0.4179 0.8342 -0.3598
vn 0.5097 0.8317 -0.2203
vn 0.5276 0.8259 -0.1991
vn 0.5080 0.8150 -0.2786
vn 0.4900 0.8167 -0.3047
vn 0.5355 0.8254 -0.1790
vn 0.5345 0.8300 -0.1597
vn 0.5152 0.8259 -0.2289
vn 0.5162 0.8181 -0.2534
vn 0.5238 0.8399 -0.1418
vn 0.4995 0.8566 -0.1293
vn 0.4834 0.8561 -0.1831
vn 0.5050 0.8384 -0.2050
vn 0.4580 0.8797 -0.1282
vn 0.3936 0.9082 -0.1425
vn 0.3901 0.9078 -0.1542
vn 0.4476 0.8788 -0.1652
vn 0.3019 0.9379 -0.1709
vn 0.1977 0.9592 -0.2021
vn 0.1977 0.9690 -0.1479
vn 0.3050 0.9403 -0.1508
vn 0.0844 0.9719 -0.2197
vn -0.0580 0.9760 -0.2100
vn -0.1045 0.9897 -0.0973
vn 0.0657 0.9889 -0.1333
vn -0.2342 0.9587 -0.1612
vn -0.3953 0.9156 -0.0735
vn -0.4790 0.8770 0.0384
vn -0.3093 0.9503 -0.0363
vn -0.5098 0.8597 0.0315
vn -0.5459 0.8279 0.1289
vn -0.6106 0.7753 0.1616
vn -0.5834 0.8050 0.1077
vn -0.5051 0.8374 0.2088
vn -0.4091 0.8734 0.2644
vn -0.4588 0.8581 0.2305
vn -0.5662 0.7991 0.2022
vn -0.2788 0.9168 0.2859
vn -0.1774 0.9446 0.2760
vn -0.1687 0.9545 0.2460
vn -0.3043 0.9205 0.2450
vn -0.1249 0.9630 0.2388
vn -0.1402 0.9711 0.1933
vn -0.1051 0.9729 0.2061
vn -0.0859 0.9690 0.2318
vn -0.1999 0.9659 0.1644
vn -0.2163 0.9613 0.1707
vn -0.2282 0.9616 0.1526
vn -0.1933 0.9662 0.1707
vn -0.1954 0.9593 0.2036
vn -0.1921 0.9528 0.2353
vn -0.2144 0.9621 0.1683
vn -0.2121 0.9637 0.1622
vn -0.2013 0.9425 0.2669
vn -0.1817 0.9301 0.3192
vn -0.2128 0.9563 0.2006
vn -0.2328 0.9574 0.1707
vn -0.1208 0.9189 0.3757
vn -0.0310 0.9109 0.4115
vn -0.0302 0.9641 0.2638
vn -0.1339 0.9609 0.2425
vn 0.0608 0.9059 0.4192
vn 0.0676 0.9190 0.3884
vn 0.0694 0.9639 0.2572
vn 0.0615 0.9614 0.2683
vn -0.0203 0.9398 0.3412
vn -0.0855 0.9473 0.3088
vn -0.0754 0.9726 0.2199
vn -0.0113 0.9714 0.2374
vn -0.0904 0.9496 0.3001
vn -0.0559 0.9487 0.3112
vn -0.0640 0.9730 0.2218
vn -0.0910 0.9727 0.2135
vn -0.0099 0.9436 0.3309
vn -0.0447 0.9401 0.3380
vn -0.0431 0.9659 0.2553
vn -0.0181 0.9705 0.2405
vn -0.1506 0.9354 0.3200
vn -0.2382 0.9272 0.2891
vn -0.2184 0.9462 0.2389
vn -0.1346 0.9578 0.2539
vn -0.2965 0.9193 0.2588
vn -0.3279 0.9187 0.2202
vn -0.2767 0.9451 0.1739
vn -0.2750 0.9372 0.2147
vn -0.3294 0.9324 0.1485
vn -0.2550 0.9654 0.0543
vn -0.1387 0.9902 -0.0145
vn -0.2234 0.9702 0.0936
vn -0.1037 0.9944 -0.0203
vn -0.0001 0.9978 -0.0656
vn 0.0258 0.9932 -0.1137
vn -0.0381 0.9953 -0.0895
vn 0.0341 0.9949 -0.0945
vn 0.0450 0.9929 -0.1103
vn 0.0393 0.9939 -0.1029
vn 0.0454 0.9924 -0.1141
vn 0.0354 0.9931 -0.1115
vn -0.0286 0.9949 -0.0966
vn -0.0939 0.9955 -0.0130
vn 0.0026 0.9974 -0.0722
vn -0.1344 0.9894 -0.0551
vn -0.2061 0.9783 0.0229
vn -0.3266 0.9208 0.2135
vn -0.2325 0.9691 0.0828
vn -0.2326 0.9632 0.1345
vn -0.2215 0.9389 0.2633
vn -0.3390 0.7942 0.5043
vn -0.3599 0.8596 0.3627
vn -0.1783 0.9065 0.3828
vn -0.1182 0.8725 0.4740
vn -0.1991 0.6935 0.6924
vn -0.2779 0.7367 0.6165
vn -0.0473 0.8464 0.5304
vn 0.0251 0.8323 0.5538
vn -0.0203 0.6631 0.7482
vn -0.1102 0.6692 0.7348
vn -0.2785 0.9574 -0.0771
vn -0.2330 0.9693 -0.0787
vn -0.2279 0.9538 -0.1956
vn -0.2731 0.9443 -0.1837
vn -0.1457 0.9861 -0.0795
vn -0.0368 0.9962 -0.0788
vn -0.0336 0.9769 -0.2110
vn -0.1413 0.9684 -0.2054
vn 0.0825 0.9937 -0.0762
vn 0.2003 0.9771 -0.0714
vn 0.1994 0.9585 -0.2036
vn 0.0840 0.9740 -0.2106
vn 0.3068 0.9496 -0.0648
vn 0.3903 0.9189 -0.0574
vn 0.3866 0.9057 -0.1741
vn 0.3038 0.9335 -0.1905
vn 0.4523 0.8904 -0.0502
vn 0.4956 0.8675 -0.0438
vn 0.4925 0.8589 -0.1405
vn 0.4489 0.8797 -0.1568
vn 0.5241 0.8508 -0.0380
vn 0.5413 0.8402 -0.0328
vn 0.5388 0.8350 -0.1115
vn 0.5214 0.8440 -0.1254
vn 0.5490 0.8353 -0.0279
vn 0.5473 0.8366 -0.0243
vn 0.5452 0.8339 -0.0862
vn 0.5464 0.8317 -0.0984
vn 0.5331 0.8457 -0.0248
vn 0.4913 0.8702 -0.0382
vn 0.5021 0.8614 -0.0760
vn 0.5333 0.8425 -0.0762
vn 0.4147 0.9066 -0.0779
vn 0.3168 0.9372 -0.1460
vn 0.3690 0.9184 -0.1425
vn 0.4472 0.8892 -0.0970
vn 0.2057 0.9519 -0.2270
vn 0.1082 0.9475 -0.3010
vn 0.1649 0.9505 -0.2635
vn 0.2671 0.9419 -0.2037
vn 0.0338 0.9339 -0.3560
vn -0.0404 0.9220 -0.3852
vn -0.0370 0.9461 -0.3216
vn 0.0711 0.9493 -0.3064
vn -0.1200 0.9177 -0.3787
vn -0.1958 0.9240 -0.3283
vn -0.2917 0.9309 -0.2200
vn -0.1660 0.9408 -0.2956
vn -0.2632 0.9365 -0.2318
vn -0.2890 0.9517 -0.1039
vn -0.4357 0.8997 0.0270
vn -0.3964 0.9122 -0.1035
vn -0.2663 0.9636 0.0228
vn -0.2388 0.9634 0.1217
vn -0.3340 0.9140 0.2305
vn -0.4024 0.9039 0.1452
vn -0.2216 0.9598 0.1722
vn -0.2325 0.9564 0.1766
vn -0.2037 0.9468 0.2493
vn -0.2529 0.9309 0.2635
vn -0.2659 0.9535 0.1420
vn -0.2776 0.9576 0.0771
vn -0.1998 0.9710 0.1316
vn -0.1916 0.9613 0.1978
vn -0.2597 0.9656 0.0148
vn -0.2038 0.9790 -0.0079
vn -0.2058 0.9741 0.0933
vn -0.2177 0.9719 0.0893
vn -0.1273 0.9912 0.0370
vn -0.0958 0.9878 0.1228
vn -0.1553 0.9654 0.2096
vn -0.1707 0.9750 0.1421
vn -0.1062 0.9744 0.1983
vn -0.1062 0.9591 0.2625
vn -0.1440 0.9266 0.3473
vn -0.1582 0.9482 0.2755
vn -0.0877 0.9437 0.3189
vn -0.0570 0.9327 0.3562
vn -0.0418 0.8829 0.4677
vn -0.1036 0.9024 0.4182
vn -0.0276 0.9337 0.3570
vn -0.0466 0.9496 0.3099
vn 0.0174 0.9042 0.4267
vn 0.0221 0.8797 0.4751
vn -0.1148 0.9611 0.2513
vn -0.1390 0.9646 0.2241
vn -0.1086 0.9396 0.3247
vn -0.0627 0.9307 0.3605
vn -0.0880 0.9711 0.2218
vn -0.0174 0.9740 0.2259
vn -0.0341 0.9398 0.3401
vn -0.0856 0.9426 0.3228
vn 0.0243 0.9741 0.2248
vn -0.0573 0.9773 0.2038
vn -0.0464 0.9324 0.3584
vn 0.0104 0.9327 0.3604
vn -0.2197 0.9623 0.1603
vn -0.3131 0.9422 0.1191
vn -0.2734 0.9239 0.2676
vn -0.1809 0.9300 0.3199
vn -0.3467 0.9326 0.1005
vn -0.3687 0.9229 0.1110
vn -0.3628 0.9109 0.1966
vn -0.3237 0.9190 0.2252
vn -0.3788 0.9142 0.1443
vn -0.3373 0.9251 0.1745
vn -0.3246 0.9339 0.1501
vn -0.3844 0.9066 0.1742
vn -0.2472 0.9549 0.1644
vn -0.1610 0.9811 0.1074
vn -0.0690 0.9970 0.0341
vn -0.1809 0.9778 0.1055
vn -0.0906 0.9952 0.0384
vn -0.0353 0.9992 -0.0183
vn 0.0169 0.9962 -0.0853
vn -0.0154 0.9992 -0.0365
vn -0.0051 0.9980 -0.0633
vn -0.0300 0.9943 -0.1020
vn -0.0121 0.9914 -0.1304
vn 0.0289 0.9931 -0.1140
vn -0.0951 0.9868 -0.1308
vn -0.1168 0.9834 -0.1390
vn -0.1381 0.9846 -0.1076
vn -0.0933 0.9869 -0.1314
vn -0.0871 0.9890 -0.1199
vn -0.0434 0.9961 -0.0765
vn -0.1137 0.9933 0.0211
vn -0.1379 0.9889 -0.0556
vn 0.0027 0.9998 -0.0212
vn 0.0408 0.9987 0.0312
vn -0.0265 0.9816 0.1889
vn -0.0731 0.9914 0.1087
vn 0.0727 0.9950 0.0688
vn 0.1074 0.9904 0.0871
vn 0.0764 0.9585 0.2746
vn 0.0240 0.9690 0.2461
vn -0.2467 0.9614 0.1217
vn -0.2017 0.9701 0.1348
vn -0.2231 0.9742 0.0342
vn -0.2685 0.9629 0.0272
vn -0.1178 0.9823 0.1460
vn -0.0159 0.9880 0.1539
vn -0.0300 0.9985 0.0465
vn -0.1367 0.9898 0.0408
vn 0.0936 0.9831 0.1572
vn 0.2005 0.9674 0.1550
vn 0.2007 0.9783 0.0521
vn 0.0863 0.9950 0.0505
vn 0.2974 0.9433 0.1473
vn 0.3753 0.9168 0.1361
vn 0.3860 0.9212 0.0481
vn 0.3043 0.9512 0.0511
vn 0.4350 0.8920 0.1234
vn 0.4779 0.8714 0.1105
vn 0.4901 0.8707 0.0401
vn 0.4471 0.8934 0.0442
vn 0.5073 0.8562 0.0983
vn 0.5259 0.8461 0.0870
vn 0.5366 0.8432 0.0326
vn 0.5189 0.8541 0.0362
vn 0.5341 0.8420 0.0761
vn 0.5282 0.8467 0.0632
vn 0.5415 0.8404 0.0234
vn 0.5446 0.8382 0.0290
vn 0.5025 0.8635 0.0431
vn 0.4326 0.9015 0.0105
vn 0.4677 0.8838 -0.0152
vn 0.5228 0.8524 0.0111
vn 0.3049 0.9514 -0.0423
vn 0.1669 0.9793 -0.1148
vn 0.2455 0.9587 -0.1437
vn 0.3651 0.9286 -0.0668
vn 0.0497 0.9802 -0.1916
vn -0.0308 0.9650 -0.2605
vn 0.0396 0.9522 -0.3030
vn 0.1291 0.9650 -0.2282
vn -0.0728 0.9454 -0.3177
vn -0.0946 0.9284 -0.3594
vn -0.0617 0.9155 -0.3975
vn -0.0167 0.9325 -0.3607
vn -0.1006 0.9195 -0.3801
vn -0.0902 0.9226 -0.3750
vn -0.1279 0.9152 -0.3823
vn -0.0999 0.9080 -0.4069
vn -0.0699 0.9369 -0.3425
vn -0.0656 0.9536 -0.2940
vn -0.1510 0.9632 -0.2223
vn -0.1464 0.9368 -0.3177
vn -0.0794 0.9644 -0.2522
vn -0.0934 0.9700 -0.2246
vn -0.1476 0.9876 -0.0526
vn -0.1437 0.9814 -0.1276
vn -0.1144 0.9747 -0.1921
vn -0.1846 0.9743 -0.1289
vn -0.2323 0.9713 0.0519
vn -0.1730 0.9849 0.0054
vn -0.3107 0.9493 -0.0476
vn -0.4108 0.9116 -0.0155
vn -0.3552 0.9336 0.0471
vn -0.3139 0.9465 0.0754
vn -0.4279 0.9017 -0.0627
vn -0.3056 0.9365 -0.1717
vn -0.2321 0.9676 -0.0994
vn -0.3355 0.9417 -0.0252
vn -0.1025 0.9577 -0.2689
vn -0.0430 0.9480 -0.3154
vn -0.0367 0.9976 -0.0593
vn -0.0850 0.9904 -0.1089
vn -0.0955 0.9320 -0.3498
vn -0.1297 0.9155 -0.3808
vn -0.0989 0.9951 -0.0072
vn -0.0728 0.9971 -0.0201
vn -0.1314 0.9083 -0.3970
vn -0.1000 0.9156 -0.3895
vn -0.0844 0.9964 -0.0106
vn -0.1023 0.9947 -0.0089
vn -0.0564 0.9310 -0.3607
vn -0.0643 0.9414 -0.3311
vn -0.0782 0.9968 -0.0158
vn -0.0592 0.9982 -0.0065
vn -0.1233 0.9440 -0.3059
vn -0.1549 0.9458 -0.2856
vn -0.1621 0.9860 -0.0384
vn -0.1412 0.9895 -0.0317
vn -0.1322 0.9478 -0.2903
vn -0.0955 0.9407 -0.3256
vn -0.0448 0.9949 -0.0900
vn -0.1112 0.9923 -0.0541
vn -0.0786 0.9243 -0.3736
vn -0.1264 0.9061 -0.4037
vn -0.0925 0.9808 -0.1719
vn -0.0143 0.9906 -0.1362
vn -0.2138 0.8936 -0.3948
vn -0.2532 0.9000 -0.3548
vn -0.3092 0.9378 -0.1576
vn -0.2342 0.9559 -0.1775
vn -0.2424 0.9280 -0.2828
vn -0.2284 0.9576 -0.1753
vn -0.3272 0.9442 -0.0370
vn -0.3240 0.9395 -0.1114
vn -0.2231 0.9734 -0.0524
vn -0.2262 0.9724 0.0580
vn -0.3063 0.9441 0.1220
vn -0.3255 0.9442 0.0498
vn -0.2333 0.9629 0.1355
vn -0.2151 0.9606 0.1761
vn -0.2181 0.9642 0.1510
vn -0.2709 0.9499 0.1560
vn -0.1718 0.9678 0.1840
vn -0.1349 0.9773 0.1633
vn -0.0905 0.9925 0.0827
vn -0.1493 0.9811 0.1233
vn -0.1168 0.9860 0.1192
vn -0.1342 0.9891 0.0614
vn -0.0734 0.9971 -0.0202
vn -0.0567 0.9978 0.0331
vn -0.1699 0.9855 0.0055
vn -0.1445 0.9889 -0.0355
vn -0.1215 0.9882 -0.0934
vn -0.1239 0.9900 -0.0669
vn -0.0561 0.9970 -0.0537
vn 0.0244 0.9985 -0.0486
vn 0.0003 0.9978 -0.0663
vn -0.0612 0.9939 -0.0915
vn 0.0778 0.9966 -0.0282
vn 0.1011 0.9949 -0.0050
vn 0.0779 0.9969 -0.0057
vn 0.0481 0.9983 -0.0334
vn 0.1033 0.9946 0.0091
vn 0.1152 0.9933 0.0105
vn 0.1173 0.9930 0.0148
vn 0.0947 0.9954 0.0106
vn -0.1822 0.9467 0.2657
vn -0.1409 0.9485 0.2836
vn -0.1730 0.9602 0.2193
vn -0.2166 0.9550 0.2028
vn -0.0669 0.9527 0.2965
vn 0.0196 0.9528 0.3031
vn 0.0016 0.9708 0.2401
vn -0.0933 0.9682 0.2323
vn 0.1101 0.9469 0.3022
vn 0.1971 0.9353 0.2938
vn 0.1992 0.9513 0.2354
vn 0.1021 0.9651 0.2412
vn 0.2769 0.9197 0.2784
vn 0.3439 0.9028 0.2582
vn 0.3607 0.9096 0.2061
vn 0.2879 0.9314 0.2229
vn 0.3983 0.8867 0.2347
vn 0.4400 0.8731 0.2099
vn 0.4607 0.8716 0.1676
vn 0.4182 0.8889 0.1870
vn 0.4706 0.8627 0.1852
vn 0.4913 0.8559 0.1615
vn 0.5103 0.8500 0.1309
vn 0.4907 0.8585 0.1487
vn 0.5004 0.8544 0.1397
vn 0.4879 0.8646 0.1199
vn 0.5094 0.8551 0.0965
vn 0.5189 0.8472 0.1140
vn 0.4458 0.8895 0.0997
vn 0.3508 0.9332 0.0781
vn 0.3911 0.9194 0.0428
vn 0.4751 0.8768 0.0738
vn 0.1913 0.9801 0.0529
vn 0.0350 0.9992 0.0188
vn 0.0933 0.9941 -0.0561
vn 0.2435 0.9699 -0.0001
vn -0.0799 0.9966 -0.0223
vn -0.1507 0.9863 -0.0673
vn -0.0961 0.9799 -0.1747
vn -0.0224 0.9929 -0.1166
vn -0.1787 0.9773 -0.1140
vn -0.1702 0.9728 -0.1570
vn -0.1328 0.9531 -0.2721
vn -0.1286 0.9651 -0.2280
vn -0.1302 0.9734 -0.1884
vn -0.0771 0.9757 -0.2049
vn -0.0773 0.9471 -0.3115
vn -0.1133 0.9470 -0.3006
vn -0.0341 0.9767 -0.2118
vn -0.0521 0.9734 -0.2230
vn -0.0420 0.9500 -0.3095
vn -0.0395 0.9497 -0.3105
vn -0.1080 0.9622 -0.2501
vn -0.1205 0.9481 -0.2944
vn -0.0855 0.9387 -0.3339
vn -0.0751 0.9453 -0.3174
vn -0.0853 0.9356 -0.3427
vn -0.0880 0.9295 -0.3582
vn -0.1136 0.9452 -0.3061
vn -0.0733 0.9369 -0.3418
vn -0.2084 0.9302 -0.3021
vn -0.4097 0.8931 -0.1860
vn -0.4290 0.8957 -0.1170
vn -0.2597 0.9423 -0.2111
vn -0.5352 0.8371 -0.1136
vn -0.5259 0.8370 -0.1511
vn -0.4135 0.8873 -0.2044
vn -0.5000 0.8594 -0.1065
vn -0.4413 0.8517 -0.2828
vn -0.3513 0.8236 -0.4453
vn -0.1620 0.8503 -0.5007
vn -0.2353 0.9014 -0.3635
vn -0.2700 0.7803 -0.5642
vn -0.1778 0.7617 -0.6231
vn -0.1580 0.7631 -0.6267
vn -0.1690 0.7916 -0.5872
vn -0.0802 0.7756 -0.6261
vn -0.0140 0.8098 -0.5866
vn -0.0731 0.8119 -0.5792
vn -0.1232 0.7736 -0.6216
vn 0.0127 0.8425 -0.5386
vn -0.0036 0.8652 -0.5014
vn -0.0338 0.8786 -0.4764
vn -0.0277 0.8516 -0.5235
vn -0.0550 0.8818 -0.4685
vn -0.0957 0.8965 -0.4326
vn -0.1283 0.9084 -0.3980
vn -0.0883 0.8957 -0.4358
vn -0.1135 0.9095 -0.3998
vn -0.1343 0.9141 -0.3827
vn -0.1279 0.9160 -0.3802
vn -0.1329 0.9171 -0.3759
vn -0.1632 0.9065 -0.3895
vn -0.1887 0.8926 -0.4094
vn -0.1579 0.8858 -0.4365
vn -0.1293 0.9038 -0.4078
vn -0.1969 0.8863 -0.4191
vn -0.1515 0.9016 -0.4052
vn -0.1945 0.8872 -0.4184
vn -0.1991 0.8749 -0.4415
vn -0.0589 0.9323 -0.3569
vn 0.0148 0.9617 -0.2739
vn -0.1012 0.9611 -0.2570
vn -0.1435 0.9224 -0.3586
vn 0.0492 0.9844 -0.1686
vn 0.0268 0.9980 -0.0569
vn -0.1039 0.9946 0.0011
vn -0.0850 0.9881 -0.1286
vn -0.0431 0.9980 0.0461
vn -0.0993 0.9870 0.1265
vn -0.1688 0.9700 0.1752
vn -0.1480 0.9832 0.1066
vn -0.1316 0.9751 0.1786
vn -0.1641 0.9650 0.2044
vn -0.1618 0.9646 0.2082
vn -0.1636 0.9644 0.2077
vn -0.2023 0.9572 0.2071
vn -0.2423 0.9515 0.1896
vn -0.1982 0.9714 0.1309
vn -0.1721 0.9685 0.1797
vn -0.2723 0.9498 0.1542
vn -0.2450 0.9641 0.1026
vn -0.1862 0.9822 0.0248
vn -0.2237 0.9717 0.0761
vn -0.1431 0.9888 0.0429
vn 0.0006 1.0000 0.0012
vn 0.0272 0.9990 -0.0355
vn -0.0809 0.9966 -0.0172
vn 0.1256 0.9921 -0.0006
vn 0.1616 0.9867 0.0198
vn 0.1302 0.9914 0.0100
vn 0.1056 0.9942 -0.0214
vn 0.1295 0.9909 0.0376
vn 0.1099 0.9930 0.0435
vn 0.1107 0.9930 0.0421
vn 0.1144 0.9928 0.0347
vn -0.1108 0.9342 0.3390
vn -0.0773 0.9312 0.3561
vn -0.1084 0.9382 0.3288
vn -0.1463 0.9391 0.3109
vn -0.0181 0.9304 0.3660
vn 0.0492 0.9287 0.3676
vn 0.0364 0.9378 0.3452
vn -0.0411 0.9393 0.3406
vn 0.1190 0.9251 0.3605
vn 0.1870 0.9198 0.3451
vn 0.1939 0.9233 0.3316
vn 0.1167 0.9324 0.3421
vn 0.2508 0.9127 0.3225
vn 0.3060 0.9052 0.2948
vn 0.3258 0.8994 0.2914
vn 0.2652 0.9116 0.3141
vn 0.3528 0.8979 0.2632
vn 0.3922 0.8908 0.2293
vn 0.4164 0.8783 0.2350
vn 0.3760 0.8881 0.2645
vn 0.4244 0.8842 0.1952
vn 0.4484 0.8789 0.1626
vn 0.4698 0.8651 0.1759
vn 0.4476 0.8704 0.2050
vn 0.4613 0.8771 0.1333
vn 0.4499 0.8862 0.1106
vn 0.4671 0.8747 0.1289
vn 0.4804 0.8642 0.1497
vn 0.4055 0.9090 0.0962
vn 0.3061 0.9475 0.0926
vn 0.3210 0.9412 0.1058
vn 0.4214 0.8997 0.1140
vn 0.1428 0.9848 0.0986
vn -0.0186 0.9945 0.1034
vn -0.0023 0.9959 0.0900
vn 0.1566 0.9825 0.1012
vn -0.1420 0.9849 0.0990
vn -0.2199 0.9720 0.0828
vn -0.1912 0.9808 0.0381
vn -0.1192 0.9905 0.0687
vn -0.2510 0.9663 0.0574
vn -0.2289 0.9730 0.0294
vn -0.2019 0.9787 -0.0360
vn -0.2189 0.9757 0.0011
vn -0.1565 0.9876 0.0081
vn -0.0640 0.9980 0.0021
vn -0.0723 0.9946 -0.0745
vn -0.1442 0.9875 -0.0640
vn 0.0053 0.9999 0.0162
vn -0.0474 0.9981 0.0384
vn -0.0584 0.9966 -0.0573
vn -0.0197 0.9976 -0.0657
vn -0.1699 0.9845 0.0433
vn -0.2318 0.9725 0.0244
vn -0.1838 0.9737 -0.1343
vn -0.1495 0.9856 -0.0785
vn -0.2386 0.9710 -0.0152
vn -0.2315 0.9710 -0.0594
vn -0.1431 0.9503 -0.2765
vn -0.1586 0.9643 -0.2120
vn -0.2332 0.9694 -0.0771
vn -0.3027 0.9519 -0.0474
vn -0.3538 0.9145 -0.1961
vn -0.1999 0.9393 -0.2787
vn -0.4628 0.8862 0.0192
vn -0.5934 0.8018 0.0702
vn -0.5887 0.8071 -0.0450
vn -0.5161 0.8520 -0.0879
vn -0.6243 0.7776 0.0747
vn -0.5620 0.8263 0.0367
vn -0.5100 0.8403 -0.1837
vn -0.5844 0.8072 -0.0834
vn -0.4215 0.9064 -0.0289
vn -0.2382 0.9653 -0.1070
vn -0.2081 0.9000 -0.3830
vn -0.3762 0.8776 -0.2972
vn -0.0627 0.9793 -0.1926
vn 0.0209 0.9632 -0.2680
vn 0.0317 0.8954 -0.4442
vn -0.0459 0.9018 -0.4298
vn 0.0311 0.9453 -0.3246
vn 0.0109 0.9323 -0.3616
vn 0.0144 0.8949 -0.4460
vn 0.0396 0.8936 -0.4471
vn -0.0255 0.9251 -0.3789
vn -0.0478 0.9259 -0.3748
vn -0.0675 0.9064 -0.4171
vn -0.0327 0.8988 -0.4372
vn -0.0560 0.9347 -0.3509
vn -0.0942 0.9430 -0.3191
vn -0.1211 0.9245 -0.3615
vn -0.0856 0.9178 -0.3878
vn -0.1643 0.9427 -0.2903
vn -0.2031 0.9418 -0.2678
vn -0.2072 0.9130 -0.3514
vn -0.1758 0.9201 -0.3501
vn -0.1854 0.9502 -0.2505
vn -0.1037 0.9656 -0.2383
vn -0.1211 0.9340 -0.3362
vn -0.1955 0.9158 -0.3507
vn 0.0226 0.9726 -0.2313
vn 0.1225 0.9665 -0.2257
vn 0.0938 0.9643 -0.2477
vn 0.0003 0.9537 -0.3007
vn 0.1792 0.9597 -0.2163
vn 0.1799 0.9637 -0.1972
vn 0.1260 0.9848 -0.1195
vn 0.1412 0.9724 -0.1859
vn 0.1294 0.9789 -0.1584
vn 0.0684 0.9932 -0.0944
vn -0.0183 0.9994 0.0283
vn 0.0540 0.9974 -0.0467
vn 0.0095 0.9998 -0.0149
vn -0.0502 0.9963 0.0696
vn -0.1292 0.9799 0.1520
vn -0.0751 0.9926 0.0954
vn -0.1133 0.9820 0.1511
vn -0.2017 0.9552 0.2167
vn -0.2441 0.9425 0.2281
vn -0.1835 0.9627 0.1990
vn -0.3098 0.9175 0.2493
vn -0.3630 0.8990 0.2449
vn -0.3151 0.9315 0.1819
vn -0.3057 0.9256 0.2233
vn -0.3247 0.9209 0.2157
vn -0.1481 0.9739 0.1720
vn -0.0638 0.9960 0.0632
vn -0.2391 0.9637 0.1189
vn 0.0673 0.9907 0.1179
vn 0.1336 0.9892 0.0598
vn 0.1707 0.9850 0.0269
vn 0.1172 0.9924 0.0375
vn 0.0948 0.9955 0.0005
vn 0.0851 0.9954 -0.0446
vn 0.1069 0.9942 0.0072
vn 0.1313 0.9912 0.0163
vn -0.0516 0.9375 0.3441
vn -0.0311 0.9352 0.3528
vn -0.0497 0.9293 0.3660
vn -0.0774 0.9333 0.3507
vn 0.0057 0.9356 0.3530
vn 0.0478 0.9380 0.3434
vn 0.0543 0.9274 0.3702
vn -0.0009 0.9279 0.3728
vn 0.0928 0.9416 0.3238
vn 0.1420 0.9450 0.2948
vn 0.1704 0.9269 0.3344
vn 0.1120 0.9273 0.3572
vn 0.1941 0.9464 0.2583
vn 0.2451 0.9448 0.2174
vn 0.2801 0.9219 0.2675
vn 0.2280 0.9252 0.3035
vn 0.2931 0.9398 0.1758
vn 0.3372 0.9316 0.1358
vn 0.3667 0.9106 0.1905
vn 0.3261 0.9171 0.2291
vn 0.3755 0.9215 0.0988
vn 0.4044 0.9124 0.0638
vn 0.4278 0.8960 0.1194
vn 0.4012 0.9030 0.1536
vn 0.4208 0.9067 0.0286
vn 0.4129 0.9108 -0.0074
vn 0.4342 0.8987 0.0622
vn 0.4432 0.8921 0.0885
vn 0.3739 0.9265 -0.0425
vn 0.2879 0.9550 -0.0716
vn 0.2993 0.9536 0.0314
vn 0.3930 0.9186 0.0419
vn 0.1470 0.9854 -0.0854
vn -0.0081 0.9967 -0.0807
vn -0.0177 0.9988 0.0466
vn 0.1439 0.9890 0.0347
vn -0.1480 0.9867 -0.0674
vn -0.2443 0.9681 -0.0547
vn -0.2386 0.9697 0.0532
vn -0.1508 0.9870 0.0551
vn -0.2881 0.9565 -0.0455
vn -0.2640 0.9637 -0.0395
vn -0.2521 0.9674 0.0258
vn -0.2763 0.9602 0.0415
vn -0.1770 0.9835 -0.0362
vn -0.0676 0.9970 -0.0371
vn -0.0618 0.9980 0.0094
vn -0.1688 0.9856 0.0140
vn 0.0258 0.9989 -0.0402
vn 0.0183 0.9996 -0.0229
vn -0.0192 0.9990 0.0398
vn 0.0233 0.9996 0.0148
vn -0.0697 0.9967 0.0416
vn -0.1468 0.9797 0.1363
vn -0.2207 0.9649 0.1425
vn -0.1436 0.9857 0.0877
vn -0.2015 0.9548 0.2183
vn -0.2252 0.9350 0.2740
vn -0.2615 0.9430 0.2060
vn -0.2544 0.9497 0.1825
vn -0.2272 0.9259 0.3017
vn -0.3193 0.9065 0.2761
vn -0.2942 0.9298 0.2212
vn -0.2450 0.9434 0.2236
vn -0.5093 0.8319 0.2203
vn -0.6171 0.7627 0.1934
vn -0.5957 0.7824 0.1815
vn -0.4630 0.8640 0.1980
vn -0.6293 0.7543 0.1874
vn -0.5677 0.8042 0.1761
vn -0.5673 0.8100 0.1484
vn -0.6265 0.7604 0.1713
vn -0.4429 0.8851 0.1433
vn -0.2918 0.9525 0.0875
vn -0.2656 0.9634 0.0372
vn -0.4335 0.8952 0.1030
vn -0.1507 0.9885 0.0156
vn -0.0746 0.9956 -0.0568
vn -0.0245 0.9914 -0.1282
vn -0.1073 0.9932 -0.0455
vn -0.0535 0.9906 -0.1262
vn -0.0497 0.9810 -0.1876
vn -0.0134 0.9641 -0.2651
vn -0.0052 0.9791 -0.2032
vn -0.0472 0.9727 -0.2271
vn -0.0298 0.9705 -0.2392
vn -0.0360 0.9491 -0.3128
vn -0.0326 0.9522 -0.3037
vn -0.0062 0.9736 -0.2283
vn -0.0241 0.9793 -0.2010
vn -0.0586 0.9635 -0.2613
vn -0.0283 0.9550 -0.2952
vn -0.0875 0.9832 -0.1600
vn -0.1356 0.9839 -0.1162
vn -0.1747 0.9691 -0.1741
vn -0.1305 0.9672 -0.2181
vn -0.1470 0.9850 -0.0905
vn -0.1270 0.9868 -0.1009
vn -0.1047 0.9848 -0.1388
vn -0.1654 0.9758 -0.1429
vn -0.0745 0.9848 -0.1571
vn 0.0089 0.9705 -0.2411
vn 0.0923 0.9709 -0.2211
vn -0.0038 0.9854 -0.1701
vn 0.1055 0.9441 -0.3124
vn 0.1785 0.9213 -0.3455
vn 0.1935 0.9391 -0.2840
vn 0.1643 0.9503 -0.2645
vn 0.2231 0.9167 -0.3315
vn 0.2390 0.9314 -0.2746
vn 0.1568 0.9645 -0.2126
vn 0.1837 0.9456 -0.2685
vn 0.2246 0.9560 -0.1888
vn 0.1725 0.9806 -0.0928
vn 0.0597 0.9979 -0.0255
vn 0.1164 0.9852 -0.1258
vn 0.0823 0.9966 -0.0051
vn -0.0279 0.9969 0.0737
vn -0.1224 0.9805 0.1537
vn -0.0152 0.9975 0.0697
vn -0.1459 0.9759 0.1620
vn -0.2314 0.9380 0.2582
vn -0.3326 0.8969 0.2916
vn -0.2536 0.9396 0.2299
vn -0.2630 0.9036 0.3381
vn -0.2145 0.9040 0.3697
vn -0.2044 0.9244 0.3221
vn -0.3301 0.8848 0.3289
vn -0.1261 0.9363 0.3278
vn -0.1130 0.9658 0.2335
vn 0.0305 0.9903 0.1355
vn -0.0247 0.9686 0.2476
vn -0.1487 0.9815 0.1210
vn -0.0628 0.9977 0.0247
vn 0.0254 0.9965 -0.0791
vn -0.0055 0.9999 0.0152
vn -0.0482 0.9623 0.2675
vn -0.0433 0.9656 0.2565
vn -0.0286 0.9484 0.3159
vn -0.0413 0.9471 0.3182
vn -0.0325 0.9707 0.2381
vn -0.0126 0.9773 0.2114
vn 0.0252 0.9581 0.2853
vn -0.0048 0.9523 0.3052
vn 0.0176 0.9837 0.1789
vn 0.0584 0.9879 0.1434
vn 0.1037 0.9691 0.2237
vn 0.0607 0.9644 0.2575
vn 0.1085 0.9884 0.1066
vn 0.1638 0.9840 0.0705
vn 0.2050 0.9678 0.1460
vn 0.1530 0.9706 0.1857
vn 0.2204 0.9747 0.0363
vn 0.2724 0.9622 0.0032
vn 0.3056 0.9495 0.0708
vn 0.2570 0.9604 0.1073
vn 0.3150 0.9486 -0.0313
vn 0.3371 0.9386 -0.0728
vn 0.3753 0.9269 0.0003
vn 0.3474 0.9370 0.0364
vn 0.3382 0.9324 -0.1274
vn 0.3181 0.9277 -0.1954
vn 0.3762 0.9216 -0.0958
vn 0.3875 0.9209 -0.0432
vn 0.2747 0.9227 -0.2705
vn 0.2041 0.9172 -0.3421
vn 0.2578 0.9435 -0.2082
vn 0.3364 0.9291 -0.1535
vn 0.1067 0.9118 -0.3965
vn -0.0028 0.9060 -0.4233
vn -0.0011 0.9657 -0.2595
vn 0.1367 0.9593 -0.2469
vn -0.1114 0.9003 -0.4207
vn -0.1874 0.9008 -0.3917
vn -0.2282 0.9473 -0.2246
vn -0.1343 0.9589 -0.2498
vn -0.2217 0.9121 -0.3448
vn -0.2087 0.9330 -0.2932
vn -0.2515 0.9552 -0.1560
vn -0.2716 0.9434 -0.1904
vn -0.1522 0.9553 -0.2535
vn -0.0736 0.9695 -0.2336
vn -0.0753 0.9891 -0.1263
vn -0.1740 0.9757 -0.1328
vn 0.0091 0.9732 -0.2296
vn 0.0581 0.9720 -0.2278
vn 0.0460 0.9905 -0.1297
vn 0.0170 0.9911 -0.1322
vn 0.0684 0.9756 -0.2087
vn 0.0423 0.9854 -0.1649
vn -0.0426 0.9990 -0.0135
vn 0.0139 0.9958 -0.0902
vn -0.0176 0.9943 -0.1054
vn -0.0947 0.9941 -0.0533
vn -0.1626 0.9778 0.1321
vn -0.1104 0.9914 0.0699
vn -0.1994 0.9793 -0.0338
vn -0.3603 0.9323 -0.0323
vn -0.3534 0.9272 0.1241
vn -0.2141 0.9650 0.1512
vn -0.5280 0.8492 -0.0058
vn -0.6061 0.7943 0.0409
vn -0.6271 0.7704 0.1148
vn -0.5396 0.8356 0.1028
vn -0.6051 0.7920 0.0817
vn -0.5511 0.8280 0.1032
vn -0.5653 0.8126 0.1420
vn -0.6268 0.7675 0.1348
vn -0.4549 0.8852 0.0975
vn -0.3391 0.9384 0.0657
vn -0.3188 0.9447 0.0765
vn -0.4528 0.8831 0.1228
vn -0.2250 0.9742 0.0168
vn -0.1531 0.9878 -0.0287
vn -0.1205 0.9915 -0.0486
vn -0.1919 0.9813 0.0126
vn -0.1174 0.9913 -0.0592
vn -0.0869 0.9934 -0.0754
vn -0.0783 0.9877 -0.1353
vn -0.0957 0.9905 -0.0986
vn -0.0540 0.9952 -0.0820
vn -0.0192 0.9962 -0.0852
vn -0.0244 0.9868 -0.1603
vn -0.0560 0.9863 -0.1552
vn 0.0099 0.9959 -0.0898
vn 0.0024 0.9955 -0.0944
vn -0.0017 0.9896 -0.1438
vn 0.0070 0.9877 -0.1563
vn -0.0467 0.9942 -0.0973
vn -0.1087 0.9886 -0.1038
vn -0.1090 0.9892 -0.0984
vn -0.0550 0.9911 -0.1213
vn -0.1731 0.9771 -0.1237
vn -0.2272 0.9603 -0.1619
vn -0.1714 0.9772 -0.1252
vn -0.1481 0.9844 -0.0952
vn -0.2512 0.9439 -0.2145
vn -0.1886 0.9438 -0.2716
vn -0.0986 0.9563 -0.2753
vn -0.1673 0.9673 -0.1906
vn -0.0376 0.9498 -0.3107
vn 0.1396 0.9404 -0.3101
vn 0.1539 0.9177 -0.3663
vn 0.0269 0.9389 -0.3431
vn 0.2898 0.9187 -0.2684
vn 0.3616 0.9076 -0.2132
vn 0.3095 0.9100 -0.2759
vn 0.2570 0.9054 -0.3379
vn 0.3698 0.9146 -0.1634
vn 0.3171 0.9397 -0.1277
vn 0.2633 0.9567 -0.1243
vn 0.3135 0.9284 -0.1995
vn 0.2019 0.9734 -0.1082
vn 0.0956 0.9911 -0.0924
vn 0.0499 0.9987 -0.0080
vn 0.1587 0.9854 -0.0616
vn 0.0298 0.9977 -0.0612
vn -0.0234 0.9997 -0.0053
vn -0.1174 0.9838 0.1358
vn -0.0417 0.9976 0.0550
vn -0.0706 0.9949 0.0714
vn -0.1092 0.9822 0.1527
vn -0.1825 0.9404 0.2868
vn -0.1700 0.9602 0.2217
vn -0.1430 0.9652 0.2190
vn -0.1846 0.9447 0.2709
vn -0.1977 0.9327 0.3018
vn -0.1725 0.9350 0.3099
vn -0.2116 0.9234 0.3202
vn -0.1177 0.9288 0.3514
vn -0.1215 0.9573 0.2625
vn -0.2321 0.9301 0.2847
vn -0.0905 0.9911 0.0980
vn -0.0962 0.9919 0.0833
vn -0.0687 0.9823 0.1741
vn -0.0673 0.9796 0.1895
vn -0.1035 0.9925 0.0650
vn -0.0967 0.9944 0.0421
vn -0.0562 0.9903 0.1271
vn -0.0685 0.9857 0.1537
vn -0.0720 0.9973 0.0157
vn -0.0314 0.9994 -0.0127
vn 0.0119 0.9979 0.0636
vn -0.0290 0.9949 0.0963
vn 0.0224 0.9989 -0.0418
vn 0.0843 0.9939 -0.0706
vn 0.1234 0.9924 -0.0013
vn 0.0642 0.9975 0.0306
vn 0.1465 0.9842 -0.0995
vn 0.1926 0.9722 -0.1333
vn 0.2354 0.9698 -0.0639
vn 0.1839 0.9824 -0.0318
vn 0.2186 0.9593 -0.1788
vn 0.2169 0.9464 -0.2394
vn 0.2849 0.9459 -0.1549
vn 0.2731 0.9564 -0.1033
vn 0.1893 0.9307 -0.3131
vn 0.1501 0.9075 -0.3924
vn 0.2403 0.9234 -0.2994
vn 0.2713 0.9367 -0.2214
vn 0.1043 0.8771 -0.4688
vn 0.0550 0.8433 -0.5346
vn 0.1321 0.8799 -0.4563
vn 0.1936 0.9041 -0.3811
vn 0.0058 0.8120 -0.5836
vn -0.0345 0.7910 -0.6108
vn -0.0158 0.8363 -0.5480
vn 0.0592 0.8552 -0.5149
vn -0.0643 0.7870 -0.6136
vn -0.0813 0.8006 -0.5937
vn -0.1332 0.8407 -0.5248
vn -0.0860 0.8302 -0.5508
vn -0.0855 0.8259 -0.5573
vn -0.0774 0.8556 -0.5118
vn -0.1450 0.8933 -0.4254
vn -0.1529 0.8643 -0.4791
vn -0.0559 0.8832 -0.4656
vn -0.0153 0.9051 -0.4249
vn -0.0528 0.9380 -0.3426
vn -0.1100 0.9195 -0.3773
vn 0.0389 0.9189 -0.3927
vn 0.0860 0.9256 -0.3686
vn 0.0687 0.9496 -0.3059
vn 0.0159 0.9470 -0.3207
vn 0.1179 0.9295 -0.3494
vn 0.1174 0.9357 -0.3328
vn 0.0914 0.9598 -0.2654
vn 0.0979 0.9523 -0.2891
vn 0.0789 0.9456 -0.3155
vn -0.0014 0.9565 -0.2918
vn -0.0404 0.9782 -0.2036
vn 0.0453 0.9709 -0.2353
vn -0.1278 0.9593 -0.2517
vn -0.2792 0.9420 -0.1863
vn -0.3338 0.9331 -0.1340
vn -0.1715 0.9697 -0.1741
vn -0.4231 0.9007 -0.0984
vn -0.5059 0.8625 -0.0125
vn -0.5633 0.8262 -0.0014
vn -0.4864 0.8709 -0.0701
vn -0.5259 0.8490 0.0511
vn -0.4953 0.8643 0.0877
vn -0.5274 0.8459 0.0797
vn -0.5700 0.8201 0.0508
vn -0.4241 0.8999 0.1017
vn -0.3347 0.9371 0.0994
vn -0.3447 0.9360 0.0714
vn -0.4456 0.8911 0.0853
vn -0.2414 0.9667 0.0846
vn -0.1690 0.9833 0.0679
vn -0.1677 0.9857 0.0173
vn -0.2414 0.9694 0.0437
vn -0.1172 0.9915 0.0559
vn -0.0775 0.9958 0.0480
vn -0.0827 0.9966 -0.0062
vn -0.1210 0.9927 0.0012
vn -0.0467 0.9981 0.0396
vn -0.0238 0.9993 0.0273
vn -0.0181 0.9997 -0.0185
vn -0.0482 0.9988 -0.0111
vn -0.0136 0.9999 0.0094
vn -0.0417 0.9990 -0.0149
vn -0.0130 0.9986 -0.0516
vn 0.0022 0.9995 -0.0319
vn -0.1121 0.9924 -0.0505
vn -0.1865 0.9778 -0.0953
vn -0.1385 0.9834 -0.1176
vn -0.0687 0.9944 -0.0802
vn -0.2492 0.9593 -0.1326
vn -0.2878 0.9463 -0.1475
vn -0.2713 0.9442 -0.1869
vn -0.2120 0.9648 -0.1557
vn -0.2842 0.9494 -0.1339
vn -0.1903 0.9770 -0.0960
vn -0.2231 0.9512 -0.2134
vn -0.2945 0.9330 -0.2066
vn -0.0129 0.9988 -0.0475
vn 0.1764 0.9843 -0.0079
vn 0.1493 0.9738 -0.1714
vn -0.0530 0.9779 -0.2022
vn 0.3229 0.9464 0.0093
vn 0.3754 0.9268 0.0046
vn 0.3850 0.9172 -0.1028
vn 0.3151 0.9399 -0.1319
vn 0.3556 0.9343 -0.0269
vn 0.2837 0.9551 -0.0857
vn 0.3243 0.9393 -0.1116
vn 0.3842 0.9183 -0.0953
vn 0.1644 0.9740 -0.1556
vn 0.0934 0.9751 -0.2011
vn 0.1077 0.9796 -0.1698
vn 0.2033 0.9683 -0.1450
vn 0.0984 0.9743 -0.2026
vn 0.1069 0.9794 -0.1711
vn 0.0502 0.9911 -0.1236
vn 0.0734 0.9839 -0.1630
vn 0.0982 0.9881 -0.1186
vn 0.0584 0.9966 -0.0578
vn -0.0204 0.9996 0.0170
vn 0.0221 0.9980 -0.0590
vn -0.0090 1.0000 -0.0001
vn -0.0611 0.9968 0.0514
vn -0.1236 0.9809 0.1505
vn -0.0758 0.9932 0.0880
vn -0.0819 0.9916 0.1001
vn -0.0611 0.9891 0.1343
vn -0.0893 0.9630 0.2544
vn -0.1458 0.9664 0.2118
vn -0.1202 0.9882 -0.0953
vn -0.1323 0.9862 -0.0996
vn -0.1184 0.9929 -0.0091
vn -0.1094 0.9940 -0.0000
vn -0.1511 0.9828 -0.1065
vn -0.1545 0.9809 -0.1179
vn -0.1300 0.9908 -0.0387
vn -0.1317 0.9911 -0.0216
vn -0.1374 0.9815 -0.1337
vn -0.1017 0.9829 -0.1533
vn -0.0696 0.9940 -0.0838
vn -0.1085 0.9923 -0.0599
vn -0.0508 0.9831 -0.1759
vn 0.0081 0.9795 -0.2015
vn 0.0458 0.9895 -0.1368
vn -0.0161 0.9938 -0.1096
vn 0.0641 0.9709 -0.2307
vn 0.0900 0.9594 -0.2672
vn 0.1430 0.9687 -0.2030
vn 0.1063 0.9803 -0.1663
vn 0.0847 0.9455 -0.3145
vn 0.0589 0.9270 -0.3705
vn 0.1374 0.9383 -0.3173
vn 0.1531 0.9552 -0.2532
vn 0.0196 0.9034 -0.4283
vn -0.0159 0.8767 -0.4807
vn 0.0598 0.8859 -0.4600
vn 0.1004 0.9156 -0.3893
vn -0.0425 0.8507 -0.5239
vn -0.0594 0.8292 -0.5557
vn -0.0117 0.8210 -0.5708
vn 0.0217 0.8526 -0.5221
vn -0.0661 0.8152 -0.5755
vn -0.0606 0.8094 -0.5842
vn -0.0506 0.7828 -0.6202
vn -0.0379 0.7963 -0.6037
vn -0.0444 0.8103 -0.5843
vn -0.0236 0.8165 -0.5769
vn -0.0445 0.7919 -0.6090
vn -0.0506 0.7819 -0.6213
vn -0.0007 0.8276 -0.5613
vn 0.0208 0.8428 -0.5378
vn -0.0207 0.8337 -0.5518
vn -0.0340 0.8104 -0.5850
vn 0.0417 0.8605 -0.5078
vn 0.0679 0.8775 -0.4747
vn 0.0278 0.8798 -0.4745
vn -0.0029 0.8581 -0.5135
vn 0.0994 0.8906 -0.4439
vn 0.1311 0.8990 -0.4178
vn 0.1078 0.9043 -0.4130
vn 0.0691 0.8952 -0.4402
vn 0.1571 0.9053 -0.3947
vn 0.1596 0.9140 -0.3729
vn 0.1373 0.9183 -0.3712
vn 0.1366 0.9103 -0.3907
vn 0.1336 0.9279 -0.3482
vn 0.0771 0.9461 -0.3145
vn 0.0359 0.9466 -0.3203
vn 0.1046 0.9308 -0.3502
vn -0.0131 0.9643 -0.2644
vn -0.1310 0.9727 -0.1917
vn -0.2071 0.9586 -0.1954
vn -0.0725 0.9598 -0.2712
vn -0.2613 0.9602 -0.0982
vn -0.3615 0.9324 -0.0019
vn -0.4363 0.8998 -0.0009
vn -0.3446 0.9337 -0.0974
vn -0.4155 0.9063 0.0778
vn -0.4123 0.9018 0.1295
vn -0.4551 0.8825 0.1188
vn -0.4728 0.8781 0.0735
vn -0.3629 0.9188 0.1551
vn -0.2977 0.9407 0.1625
vn -0.3161 0.9381 0.1418
vn -0.3940 0.9086 0.1390
vn -0.2285 0.9611 0.1549
vn -0.1690 0.9758 0.1387
vn -0.1671 0.9793 0.1139
vn -0.2343 0.9633 0.1306
vn -0.1211 0.9855 0.1191
vn -0.0866 0.9912 0.0997
vn -0.0781 0.9935 0.0833
vn -0.1157 0.9885 0.0977
vn -0.0638 0.9947 0.0812
vn -0.0492 0.9967 0.0640
vn -0.0352 0.9980 0.0521
vn -0.0522 0.9963 0.0686
vn -0.0483 0.9976 0.0497
vn -0.0880 0.9953 0.0412
vn -0.0706 0.9974 0.0149
vn -0.0324 0.9989 0.0339
vn -0.1678 0.9851 0.0385
vn -0.2303 0.9723 0.0407
vn -0.2238 0.9741 -0.0334
vn -0.1518 0.9884 -0.0079
vn -0.2538 0.9659 0.0512
vn -0.2287 0.9705 0.0760
vn -0.2715 0.9615 -0.0423
vn -0.2664 0.9626 -0.0494
vn -0.1514 0.9813 0.1187
vn -0.0303 0.9854 0.1674
vn -0.1118 0.9922 0.0551
vn -0.2273 0.9738 -0.0042
vn 0.1060 0.9737 0.2016
vn 0.2120 0.9541 0.2114
vn 0.1996 0.9705 0.1355
vn 0.0512 0.9927 0.1089
vn 0.2790 0.9404 0.1944
vn 0.2739 0.9486 0.1585
vn 0.3342 0.9375 0.0966
vn 0.3076 0.9428 0.1281
vn 0.1932 0.9757 0.1030
vn 0.0975 0.9948 0.0288
vn 0.2013 0.9785 -0.0450
vn 0.2869 0.9572 0.0389
vn 0.0269 0.9990 -0.0364
vn 0.0388 0.9968 -0.0697
vn 0.0670 0.9827 -0.1729
vn 0.0987 0.9869 -0.1276
vn 0.1163 0.9904 -0.0743
vn 0.1679 0.9836 -0.0655
vn 0.1476 0.9779 -0.1480
vn 0.1127 0.9784 -0.1733
vn 0.1802 0.9822 -0.0521
vn 0.1452 0.9887 -0.0384
vn 0.1156 0.9909 -0.0694
vn 0.1526 0.9821 -0.1102
vn 0.0678 0.9974 -0.0258
vn 0.0050 0.9999 -0.0151
vn -0.0167 0.9999 0.0006
vn 0.0411 0.9987 -0.0316
vn -0.0249 0.9997 -0.0075
vn -0.0366 0.9993 -0.0035
vn -0.0434 0.9981 0.0435
vn -0.0414 0.9988 0.0269
vn -0.1307 0.9670 -0.2189
vn -0.1442 0.9645 -0.2213
vn -0.1400 0.9738 -0.1789
vn -0.1267 0.9762 -0.1759
vn -0.1691 0.9601 -0.2229
vn -0.1812 0.9569 -0.2268
vn -0.1708 0.9670 -0.1889
vn -0.1627 0.9697 -0.1823
vn -0.1739 0.9563 -0.2351
vn -0.1483 0.9573 -0.2483
vn -0.1275 0.9681 -0.2155
vn -0.1585 0.9669 -0.2000
vn -0.1075 0.9579 -0.2662
vn -0.0600 0.9555 -0.2887
vn -0.0272 0.9655 -0.2589
vn -0.0810 0.9685 -0.2353
vn -0.0162 0.9488 -0.3156
vn -0.0037 0.9384 -0.3455
vn 0.0403 0.9468 -0.3192
vn 0.0228 0.9578 -0.2866
vn -0.0212 0.9261 -0.3768
vn -0.0470 0.9128 -0.4057
vn -0.0034 0.9183 -0.3960
vn 0.0255 0.9339 -0.3567
vn -0.0734 0.9006 -0.4284
vn -0.0919 0.8914 -0.4438
vn -0.0659 0.8850 -0.4608
vn -0.0385 0.9012 -0.4317
vn -0.1002 0.8856 -0.4534
vn -0.0981 0.8830 -0.4589
vn -0.0870 0.8626 -0.4984
vn -0.0822 0.8718 -0.4830
vn -0.0860 0.8828 -0.4618
vn -0.0656 0.8841 -0.4626
vn -0.0650 0.8570 -0.5112
vn -0.0808 0.8578 -0.5075
vn -0.0379 0.8863 -0.4616
vn -0.0045 0.8888 -0.4582
vn -0.0118 0.8627 -0.5056
vn -0.0409 0.8589 -0.5105
vn 0.0324 0.8916 -0.4517
vn 0.0669 0.8950 -0.4411
vn 0.0491 0.8759 -0.4800
vn 0.0201 0.8684 -0.4955
vn 0.0976 0.8995 -0.4259
vn 0.1241 0.9049 -0.4072
vn 0.1003 0.8950 -0.4347
vn 0.0750 0.8852 -0.4590
vn 0.1475 0.9100 -0.3875
vn 0.1731 0.9137 -0.3678
vn 0.1534 0.9086 -0.3885
vn 0.1260 0.9030 -0.4107
vn 0.1975 0.9166 -0.3477
vn 0.2046 0.9227 -0.3267
vn 0.1827 0.9204 -0.3455
vn 0.1780 0.9130 -0.3671
vn 0.1904 0.9339 -0.3025
vn 0.1512 0.9502 -0.2723
vn 0.1165 0.9504 -0.2885
vn 0.1631 0.9330 -0.3207
vn 0.0840 0.9688 -0.2330
vn -0.0081 0.9836 -0.1804
vn -0.0638 0.9809 -0.1835
vn 0.0398 0.9689 -0.2444
vn -0.1184 0.9867 -0.1114
vn -0.2218 0.9746 -0.0316
vn -0.2892 0.9571 -0.0170
vn -0.1848 0.9772 -0.1042
vn -0.3000 0.9529 0.0454
vn -0.3244 0.9403 0.1032
vn -0.3691 0.9220 0.1170
vn -0.3577 0.9318 0.0617
vn -0.3016 0.9435 0.1374
vn -0.2639 0.9522 0.1538
vn -0.2810 0.9463 0.1596
vn -0.3327 0.9314 0.1474
vn -0.2216 0.9628 0.1547
vn -0.1828 0.9726 0.1435
vn -0.1749 0.9742 0.1428
vn -0.2250 0.9617 0.1565
vn -0.1487 0.9811 0.1235
vn -0.1189 0.9879 0.0998
vn -0.1010 0.9898 0.1002
vn -0.1329 0.9835 0.1224
vn -0.0928 0.9925 0.0792
vn -0.0702 0.9954 0.0659
vn -0.0614 0.9959 0.0660
vn -0.0781 0.9937 0.0806
vn -0.0563 0.9964 0.0629
vn -0.0728 0.9945 0.0747
vn -0.0879 0.9941 0.0634
vn -0.0563 0.9967 0.0588
vn -0.1180 0.9875 0.1047
vn -0.1520 0.9773 0.1474
vn -0.2024 0.9730 0.1109
vn -0.1541 0.9847 0.0819
vn -0.1595 0.9684 0.1916
vn -0.1230 0.9656 0.2290
vn -0.1748 0.9682 0.1787
vn -0.2135 0.9662 0.1444
vn -0.0459 0.9659 0.2549
vn 0.0468 0.9629 0.2657
vn 0.0224 0.9718 0.2349
vn -0.0883 0.9734 0.2113
vn 0.1380 0.9556 0.2603
vn 0.1978 0.9494 0.2439
vn 0.2118 0.9487 0.2347
vn 0.1342 0.9609 0.2423
vn 0.2190 0.9502 0.2216
vn 0.1772 0.9633 0.2014
vn 0.2180 0.9577 0.1881
vn 0.2490 0.9445 0.2143
vn 0.0696 0.9796 0.1887
vn -0.0166 0.9834 0.1806
vn 0.0170 0.9919 0.1255
vn 0.1131 0.9808 0.1588
vn -0.0398 0.9835 0.1763
vn 0.0029 0.9856 0.1690
vn 0.0157 0.9964 0.0827
vn -0.0231 0.9948 0.0993
vn 0.0840 0.9852 0.1497
vn 0.1345 0.9835 0.1213
vn 0.1613 0.9855 0.0520
vn 0.1048 0.9922 0.0678
vn 0.1456 0.9855 0.0877
vn 0.1139 0.9921 0.0531
vn 0.1427 0.9896 0.0180
vn 0.1756 0.9838 0.0350
vn 0.0453 0.9987 0.0230
vn -0.0070 1.0000 0.0015
vn 0.0063 1.0000 -0.0062
vn 0.0674 0.9977 0.0037
vn -0.0276 0.9996 -0.0097
vn -0.0350 0.9993 -0.0128
vn -0.0351 0.9993 -0.0122
vn -0.0229 0.9997 -0.0111
vn 0.2570 0.9274 0.2719
vn 0.2491 0.9267 0.2812
vn 0.2403 0.9261 0.2909
vn 0.2493 0.9263 0.2824
vn 0.2344 0.9275 0.2911
vn 0.2168 0.9287 0.3009
vn 0.2086 0.9273 0.3107
vn 0.2258 0.9266 0.3008
vn 0.1973 0.9299 0.3103
vn 0.1759 0.9312 0.3192
vn 0.1689 0.9291 0.3291
vn 0.1896 0.9282 0.3202
vn 0.1526 0.9325 0.3274
vn 0.1277 0.9336 0.3349
vn 0.1224 0.9307 0.3446
vn 0.1464 0.9300 0.3373
vn 0.1012 0.9345 0.3414
vn 0.0732 0.9352 0.3466
vn 0.0703 0.9317 0.3564
vn 0.0969 0.9313 0.3511
vn 0.0437 0.9357 0.3500
vn 0.0124 0.9364 0.3507
vn 0.0141 0.9317 0.3630
vn 0.0425 0.9318 0.3605
vn -0.0205 0.9376 0.3472
vn -0.0549 0.9393 0.3387
vn -0.0449 0.9311 0.3619
vn -0.0151 0.9314 0.3637
vn -0.0926 0.9412 0.3250
vn -0.1408 0.9418 0.3054
vn -0.1179 0.9311 0.3453
vn -0.0770 0.9312 0.3563
vn -0.2002 0.9392 0.2790
vn -0.2699 0.9307 0.2469
vn -0.2356 0.9243 0.3003
vn -0.1696 0.9298 0.3265
vn -0.3398 0.9163 0.2120
vn -0.3942 0.9017 0.1778
vn -0.3639 0.9007 0.2373
vn -0.3063 0.9131 0.2693
vn -0.4338 0.8889 0.1469
vn -0.4620 0.8786 0.1213
vn -0.4414 0.8787 0.1820
vn -0.4082 0.8890 0.2075
vn -0.4812 0.8706 0.1020
vn -0.4936 0.8650 0.0900
vn -0.4828 0.8630 0.1489
vn -0.4657 0.8700 0.1622
vn -0.5005 0.8616 0.0851
vn -0.5030 0.8599 0.0870
vn -0.5002 0.8544 0.1406
vn -0.4940 0.8578 0.1420
vn -0.5018 0.8598 0.0942
vn -0.4976 0.8610 0.1052
vn -0.4994 0.8536 0.1482
vn -0.5018 0.8530 0.1434
vn -0.4904 0.8635 0.1178
vn -0.4802 0.8675 0.1296
vn -0.4821 0.8624 0.1541
vn -0.4930 0.8566 0.1526
vn -0.4656 0.8741 0.1387
vn -0.4424 0.8853 0.1436
vn -0.4404 0.8866 0.1414
vn -0.4657 0.8721 0.1505
vn -0.4068 0.9020 0.1444
vn -0.3555 0.9240 0.1411
vn -0.3485 0.9305 0.1127
vn -0.4026 0.9064 0.1282
vn -0.2828 0.9497 0.1343
vn -0.1887 0.9741 0.1248
vn -0.1758 0.9812 0.0796
vn -0.2729 0.9572 0.0961
vn -0.0734 0.9908 0.1138
vn 0.0541 0.9933 0.1022
vn 0.0710 0.9963 0.0489
vn -0.0583 0.9963 0.0637
vn 0.1821 0.9791 0.0906
vn 0.2981 0.9512 0.0794
vn 0.3159 0.9484 0.0254
vn 0.2000 0.9791 0.0359
vn 0.3929 0.9170 0.0692
vn 0.4632 0.8842 0.0600
vn 0.4792 0.8776 0.0118
vn 0.4100 0.9119 0.0175
vn 0.5091 0.8592 0.0519
vn 0.5333 0.8448 0.0442
vn 0.5476 0.8368 0.0044
vn 0.5241 0.8516 0.0077
vn 0.5380 0.8421 0.0364
vn 0.5251 0.8506 0.0283
vn 0.5380 0.8430 -0.0022
vn 0.5518 0.8340 0.0012
vn 0.4940 0.8692 0.0200
vn 0.4382 0.8988 0.0124
vn 0.4463 0.8948 -0.0080
vn 0.5052 0.8630 -0.0056
vn 0.3568 0.9342 0.0068
vn 0.2539 0.9672 0.0036
vn 0.2542 0.9671 -0.0064
vn 0.3602 0.9328 -0.0083
vn 0.1446 0.9895 0.0018
vn 0.0674 0.9977 0.0007
vn 0.0669 0.9978 -0.0016
vn 0.1441 0.9896 -0.0037
vn 0.0213 0.9998 -0.0003
vn -0.0126 0.9999 -0.0045
vn -0.0041 1.0000 -0.0052
vn 0.0223 0.9998 -0.0010
vn -0.0556 0.9983 -0.0174
vn -0.1675 0.9849 -0.0428
vn -0.1269 0.9907 -0.0496
vn -0.0330 0.9993 -0.0198
vn -0.3260 0.9420 -0.0794
vn -0.4508 0.8846 -0.1195
vn -0.3959 0.9069 -0.1442
vn -0.2715 0.9578 -0.0943
vn -0.5336 0.8312 -0.1560
vn -0.5791 0.7931 -0.1886
vn -0.5341 0.8140 -0.2281
vn -0.4848 0.8539 -0.1890
vn -0.5974 0.7711 -0.2202
vn -0.5949 0.7631 -0.2526
vn -0.5501 0.7785 -0.3022
vn -0.5534 0.7896 -0.2650
vn -0.5733 0.7672 -0.2875
vn -0.5316 0.7819 -0.3256
vn -0.4828 0.7879 -0.3822
vn -0.5265 0.7787 -0.3411
vn -0.4660 0.8052 -0.3668
vn -0.3716 0.8334 -0.4090
vn -0.3263 0.8223 -0.4662
vn -0.4167 0.8037 -0.4248
vn -0.2437 0.8604 -0.4475
vn -0.0870 0.8762 -0.4740
vn -0.0738 0.8476 -0.5255
vn -0.2099 0.8390 -0.5020
vt 0.971429 0.967742
vt 0.985714 0.967742
vt 0.985714 0.983871
vt 0.971429 0.983871
vt 1.000000 0.967742
vt 1.000000 0.983871
vt 1.000000 1.000000
vt 0.985714 1.000000
vt 0.971429 1.000000
vt 0.971429 0.000000
vt 0.985714 0.000000
vt 0.985714 0.016129
vt 0.971429 0.016129
vt 1.000000 0.000000
vt 1.000000 0.016129
vt 1.000000 0.032258
vt 0.985714 0.032258
vt 0.971429 0.032258
vt 0.985714 0.048387
vt 0.971429 0.048387
vt 1.000000 0.048387
vt 1.000000 0.064516
vt 0.985714 0.064516
vt 0.971429 0.064516
vt 0.985714 0.080645
vt 0.971429 0.080645
vt 1.000000 0.080645
vt 1.000000 0.096774
vt 0.985714 0.096774
vt 0.971429 0.096774
vt 0.985714 0.112903
vt 0.971429 0.112903
vt 1.000000 0.112903
vt 1.000000 0.129032
vt 0.985714 0.129032
vt 0.971429 0.129032
vt 0.985714 0.145161
vt 0.971429 0.145161
vt 1.000000 0.145161
vt 1.000000 0.161290
vt 0.985714 0.161290
vt 0.971429 0.161290
vt 0.985714 0.177419
vt 0.971429 0.177419
vt 1.000000 0.177419
vt 1.000000 0.193548
vt 0.985714 0.193548
vt 0.971429 0.193548
vt 0.985714 0.209677
vt 0.971429 0.209677
vt 1.000000 0.209677
vt 1.000000 0.225806
vt 0.985714 0.225806
vt 0.971429 0.225806
vt 0.985714 0.241936
vt 0.971429 0.241935
vt 1.000000 0.241936
vt 1.000000 0.258065
vt 0.985714 0.258065
vt 0.971429 0.258065
vt 0.985714 0.274194
vt 0.971429 0.274194
vt 1.000000 0.274194
vt 1.000000 0.290323
vt 0.985714 0.290323
vt 0.971429 0.290323
vt 0.985714 0.306452
vt 0.971429 0.306452
vt 1.000000 0.306452
vt 1.000000 0.322581
vt 0.985714 0.322581
vt 0.971429 0.322581
vt 0.985714 0.338710
vt 0.971429 0.338710
vt 1.000000 0.338710
vt 1.000000 0.354839
vt 0.985714 0.354839
vt 0.971429 0.354839
vt 0.985714 0.370968
vt 0.971429 0.370968
vt 1.000000 0.370968
vt 1.000000 0.387097
vt 0.985714 0.387097
vt 0.971429 0.387097
vt 0.985714 0.403226
vt 0.971429 0.403226
vt 1.000000 0.403226
vt 1.000000 0.419355
vt 0.985714 0.419355
vt 0.971429 0.419355
vt 0.985714 0.435484
vt 0.971429 0.435484
vt 1.000000 0.435484
vt 1.000000 0.451613
vt 0.985714 0.451613
vt 0.971429 0.451613
vt 0.985714 0.467742
vt 0.971429 0.467742
vt 1.000000 0.467742
vt 1.000000 0.483871
vt 0.985714 0.483871
vt 0.971429 0.483871
vt 0.985714 0.500000
vt 0.971429 0.500000
vt 1.000000 0.500000
vt 1.000000 0.516129
vt 0.985714 0.516129
vt 0.971429 0.516129
vt 0.985714 0.532258
vt 0.971429 0.532258
vt 1.000000 0.532258
vt 1.000000 0.548387
vt 0.985714 0.548387
vt 0.971429 0.548387
vt 0.985714 0.564516
vt 0.971429 0.564516
vt 1.000000 0.564516
vt 1.000000 0.580645
vt 0.985714 0.580645
vt 0.971429 0.580645
vt 0.985714 0.596774
vt 0.971429 0.596774
vt 1.000000 0.596774
vt 1.000000 0.612903
vt 0.985714 0.612903
vt 0.971429 0.612903
vt 0.985714 0.629032
vt 0.971429 0.629032
vt 1.000000 0.629032
vt 1.000000 0.645161
vt 0.985714 0.645161
vt 0.971429 0.645161
vt 0.985714 0.661290
vt 0.971429 0.661290
vt 1.000000 0.661290
vt 1.000000 0.677419
vt 0.985714 0.677419
vt 0.971429 0.677419
vt 0.985714 0.693548
vt 0.971429 0.693549
vt 1.000000 0.693548
vt 1.000000 0.709677
vt 0.985714 0.709677
vt 0.971429 0.709677
vt 0.985714 0.725807
vt 0.971429 0.725806
vt 1.000000 0.725807
vt 1.000000 0.741935
vt 0.985714 0.741936
vt 0.971429 0.741936
vt 0.985714 0.758065
vt 0.971429 0.758065
vt 1.000000 0.758065
vt 1.000000 0.774194
vt 0.985714 0.774194
vt 0.971429 0.774194
vt 0.985714 0.790323
vt 0.971429 0.790323
vt 1.000000 0.790323
vt 1.000000 0.806452
vt 0.985714 0.806452
vt 0.971429 0.806452
vt 0.985714 0.822581
vt 0.971429 0.822581
vt 1.000000 0.822581
vt 1.000000 0.838710
vt 0.985714 0.838710
vt 0.971429 0.838710
vt 0.985714 0.854839
vt 0.971429 0.854839
vt 1.000000 0.854839
vt 1.000000 0.870968
vt 0.985714 0.870968
vt 0.971429 0.870968
vt 0.985714 0.887097
vt 0.971429 0.887097
vt 1.000000 0.887097
vt 1.000000 0.903226
vt 0.985714 0.903226
vt 0.971429 0.903226
vt 0.985714 0.919355
vt 0.971429 0.919355
vt 1.000000 0.919355
vt 1.000000 0.935484
vt 0.985714 0.935484
vt 0.971429 0.935484
vt 0.985714 0.951613
vt 0.971429 0.951613
vt 1.000000 0.951613
vt 0.000000 0.935484
vt 0.014286 0.935484
vt 0.014286 0.951613
vt 0.000000 0.951613
vt 0.028571 0.935484
vt 0.028571 0.951613
vt 0.028571 0.967742
vt 0.014286 0.967742
vt 0.000000 0.967742
vt 0.042857 0.935484
vt 0.042857 0.951613
vt 0.057143 0.935484
vt 0.057143 0.951613
vt 0.057143 0.967742
vt 0.042857 0.967742
vt 0.071429 0.935484
vt 0.071429 0.951613
vt 0.085714 0.935484
vt 0.085714 0.951613
vt 0.085714 0.967742
vt 0.071429 0.967742
vt 0.100000 0.935484
vt 0.100000 0.951613
vt 0.114286 0.935484
vt 0.114286 0.951613
vt 0.114286 0.967742
vt 0.100000 0.967742
vt 0.128571 0.935484
vt 0.128571 0.951613
vt 0.142857 0.935484
vt 0.142857 0.951613
vt 0.142857 0.967742
vt 0.128571 0.967742
vt 0.157143 0.935484
vt 0.157143 0.951613
vt 0.171429 0.935484
vt 0.171429 0.951613
vt 0.171429 0.967742
vt 0.157143 0.967742
vt 0.185714 0.935484
vt 0.185714 0.951613
vt 0.200000 0.935484
vt 0.200000 0.951613
vt 0.200000 0.967742
vt 0.185714 0.967742
vt 0.214286 0.935484
vt 0.214286 0.951613
vt 0.228571 0.935484
vt 0.228571 0.951613
vt 0.228571 0.967742
vt 0.214286 0.967742
vt 0.242857 0.935484
vt 0.242857 0.951613
vt 0.257143 0.935484
vt 0.257143 0.951613
vt 0.257143 0.967742
vt 0.242857 0.967742
vt 0.271429 0.935484
vt 0.271429 0.951613
vt 0.285714 0.935484
vt 0.285714 0.951613
vt 0.285714 0.967742
vt 0.271429 0.967742
vt 0.300000 0.935484
vt 0.300000 0.951613
vt 0.314286 0.935484
vt 0.314286 0.951613
vt 0.314286 0.967742
vt 0.300000 0.967742
vt 0.328571 0.935484
vt 0.328571 0.951613
vt 0.342857 0.935484
vt 0.342857 0.951613
vt 0.342857 0.967742
vt 0.328571 0.967742
vt 0.357143 0.935484
vt 0.357143 0.951613
vt 0.371429 0.935484
vt 0.371429 0.951613
vt 0.371429 0.967742
vt 0.357143 0.967742
vt 0.385714 0.935484
vt 0.385714 0.951613
vt 0.400000 0.935484
vt 0.400000 0.951613
vt 0.400000 0.967742
vt 0.385714 0.967742
vt 0.414286 0.935484
vt 0.414286 0.951613
vt 0.428571 0.935484
vt 0.428571 0.951613
vt 0.428571 0.967742
vt 0.414286 0.967742
vt 0.442857 0.935484
vt 0.442857 0.951613
vt 0.457143 0.935484
vt 0.457143 0.951613
vt 0.457143 0.967742
vt 0.442857 0.967742
vt 0.471429 0.935484
vt 0.471429 0.951613
vt 0.485714 0.935484
vt 0.485714 0.951613
vt 0.485714 0.967742
vt 0.471429 0.967742
vt 0.500000 0.935484
vt 0.500000 0.951613
vt 0.514286 0.935484
vt 0.514286 0.951613
vt 0.514286 0.967742
vt 0.500000 0.967742
vt 0.528572 0.935484
vt 0.528571 0.951613
vt 0.542857 0.935484
vt 0.542857 0.951613
vt 0.542857 0.967742
vt 0.528572 0.967742
vt 0.557143 0.935484
vt 0.557143 0.951613
vt 0.571429 0.935484
vt 0.571429 0.951613
vt 0.571429 0.967742
vt 0.557143 0.967742
vt 0.585714 0.935484
vt 0.585714 0.951613
vt 0.600000 0.935484
vt 0.600000 0.951613
vt 0.600000 0.967742
vt 0.585714 0.967742
vt 0.614286 0.935484
vt 0.614286 0.951613
vt 0.628572 0.935484
vt 0.628572 0.951613
vt 0.628572 0.967742
vt 0.614286 0.967742
vt 0.642857 0.935484
vt 0.642857 0.951613
vt 0.657143 0.935484
vt 0.657143 0.951613
vt 0.657143 0.967742
vt 0.642857 0.967742
vt 0.671429 0.935484
vt 0.671429 0.951613
vt 0.685714 0.935484
vt 0.685714 0.951613
vt 0.685714 0.967742
vt 0.671429 0.967742
vt 0.700000 0.935484
vt 0.700000 0.951613
vt 0.714286 0.935484
vt 0.714286 0.951613
vt 0.714286 0.967742
vt 0.700000 0.967742
vt 0.728572 0.935484
vt 0.728571 0.951613
vt 0.742857 0.935484
vt 0.742857 0.951613
vt 0.742857 0.967742
vt 0.728572 0.967742
vt 0.757143 0.935484
vt 0.757143 0.951613
vt 0.771429 0.935484
vt 0.771429 0.951613
vt 0.771429 0.967742
vt 0.757143 0.967742
vt 0.785714 0.935484
vt 0.785714 0.951613
vt 0.800000 0.935484
vt 0.800000 0.951613
vt 0.800000 0.967742
vt 0.785714 0.967742
vt 0.814286 0.935484
vt 0.814286 0.951613
vt 0.828571 0.935484
vt 0.828571 0.951613
vt 0.828571 0.967742
vt 0.814286 0.967742
vt 0.842857 0.935484
vt 0.842857 0.951613
vt 0.857143 0.935484
vt 0.857143 0.951613
vt 0.857143 0.967742
vt 0.842857 0.967742
vt 0.871429 0.935484
vt 0.871429 0.951613
vt 0.885714 0.935484
vt 0.885714 0.951613
vt 0.885714 0.967742
vt 0.871429 0.967742
vt 0.900000 0.935484
vt 0.900000 0.951613
vt 0.914286 0.935484
vt 0.914286 0.951613
vt 0.914286 0.967742
vt 0.900000 0.967742
vt 0.928572 0.935484
vt 0.928572 0.951613
vt 0.942857 0.935484
vt 0.942857 0.951613
vt 0.942857 0.967742
vt 0.928572 0.967742
vt 0.957143 0.935484
vt 0.957143 0.951613
vt 0.957143 0.967742
vt 0.000000 0.903226
vt 0.014286 0.903226
vt 0.014286 0.919355
vt 0.000000 0.919355
vt 0.028571 0.903226
vt 0.028571 0.919355
vt 0.042857 0.903226
vt 0.042857 0.919355
vt 0.057143 0.903226
vt 0.057143 0.919355
vt 0.071429 0.903226
vt 0.071429 0.919355
vt 0.085714 0.903226
vt 0.085714 0.919355
vt 0.100000 0.903226
vt 0.100000 0.919355
vt 0.114286 0.903226
vt 0.114286 0.919355
vt 0.128571 0.903226
vt 0.128571 0.919355
vt 0.142857 0.903226
vt 0.142857 0.919355
vt 0.157143 0.903226
vt 0.157143 0.919355
vt 0.171429 0.903226
vt 0.171429 0.919355
vt 0.185714 0.903226
vt 0.185714 0.919355
vt 0.200000 0.903226
vt 0.200000 0.919355
vt 0.214286 0.903226
vt 0.214286 0.919355
vt 0.228571 0.903226
vt 0.228571 0.919355
vt 0.242857 0.903226
vt 0.242857 0.919355
vt 0.257143 0.903226
vt 0.257143 0.919355
vt 0.271429 0.903226
vt 0.271429 0.919355
vt 0.285714 0.903226
vt 0.285714 0.919355
vt 0.300000 0.903226
vt 0.300000 0.919355
vt 0.314286 0.903226
vt 0.314286 0.919355
vt 0.328571 0.903226
vt 0.328571 0.919355
vt 0.342857 0.903226
vt 0.342857 0.919355
vt 0.357143 0.903226
vt 0.357143 0.919355
vt 0.371429 0.903226
vt 0.371429 0.919355
vt 0.385714 0.903226
vt 0.385714 0.919355
vt 0.400000 0.903226
vt 0.400000 0.919355
vt 0.414286 0.903226
vt 0.414286 0.919355
vt 0.428571 0.903226
vt 0.428571 0.919355
vt 0.442857 0.903226
vt 0.442857 0.919355
vt 0.457143 0.903226
vt 0.457143 0.919355
vt 0.471429 0.903226
vt 0.471429 0.919355
vt 0.485714 0.903226
vt 0.485714 0.919355
vt 0.500000 0.903226
vt 0.500000 0.919355
vt 0.514286 0.903226
vt 0.514286 0.919355
vt 0.528572 0.903226
vt 0.528571 0.919355
vt 0.542857 0.903226
vt 0.542857 0.919355
vt 0.557143 0.903226
vt 0.557143 0.919355
vt 0.571429 0.903226
vt 0.571429 0.919355
vt 0.585714 0.903226
vt 0.585714 0.919355
vt 0.600000 0.903226
vt 0.600000 0.919355
vt 0.614286 0.903226
vt 0.614286 0.919355
vt 0.628572 0.903226
vt 0.628572 0.919355
vt 0.642857 0.903226
vt 0.642857 0.919355
vt 0.657143 0.903226
vt 0.657143 0.919355
vt 0.671429 0.903226
vt 0.671429 0.919355
vt 0.685714 0.903226
vt 0.685714 0.919355
vt 0.700000 0.903226
vt 0.700000 0.919355
vt 0.714286 0.903226
vt 0.714286 0.919355
vt 0.728572 0.903226
vt 0.728571 0.919355
vt 0.742857 0.903226
vt 0.742857 0.919355
vt 0.757143 0.903226
vt 0.757143 0.919355
vt 0.771429 0.903226
vt 0.771429 0.919355
vt 0.785714 0.903226
vt 0.785714 0.919355
vt 0.800000 0.903226
vt 0.800000 0.919355
vt 0.814286 0.903226
vt 0.814286 0.919355
vt 0.828571 0.903226
vt 0.828571 0.919355
vt 0.842857 0.903226
vt 0.842857 0.919355
vt 0.857143 0.903226
vt 0.857143 0.919355
vt 0.871429 0.903226
vt 0.871429 0.919355
vt 0.885714 0.903226
vt 0.885714 0.919355
vt 0.900000 0.903226
vt 0.900000 0.919355
vt 0.914286 0.903226
vt 0.914286 0.919355
vt 0.928572 0.903226
vt 0.928572 0.919355
vt 0.942857 0.903226
vt 0.942857 0.919355
vt 0.957143 0.903226
vt 0.957143 0.919355
vt 0.000000 0.870968
vt 0.014286 0.870968
vt 0.014286 0.887097
vt 0.000000 0.887097
vt 0.028571 0.870968
vt 0.028571 0.887097
vt 0.042857 0.870968
vt 0.042857 0.887097
vt 0.057143 0.870968
vt 0.057143 0.887097
vt 0.071429 0.870968
vt 0.071429 0.887097
vt 0.085714 0.870968
vt 0.085714 0.887097
vt 0.100000 0.870968
vt 0.100000 0.887097
vt 0.114286 0.870968
vt 0.114286 0.887097
vt 0.128571 0.870968
vt 0.128571 0.887097
vt 0.142857 0.870968
vt 0.142857 0.887097
vt 0.157143 0.870968
vt 0.157143 0.887097
vt 0.171429 0.870968
vt 0.171429 0.887097
vt 0.185714 0.870968
vt 0.185714 0.887097
vt 0.200000 0.870968
vt 0.200000 0.887097
vt 0.214286 0.870968
vt 0.214286 0.887097
vt 0.228571 0.870968
vt 0.228571 0.887097
vt 0.242857 0.870968
vt 0.242857 0.887097
vt 0.257143 0.870968
vt 0.257143 0.887097
vt 0.271429 0.870968
vt 0.271429 0.887097
vt 0.285714 0.870968
vt 0.285714 0.887097
vt 0.300000 0.870968
vt 0.300000 0.887097
vt 0.314286 0.870968
vt 0.314286 0.887097
vt 0.328571 0.870968
vt 0.328571 0.887097
vt 0.342857 0.870968
vt 0.342857 0.887097
vt 0.357143 0.870968
vt 0.357143 0.887097
vt 0.371429 0.870968
vt 0.371429 0.887097
vt 0.385714 0.870968
vt 0.385714 0.887097
vt 0.400000 0.870968
vt 0.400000 0.887097
vt 0.414286 0.870968
vt 0.414286 0.887097
vt 0.428571 0.870968
vt 0.428571 0.887097
vt 0.442857 0.870968
vt 0.442857 0.887097
vt 0.457143 0.870968
vt 0.457143 0.887097
vt 0.471429 0.870968
vt 0.471429 0.887097
vt 0.485714 0.870968
vt 0.485714 0.887097
vt 0.500000 0.870968
vt 0.500000 0.887097
vt 0.514286 0.870968
vt 0.514286 0.887097
vt 0.528572 0.870968
vt 0.528571 0.887097
vt 0.542857 0.870968
vt 0.542857 0.887097
vt 0.557143 0.870968
vt 0.557143 0.887097
vt 0.571429 0.870968
vt 0.571429 0.887097
vt 0.585714 0.870968
vt 0.585714 0.887097
vt 0.600000 0.870968
vt 0.600000 0.887097
vt 0.614286 0.870968
vt 0.614286 0.887097
vt 0.628572 0.870968
vt 0.628572 0.887097
vt 0.642857 0.870968
vt 0.642857 0.887097
vt 0.657143 0.870968
vt 0.657143 0.887097
vt 0.671429 0.870968
vt 0.671429 0.887097
vt 0.685714 0.870968
vt 0.685714 0.887097
vt 0.700000 0.870968
vt 0.700000 0.887097
vt 0.714286 0.870968
vt 0.714286 0.887097
vt 0.728572 0.870968
vt 0.728571 0.887097
vt 0.742857 0.870968
vt 0.742857 0.887097
vt 0.757143 0.870968
vt 0.757143 0.887097
vt 0.771429 0.870968
vt 0.771429 0.887097
vt 0.785714 0.870968
vt 0.785714 0.887097
vt 0.800000 0.870968
vt 0.800000 0.887097
vt 0.814286 0.870968
vt 0.814286 0.887097
vt 0.828571 0.870968
vt 0.828571 0.887097
vt 0.842857 0.870968
vt 0.842857 0.887097
vt 0.857143 0.870968
vt 0.857143 0.887097
vt 0.871429 0.870968
vt 0.871429 0.887097
vt 0.885714 0.870968
vt 0.885714 0.887097
vt 0.900000 0.870968
vt 0.900000 0.887097
vt 0.914286 0.870968
vt 0.914286 0.887097
vt 0.928572 0.870968
vt 0.928572 0.887097
vt 0.942857 0.870968
vt 0.942857 0.887097
vt 0.957143 0.870968
vt 0.957143 0.887097
vt 0.000000 0.838710
vt 0.014286 0.838710
vt 0.014286 0.854839
vt 0.000000 0.854839
vt 0.028571 0.838710
vt 0.028571 0.854839
vt 0.042857 0.838710
vt 0.042857 0.854839
vt 0.057143 0.838710
vt 0.057143 0.854839
vt 0.071429 0.838710
vt 0.071429 0.854839
vt 0.085714 0.838710
vt 0.085714 0.854839
vt 0.100000 0.838710
vt 0.100000 0.854839
vt 0.114286 0.838710
vt 0.114286 0.854839
vt 0.128571 0.838710
vt 0.128571 0.854839
vt 0.142857 0.838710
vt 0.142857 0.854839
vt 0.157143 0.838710
vt 0.157143 0.854839
vt 0.171429 0.838710
vt 0.171429 0.854839
vt 0.185714 0.838710
vt 0.185714 0.854839
vt 0.200000 0.838710
vt 0.200000 0.854839
vt 0.214286 0.838710
vt 0.214286 0.854839
vt 0.228571 0.838710
vt 0.228571 0.854839
vt 0.242857 0.838710
vt 0.242857 0.854839
vt 0.257143 0.838710
vt 0.257143 0.854839
vt 0.271429 0.838710
vt 0.271429 0.854839
vt 0.285714 0.838710
vt 0.285714 0.854839
vt 0.300000 0.838710
vt 0.300000 0.854839
vt 0.314286 0.838710
vt 0.314286 0.854839
vt 0.328571 0.838710
vt 0.328571 0.854839
vt 0.342857 0.838710
vt 0.342857 0.854839
vt 0.357143 0.838710
vt 0.357143 0.854839
vt 0.371429 0.838710
vt 0.371429 0.854839
vt 0.385714 0.838710
vt 0.385714 0.854839
vt 0.400000 0.838710
vt 0.400000 0.854839
vt 0.414286 0.838710
vt 0.414286 0.854839
vt 0.428571 0.838710
vt 0.428571 0.854839
vt 0.442857 0.838710
vt 0.442857 0.854839
vt 0.457143 0.838710
vt 0.457143 0.854839
vt 0.471429 0.838710
vt 0.471429 0.854839
vt 0.485714 0.838710
vt 0.485714 0.854839
vt 0.500000 0.838710
vt 0.500000 0.854839
vt 0.514286 0.838710
vt 0.514286 0.854839
vt 0.528572 0.838710
vt 0.528571 0.854839
vt 0.542857 0.838710
vt 0.542857 0.854839
vt 0.557143 0.838710
vt 0.557143 0.854839
vt 0.571429 0.838710
vt 0.571429 0.854839
vt 0.585714 0.838710
vt 0.585714 0.854839
vt 0.600000 0.838710
vt 0.600000 0.854839
vt 0.614286 0.838710
vt 0.614286 0.854839
vt 0.628572 0.838710
vt 0.628572 0.854839
vt 0.642857 0.838710
vt 0.642857 0.854839
vt 0.657143 0.838710
vt 0.657143 0.854839
vt 0.671429 0.838710
vt 0.671429 0.854839
vt 0.685714 0.838710
vt 0.685714 0.854839
vt 0.700000 0.838710
vt 0.700000 0.854839
vt 0.714286 0.838710
vt 0.714286 0.854839
vt 0.728572 0.838710
vt 0.728571 0.854839
vt 0.742857 0.838710
vt 0.742857 0.854839
vt 0.757143 0.838710
vt 0.757143 0.854839
vt 0.771429 0.838710
vt 0.771429 0.854839
vt 0.785714 0.838710
vt 0.785714 0.854839
vt 0.800000 0.838710
vt 0.800000 0.854839
vt 0.814286 0.838710
vt 0.814286 0.854839
vt 0.828571 0.838710
vt 0.828571 0.854839
vt 0.842857 0.838710
vt 0.842857 0.854839
vt 0.857143 0.838710
vt 0.857143 0.854839
vt 0.871429 0.838710
vt 0.871429 0.854839
vt 0.885714 0.838710
vt 0.885714 0.854839
vt 0.900000 0.838710
vt 0.900000 0.854839
vt 0.914286 0.838710
vt 0.914286 0.854839
vt 0.928572 0.838710
vt 0.928572 0.854839
vt 0.942857 0.838710
vt 0.942857 0.854839
vt 0.957143 0.838710
vt 0.957143 0.854839
vt 0.000000 0.806452
vt 0.014286 0.806452
vt 0.014286 0.822581
vt 0.000000 0.822581
vt 0.028571 0.806452
vt 0.028571 0.822581
vt 0.042857 0.806452
vt 0.042857 0.822581
vt 0.057143 0.806452
vt 0.057143 0.822581
vt 0.071429 0.806452
vt 0.071429 0.822581
vt 0.085714 0.806452
vt 0.085714 0.822581
vt 0.100000 0.806452
vt 0.100000 0.822581
vt 0.114286 0.806452
vt 0.114286 0.822581
vt 0.128571 0.806452
vt 0.128571 0.822581
vt 0.142857 0.806452
vt 0.142857 0.822581
vt 0.157143 0.806452
vt 0.157143 0.822581
vt 0.171429 0.806452
vt 0.171429 0.822581
vt 0.185714 0.806452
vt 0.185714 0.822581
vt 0.200000 0.806452
vt 0.200000 0.822581
vt 0.214286 0.806452
vt 0.214286 0.822581
vt 0.228571 0.806452
vt 0.228571 0.822581
vt 0.242857 0.806452
vt 0.242857 0.822581
vt 0.257143 0.806452
vt 0.257143 0.822581
vt 0.271429 0.806452
vt 0.271429 0.822581
vt 0.285714 0.806452
vt 0.285714 0.822581
vt 0.300000 0.806452
vt 0.300000 0.822581
vt 0.314286 0.806452
vt 0.314286 0.822581
vt 0.328571 0.806452
vt 0.328571 0.822581
vt 0.342857 0.806452
vt 0.342857 0.822581
vt 0.357143 0.806452
vt 0.357143 0.822581
vt 0.371429 0.806452
vt 0.371429 0.822581
vt 0.385714 0.806452
vt 0.385714 0.822581
vt 0.400000 0.806452
vt 0.400000 0.822581
vt 0.414286 0.806452
vt 0.414286 0.822581
vt 0.428571 0.806452
vt 0.428571 0.822581
vt 0.442857 0.806452
vt 0.442857 0.822581
vt 0.457143 0.806452
vt 0.457143 0.822581
vt 0.471429 0.806452
vt 0.471429 0.822581
vt 0.485714 0.806452
vt 0.485714 0.822581
vt 0.500000 0.806452
vt 0.500000 0.822581
vt 0.514286 0.806452
vt 0.514286 0.822581
vt 0.528572 0.806452
vt 0.528571 0.822581
vt 0.542857 0.806452
vt 0.542857 0.822581
vt 0.557143 0.806452
vt 0.557143 0.822581
vt 0.571429 0.806452
vt 0.571429 0.822581
vt 0.585714 0.806452
vt 0.585714 0.822581
vt 0.600000 0.806452
vt 0.600000 0.822581
vt 0.614286 0.806452
vt 0.614286 0.822581
vt 0.628572 0.806452
vt 0.628572 0.822581
vt 0.642857 0.806452
vt 0.642857 0.822581
vt 0.657143 0.806452
vt 0.657143 0.822581
vt 0.671429 0.806452
vt 0.671429 0.822581
vt 0.685714 0.806452
vt 0.685714 0.822581
vt 0.700000 0.806452
vt 0.700000 0.822581
vt 0.714286 0.806452
vt 0.714286 0.822581
vt 0.728572 0.806452
vt 0.728571 0.822581
vt 0.742857 0.806452
vt 0.742857 0.822581
vt 0.757143 0.806452
vt 0.757143 0.822581
vt 0.771429 0.806452
vt 0.771429 0.822581
vt 0.785714 0.806452
vt 0.785714 0.822581
vt 0.800000 0.806452
vt 0.800000 0.822581
vt 0.814286 0.806452
vt 0.814286 0.822581
vt 0.828571 0.806452
vt 0.828571 0.822581
vt 0.842857 0.806452
vt 0.842857 0.822581
vt 0.857143 0.806452
vt 0.857143 0.822581
vt 0.871429 0.806452
vt 0.871429 0.822581
vt 0.885714 0.806452
vt 0.885714 0.822581
vt 0.900000 0.806452
vt 0.900000 0.822581
vt 0.914286 0.806452
vt 0.914286 0.822581
vt 0.928572 0.806452
vt 0.928572 0.822581
vt 0.942857 0.806452
vt 0.942857 0.822581
vt 0.957143 0.806452
vt 0.957143 0.822581
vt 0.000000 0.774194
vt 0.014286 0.774194
vt 0.014286 0.790323
vt 0.000000 0.790323
vt 0.028571 0.774194
vt 0.028571 0.790323
vt 0.042857 0.774194
vt 0.042857 0.790323
vt 0.057143 0.774194
vt 0.057143 0.790323
vt 0.071429 0.774194
vt 0.071429 0.790323
vt 0.085714 0.774194
vt 0.085714 0.790323
vt 0.100000 0.774194
vt 0.100000 0.790323
vt 0.114286 0.774194
vt 0.114286 0.790323
vt 0.128571 0.774194
vt 0.128571 0.790323
vt 0.142857 0.774194
vt 0.142857 0.790323
vt 0.157143 0.774194
vt 0.157143 0.790322
vt 0.171429 0.774194
vt 0.171429 0.790323
vt 0.185714 0.774194
vt 0.185714 0.790322
vt 0.200000 0.774194
vt 0.200000 0.790323
vt 0.214286 0.774194
vt 0.214286 0.790322
vt 0.228571 0.774194
vt 0.228571 0.790323
vt 0.242857 0.774194
vt 0.242857 0.790322
vt 0.257143 0.774194
vt 0.257143 0.790323
vt 0.271429 0.774194
vt 0.271429 0.790322
vt 0.285714 0.774194
vt 0.285714 0.790323
vt 0.300000 0.774194
vt 0.300000 0.790323
vt 0.314286 0.774194
vt 0.314286 0.790323
vt 0.328571 0.774194
vt 0.328571 0.790323
vt 0.342857 0.774194
vt 0.342857 0.790323
vt 0.357143 0.774193
vt 0.357143 0.790323
vt 0.371429 0.774194
vt 0.371429 0.790323
vt 0.385714 0.774194
vt 0.385714 0.790323
vt 0.400000 0.774194
vt 0.400000 0.790323
vt 0.414286 0.774194
vt 0.414286 0.790323
vt 0.428571 0.774194
vt 0.428571 0.790323
vt 0.442857 0.774194
vt 0.442857 0.790323
vt 0.457143 0.774194
vt 0.457143 0.790323
vt 0.471429 0.774194
vt 0.471429 0.790323
vt 0.485714 0.774194
vt 0.485714 0.790323
vt 0.500000 0.774194
vt 0.500000 0.790323
vt 0.514286 0.774194
vt 0.514286 0.790323
vt 0.528572 0.774194
vt 0.528571 0.790323
vt 0.542857 0.774194
vt 0.542857 0.790323
vt 0.557143 0.774193
vt 0.557143 0.790323
vt 0.571429 0.774194
vt 0.571429 0.790323
vt 0.585714 0.774193
vt 0.585714 0.790323
vt 0.600000 0.774194
vt 0.600000 0.790323
vt 0.614286 0.774193
vt 0.614286 0.790323
vt 0.628572 0.774194
vt 0.628572 0.790323
vt 0.642857 0.774193
vt 0.642857 0.790323
vt 0.657143 0.774194
vt 0.657143 0.790323
vt 0.671429 0.774193
vt 0.671429 0.790323
vt 0.685714 0.774194
vt 0.685714 0.790323
vt 0.700000 0.774194
vt 0.700000 0.790323
vt 0.714286 0.774194
vt 0.714286 0.790323
vt 0.728572 0.774194
vt 0.728571 0.790323
vt 0.742857 0.774194
vt 0.742857 0.790323
vt 0.757143 0.774194
vt 0.757143 0.790323
vt 0.771429 0.774194
vt 0.771429 0.790323
vt 0.785714 0.774194
vt 0.785714 0.790323
vt 0.800000 0.774194
vt 0.800000 0.790323
vt 0.814286 0.774194
vt 0.814286 0.790323
vt 0.828571 0.774194
vt 0.828571 0.790323
vt 0.842857 0.774194
vt 0.842857 0.790323
vt 0.857143 0.774194
vt 0.857143 0.790323
vt 0.871429 0.774194
vt 0.871429 0.790323
vt 0.885714 0.774194
vt 0.885714 0.790323
vt 0.900000 0.774194
vt 0.900000 0.790323
vt 0.914286 0.774194
vt 0.914286 0.790323
vt 0.928572 0.774194
vt 0.928572 0.790323
vt 0.942857 0.774194
vt 0.942857 0.790323
vt 0.957143 0.774194
vt 0.957143 0.790323
vt 0.000000 0.741935
vt 0.014286 0.741936
vt 0.014286 0.758065
vt 0.000000 0.758065
vt 0.028571 0.741936
vt 0.028571 0.758065
vt 0.042857 0.741936
vt 0.042857 0.758064
vt 0.057143 0.741935
vt 0.057143 0.758065
vt 0.071429 0.741936
vt 0.071429 0.758064
vt 0.085714 0.741935
vt 0.085714 0.758065
vt 0.100000 0.741935
vt 0.100000 0.758064
vt 0.114286 0.741935
vt 0.114286 0.758065
vt 0.128571 0.741935
vt 0.128571 0.758064
vt 0.142857 0.741935
vt 0.142857 0.758065
vt 0.157143 0.741935
vt 0.157143 0.758064
vt 0.171429 0.741935
vt 0.171429 0.758065
vt 0.185714 0.741935
vt 0.185714 0.758064
vt 0.200000 0.741935
vt 0.200000 0.758065
vt 0.214286 0.741935
vt 0.214286 0.758064
vt 0.228571 0.741935
vt 0.228571 0.758065
vt 0.242857 0.741935
vt 0.242857 0.758064
vt 0.257143 0.741935
vt 0.257143 0.758065
vt 0.271429 0.741935
vt 0.271429 0.758064
vt 0.285714 0.741935
vt 0.285714 0.758065
vt 0.300000 0.741935
vt 0.300000 0.758064
vt 0.314286 0.741935
vt 0.314286 0.758065
vt 0.328571 0.741935
vt 0.328571 0.758064
vt 0.342857 0.741935
vt 0.342857 0.758065
vt 0.357143 0.741935
vt 0.357143 0.758064
vt 0.371429 0.741935
vt 0.371429 0.758064
vt 0.385714 0.741935
vt 0.385714 0.758064
vt 0.400000 0.741935
vt 0.400000 0.758065
vt 0.414286 0.741935
vt 0.414286 0.758064
vt 0.428571 0.741935
vt 0.428571 0.758065
vt 0.442857 0.741935
vt 0.442857 0.758064
vt 0.457143 0.741935
vt 0.457143 0.758065
vt 0.471429 0.741935
vt 0.471429 0.758064
vt 0.485714 0.741935
vt 0.485714 0.758065
vt 0.500000 0.741935
vt 0.500000 0.758064
vt 0.514286 0.741935
vt 0.514286 0.758065
vt 0.528572 0.741935
vt 0.528571 0.758064
vt 0.542857 0.741935
vt 0.542857 0.758064
vt 0.557143 0.741935
vt 0.557143 0.758064
vt 0.571429 0.741935
vt 0.571429 0.758064
vt 0.585714 0.741935
vt 0.585714 0.758064
vt 0.600000 0.741935
vt 0.600000 0.758064
vt 0.614286 0.741935
vt 0.614286 0.758064
vt 0.628572 0.741935
vt 0.628572 0.758064
vt 0.642857 0.741935
vt 0.642857 0.758064
vt 0.657143 0.741935
vt 0.657143 0.758064
vt 0.671429 0.741935
vt 0.671429 0.758064
vt 0.685714 0.741935
vt 0.685714 0.758065
vt 0.700000 0.741936
vt 0.700000 0.758064
vt 0.714286 0.741935
vt 0.714286 0.758065
vt 0.728572 0.741936
vt 0.728571 0.758064
vt 0.742857 0.741935
vt 0.742857 0.758065
vt 0.757143 0.741936
vt 0.757143 0.758064
vt 0.771429 0.741935
vt 0.771429 0.758065
vt 0.785714 0.741935
vt 0.785714 0.758064
vt 0.800000 0.741935
vt 0.800000 0.758065
vt 0.814286 0.741935
vt 0.814286 0.758064
vt 0.828571 0.741935
vt 0.828571 0.758065
vt 0.842857 0.741935
vt 0.842857 0.758064
vt 0.857143 0.741935
vt 0.857143 0.758065
vt 0.871429 0.741935
vt 0.871429 0.758064
vt 0.885714 0.741935
vt 0.885714 0.758065
vt 0.900000 0.741935
vt 0.900000 0.758064
vt 0.914286 0.741935
vt 0.914286 0.758065
vt 0.928572 0.741935
vt 0.928572 0.758064
vt 0.942857 0.741935
vt 0.942857 0.758065
vt 0.957143 0.741936
vt 0.957143 0.758064
vt 0.000000 0.709677
vt 0.014286 0.709677
vt 0.014286 0.725806
vt 0.000000 0.725807
vt 0.028571 0.709677
vt 0.028571 0.725807
vt 0.042857 0.709678
vt 0.042857 0.725807
vt 0.057143 0.709678
vt 0.057143 0.725807
vt 0.071429 0.709678
vt 0.071429 0.725807
vt 0.085714 0.709677
vt 0.085714 0.725806
vt 0.100000 0.709677
vt 0.100000 0.725807
vt 0.114286 0.709677
vt 0.114286 0.725806
vt 0.128571 0.709677
vt 0.128571 0.725807
vt 0.142857 0.709677
vt 0.142857 0.725806
vt 0.157143 0.709677
vt 0.157143 0.725807
vt 0.171429 0.709677
vt 0.171429 0.725806
vt 0.185714 0.709677
vt 0.185714 0.725807
vt 0.200000 0.709677
vt 0.200000 0.725806
vt 0.214286 0.709677
vt 0.214286 0.725807
vt 0.228571 0.709677
vt 0.228571 0.725806
vt 0.242857 0.709677
vt 0.242857 0.725807
vt 0.257143 0.709677
vt 0.257143 0.725806
vt 0.271429 0.709677
vt 0.271429 0.725806
vt 0.285714 0.709677
vt 0.285714 0.725806
vt 0.300000 0.709677
vt 0.300000 0.725806
vt 0.314286 0.709677
vt 0.314286 0.725806
vt 0.328571 0.709677
vt 0.328571 0.725806
vt 0.342857 0.709677
vt 0.342857 0.725806
vt 0.357143 0.709677
vt 0.357143 0.725806
vt 0.371429 0.709677
vt 0.371429 0.725806
vt 0.385714 0.709677
vt 0.385714 0.725806
vt 0.400000 0.709677
vt 0.400000 0.725806
vt 0.414286 0.709677
vt 0.414286 0.725806
vt 0.428571 0.709677
vt 0.428571 0.725806
vt 0.442857 0.709677
vt 0.442857 0.725806
vt 0.457143 0.709677
vt 0.457143 0.725806
vt 0.471429 0.709677
vt 0.471429 0.725806
vt 0.485714 0.709677
vt 0.485714 0.725806
vt 0.500000 0.709677
vt 0.500000 0.725806
vt 0.514286 0.709677
vt 0.514286 0.725806
vt 0.528572 0.709677
vt 0.528571 0.725806
vt 0.542857 0.709677
vt 0.542857 0.725806
vt 0.557143 0.709677
vt 0.557143 0.725806
vt 0.571429 0.709677
vt 0.571429 0.725806
vt 0.585714 0.709677
vt 0.585714 0.725806
vt 0.600000 0.709677
vt 0.600000 0.725806
vt 0.614286 0.709677
vt 0.614286 0.725806
vt 0.628572 0.709677
vt 0.628572 0.725806
vt 0.642857 0.709677
vt 0.642857 0.725806
vt 0.657143 0.709677
vt 0.657143 0.725806
vt 0.671429 0.709677
vt 0.671429 0.725807
vt 0.685714 0.709677
vt 0.685714 0.725806
vt 0.700000 0.709677
vt 0.700000 0.725807
vt 0.714286 0.709677
vt 0.714286 0.725806
vt 0.728572 0.709677
vt 0.728571 0.725807
vt 0.742857 0.709677
vt 0.742857 0.725807
vt 0.757143 0.709677
vt 0.757143 0.725807
vt 0.771429 0.709677
vt 0.771429 0.725807
vt 0.785714 0.709677
vt 0.785714 0.725807
vt 0.800000 0.709677
vt 0.800000 0.725806
vt 0.814286 0.709677
vt 0.814286 0.725807
vt 0.828571 0.709677
vt 0.828571 0.725806
vt 0.842857 0.709678
vt 0.842857 0.725807
vt 0.857143 0.709678
vt 0.857143 0.725806
vt 0.871429 0.709678
vt 0.871429 0.725807
vt 0.885714 0.709677
vt 0.885714 0.725806
vt 0.900000 0.709677
vt 0.900000 0.725807
vt 0.914286 0.709677
vt 0.914286 0.725806
vt 0.928572 0.709677
vt 0.928572 0.725807
vt 0.942857 0.709677
vt 0.942857 0.725806
vt 0.957143 0.709677
vt 0.957143 0.725807
vt 0.000000 0.677419
vt 0.014286 0.677419
vt 0.014286 0.693549
vt 0.000000 0.693548
vt 0.028571 0.677419
vt 0.028571 0.693549
vt 0.042857 0.677419
vt 0.042857 0.693549
vt 0.057143 0.677419
vt 0.057143 0.693549
vt 0.071429 0.677419
vt 0.071429 0.693549
vt 0.085714 0.677419
vt 0.085714 0.693548
vt 0.100000 0.677419
vt 0.100000 0.693548
vt 0.114286 0.677419
vt 0.114286 0.693548
vt 0.128571 0.677419
vt 0.128571 0.693548
vt 0.142857 0.677419
vt 0.142857 0.693548
vt 0.157143 0.677419
vt 0.157143 0.693548
vt 0.171429 0.677419
vt 0.171429 0.693548
vt 0.185714 0.677419
vt 0.185714 0.693548
vt 0.200000 0.677419
vt 0.200000 0.693548
vt 0.214286 0.677419
vt 0.214286 0.693548
vt 0.228571 0.677419
vt 0.228571 0.693548
vt 0.242857 0.677419
vt 0.242857 0.693548
vt 0.257143 0.677419
vt 0.257143 0.693548
vt 0.271429 0.677419
vt 0.271429 0.693548
vt 0.285714 0.677419
vt 0.285714 0.693548
vt 0.300000 0.677419
vt 0.300000 0.693548
vt 0.314286 0.677419
vt 0.314286 0.693548
vt 0.328571 0.677419
vt 0.328571 0.693548
vt 0.342857 0.677419
vt 0.342857 0.693548
vt 0.357143 0.677419
vt 0.357143 0.693548
vt 0.371429 0.677419
vt 0.371429 0.693548
vt 0.385714 0.677419
vt 0.385714 0.693548
vt 0.400000 0.677419
vt 0.400000 0.693548
vt 0.414286 0.677419
vt 0.414286 0.693548
vt 0.428571 0.677419
vt 0.428571 0.693548
vt 0.442857 0.677419
vt 0.442857 0.693548
vt 0.457143 0.677419
vt 0.457143 0.693548
vt 0.471429 0.677419
vt 0.471429 0.693548
vt 0.485714 0.677419
vt 0.485714 0.693548
vt 0.500000 0.677419
vt 0.500000 0.693548
vt 0.514286 0.677419
vt 0.514286 0.693548
vt 0.528572 0.677419
vt 0.528571 0.693548
vt 0.542857 0.677419
vt 0.542857 0.693548
vt 0.557143 0.677419
vt 0.557143 0.693548
vt 0.571429 0.677419
vt 0.571429 0.693548
vt 0.585714 0.677419
vt 0.585714 0.693548
vt 0.600000 0.677419
vt 0.600000 0.693548
vt 0.614286 0.677419
vt 0.614286 0.693548
vt 0.628572 0.677419
vt 0.628572 0.693548
vt 0.642857 0.677419
vt 0.642857 0.693548
vt 0.657143 0.677419
vt 0.657143 0.693548
vt 0.671429 0.677419
vt 0.671429 0.693548
vt 0.685714 0.677419
vt 0.685714 0.693548
vt 0.700000 0.677419
vt 0.700000 0.693548
vt 0.714286 0.677419
vt 0.714286 0.693548
vt 0.728572 0.677419
vt 0.728571 0.693549
vt 0.742857 0.677419
vt 0.742857 0.693549
vt 0.757143 0.677419
vt 0.757143 0.693549
vt 0.771429 0.677419
vt 0.771429 0.693548
vt 0.785714 0.677419
vt 0.785714 0.693548
vt 0.800000 0.677419
vt 0.800000 0.693548
vt 0.814286 0.677419
vt 0.814286 0.693548
vt 0.828571 0.677419
vt 0.828571 0.693548
vt 0.842857 0.677419
vt 0.842857 0.693549
vt 0.857143 0.677419
vt 0.857143 0.693549
vt 0.871429 0.677419
vt 0.871429 0.693549
vt 0.885714 0.677419
vt 0.885714 0.693548
vt 0.900000 0.677419
vt 0.900000 0.693548
vt 0.914286 0.677419
vt 0.914286 0.693548
vt 0.928572 0.677419
vt 0.928572 0.693548
vt 0.942857 0.677419
vt 0.942857 0.693548
vt 0.957143 0.677419
vt 0.957143 0.693548
vt 0.000000 0.645161
vt 0.014286 0.645161
vt 0.014286 0.661290
vt 0.000000 0.661290
vt 0.028571 0.645161
vt 0.028571 0.661290
vt 0.042857 0.645161
vt 0.042857 0.661290
vt 0.057143 0.645161
vt 0.057143 0.661290
vt 0.071429 0.645161
vt 0.071429 0.661290
vt 0.085714 0.645161
vt 0.085714 0.661290
vt 0.100000 0.645161
vt 0.100000 0.661290
vt 0.114286 0.645161
vt 0.114286 0.661290
vt 0.128571 0.645161
vt 0.128571 0.661290
vt 0.142857 0.645161
vt 0.142857 0.661290
vt 0.157143 0.645161
vt 0.157143 0.661290
vt 0.171429 0.645161
vt 0.171429 0.661290
vt 0.185714 0.645161
vt 0.185714 0.661290
vt 0.200000 0.645161
vt 0.200000 0.661290
vt 0.214286 0.645161
vt 0.214286 0.661290
vt 0.228571 0.645161
vt 0.228571 0.661290
vt 0.242857 0.645161
vt 0.242857 0.661290
vt 0.257143 0.645161
vt 0.257143 0.661290
vt 0.271429 0.645161
vt 0.271429 0.661290
vt 0.285714 0.645161
vt 0.285714 0.661290
vt 0.300000 0.645161
vt 0.300000 0.661290
vt 0.314286 0.645161
vt 0.314286 0.661290
vt 0.328571 0.645161
vt 0.328571 0.661290
vt 0.342857 0.645161
vt 0.342857 0.661290
vt 0.357143 0.645161
vt 0.357143 0.661290
vt 0.371429 0.645161
vt 0.371429 0.661290
vt 0.385714 0.645161
vt 0.385714 0.661290
vt 0.400000 0.645161
vt 0.400000 0.661290
vt 0.414286 0.645161
vt 0.414286 0.661290
vt 0.428571 0.645161
vt 0.428571 0.661290
vt 0.442857 0.645161
vt 0.442857 0.661290
vt 0.457143 0.645161
vt 0.457143 0.661290
vt 0.471429 0.645161
vt 0.471429 0.661290
vt 0.485714 0.645161
vt 0.485714 0.661290
vt 0.500000 0.645161
vt 0.500000 0.661290
vt 0.514286 0.645161
vt 0.514286 0.661290
vt 0.528572 0.645161
vt 0.528571 0.661290
vt 0.542857 0.645161
vt 0.542857 0.661290
vt 0.557143 0.645161
vt 0.557143 0.661290
vt 0.571429 0.645161
vt 0.571429 0.661290
vt 0.585714 0.645161
vt 0.585714 0.661290
vt 0.600000 0.645161
vt 0.600000 0.661290
vt 0.614286 0.645161
vt 0.614286 0.661290
vt 0.628572 0.645161
vt 0.628572 0.661290
vt 0.642857 0.645161
vt 0.642857 0.661290
vt 0.657143 0.645161
vt 0.657143 0.661290
vt 0.671429 0.645161
vt 0.671429 0.661290
vt 0.685714 0.645161
vt 0.685714 0.661290
vt 0.700000 0.645161
vt 0.700000 0.661290
vt 0.714286 0.645161
vt 0.714286 0.661290
vt 0.728572 0.645161
vt 0.728571 0.661290
vt 0.742857 0.645161
vt 0.742857 0.661290
vt 0.757143 0.645161
vt 0.757143 0.661290
vt 0.771429 0.645161
vt 0.771429 0.661290
vt 0.785714 0.645161
vt 0.785714 0.661290
vt 0.800000 0.645161
vt 0.800000 0.661290
vt 0.814286 0.645161
vt 0.814286 0.661290
vt 0.828571 0.645161
vt 0.828571 0.661290
vt 0.842857 0.645161
vt 0.842857 0.661290
vt 0.857143 0.645161
vt 0.857143 0.661290
vt 0.871429 0.645161
vt 0.871429 0.661290
vt 0.885714 0.645161
vt 0.885714 0.661290
vt 0.900000 0.645161
vt 0.900000 0.661290
vt 0.914286 0.645161
vt 0.914286 0.661290
vt 0.928572 0.645161
vt 0.928572 0.661290
vt 0.942857 0.645161
vt 0.942857 0.661290
vt 0.957143 0.645161
vt 0.957143 0.661290
vt 0.000000 0.612903
vt 0.014286 0.612903
vt 0.014286 0.629032
vt 0.000000 0.629032
vt 0.028571 0.612903
vt 0.028571 0.629032
vt 0.042857 0.612903
vt 0.042857 0.629032
vt 0.057143 0.612903
vt 0.057143 0.629032
vt 0.071429 0.612903
vt 0.071429 0.629032
vt 0.085714 0.612903
vt 0.085714 0.629032
vt 0.100000 0.612903
vt 0.100000 0.629032
vt 0.114286 0.612903
vt 0.114286 0.629032
vt 0.128571 0.612903
vt 0.128571 0.629032
vt 0.142857 0.612903
vt 0.142857 0.629032
vt 0.157143 0.612903
vt 0.157143 0.629032
vt 0.171429 0.612903
vt 0.171429 0.629032
vt 0.185714 0.612903
vt 0.185714 0.629032
vt 0.200000 0.612903
vt 0.200000 0.629032
vt 0.214286 0.612903
vt 0.214286 0.629032
vt 0.228571 0.612903
vt 0.228571 0.629032
vt 0.242857 0.612903
vt 0.242857 0.629032
vt 0.257143 0.612903
vt 0.257143 0.629032
vt 0.271429 0.612903
vt 0.271429 0.629032
vt 0.285714 0.612903
vt 0.285714 0.629032
vt 0.300000 0.612903
vt 0.300000 0.629032
vt 0.314286 0.612903
vt 0.314286 0.629032
vt 0.328571 0.612903
vt 0.328571 0.629032
vt 0.342857 0.612903
vt 0.342857 0.629032
vt 0.357143 0.612903
vt 0.357143 0.629032
vt 0.371429 0.612903
vt 0.371429 0.629032
vt 0.385714 0.612903
vt 0.385714 0.629032
vt 0.400000 0.612903
vt 0.400000 0.629032
vt 0.414286 0.612903
vt 0.414286 0.629032
vt 0.428571 0.612903
vt 0.428571 0.629032
vt 0.442857 0.612903
vt 0.442857 0.629032
vt 0.457143 0.612903
vt 0.457143 0.629032
vt 0.471429 0.612903
vt 0.471429 0.629032
vt 0.485714 0.612903
vt 0.485714 0.629032
vt 0.500000 0.612903
vt 0.500000 0.629032
vt 0.514286 0.612903
vt 0.514286 0.629032
vt 0.528572 0.612903
vt 0.528571 0.629032
vt 0.542857 0.612903
vt 0.542857 0.629032
vt 0.557143 0.612903
vt 0.557143 0.629032
vt 0.571429 0.612903
vt 0.571429 0.629032
vt 0.585714 0.612903
vt 0.585714 0.629032
vt 0.600000 0.612903
vt 0.600000 0.629032
vt 0.614286 0.612903
vt 0.614286 0.629032
vt 0.628572 0.612903
vt 0.628572 0.629032
vt 0.642857 0.612903
vt 0.642857 0.629032
vt 0.657143 0.612903
vt 0.657143 0.629032
vt 0.671429 0.612903
vt 0.671429 0.629032
vt 0.685714 0.612903
vt 0.685714 0.629032
vt 0.700000 0.612903
vt 0.700000 0.629032
vt 0.714286 0.612903
vt 0.714286 0.629032
vt 0.728572 0.612903
vt 0.728571 0.629032
vt 0.742857 0.612903
vt 0.742857 0.629032
vt 0.757143 0.612903
vt 0.757143 0.629032
vt 0.771429 0.612903
vt 0.771429 0.629032
vt 0.785714 0.612903
vt 0.785714 0.629032
vt 0.800000 0.612903
vt 0.800000 0.629032
vt 0.814286 0.612903
vt 0.814286 0.629032
vt 0.828571 0.612903
vt 0.828571 0.629032
vt 0.842857 0.612903
vt 0.842857 0.629032
vt 0.857143 0.612903
vt 0.857143 0.629032
vt 0.871429 0.612903
vt 0.871429 0.629032
vt 0.885714 0.612903
vt 0.885714 0.629032
vt 0.900000 0.612903
vt 0.900000 0.629032
vt 0.914286 0.612903
vt 0.914286 0.629032
vt 0.928572 0.612903
vt 0.928572 0.629032
vt 0.942857 0.612903
vt 0.942857 0.629032
vt 0.957143 0.612903
vt 0.957143 0.629032
vt 0.000000 0.580645
vt 0.014286 0.580645
vt 0.014286 0.596774
vt 0.000000 0.596774
vt 0.028571 0.580645
vt 0.028571 0.596774
vt 0.042857 0.580645
vt 0.042857 0.596774
vt 0.057143 0.580645
vt 0.057143 0.596774
vt 0.071429 0.580645
vt 0.071429 0.596774
vt 0.085714 0.580645
vt 0.085714 0.596774
vt 0.100000 0.580645
vt 0.100000 0.596774
vt 0.114286 0.580645
vt 0.114286 0.596774
vt 0.128571 0.580645
vt 0.128571 0.596774
vt 0.142857 0.580645
vt 0.142857 0.596774
vt 0.157143 0.580645
vt 0.157143 0.596774
vt 0.171429 0.580645
vt 0.171429 0.596774
vt 0.185714 0.580645
vt 0.185714 0.596774
vt 0.200000 0.580645
vt 0.200000 0.596774
vt 0.214286 0.580645
vt 0.214286 0.596774
vt 0.228571 0.580645
vt 0.228571 0.596774
vt 0.242857 0.580645
vt 0.242857 0.596774
vt 0.257143 0.580645
vt 0.257143 0.596774
vt 0.271429 0.580645
vt 0.271429 0.596774
vt 0.285714 0.580645
vt 0.285714 0.596774
vt 0.300000 0.580645
vt 0.300000 0.596774
vt 0.314286 0.580645
vt 0.314286 0.596774
vt 0.328571 0.580645
vt 0.328571 0.596774
vt 0.342857 0.580645
vt 0.342857 0.596774
vt 0.357143 0.580645
vt 0.357143 0.596774
vt 0.371429 0.580645
vt 0.371429 0.596774
vt 0.385714 0.580645
vt 0.385714 0.596774
vt 0.400000 0.580645
vt 0.400000 0.596774
vt 0.414286 0.580645
vt 0.414286 0.596774
vt 0.428571 0.580645
vt 0.428571 0.596774
vt 0.442857 0.580645
vt 0.442857 0.596774
vt 0.457143 0.580645
vt 0.457143 0.596774
vt 0.471429 0.580645
vt 0.471429 0.596774
vt 0.485714 0.580645
vt 0.485714 0.596774
vt 0.500000 0.580645
vt 0.500000 0.596774
vt 0.514286 0.580645
vt 0.514286 0.596774
vt 0.528572 0.580645
vt 0.528571 0.596774
vt 0.542857 0.580645
vt 0.542857 0.596774
vt 0.557143 0.580645
vt 0.557143 0.596774
vt 0.571429 0.580645
vt 0.571429 0.596774
vt 0.585714 0.580645
vt 0.585714 0.596774
vt 0.600000 0.580645
vt 0.600000 0.596774
vt 0.614286 0.580645
vt 0.614286 0.596774
vt 0.628572 0.580645
vt 0.628572 0.596774
vt 0.642857 0.580645
vt 0.642857 0.596774
vt 0.657143 0.580645
vt 0.657143 0.596774
vt 0.671429 0.580645
vt 0.671429 0.596774
vt 0.685714 0.580645
vt 0.685714 0.596774
vt 0.700000 0.580645
vt 0.700000 0.596774
vt 0.714286 0.580645
vt 0.714286 0.596774
vt 0.728572 0.580645
vt 0.728571 0.596774
vt 0.742857 0.580645
vt 0.742857 0.596774
vt 0.757143 0.580645
vt 0.757143 0.596774
vt 0.771429 0.580645
vt 0.771429 0.596774
vt 0.785714 0.580645
vt 0.785714 0.596774
vt 0.800000 0.580645
vt 0.800000 0.596774
vt 0.814286 0.580645
vt 0.814286 0.596774
vt 0.828571 0.580645
vt 0.828571 0.596774
vt 0.842857 0.580645
vt 0.842857 0.596774
vt 0.857143 0.580645
vt 0.857143 0.596774
vt 0.871429 0.580645
vt 0.871429 0.596774
vt 0.885714 0.580645
vt 0.885714 0.596774
vt 0.900000 0.580645
vt 0.900000 0.596774
vt 0.914286 0.580645
vt 0.914286 0.596774
vt 0.928572 0.580645
vt 0.928572 0.596774
vt 0.942857 0.580645
vt 0.942857 0.596774
vt 0.957143 0.580645
vt 0.957143 0.596774
vt 0.000000 0.548387
vt 0.014286 0.548387
vt 0.014286 0.564516
vt 0.000000 0.564516
vt 0.028571 0.548387
vt 0.028571 0.564516
vt 0.042857 0.548387
vt 0.042857 0.564516
vt 0.057143 0.548387
vt 0.057143 0.564516
vt 0.071429 0.548387
vt 0.071429 0.564516
vt 0.085714 0.548387
vt 0.085714 0.564516
vt 0.100000 0.548387
vt 0.100000 0.564516
vt 0.114286 0.548387
vt 0.114286 0.564516
vt 0.128571 0.548387
vt 0.128571 0.564516
vt 0.142857 0.548387
vt 0.142857 0.564516
vt 0.157143 0.548387
vt 0.157143 0.564516
vt 0.171429 0.548387
vt 0.171429 0.564516
vt 0.185714 0.548387
vt 0.185714 0.564516
vt 0.200000 0.548387
vt 0.200000 0.564516
vt 0.214286 0.548387
vt 0.214286 0.564516
vt 0.228571 0.548387
vt 0.228571 0.564516
vt 0.242857 0.548387
vt 0.242857 0.564516
vt 0.257143 0.548387
vt 0.257143 0.564516
vt 0.271429 0.548387
vt 0.271429 0.564516
vt 0.285714 0.548387
vt 0.285714 0.564516
vt 0.300000 0.548387
vt 0.300000 0.564516
vt 0.314286 0.548387
vt 0.314286 0.564516
vt 0.328571 0.548387
vt 0.328571 0.564516
vt 0.342857 0.548387
vt 0.342857 0.564516
vt 0.357143 0.548387
vt 0.357143 0.564516
vt 0.371429 0.548387
vt 0.371429 0.564516
vt 0.385714 0.548387
vt 0.385714 0.564516
vt 0.400000 0.548387
vt 0.400000 0.564516
vt 0.414286 0.548387
vt 0.414286 0.564516
vt 0.428571 0.548387
vt 0.428571 0.564516
vt 0.442857 0.548387
vt 0.442857 0.564516
vt 0.457143 0.548387
vt 0.457143 0.564516
vt 0.471429 0.548387
vt 0.471429 0.564516
vt 0.485714 0.548387
vt 0.485714 0.564516
vt 0.500000 0.548387
vt 0.500000 0.564516
vt 0.514286 0.548387
vt 0.514286 0.564516
vt 0.528572 0.548387
vt 0.528571 0.564516
vt 0.542857 0.548387
vt 0.542857 0.564516
vt 0.557143 0.548387
vt 0.557143 0.564516
vt 0.571429 0.548387
vt 0.571429 0.564516
vt 0.585714 0.548387
vt 0.585714 0.564516
vt 0.600000 0.548387
vt 0.600000 0.564516
vt 0.614286 0.548387
vt 0.614286 0.564516
vt 0.628572 0.548387
vt 0.628572 0.564516
vt 0.642857 0.548387
vt 0.642857 0.564516
vt 0.657143 0.548387
vt 0.657143 0.564516
vt 0.671429 0.548387
vt 0.671429 0.564516
vt 0.685714 0.548387
vt 0.685714 0.564516
vt 0.700000 0.548387
vt 0.700000 0.564516
vt 0.714286 0.548387
vt 0.714286 0.564516
vt 0.728572 0.548387
vt 0.728571 0.564516
vt 0.742857 0.548387
vt 0.742857 0.564516
vt 0.757143 0.548387
vt 0.757143 0.564516
vt 0.771429 0.548387
vt 0.771429 0.564516
vt 0.785714 0.548387
vt 0.785714 0.564516
vt 0.800000 0.548387
vt 0.800000 0.564516
vt 0.814286 0.548387
vt 0.814286 0.564516
vt 0.828571 0.548387
vt 0.828571 0.564516
vt 0.842857 0.548387
vt 0.842857 0.564516
vt 0.857143 0.548387
vt 0.857143 0.564516
vt 0.871429 0.548387
vt 0.871429 0.564516
vt 0.885714 0.548387
vt 0.885714 0.564516
vt 0.900000 0.548387
vt 0.900000 0.564516
vt 0.914286 0.548387
vt 0.914286 0.564516
vt 0.928572 0.548387
vt 0.928572 0.564516
vt 0.942857 0.548387
vt 0.942857 0.564516
vt 0.957143 0.548387
vt 0.957143 0.564516
vt 0.000000 0.516129
vt 0.014286 0.516129
vt 0.014286 0.532258
vt 0.000000 0.532258
vt 0.028571 0.516129
vt 0.028571 0.532258
vt 0.042857 0.516129
vt 0.042857 0.532258
vt 0.057143 0.516129
vt 0.057143 0.532258
vt 0.071429 0.516129
vt 0.071429 0.532258
vt 0.085714 0.516129
vt 0.085714 0.532258
vt 0.100000 0.516129
vt 0.100000 0.532258
vt 0.114286 0.516129
vt 0.114286 0.532258
vt 0.128571 0.516129
vt 0.128571 0.532258
vt 0.142857 0.516129
vt 0.142857 0.532258
vt 0.157143 0.516129
vt 0.157143 0.532258
vt 0.171429 0.516129
vt 0.171429 0.532258
vt 0.185714 0.516129
vt 0.185714 0.532258
vt 0.200000 0.516129
vt 0.200000 0.532258
vt 0.214286 0.516129
vt 0.214286 0.532258
vt 0.228571 0.516129
vt 0.228571 0.532258
vt 0.242857 0.516129
vt 0.242857 0.532258
vt 0.257143 0.516129
vt 0.257143 0.532258
vt 0.271429 0.516129
vt 0.271429 0.532258
vt 0.285714 0.516129
vt 0.285714 0.532258
vt 0.300000 0.516129
vt 0.300000 0.532258
vt 0.314286 0.516129
vt 0.314286 0.532258
vt 0.328571 0.516129
vt 0.328571 0.532258
vt 0.342857 0.516129
vt 0.342857 0.532258
vt 0.357143 0.516129
vt 0.357143 0.532258
vt 0.371429 0.516129
vt 0.371429 0.532258
vt 0.385714 0.516129
vt 0.385714 0.532258
vt 0.400000 0.516129
vt 0.400000 0.532258
vt 0.414286 0.516129
vt 0.414286 0.532258
vt 0.428571 0.516129
vt 0.428571 0.532258
vt 0.442857 0.516129
vt 0.442857 0.532258
vt 0.457143 0.516129
vt 0.457143 0.532258
vt 0.471429 0.516129
vt 0.471429 0.532258
vt 0.485714 0.516129
vt 0.485714 0.532258
vt 0.500000 0.516129
vt 0.500000 0.532258
vt 0.514286 0.516129
vt 0.514286 0.532258
vt 0.528572 0.516129
vt 0.528571 0.532258
vt 0.542857 0.516129
vt 0.542857 0.532258
vt 0.557143 0.516129
vt 0.557143 0.532258
vt 0.571429 0.516129
vt 0.571429 0.532258
vt 0.585714 0.516129
vt 0.585714 0.532258
vt 0.600000 0.516129
vt 0.600000 0.532258
vt 0.614286 0.516129
vt 0.614286 0.532258
vt 0.628572 0.516129
vt 0.628572 0.532258
vt 0.642857 0.516129
vt 0.642857 0.532258
vt 0.657143 0.516129
vt 0.657143 0.532258
vt 0.671429 0.516129
vt 0.671429 0.532258
vt 0.685714 0.516129
vt 0.685714 0.532258
vt 0.700000 0.516129
vt 0.700000 0.532258
vt 0.714286 0.516129
vt 0.714286 0.532258
vt 0.728572 0.516129
vt 0.728571 0.532258
vt 0.742857 0.516129
vt 0.742857 0.532258
vt 0.757143 0.516129
vt 0.757143 0.532258
vt 0.771429 0.516129
vt 0.771429 0.532258
vt 0.785714 0.516129
vt 0.785714 0.532258
vt 0.800000 0.516129
vt 0.800000 0.532258
vt 0.814286 0.516129
vt 0.814286 0.532258
vt 0.828571 0.516129
vt 0.828571 0.532258
vt 0.842857 0.516129
vt 0.842857 0.532258
vt 0.857143 0.516129
vt 0.857143 0.532258
vt 0.871429 0.516129
vt 0.871429 0.532258
vt 0.885714 0.516129
vt 0.885714 0.532258
vt 0.900000 0.516129
vt 0.900000 0.532258
vt 0.914286 0.516129
vt 0.914286 0.532258
vt 0.928572 0.516129
vt 0.928572 0.532258
vt 0.942857 0.516129
vt 0.942857 0.532258
vt 0.957143 0.516129
vt 0.957143 0.532258
vt 0.000000 0.483871
vt 0.014286 0.483871
vt 0.014286 0.500000
vt 0.000000 0.500000
vt 0.028571 0.483871
vt 0.028571 0.500000
vt 0.042857 0.483871
vt 0.042857 0.500000
vt 0.057143 0.483871
vt 0.057143 0.500000
vt 0.071429 0.483871
vt 0.071429 0.500000
vt 0.085714 0.483871
vt 0.085714 0.500000
vt 0.100000 0.483871
vt 0.100000 0.500000
vt 0.114286 0.483871
vt 0.114286 0.500000
vt 0.128571 0.483871
vt 0.128571 0.500000
vt 0.142857 0.483871
vt 0.142857 0.500000
vt 0.157143 0.483871
vt 0.157143 0.500000
vt 0.171429 0.483871
vt 0.171429 0.500000
vt 0.185714 0.483871
vt 0.185714 0.500000
vt 0.200000 0.483871
vt 0.200000 0.500000
vt 0.214286 0.483871
vt 0.214286 0.500000
vt 0.228571 0.483871
vt 0.228571 0.500000
vt 0.242857 0.483871
vt 0.242857 0.500000
vt 0.257143 0.483871
vt 0.257143 0.500000
vt 0.271429 0.483871
vt 0.271429 0.500000
vt 0.285714 0.483871
vt 0.285714 0.500000
vt 0.300000 0.483871
vt 0.300000 0.500000
vt 0.314286 0.483871
vt 0.314286 0.500000
vt 0.328571 0.483871
vt 0.328571 0.500000
vt 0.342857 0.483871
vt 0.342857 0.500000
vt 0.357143 0.483871
vt 0.357143 0.500000
vt 0.371429 0.483871
vt 0.371429 0.500000
vt 0.385714 0.483871
vt 0.385714 0.500000
vt 0.400000 0.483871
vt 0.400000 0.500000
vt 0.414286 0.483871
vt 0.414286 0.500000
vt 0.428571 0.483871
vt 0.428572 0.500000
vt 0.442857 0.483871
vt 0.442857 0.500000
vt 0.457143 0.483871
vt 0.457143 0.500000
vt 0.471429 0.483871
vt 0.471429 0.500000
vt 0.485714 0.483871
vt 0.485714 0.500000
vt 0.500000 0.483871
vt 0.500000 0.500000
vt 0.514286 0.483871
vt 0.514286 0.500000
vt 0.528572 0.483871
vt 0.528571 0.500000
vt 0.542857 0.483871
vt 0.542857 0.500000
vt 0.557143 0.483871
vt 0.557143 0.500000
vt 0.571429 0.483871
vt 0.571429 0.500000
vt 0.585714 0.483871
vt 0.585714 0.500000
vt 0.600000 0.483871
vt 0.600000 0.500000
vt 0.614286 0.483871
vt 0.614286 0.500000
vt 0.628572 0.483871
vt 0.628572 0.500000
vt 0.642857 0.483871
vt 0.642857 0.500000
vt 0.657143 0.483871
vt 0.657143 0.500000
vt 0.671429 0.483871
vt 0.671429 0.500000
vt 0.685714 0.483871
vt 0.685714 0.500000
vt 0.700000 0.483871
vt 0.700000 0.500000
vt 0.714286 0.483871
vt 0.714286 0.500000
vt 0.728572 0.483871
vt 0.728571 0.500000
vt 0.742857 0.483871
vt 0.742857 0.500000
vt 0.757143 0.483871
vt 0.757143 0.500000
vt 0.771429 0.483871
vt 0.771429 0.500000
vt 0.785714 0.483871
vt 0.785714 0.500000
vt 0.800000 0.483871
vt 0.800000 0.500000
vt 0.814286 0.483871
vt 0.814286 0.500000
vt 0.828571 0.483871
vt 0.828571 0.500000
vt 0.842857 0.483871
vt 0.842857 0.500000
vt 0.857143 0.483871
vt 0.857143 0.500000
vt 0.871429 0.483871
vt 0.871429 0.500000
vt 0.885714 0.483871
vt 0.885714 0.500000
vt 0.900000 0.483871
vt 0.900000 0.500000
vt 0.914286 0.483871
vt 0.914286 0.500000
vt 0.928572 0.483871
vt 0.928572 0.500000
vt 0.942857 0.483871
vt 0.942857 0.500000
vt 0.957143 0.483871
vt 0.957143 0.500000
vt 0.000000 0.451613
vt 0.014286 0.451613
vt 0.014286 0.467742
vt 0.000000 0.467742
vt 0.028571 0.451613
vt 0.028571 0.467742
vt 0.042857 0.451613
vt 0.042857 0.467742
vt 0.057143 0.451613
vt 0.057143 0.467742
vt 0.071429 0.451613
vt 0.071429 0.467742
vt 0.085714 0.451613
vt 0.085714 0.467742
vt 0.100000 0.451613
vt 0.100000 0.467742
vt 0.114286 0.451613
vt 0.114286 0.467742
vt 0.128571 0.451613
vt 0.128571 0.467742
vt 0.142857 0.451613
vt 0.142857 0.467742
vt 0.157143 0.451613
vt 0.157143 0.467742
vt 0.171429 0.451613
vt 0.171429 0.467742
vt 0.185714 0.451613
vt 0.185714 0.467742
vt 0.200000 0.451613
vt 0.200000 0.467742
vt 0.214286 0.451613
vt 0.214286 0.467742
vt 0.228571 0.451613
vt 0.228571 0.467742
vt 0.242857 0.451613
vt 0.242857 0.467742
vt 0.257143 0.451613
vt 0.257143 0.467742
vt 0.271429 0.451613
vt 0.271429 0.467742
vt 0.285714 0.451613
vt 0.285714 0.467742
vt 0.300000 0.451613
vt 0.300000 0.467742
vt 0.314286 0.451613
vt 0.314286 0.467742
vt 0.328571 0.451613
vt 0.328571 0.467742
vt 0.342857 0.451613
vt 0.342857 0.467742
vt 0.357143 0.451613
vt 0.357143 0.467742
vt 0.371429 0.451613
vt 0.371429 0.467742
vt 0.385714 0.451613
vt 0.385714 0.467742
vt 0.400000 0.451613
vt 0.400000 0.467742
vt 0.414286 0.451613
vt 0.414286 0.467742
vt 0.428571 0.451613
vt 0.428571 0.467742
vt 0.442857 0.451613
vt 0.442857 0.467742
vt 0.457143 0.451613
vt 0.457143 0.467742
vt 0.471429 0.451613
vt 0.471429 0.467742
vt 0.485714 0.451613
vt 0.485714 0.467742
vt 0.500000 0.451613
vt 0.500000 0.467742
vt 0.514286 0.451613
vt 0.514286 0.467742
vt 0.528572 0.451613
vt 0.528571 0.467742
vt 0.542857 0.451613
vt 0.542857 0.467742
vt 0.557143 0.451613
vt 0.557143 0.467742
vt 0.571429 0.451613
vt 0.571429 0.467742
vt 0.585714 0.451613
vt 0.585714 0.467742
vt 0.600000 0.451613
vt 0.600000 0.467742
vt 0.614286 0.451613
vt 0.614286 0.467742
vt 0.628572 0.451613
vt 0.628572 0.467742
vt 0.642857 0.451613
vt 0.642857 0.467742
vt 0.657143 0.451613
vt 0.657143 0.467742
vt 0.671429 0.451613
vt 0.671429 0.467742
vt 0.685714 0.451613
vt 0.685714 0.467742
vt 0.700000 0.451613
vt 0.700000 0.467742
vt 0.714286 0.451613
vt 0.714286 0.467742
vt 0.728572 0.451613
vt 0.728571 0.467742
vt 0.742857 0.451613
vt 0.742857 0.467742
vt 0.757143 0.451613
vt 0.757143 0.467742
vt 0.771429 0.451613
vt 0.771429 0.467742
vt 0.785714 0.451613
vt 0.785714 0.467742
vt 0.800000 0.451613
vt 0.800000 0.467742
vt 0.814286 0.451613
vt 0.814286 0.467742
vt 0.828571 0.451613
vt 0.828571 0.467742
vt 0.842857 0.451613
vt 0.842857 0.467742
vt 0.857143 0.451613
vt 0.857143 0.467742
vt 0.871429 0.451613
vt 0.871429 0.467742
vt 0.885714 0.451613
vt 0.885714 0.467742
vt 0.900000 0.451613
vt 0.900000 0.467742
vt 0.914286 0.451613
vt 0.914286 0.467742
vt 0.928572 0.451613
vt 0.928572 0.467742
vt 0.942857 0.451613
vt 0.942857 0.467742
vt 0.957143 0.451613
vt 0.957143 0.467742
vt 0.000000 0.419355
vt 0.014286 0.419355
vt 0.014286 0.435484
vt 0.000000 0.435484
vt 0.028571 0.419355
vt 0.028571 0.435484
vt 0.042857 0.419355
vt 0.042857 0.435484
vt 0.057143 0.419355
vt 0.057143 0.435484
vt 0.071429 0.419355
vt 0.071429 0.435484
vt 0.085714 0.419355
vt 0.085714 0.435484
vt 0.100000 0.419355
vt 0.100000 0.435484
vt 0.114286 0.419355
vt 0.114286 0.435484
vt 0.128571 0.419355
vt 0.128571 0.435484
vt 0.142857 0.419355
vt 0.142857 0.435484
vt 0.157143 0.419355
vt 0.157143 0.435484
vt 0.171429 0.419355
vt 0.171429 0.435484
vt 0.185714 0.419355
vt 0.185714 0.435484
vt 0.200000 0.419355
vt 0.200000 0.435484
vt 0.214286 0.419355
vt 0.214286 0.435484
vt 0.228571 0.419355
vt 0.228571 0.435484
vt 0.242857 0.419355
vt 0.242857 0.435484
vt 0.257143 0.419355
vt 0.257143 0.435484
vt 0.271429 0.419355
vt 0.271429 0.435484
vt 0.285714 0.419355
vt 0.285714 0.435484
vt 0.300000 0.419355
vt 0.300000 0.435484
vt 0.314286 0.419355
vt 0.314286 0.435484
vt 0.328571 0.419355
vt 0.328571 0.435484
vt 0.342857 0.419355
vt 0.342857 0.435484
vt 0.357143 0.419355
vt 0.357143 0.435484
vt 0.371429 0.419355
vt 0.371429 0.435484
vt 0.385714 0.419355
vt 0.385714 0.435484
vt 0.400000 0.419355
vt 0.400000 0.435484
vt 0.414286 0.419355
vt 0.414286 0.435484
vt 0.428571 0.419355
vt 0.428571 0.435484
vt 0.442857 0.419355
vt 0.442857 0.435484
vt 0.457143 0.419355
vt 0.457143 0.435484
vt 0.471429 0.419355
vt 0.471429 0.435484
vt 0.485714 0.419355
vt 0.485714 0.435484
vt 0.500000 0.419355
vt 0.500000 0.435484
vt 0.514286 0.419355
vt 0.514286 0.435484
vt 0.528572 0.419355
vt 0.528571 0.435484
vt 0.542857 0.419355
vt 0.542857 0.435484
vt 0.557143 0.419355
vt 0.557143 0.435484
vt 0.571429 0.419355
vt 0.571429 0.435484
vt 0.585714 0.419355
vt 0.585714 0.435484
vt 0.600000 0.419355
vt 0.600000 0.435484
vt 0.614286 0.419355
vt 0.614286 0.435484
vt 0.628572 0.419355
vt 0.628572 0.435484
vt 0.642857 0.419355
vt 0.642857 0.435484
vt 0.657143 0.419355
vt 0.657143 0.435484
vt 0.671429 0.419355
vt 0.671429 0.435484
vt 0.685714 0.419355
vt 0.685714 0.435484
vt 0.700000 0.419355
vt 0.700000 0.435484
vt 0.714286 0.419355
vt 0.714286 0.435484
vt 0.728572 0.419355
vt 0.728571 0.435484
vt 0.742857 0.419355
vt 0.742857 0.435484
vt 0.757143 0.419355
vt 0.757143 0.435484
vt 0.771429 0.419355
vt 0.771429 0.435484
vt 0.785714 0.419355
vt 0.785714 0.435484
vt 0.800000 0.419355
vt 0.800000 0.435484
vt 0.814286 0.419355
vt 0.814286 0.435484
vt 0.828571 0.419355
vt 0.828571 0.435484
vt 0.842857 0.419355
vt 0.842857 0.435484
vt 0.857143 0.419355
vt 0.857143 0.435484
vt 0.871429 0.419355
vt 0.871429 0.435484
vt 0.885714 0.419355
vt 0.885714 0.435484
vt 0.900000 0.419355
vt 0.900000 0.435484
vt 0.914286 0.419355
vt 0.914286 0.435484
vt 0.928572 0.419355
vt 0.928572 0.435484
vt 0.942857 0.419355
vt 0.942857 0.435484
vt 0.957143 0.419355
vt 0.957143 0.435484
vt 0.000000 0.387097
vt 0.014286 0.387097
vt 0.014286 0.403226
vt 0.000000 0.403226
vt 0.028571 0.387097
vt 0.028571 0.403226
vt 0.042857 0.387097
vt 0.042857 0.403226
vt 0.057143 0.387097
vt 0.057143 0.403226
vt 0.071429 0.387097
vt 0.071429 0.403226
vt 0.085714 0.387097
vt 0.085714 0.403226
vt 0.100000 0.387097
vt 0.100000 0.403226
vt 0.114286 0.387097
vt 0.114286 0.403226
vt 0.128571 0.387097
vt 0.128571 0.403226
vt 0.142857 0.387097
vt 0.142857 0.403226
vt 0.157143 0.387097
vt 0.157143 0.403226
vt 0.171429 0.387097
vt 0.171429 0.403226
vt 0.185714 0.387097
vt 0.185714 0.403226
vt 0.200000 0.387097
vt 0.200000 0.403226
vt 0.214286 0.387097
vt 0.214286 0.403226
vt 0.228571 0.387097
vt 0.228571 0.403226
vt 0.242857 0.387097
vt 0.242857 0.403226
vt 0.257143 0.387097
vt 0.257143 0.403226
vt 0.271429 0.387097
vt 0.271429 0.403226
vt 0.285714 0.387097
vt 0.285714 0.403226
vt 0.300000 0.387097
vt 0.300000 0.403226
vt 0.314286 0.387097
vt 0.314286 0.403226
vt 0.328571 0.387097
vt 0.328571 0.403226
vt 0.342857 0.387097
vt 0.342857 0.403226
vt 0.357143 0.387097
vt 0.357143 0.403226
vt 0.371429 0.387097
vt 0.371429 0.403226
vt 0.385714 0.387097
vt 0.385714 0.403226
vt 0.400000 0.387097
vt 0.400000 0.403226
vt 0.414286 0.387097
vt 0.414286 0.403226
vt 0.428571 0.387097
vt 0.428571 0.403226
vt 0.442857 0.387097
vt 0.442857 0.403226
vt 0.457143 0.387097
vt 0.457143 0.403226
vt 0.471429 0.387097
vt 0.471429 0.403226
vt 0.485714 0.387097
vt 0.485714 0.403226
vt 0.500000 0.387097
vt 0.500000 0.403226
vt 0.514286 0.387097
vt 0.514286 0.403226
vt 0.528572 0.387097
vt 0.528571 0.403226
vt 0.542857 0.387097
vt 0.542857 0.403226
vt 0.557143 0.387097
vt 0.557143 0.403226
vt 0.571429 0.387097
vt 0.571429 0.403226
vt 0.585714 0.387097
vt 0.585714 0.403226
vt 0.600000 0.387097
vt 0.600000 0.403226
vt 0.614286 0.387097
vt 0.614286 0.403226
vt 0.628572 0.387097
vt 0.628572 0.403226
vt 0.642857 0.387097
vt 0.642857 0.403226
vt 0.657143 0.387097
vt 0.657143 0.403226
vt 0.671429 0.387097
vt 0.671429 0.403226
vt 0.685714 0.387097
vt 0.685714 0.403226
vt 0.700000 0.387097
vt 0.700000 0.403226
vt 0.714286 0.387097
vt 0.714286 0.403226
vt 0.728572 0.387097
vt 0.728571 0.403226
vt 0.742857 0.387097
vt 0.742857 0.403226
vt 0.757143 0.387097
vt 0.757143 0.403226
vt 0.771429 0.387097
vt 0.771429 0.403226
vt 0.785714 0.387097
vt 0.785714 0.403226
vt 0.800000 0.387097
vt 0.800000 0.403226
vt 0.814286 0.387097
vt 0.814286 0.403226
vt 0.828571 0.387097
vt 0.828571 0.403226
vt 0.842857 0.387097
vt 0.842857 0.403226
vt 0.857143 0.387097
vt 0.857143 0.403226
vt 0.871429 0.387097
vt 0.871429 0.403226
vt 0.885714 0.387097
vt 0.885714 0.403226
vt 0.900000 0.387097
vt 0.900000 0.403226
vt 0.914286 0.387097
vt 0.914286 0.403226
vt 0.928572 0.387097
vt 0.928572 0.403226
vt 0.942857 0.387097
vt 0.942857 0.403226
vt 0.957143 0.387097
vt 0.957143 0.403226
vt 0.000000 0.354839
vt 0.014286 0.354839
vt 0.014286 0.370968
vt 0.000000 0.370968
vt 0.028571 0.354839
vt 0.028571 0.370968
vt 0.042857 0.354839
vt 0.042857 0.370968
vt 0.057143 0.354839
vt 0.057143 0.370968
vt 0.071429 0.354839
vt 0.071429 0.370968
vt 0.085714 0.354839
vt 0.085714 0.370968
vt 0.100000 0.354839
vt 0.100000 0.370968
vt 0.114286 0.354839
vt 0.114286 0.370968
vt 0.128571 0.354839
vt 0.128571 0.370968
vt 0.142857 0.354839
vt 0.142857 0.370968
vt 0.157143 0.354839
vt 0.157143 0.370968
vt 0.171429 0.354839
vt 0.171429 0.370968
vt 0.185714 0.354839
vt 0.185714 0.370968
vt 0.200000 0.354839
vt 0.200000 0.370968
vt 0.214286 0.354839
vt 0.214286 0.370968
vt 0.228571 0.354839
vt 0.228571 0.370968
vt 0.242857 0.354839
vt 0.242857 0.370968
vt 0.257143 0.354839
vt 0.257143 0.370968
vt 0.271429 0.354839
vt 0.271429 0.370968
vt 0.285714 0.354839
vt 0.285714 0.370968
vt 0.300000 0.354839
vt 0.300000 0.370968
vt 0.314286 0.354839
vt 0.314286 0.370968
vt 0.328571 0.354839
vt 0.328571 0.370968
vt 0.342857 0.354839
vt 0.342857 0.370968
vt 0.357143 0.354839
vt 0.357143 0.370968
vt 0.371429 0.354839
vt 0.371429 0.370968
vt 0.385714 0.354839
vt 0.385714 0.370968
vt 0.400000 0.354839
vt 0.400000 0.370968
vt 0.414286 0.354839
vt 0.414286 0.370968
vt 0.428571 0.354839
vt 0.428571 0.370968
vt 0.442857 0.354839
vt 0.442857 0.370968
vt 0.457143 0.354839
vt 0.457143 0.370968
vt 0.471429 0.354839
vt 0.471429 0.370968
vt 0.485714 0.354839
vt 0.485714 0.370968
vt 0.500000 0.354839
vt 0.500000 0.370968
vt 0.514286 0.354839
vt 0.514286 0.370968
vt 0.528572 0.354839
vt 0.528571 0.370968
vt 0.542857 0.354839
vt 0.542857 0.370968
vt 0.557143 0.354839
vt 0.557143 0.370968
vt 0.571429 0.354839
vt 0.571429 0.370968
vt 0.585714 0.354839
vt 0.585714 0.370968
vt 0.600000 0.354839
vt 0.600000 0.370968
vt 0.614286 0.354839
vt 0.614286 0.370968
vt 0.628572 0.354839
vt 0.628572 0.370968
vt 0.642857 0.354839
vt 0.642857 0.370968
vt 0.657143 0.354839
vt 0.657143 0.370968
vt 0.671429 0.354839
vt 0.671429 0.370968
vt 0.685714 0.354839
vt 0.685714 0.370968
vt 0.700000 0.354839
vt 0.700000 0.370968
vt 0.714286 0.354839
vt 0.714286 0.370968
vt 0.728572 0.354839
vt 0.728571 0.370968
vt 0.742857 0.354839
vt 0.742857 0.370968
vt 0.757143 0.354839
vt 0.757143 0.370968
vt 0.771429 0.354839
vt 0.771429 0.370968
vt 0.785714 0.354839
vt 0.785714 0.370968
vt 0.800000 0.354839
vt 0.800000 0.370968
vt 0.814286 0.354839
vt 0.814286 0.370968
vt 0.828571 0.354839
vt 0.828571 0.370968
vt 0.842857 0.354839
vt 0.842857 0.370968
vt 0.857143 0.354839
vt 0.857143 0.370968
vt 0.871429 0.354839
vt 0.871429 0.370968
vt 0.885714 0.354839
vt 0.885714 0.370968
vt 0.900000 0.354839
vt 0.900000 0.370968
vt 0.914286 0.354839
vt 0.914286 0.370968
vt 0.928572 0.354839
vt 0.928572 0.370968
vt 0.942857 0.354839
vt 0.942857 0.370968
vt 0.957143 0.354839
vt 0.957143 0.370968
vt 0.000000 0.322581
vt 0.014286 0.322581
vt 0.014286 0.338710
vt 0.000000 0.338710
vt 0.028571 0.322581
vt 0.028571 0.338710
vt 0.042857 0.322581
vt 0.042857 0.338710
vt 0.057143 0.322581
vt 0.057143 0.338710
vt 0.071429 0.322581
vt 0.071429 0.338710
vt 0.085714 0.322581
vt 0.085714 0.338710
vt 0.100000 0.322581
vt 0.100000 0.338710
vt 0.114286 0.322581
vt 0.114286 0.338710
vt 0.128571 0.322581
vt 0.128571 0.338710
vt 0.142857 0.322581
vt 0.142857 0.338710
vt 0.157143 0.322581
vt 0.157143 0.338710
vt 0.171429 0.322581
vt 0.171429 0.338710
vt 0.185714 0.322581
vt 0.185714 0.338710
vt 0.200000 0.322581
vt 0.200000 0.338710
vt 0.214286 0.322581
vt 0.214286 0.338710
vt 0.228571 0.322581
vt 0.228571 0.338710
vt 0.242857 0.322581
vt 0.242857 0.338710
vt 0.257143 0.322581
vt 0.257143 0.338710
vt 0.271429 0.322581
vt 0.271429 0.338710
vt 0.285714 0.322581
vt 0.285714 0.338710
vt 0.300000 0.322581
vt 0.300000 0.338710
vt 0.314286 0.322581
vt 0.314286 0.338710
vt 0.328571 0.322581
vt 0.328571 0.338710
vt 0.342857 0.322581
vt 0.342857 0.338710
vt 0.357143 0.322581
vt 0.357143 0.338710
vt 0.371429 0.322581
vt 0.371429 0.338710
vt 0.385714 0.322581
vt 0.385714 0.338710
vt 0.400000 0.322581
vt 0.400000 0.338710
vt 0.414286 0.322581
vt 0.414286 0.338710
vt 0.428571 0.322581
vt 0.428571 0.338710
vt 0.442857 0.322581
vt 0.442857 0.338710
vt 0.457143 0.322581
vt 0.457143 0.338710
vt 0.471429 0.322581
vt 0.471429 0.338710
vt 0.485714 0.322581
vt 0.485714 0.338710
vt 0.500000 0.322581
vt 0.500000 0.338710
vt 0.514286 0.322581
vt 0.514286 0.338710
vt 0.528572 0.322581
vt 0.528571 0.338710
vt 0.542857 0.322581
vt 0.542857 0.338710
vt 0.557143 0.322581
vt 0.557143 0.338710
vt 0.571429 0.322581
vt 0.571429 0.338710
vt 0.585714 0.322581
vt 0.585714 0.338710
vt 0.600000 0.322581
vt 0.600000 0.338710
vt 0.614286 0.322581
vt 0.614286 0.338710
vt 0.628572 0.322581
vt 0.628572 0.338710
vt 0.642857 0.322581
vt 0.642857 0.338710
vt 0.657143 0.322581
vt 0.657143 0.338710
vt 0.671429 0.322581
vt 0.671429 0.338710
vt 0.685714 0.322581
vt 0.685714 0.338710
vt 0.700000 0.322581
vt 0.700000 0.338710
vt 0.714286 0.322581
vt 0.714286 0.338710
vt 0.728572 0.322581
vt 0.728571 0.338710
vt 0.742857 0.322581
vt 0.742857 0.338710
vt 0.757143 0.322581
vt 0.757143 0.338710
vt 0.771429 0.322581
vt 0.771429 0.338710
vt 0.785714 0.322581
vt 0.785714 0.338710
vt 0.800000 0.322581
vt 0.800000 0.338710
vt 0.814286 0.322581
vt 0.814286 0.338710
vt 0.828571 0.322581
vt 0.828571 0.338710
vt 0.842857 0.322581
vt 0.842857 0.338710
vt 0.857143 0.322581
vt 0.857143 0.338710
vt 0.871429 0.322581
vt 0.871429 0.338710
vt 0.885714 0.322581
vt 0.885714 0.338710
vt 0.900000 0.322581
vt 0.900000 0.338710
vt 0.914286 0.322581
vt 0.914286 0.338710
vt 0.928572 0.322581
vt 0.928572 0.338710
vt 0.942857 0.322581
vt 0.942857 0.338710
vt 0.957143 0.322581
vt 0.957143 0.338710
vt 0.000000 0.290323
vt 0.014286 0.290323
vt 0.014286 0.306452
vt 0.000000 0.306452
vt 0.028571 0.290323
vt 0.028571 0.306452
vt 0.042857 0.290323
vt 0.042857 0.306452
vt 0.057143 0.290323
vt 0.057143 0.306452
vt 0.071429 0.290323
vt 0.071429 0.306452
vt 0.085714 0.290323
vt 0.085714 0.306452
vt 0.100000 0.290323
vt 0.100000 0.306452
vt 0.114286 0.290323
vt 0.114286 0.306452
vt 0.128571 0.290323
vt 0.128571 0.306452
vt 0.142857 0.290323
vt 0.142857 0.306452
vt 0.157143 0.290323
vt 0.157143 0.306452
vt 0.171429 0.290323
vt 0.171429 0.306452
vt 0.185714 0.290323
vt 0.185714 0.306452
vt 0.200000 0.290323
vt 0.200000 0.306452
vt 0.214286 0.290323
vt 0.214286 0.306452
vt 0.228571 0.290323
vt 0.228571 0.306452
vt 0.242857 0.290323
vt 0.242857 0.306452
vt 0.257143 0.290323
vt 0.257143 0.306452
vt 0.271429 0.290323
vt 0.271429 0.306452
vt 0.285714 0.290323
vt 0.285714 0.306452
vt 0.300000 0.290323
vt 0.300000 0.306452
vt 0.314286 0.290323
vt 0.314286 0.306452
vt 0.328571 0.290323
vt 0.328571 0.306452
vt 0.342857 0.290323
vt 0.342857 0.306452
vt 0.357143 0.290323
vt 0.357143 0.306452
vt 0.371429 0.290323
vt 0.371429 0.306452
vt 0.385714 0.290323
vt 0.385714 0.306452
vt 0.400000 0.290323
vt 0.400000 0.306452
vt 0.414286 0.290323
vt 0.414286 0.306452
vt 0.428571 0.290323
vt 0.428571 0.306452
vt 0.442857 0.290323
vt 0.442857 0.306452
vt 0.457143 0.290323
vt 0.457143 0.306452
vt 0.471429 0.290323
vt 0.471429 0.306452
vt 0.485714 0.290323
vt 0.485714 0.306452
vt 0.500000 0.290323
vt 0.500000 0.306452
vt 0.514286 0.290323
vt 0.514286 0.306452
vt 0.528572 0.290323
vt 0.528571 0.306452
vt 0.542857 0.290323
vt 0.542857 0.306452
vt 0.557143 0.290323
vt 0.557143 0.306452
vt 0.571429 0.290323
vt 0.571429 0.306452
vt 0.585714 0.290323
vt 0.585714 0.306452
vt 0.600000 0.290323
vt 0.600000 0.306452
vt 0.614286 0.290323
vt 0.614286 0.306452
vt 0.628572 0.290323
vt 0.628572 0.306452
vt 0.642857 0.290323
vt 0.642857 0.306452
vt 0.657143 0.290323
vt 0.657143 0.306452
vt 0.671429 0.290323
vt 0.671429 0.306452
vt 0.685714 0.290323
vt 0.685714 0.306452
vt 0.700000 0.290323
vt 0.700000 0.306452
vt 0.714286 0.290323
vt 0.714286 0.306452
vt 0.728572 0.290323
vt 0.728571 0.306452
vt 0.742857 0.290323
vt 0.742857 0.306452
vt 0.757143 0.290323
vt 0.757143 0.306452
vt 0.771429 0.290323
vt 0.771429 0.306452
vt 0.785714 0.290323
vt 0.785714 0.306452
vt 0.800000 0.290323
vt 0.800000 0.306452
vt 0.814286 0.290323
vt 0.814286 0.306452
vt 0.828571 0.290323
vt 0.828571 0.306452
vt 0.842857 0.290323
vt 0.842857 0.306452
vt 0.857143 0.290323
vt 0.857143 0.306452
vt 0.871429 0.290323
vt 0.871429 0.306452
vt 0.885714 0.290323
vt 0.885714 0.306452
vt 0.900000 0.290323
vt 0.900000 0.306452
vt 0.914286 0.290323
vt 0.914286 0.306452
vt 0.928572 0.290323
vt 0.928572 0.306452
vt 0.942857 0.290323
vt 0.942857 0.306452
vt 0.957143 0.290323
vt 0.957143 0.306452
vt 0.000000 0.258065
vt 0.014286 0.258065
vt 0.014286 0.274194
vt 0.000000 0.274194
vt 0.028571 0.258065
vt 0.028571 0.274194
vt 0.042857 0.258065
vt 0.042857 0.274194
vt 0.057143 0.258065
vt 0.057143 0.274194
vt 0.071429 0.258065
vt 0.071429 0.274194
vt 0.085714 0.258065
vt 0.085714 0.274194
vt 0.100000 0.258065
vt 0.100000 0.274194
vt 0.114286 0.258065
vt 0.114286 0.274194
vt 0.128571 0.258065
vt 0.128571 0.274194
vt 0.142857 0.258065
vt 0.142857 0.274194
vt 0.157143 0.258065
vt 0.157143 0.274194
vt 0.171429 0.258065
vt 0.171429 0.274194
vt 0.185714 0.258065
vt 0.185714 0.274194
vt 0.200000 0.258065
vt 0.200000 0.274194
vt 0.214286 0.258065
vt 0.214286 0.274194
vt 0.228571 0.258065
vt 0.228571 0.274194
vt 0.242857 0.258065
vt 0.242857 0.274194
vt 0.257143 0.258065
vt 0.257143 0.274194
vt 0.271429 0.258065
vt 0.271429 0.274194
vt 0.285714 0.258065
vt 0.285714 0.274194
vt 0.300000 0.258065
vt 0.300000 0.274194
vt 0.314286 0.258065
vt 0.314286 0.274194
vt 0.328571 0.258065
vt 0.328571 0.274194
vt 0.342857 0.258065
vt 0.342857 0.274194
vt 0.357143 0.258065
vt 0.357143 0.274194
vt 0.371429 0.258065
vt 0.371429 0.274194
vt 0.385714 0.258065
vt 0.385714 0.274194
vt 0.400000 0.258065
vt 0.400000 0.274194
vt 0.414286 0.258065
vt 0.414286 0.274194
vt 0.428571 0.258065
vt 0.428571 0.274193
vt 0.442857 0.258065
vt 0.442857 0.274194
vt 0.457143 0.258065
vt 0.457143 0.274193
vt 0.471429 0.258065
vt 0.471429 0.274194
vt 0.485714 0.258065
vt 0.485714 0.274193
vt 0.500000 0.258065
vt 0.500000 0.274194
vt 0.514286 0.258065
vt 0.514286 0.274193
vt 0.528572 0.258065
vt 0.528571 0.274194
vt 0.542857 0.258065
vt 0.542857 0.274193
vt 0.557143 0.258065
vt 0.557143 0.274194
vt 0.571429 0.258065
vt 0.571429 0.274193
vt 0.585714 0.258065
vt 0.585714 0.274194
vt 0.600000 0.258065
vt 0.600000 0.274193
vt 0.614286 0.258065
vt 0.614286 0.274194
vt 0.628572 0.258065
vt 0.628572 0.274193
vt 0.642857 0.258065
vt 0.642857 0.274194
vt 0.657143 0.258065
vt 0.657143 0.274193
vt 0.671429 0.258065
vt 0.671429 0.274194
vt 0.685714 0.258065
vt 0.685714 0.274193
vt 0.700000 0.258065
vt 0.700000 0.274194
vt 0.714286 0.258065
vt 0.714286 0.274194
vt 0.728572 0.258065
vt 0.728571 0.274194
vt 0.742857 0.258065
vt 0.742857 0.274194
vt 0.757143 0.258065
vt 0.757143 0.274194
vt 0.771429 0.258065
vt 0.771429 0.274194
vt 0.785714 0.258065
vt 0.785714 0.274194
vt 0.800000 0.258065
vt 0.800000 0.274194
vt 0.814286 0.258065
vt 0.814286 0.274194
vt 0.828571 0.258065
vt 0.828571 0.274194
vt 0.842857 0.258065
vt 0.842857 0.274194
vt 0.857143 0.258065
vt 0.857143 0.274194
vt 0.871429 0.258065
vt 0.871429 0.274194
vt 0.885714 0.258065
vt 0.885714 0.274194
vt 0.900000 0.258065
vt 0.900000 0.274194
vt 0.914286 0.258065
vt 0.914286 0.274194
vt 0.928572 0.258065
vt 0.928572 0.274194
vt 0.942857 0.258065
vt 0.942857 0.274194
vt 0.957143 0.258065
vt 0.957143 0.274194
vt 0.000000 0.225806
vt 0.014286 0.225806
vt 0.014286 0.241935
vt 0.000000 0.241936
vt 0.028571 0.225806
vt 0.028571 0.241935
vt 0.042857 0.225806
vt 0.042857 0.241935
vt 0.057143 0.225806
vt 0.057143 0.241935
vt 0.071429 0.225806
vt 0.071429 0.241935
vt 0.085714 0.225806
vt 0.085714 0.241935
vt 0.100000 0.225806
vt 0.100000 0.241935
vt 0.114286 0.225806
vt 0.114286 0.241935
vt 0.128571 0.225806
vt 0.128571 0.241935
vt 0.142857 0.225806
vt 0.142857 0.241935
vt 0.157143 0.225806
vt 0.157143 0.241935
vt 0.171429 0.225806
vt 0.171429 0.241935
vt 0.185714 0.225806
vt 0.185714 0.241935
vt 0.200000 0.225806
vt 0.200000 0.241935
vt 0.214286 0.225806
vt 0.214286 0.241935
vt 0.228571 0.225806
vt 0.228571 0.241935
vt 0.242857 0.225806
vt 0.242857 0.241935
vt 0.257143 0.225806
vt 0.257143 0.241935
vt 0.271429 0.225806
vt 0.271429 0.241935
vt 0.285714 0.225806
vt 0.285714 0.241935
vt 0.300000 0.225806
vt 0.300000 0.241935
vt 0.314286 0.225806
vt 0.314286 0.241935
vt 0.328571 0.225806
vt 0.328571 0.241935
vt 0.342857 0.225806
vt 0.342857 0.241935
vt 0.357143 0.225806
vt 0.357143 0.241935
vt 0.371429 0.225806
vt 0.371429 0.241935
vt 0.385714 0.225806
vt 0.385714 0.241935
vt 0.400000 0.225806
vt 0.400000 0.241935
vt 0.414286 0.225806
vt 0.414286 0.241935
vt 0.428571 0.225806
vt 0.428571 0.241935
vt 0.442857 0.225806
vt 0.442857 0.241935
vt 0.457143 0.225806
vt 0.457143 0.241935
vt 0.471429 0.225806
vt 0.471429 0.241935
vt 0.485714 0.225806
vt 0.485714 0.241935
vt 0.500000 0.225806
vt 0.500000 0.241935
vt 0.514286 0.225806
vt 0.514286 0.241935
vt 0.528572 0.225806
vt 0.528571 0.241935
vt 0.542857 0.225806
vt 0.542857 0.241935
vt 0.557143 0.225806
vt 0.557143 0.241935
vt 0.571429 0.225806
vt 0.571429 0.241935
vt 0.585714 0.225806
vt 0.585714 0.241935
vt 0.600000 0.225806
vt 0.600000 0.241935
vt 0.614286 0.225806
vt 0.614286 0.241935
vt 0.628572 0.225806
vt 0.628572 0.241935
vt 0.642857 0.225806
vt 0.642857 0.241935
vt 0.657143 0.225806
vt 0.657143 0.241935
vt 0.671429 0.225806
vt 0.671429 0.241935
vt 0.685714 0.225806
vt 0.685714 0.241935
vt 0.700000 0.225806
vt 0.700000 0.241935
vt 0.714286 0.225806
vt 0.714286 0.241935
vt 0.728572 0.225806
vt 0.728571 0.241935
vt 0.742857 0.225806
vt 0.742857 0.241935
vt 0.757143 0.225806
vt 0.757143 0.241935
vt 0.771429 0.225806
vt 0.771429 0.241935
vt 0.785714 0.225806
vt 0.785714 0.241935
vt 0.800000 0.225806
vt 0.800000 0.241935
vt 0.814286 0.225806
vt 0.814286 0.241935
vt 0.828571 0.225806
vt 0.828571 0.241935
vt 0.842857 0.225806
vt 0.842857 0.241935
vt 0.857143 0.225806
vt 0.857143 0.241935
vt 0.871429 0.225806
vt 0.871429 0.241936
vt 0.885714 0.225806
vt 0.885714 0.241935
vt 0.900000 0.225806
vt 0.900000 0.241936
vt 0.914286 0.225806
vt 0.914286 0.241935
vt 0.928572 0.225806
vt 0.928572 0.241936
vt 0.942857 0.225806
vt 0.942857 0.241935
vt 0.957143 0.225806
vt 0.957143 0.241936
vt 0.000000 0.193548
vt 0.014286 0.193548
vt 0.014286 0.209677
vt 0.000000 0.209677
vt 0.028571 0.193548
vt 0.028571 0.209677
vt 0.042857 0.193548
vt 0.042857 0.209677
vt 0.057143 0.193548
vt 0.057143 0.209677
vt 0.071429 0.193548
vt 0.071429 0.209677
vt 0.085714 0.193548
vt 0.085714 0.209677
vt 0.100000 0.193548
vt 0.100000 0.209677
vt 0.114286 0.193548
vt 0.114286 0.209677
vt 0.128571 0.193548
vt 0.128571 0.209677
vt 0.142857 0.193548
vt 0.142857 0.209677
vt 0.157143 0.193548
vt 0.157143 0.209677
vt 0.171429 0.193548
vt 0.171429 0.209677
vt 0.185714 0.193548
vt 0.185714 0.209677
vt 0.200000 0.193548
vt 0.200000 0.209677
vt 0.214286 0.193548
vt 0.214286 0.209677
vt 0.228571 0.193548
vt 0.228571 0.209677
vt 0.242857 0.193548
vt 0.242857 0.209677
vt 0.257143 0.193548
vt 0.257143 0.209677
vt 0.271429 0.193548
vt 0.271429 0.209677
vt 0.285714 0.193548
vt 0.285714 0.209677
vt 0.300000 0.193548
vt 0.300000 0.209677
vt 0.314286 0.193548
vt 0.314286 0.209677
vt 0.328571 0.193548
vt 0.328571 0.209677
vt 0.342857 0.193548
vt 0.342857 0.209677
vt 0.357143 0.193548
vt 0.357143 0.209677
vt 0.371429 0.193548
vt 0.371429 0.209677
vt 0.385714 0.193548
vt 0.385714 0.209677
vt 0.400000 0.193548
vt 0.400000 0.209677
vt 0.414286 0.193548
vt 0.414286 0.209677
vt 0.428571 0.193548
vt 0.428571 0.209677
vt 0.442857 0.193548
vt 0.442857 0.209677
vt 0.457143 0.193548
vt 0.457143 0.209677
vt 0.471429 0.193548
vt 0.471429 0.209677
vt 0.485714 0.193548
vt 0.485714 0.209677
vt 0.500000 0.193548
vt 0.500000 0.209677
vt 0.514286 0.193548
vt 0.514286 0.209677
vt 0.528572 0.193548
vt 0.528571 0.209677
vt 0.542857 0.193548
vt 0.542857 0.209677
vt 0.557143 0.193548
vt 0.557143 0.209677
vt 0.571429 0.193548
vt 0.571429 0.209677
vt 0.585714 0.193548
vt 0.585714 0.209677
vt 0.600000 0.193548
vt 0.600000 0.209677
vt 0.614286 0.193548
vt 0.614286 0.209677
vt 0.628572 0.193548
vt 0.628572 0.209677
vt 0.642857 0.193548
vt 0.642857 0.209677
vt 0.657143 0.193548
vt 0.657143 0.209677
vt 0.671429 0.193548
vt 0.671429 0.209677
vt 0.685714 0.193548
vt 0.685714 0.209677
vt 0.700000 0.193548
vt 0.700000 0.209677
vt 0.714286 0.193548
vt 0.714286 0.209677
vt 0.728572 0.193548
vt 0.728571 0.209677
vt 0.742857 0.193548
vt 0.742857 0.209677
vt 0.757143 0.193548
vt 0.757143 0.209677
vt 0.771429 0.193548
vt 0.771429 0.209677
vt 0.785714 0.193548
vt 0.785714 0.209677
vt 0.800000 0.193548
vt 0.800000 0.209677
vt 0.814286 0.193548
vt 0.814286 0.209677
vt 0.828571 0.193548
vt 0.828571 0.209677
vt 0.842857 0.193548
vt 0.842857 0.209677
vt 0.857143 0.193548
vt 0.857143 0.209677
vt 0.871429 0.193548
vt 0.871429 0.209677
vt 0.885714 0.193548
vt 0.885714 0.209677
vt 0.900000 0.193548
vt 0.900000 0.209677
vt 0.914286 0.193548
vt 0.914286 0.209677
vt 0.928572 0.193548
vt 0.928572 0.209677
vt 0.942857 0.193548
vt 0.942857 0.209677
vt 0.957143 0.193548
vt 0.957143 0.209677
vt 0.000000 0.161290
vt 0.014286 0.161290
vt 0.014286 0.177419
vt 0.000000 0.177419
vt 0.028571 0.161290
vt 0.028571 0.177419
vt 0.042857 0.161290
vt 0.042857 0.177419
vt 0.057143 0.161290
vt 0.057143 0.177419
vt 0.071429 0.161290
vt 0.071429 0.177419
vt 0.085714 0.161290
vt 0.085714 0.177419
vt 0.100000 0.161290
vt 0.100000 0.177419
vt 0.114286 0.161290
vt 0.114286 0.177419
vt 0.128571 0.161290
vt 0.128571 0.177419
vt 0.142857 0.161290
vt 0.142857 0.177419
vt 0.157143 0.161290
vt 0.157143 0.177419
vt 0.171429 0.161290
vt 0.171429 0.177419
vt 0.185714 0.161290
vt 0.185714 0.177419
vt 0.200000 0.161290
vt 0.200000 0.177419
vt 0.214286 0.161290
vt 0.214286 0.177419
vt 0.228571 0.161290
vt 0.228571 0.177419
vt 0.242857 0.161290
vt 0.242857 0.177419
vt 0.257143 0.161290
vt 0.257143 0.177419
vt 0.271429 0.161290
vt 0.271429 0.177419
vt 0.285714 0.161290
vt 0.285714 0.177419
vt 0.300000 0.161290
vt 0.300000 0.177419
vt 0.314286 0.161290
vt 0.314286 0.177419
vt 0.328571 0.161290
vt 0.328571 0.177419
vt 0.342857 0.161290
vt 0.342857 0.177419
vt 0.357143 0.161290
vt 0.357143 0.177419
vt 0.371429 0.161290
vt 0.371429 0.177419
vt 0.385714 0.161290
vt 0.385714 0.177419
vt 0.400000 0.161290
vt 0.400000 0.177419
vt 0.414286 0.161290
vt 0.414286 0.177419
vt 0.428571 0.161290
vt 0.428571 0.177419
vt 0.442857 0.161290
vt 0.442857 0.177419
vt 0.457143 0.161290
vt 0.457143 0.177419
vt 0.471429 0.161290
vt 0.471429 0.177419
vt 0.485714 0.161290
vt 0.485714 0.177419
vt 0.500000 0.161290
vt 0.500000 0.177419
vt 0.514286 0.161290
vt 0.514286 0.177419
vt 0.528572 0.161290
vt 0.528571 0.177419
vt 0.542857 0.161290
vt 0.542857 0.177419
vt 0.557143 0.161290
vt 0.557143 0.177419
vt 0.571429 0.161290
vt 0.571429 0.177419
vt 0.585714 0.161290
vt 0.585714 0.177419
vt 0.600000 0.161290
vt 0.600000 0.177419
vt 0.614286 0.161290
vt 0.614286 0.177419
vt 0.628572 0.161290
vt 0.628572 0.177419
vt 0.642857 0.161290
vt 0.642857 0.177419
vt 0.657143 0.161290
vt 0.657143 0.177419
vt 0.671429 0.161290
vt 0.671429 0.177419
vt 0.685714 0.161290
vt 0.685714 0.177419
vt 0.700000 0.161290
vt 0.700000 0.177419
vt 0.714286 0.161290
vt 0.714286 0.177419
vt 0.728572 0.161290
vt 0.728571 0.177419
vt 0.742857 0.161290
vt 0.742857 0.177419
vt 0.757143 0.161290
vt 0.757143 0.177419
vt 0.771429 0.161290
vt 0.771429 0.177419
vt 0.785714 0.161290
vt 0.785714 0.177419
vt 0.800000 0.161290
vt 0.800000 0.177419
vt 0.814286 0.161290
vt 0.814286 0.177419
vt 0.828571 0.161290
vt 0.828571 0.177419
vt 0.842857 0.161290
vt 0.842857 0.177419
vt 0.857143 0.161290
vt 0.857143 0.177419
vt 0.871429 0.161290
vt 0.871429 0.177419
vt 0.885714 0.161290
vt 0.885714 0.177419
vt 0.900000 0.161290
vt 0.900000 0.177419
vt 0.914286 0.161290
vt 0.914286 0.177419
vt 0.928572 0.161290
vt 0.928572 0.177419
vt 0.942857 0.161290
vt 0.942857 0.177419
vt 0.957143 0.161290
vt 0.957143 0.177419
vt 0.000000 0.129032
vt 0.014286 0.129032
vt 0.014286 0.145161
vt 0.000000 0.145161
vt 0.028571 0.129032
vt 0.028571 0.145161
vt 0.042857 0.129032
vt 0.042857 0.145161
vt 0.057143 0.129032
vt 0.057143 0.145161
vt 0.071429 0.129032
vt 0.071429 0.145161
vt 0.085714 0.129032
vt 0.085714 0.145161
vt 0.100000 0.129032
vt 0.100000 0.145161
vt 0.114286 0.129032
vt 0.114286 0.145161
vt 0.128571 0.129032
vt 0.128571 0.145161
vt 0.142857 0.129032
vt 0.142857 0.145161
vt 0.157143 0.129032
vt 0.157143 0.145161
vt 0.171429 0.129032
vt 0.171429 0.145161
vt 0.185714 0.129032
vt 0.185714 0.145161
vt 0.200000 0.129032
vt 0.200000 0.145161
vt 0.214286 0.129032
vt 0.214286 0.145161
vt 0.228571 0.129032
vt 0.228571 0.145161
vt 0.242857 0.129032
vt 0.242857 0.145161
vt 0.257143 0.129032
vt 0.257143 0.145161
vt 0.271429 0.129032
vt 0.271429 0.145161
vt 0.285714 0.129032
vt 0.285714 0.145161
vt 0.300000 0.129032
vt 0.300000 0.145161
vt 0.314286 0.129032
vt 0.314286 0.145161
vt 0.328571 0.129032
vt 0.328571 0.145161
vt 0.342857 0.129032
vt 0.342857 0.145161
vt 0.357143 0.129032
vt 0.357143 0.145161
vt 0.371429 0.129032
vt 0.371429 0.145161
vt 0.385714 0.129032
vt 0.385714 0.145161
vt 0.400000 0.129032
vt 0.400000 0.145161
vt 0.414286 0.129032
vt 0.414286 0.145161
vt 0.428571 0.129032
vt 0.428571 0.145161
vt 0.442857 0.129032
vt 0.442857 0.145161
vt 0.457143 0.129032
vt 0.457143 0.145161
vt 0.471429 0.129032
vt 0.471429 0.145161
vt 0.485714 0.129032
vt 0.485714 0.145161
vt 0.500000 0.129032
vt 0.500000 0.145161
vt 0.514286 0.129032
vt 0.514286 0.145161
vt 0.528572 0.129032
vt 0.528571 0.145161
vt 0.542857 0.129032
vt 0.542857 0.145161
vt 0.557143 0.129032
vt 0.557143 0.145161
vt 0.571429 0.129032
vt 0.571429 0.145161
vt 0.585714 0.129032
vt 0.585714 0.145161
vt 0.600000 0.129032
vt 0.600000 0.145161
vt 0.614286 0.129032
vt 0.614286 0.145161
vt 0.628572 0.129032
vt 0.628572 0.145161
vt 0.642857 0.129032
vt 0.642857 0.145161
vt 0.657143 0.129032
vt 0.657143 0.145161
vt 0.671429 0.129032
vt 0.671429 0.145161
vt 0.685714 0.129032
vt 0.685714 0.145161
vt 0.700000 0.129032
vt 0.700000 0.145161
vt 0.714286 0.129032
vt 0.714286 0.145161
vt 0.728572 0.129032
vt 0.728571 0.145161
vt 0.742857 0.129032
vt 0.742857 0.145161
vt 0.757143 0.129032
vt 0.757143 0.145161
vt 0.771429 0.129032
vt 0.771429 0.145161
vt 0.785714 0.129032
vt 0.785714 0.145161
vt 0.800000 0.129032
vt 0.800000 0.145161
vt 0.814286 0.129032
vt 0.814286 0.145161
vt 0.828571 0.129032
vt 0.828571 0.145161
vt 0.842857 0.129032
vt 0.842857 0.145161
vt 0.857143 0.129032
vt 0.857143 0.145161
vt 0.871429 0.129032
vt 0.871429 0.145161
vt 0.885714 0.129032
vt 0.885714 0.145161
vt 0.900000 0.129032
vt 0.900000 0.145161
vt 0.914286 0.129032
vt 0.914286 0.145161
vt 0.928572 0.129032
vt 0.928572 0.145161
vt 0.942857 0.129032
vt 0.942857 0.145161
vt 0.957143 0.129032
vt 0.957143 0.145161
vt 0.000000 0.096774
vt 0.014286 0.096774
vt 0.014286 0.112903
vt 0.000000 0.112903
vt 0.028571 0.096774
vt 0.028571 0.112903
vt 0.042857 0.096774
vt 0.042857 0.112903
vt 0.057143 0.096774
vt 0.057143 0.112903
vt 0.071429 0.096774
vt 0.071429 0.112903
vt 0.085714 0.096774
vt 0.085714 0.112903
vt 0.100000 0.096774
vt 0.100000 0.112903
vt 0.114286 0.096774
vt 0.114286 0.112903
vt 0.128571 0.096774
vt 0.128571 0.112903
vt 0.142857 0.096774
vt 0.142857 0.112903
vt 0.157143 0.096774
vt 0.157143 0.112903
vt 0.171429 0.096774
vt 0.171429 0.112903
vt 0.185714 0.096774
vt 0.185714 0.112903
vt 0.200000 0.096774
vt 0.200000 0.112903
vt 0.214286 0.096774
vt 0.214286 0.112903
vt 0.228571 0.096774
vt 0.228571 0.112903
vt 0.242857 0.096774
vt 0.242857 0.112903
vt 0.257143 0.096774
vt 0.257143 0.112903
vt 0.271429 0.096774
vt 0.271429 0.112903
vt 0.285714 0.096774
vt 0.285714 0.112903
vt 0.300000 0.096774
vt 0.300000 0.112903
vt 0.314286 0.096774
vt 0.314286 0.112903
vt 0.328571 0.096774
vt 0.328571 0.112903
vt 0.342857 0.096774
vt 0.342857 0.112903
vt 0.357143 0.096774
vt 0.357143 0.112903
vt 0.371429 0.096774
vt 0.371429 0.112903
vt 0.385714 0.096774
vt 0.385714 0.112903
vt 0.400000 0.096774
vt 0.400000 0.112903
vt 0.414286 0.096774
vt 0.414286 0.112903
vt 0.428571 0.096774
vt 0.428571 0.112903
vt 0.442857 0.096774
vt 0.442857 0.112903
vt 0.457143 0.096774
vt 0.457143 0.112903
vt 0.471429 0.096774
vt 0.471429 0.112903
vt 0.485714 0.096774
vt 0.485714 0.112903
vt 0.500000 0.096774
vt 0.500000 0.112903
vt 0.514286 0.096774
vt 0.514286 0.112903
vt 0.528572 0.096774
vt 0.528571 0.112903
vt 0.542857 0.096774
vt 0.542857 0.112903
vt 0.557143 0.096774
vt 0.557143 0.112903
vt 0.571429 0.096774
vt 0.571429 0.112903
vt 0.585714 0.096774
vt 0.585714 0.112903
vt 0.600000 0.096774
vt 0.600000 0.112903
vt 0.614286 0.096774
vt 0.614286 0.112903
vt 0.628572 0.096774
vt 0.628572 0.112903
vt 0.642857 0.096774
vt 0.642857 0.112903
vt 0.657143 0.096774
vt 0.657143 0.112903
vt 0.671429 0.096774
vt 0.671429 0.112903
vt 0.685714 0.096774
vt 0.685714 0.112903
vt 0.700000 0.096774
vt 0.700000 0.112903
vt 0.714286 0.096774
vt 0.714286 0.112903
vt 0.728572 0.096774
vt 0.728571 0.112903
vt 0.742857 0.096774
vt 0.742857 0.112903
vt 0.757143 0.096774
vt 0.757143 0.112903
vt 0.771429 0.096774
vt 0.771429 0.112903
vt 0.785714 0.096774
vt 0.785714 0.112903
vt 0.800000 0.096774
vt 0.800000 0.112903
vt 0.814286 0.096774
vt 0.814286 0.112903
vt 0.828571 0.096774
vt 0.828571 0.112903
vt 0.842857 0.096774
vt 0.842857 0.112903
vt 0.857143 0.096774
vt 0.857143 0.112903
vt 0.871429 0.096774
vt 0.871429 0.112903
vt 0.885714 0.096774
vt 0.885714 0.112903
vt 0.900000 0.096774
vt 0.900000 0.112903
vt 0.914286 0.096774
vt 0.914286 0.112903
vt 0.928572 0.096774
vt 0.928572 0.112903
vt 0.942857 0.096774
vt 0.942857 0.112903
vt 0.957143 0.096774
vt 0.957143 0.112903
vt 0.000000 0.064516
vt 0.014286 0.064516
vt 0.014286 0.080645
vt 0.000000 0.080645
vt 0.028571 0.064516
vt 0.028571 0.080645
vt 0.042857 0.064516
vt 0.042857 0.080645
vt 0.057143 0.064516
vt 0.057143 0.080645
vt 0.071429 0.064516
vt 0.071429 0.080645
vt 0.085714 0.064516
vt 0.085714 0.080645
vt 0.100000 0.064516
vt 0.100000 0.080645
vt 0.114286 0.064516
vt 0.114286 0.080645
vt 0.128571 0.064516
vt 0.128571 0.080645
vt 0.142857 0.064516
vt 0.142857 0.080645
vt 0.157143 0.064516
vt 0.157143 0.080645
vt 0.171429 0.064516
vt 0.171429 0.080645
vt 0.185714 0.064516
vt 0.185714 0.080645
vt 0.200000 0.064516
vt 0.200000 0.080645
vt 0.214286 0.064516
vt 0.214286 0.080645
vt 0.228571 0.064516
vt 0.228571 0.080645
vt 0.242857 0.064516
vt 0.242857 0.080645
vt 0.257143 0.064516
vt 0.257143 0.080645
vt 0.271429 0.064516
vt 0.271429 0.080645
vt 0.285714 0.064516
vt 0.285714 0.080645
vt 0.300000 0.064516
vt 0.300000 0.080645
vt 0.314286 0.064516
vt 0.314286 0.080645
vt 0.328571 0.064516
vt 0.328571 0.080645
vt 0.342857 0.064516
vt 0.342857 0.080645
vt 0.357143 0.064516
vt 0.357143 0.080645
vt 0.371429 0.064516
vt 0.371429 0.080645
vt 0.385714 0.064516
vt 0.385714 0.080645
vt 0.400000 0.064516
vt 0.400000 0.080645
vt 0.414286 0.064516
vt 0.414286 0.080645
vt 0.428571 0.064516
vt 0.428571 0.080645
vt 0.442857 0.064516
vt 0.442857 0.080645
vt 0.457143 0.064516
vt 0.457143 0.080645
vt 0.471429 0.064516
vt 0.471429 0.080645
vt 0.485714 0.064516
vt 0.485714 0.080645
vt 0.500000 0.064516
vt 0.500000 0.080645
vt 0.514286 0.064516
vt 0.514286 0.080645
vt 0.528572 0.064516
vt 0.528571 0.080645
vt 0.542857 0.064516
vt 0.542857 0.080645
vt 0.557143 0.064516
vt 0.557143 0.080645
vt 0.571429 0.064516
vt 0.571429 0.080645
vt 0.585714 0.064516
vt 0.585714 0.080645
vt 0.600000 0.064516
vt 0.600000 0.080645
vt 0.614286 0.064516
vt 0.614286 0.080645
vt 0.628572 0.064516
vt 0.628572 0.080645
vt 0.642857 0.064516
vt 0.642857 0.080645
vt 0.657143 0.064516
vt 0.657143 0.080645
vt 0.671429 0.064516
vt 0.671429 0.080645
vt 0.685714 0.064516
vt 0.685714 0.080645
vt 0.700000 0.064516
vt 0.700000 0.080645
vt 0.714286 0.064516
vt 0.714286 0.080645
vt 0.728572 0.064516
vt 0.728571 0.080645
vt 0.742857 0.064516
vt 0.742857 0.080645
vt 0.757143 0.064516
vt 0.757143 0.080645
vt 0.771429 0.064516
vt 0.771429 0.080645
vt 0.785714 0.064516
vt 0.785714 0.080645
vt 0.800000 0.064516
vt 0.800000 0.080645
vt 0.814286 0.064516
vt 0.814286 0.080645
vt 0.828571 0.064516
vt 0.828571 0.080645
vt 0.842857 0.064516
vt 0.842857 0.080645
vt 0.857143 0.064516
vt 0.857143 0.080645
vt 0.871429 0.064516
vt 0.871429 0.080645
vt 0.885714 0.064516
vt 0.885714 0.080645
vt 0.900000 0.064516
vt 0.900000 0.080645
vt 0.914286 0.064516
vt 0.914286 0.080645
vt 0.928572 0.064516
vt 0.928572 0.080645
vt 0.942857 0.064516
vt 0.942857 0.080645
vt 0.957143 0.064516
vt 0.957143 0.080645
vt 0.000000 0.032258
vt 0.014286 0.032258
vt 0.014286 0.048387
vt 0.000000 0.048387
vt 0.028571 0.032258
vt 0.028571 0.048387
vt 0.042857 0.032258
vt 0.042857 0.048387
vt 0.057143 0.032258
vt 0.057143 0.048387
vt 0.071429 0.032258
vt 0.071429 0.048387
vt 0.085714 0.032258
vt 0.085714 0.048387
vt 0.100000 0.032258
vt 0.100000 0.048387
vt 0.114286 0.032258
vt 0.114286 0.048387
vt 0.128571 0.032258
vt 0.128571 0.048387
vt 0.142857 0.032258
vt 0.142857 0.048387
vt 0.157143 0.032258
vt 0.157143 0.048387
vt 0.171429 0.032258
vt 0.171429 0.048387
vt 0.185714 0.032258
vt 0.185714 0.048387
vt 0.200000 0.032258
vt 0.200000 0.048387
vt 0.214286 0.032258
vt 0.214286 0.048387
vt 0.228571 0.032258
vt 0.228571 0.048387
vt 0.242857 0.032258
vt 0.242857 0.048387
vt 0.257143 0.032258
vt 0.257143 0.048387
vt 0.271429 0.032258
vt 0.271429 0.048387
vt 0.285714 0.032258
vt 0.285714 0.048387
vt 0.300000 0.032258
vt 0.300000 0.048387
vt 0.314286 0.032258
vt 0.314286 0.048387
vt 0.328571 0.032258
vt 0.328571 0.048387
vt 0.342857 0.032258
vt 0.342857 0.048387
vt 0.357143 0.032258
vt 0.357143 0.048387
vt 0.371429 0.032258
vt 0.371429 0.048387
vt 0.385714 0.032258
vt 0.385714 0.048387
vt 0.400000 0.032258
vt 0.400000 0.048387
vt 0.414286 0.032258
vt 0.414286 0.048387
vt 0.428571 0.032258
vt 0.428571 0.048387
vt 0.442857 0.032258
vt 0.442857 0.048387
vt 0.457143 0.032258
vt 0.457143 0.048387
vt 0.471429 0.032258
vt 0.471429 0.048387
vt 0.485714 0.032258
vt 0.485714 0.048387
vt 0.500000 0.032258
vt 0.500000 0.048387
vt 0.514286 0.032258
vt 0.514286 0.048387
vt 0.528572 0.032258
vt 0.528571 0.048387
vt 0.542857 0.032258
vt 0.542857 0.048387
vt 0.557143 0.032258
vt 0.557143 0.048387
vt 0.571429 0.032258
vt 0.571429 0.048387
vt 0.585714 0.032258
vt 0.585714 0.048387
vt 0.600000 0.032258
vt 0.600000 0.048387
vt 0.614286 0.032258
vt 0.614286 0.048387
vt 0.628572 0.032258
vt 0.628572 0.048387
vt 0.642857 0.032258
vt 0.642857 0.048387
vt 0.657143 0.032258
vt 0.657143 0.048387
vt 0.671429 0.032258
vt 0.671429 0.048387
vt 0.685714 0.032258
vt 0.685714 0.048387
vt 0.700000 0.032258
vt 0.700000 0.048387
vt 0.714286 0.032258
vt 0.714286 0.048387
vt 0.728572 0.032258
vt 0.728572 0.048387
vt 0.742857 0.032258
vt 0.742857 0.048387
vt 0.757143 0.032258
vt 0.757143 0.048387
vt 0.771429 0.032258
vt 0.771429 0.048387
vt 0.785714 0.032258
vt 0.785714 0.048387
vt 0.800000 0.032258
vt 0.800000 0.048387
vt 0.814286 0.032258
vt 0.814286 0.048387
vt 0.828571 0.032258
vt 0.828571 0.048387
vt 0.842857 0.032258
vt 0.842857 0.048387
vt 0.857143 0.032258
vt 0.857143 0.048387
vt 0.871429 0.032258
vt 0.871429 0.048387
vt 0.885714 0.032258
vt 0.885714 0.048387
vt 0.900000 0.032258
vt 0.900000 0.048387
vt 0.914286 0.032258
vt 0.914286 0.048387
vt 0.928572 0.032258
vt 0.928572 0.048387
vt 0.942857 0.032258
vt 0.942857 0.048387
vt 0.957143 0.032258
vt 0.957143 0.048387
vt 0.000000 0.000000
vt 0.014286 0.000000
vt 0.014286 0.016129
vt 0.000000 0.016129
vt 0.028571 0.000000
vt 0.028571 0.016129
vt 0.042857 0.000000
vt 0.042857 0.016129
vt 0.057143 0.000000
vt 0.057143 0.016129
vt 0.071429 0.000000
vt 0.071429 0.016129
vt 0.085714 0.000000
vt 0.085714 0.016129
vt 0.100000 0.000000
vt 0.100000 0.016129
vt 0.114286 0.000000
vt 0.114286 0.016129
vt 0.128571 0.000000
vt 0.128571 0.016129
vt 0.142857 0.000000
vt 0.142857 0.016129
vt 0.157143 0.000000
vt 0.157143 0.016129
vt 0.171429 0.000000
vt 0.171429 0.016129
vt 0.185714 0.000000
vt 0.185714 0.016129
vt 0.200000 0.000000
vt 0.200000 0.016129
vt 0.214286 0.000000
vt 0.214286 0.016129
vt 0.228571 0.000000
vt 0.228571 0.016129
vt 0.242857 0.000000
vt 0.242857 0.016129
vt 0.257143 0.000000
vt 0.257143 0.016129
vt 0.271429 0.000000
vt 0.271429 0.016129
vt 0.285714 0.000000
vt 0.285714 0.016129
vt 0.300000 0.000000
vt 0.300000 0.016129
vt 0.314286 0.000000
vt 0.314286 0.016129
vt 0.328571 0.000000
vt 0.328571 0.016129
vt 0.342857 0.000000
vt 0.342857 0.016129
vt 0.357143 0.000000
vt 0.357143 0.016129
vt 0.371429 0.000000
vt 0.371429 0.016129
vt 0.385714 0.000000
vt 0.385714 0.016129
vt 0.400000 0.000000
vt 0.400000 0.016129
vt 0.414286 0.000000
vt 0.414286 0.016129
vt 0.428571 0.000000
vt 0.428571 0.016129
vt 0.442857 0.000000
vt 0.442857 0.016129
vt 0.457143 0.000000
vt 0.457143 0.016129
vt 0.471429 0.000000
vt 0.471429 0.016129
vt 0.485714 0.000000
vt 0.485714 0.016129
vt 0.500000 0.000000
vt 0.500000 0.016129
vt 0.514286 0.000000
vt 0.514286 0.016129
vt 0.528571 0.000000
vt 0.528571 0.016129
vt 0.542857 0.000000
vt 0.542857 0.016129
vt 0.557143 0.000000
vt 0.557143 0.016129
vt 0.571429 0.000000
vt 0.571429 0.016129
vt 0.585714 0.000000
vt 0.585714 0.016129
vt 0.600000 0.000000
vt 0.600000 0.016129
vt 0.614286 0.000000
vt 0.614286 0.016129
vt 0.628571 0.000000
vt 0.628572 0.016129
vt 0.642857 0.000000
vt 0.642857 0.016129
vt 0.657143 0.000000
vt 0.657143 0.016129
vt 0.671429 0.000000
vt 0.671429 0.016129
vt 0.685714 0.000000
vt 0.685714 0.016129
vt 0.700000 0.000000
vt 0.700000 0.016129
vt 0.714286 0.000000
vt 0.714286 0.016129
vt 0.728572 0.000000
vt 0.728572 0.016129
vt 0.742857 0.000000
vt 0.742857 0.016129
vt 0.757143 0.000000
vt 0.757143 0.016129
vt 0.771429 0.000000
vt 0.771429 0.016129
vt 0.785714 0.000000
vt 0.785714 0.016129
vt 0.800000 0.000000
vt 0.800000 0.016129
vt 0.814286 0.000000
vt 0.814286 0.016129
vt 0.828571 0.000000
vt 0.828572 0.016129
vt 0.842857 0.000000
vt 0.842857 0.016129
vt 0.857143 0.000000
vt 0.857143 0.016129
vt 0.871429 0.000000
vt 0.871429 0.016129
vt 0.885714 0.000000
vt 0.885714 0.016129
vt 0.900000 0.000000
vt 0.900000 0.016129
vt 0.914286 0.000000
vt 0.914286 0.016129
vt 0.928572 0.000000
vt 0.928572 0.016129
vt 0.942857 0.000000
vt 0.942857 0.016129
vt 0.957143 0.000000
vt 0.957143 0.016129
vt 0.014286 0.983871
vt 0.000000 0.983871
vt 0.028571 0.983871
vt 0.028571 1.000000
vt 0.014286 1.000000
vt 0.000000 1.000000
vt 0.042857 0.983871
vt 0.057143 0.983871
vt 0.057143 1.000000
vt 0.042857 1.000000
vt 0.071429 0.983871
vt 0.085714 0.983871
vt 0.085714 1.000000
vt 0.071429 1.000000
vt 0.100000 0.983871
vt 0.114286 0.983871
vt 0.114286 1.000000
vt 0.100000 1.000000
vt 0.128571 0.983871
vt 0.142857 0.983871
vt 0.142857 1.000000
vt 0.128571 1.000000
vt 0.157143 0.983871
vt 0.171429 0.983871
vt 0.171429 1.000000
vt 0.157143 1.000000
vt 0.185714 0.983871
vt 0.200000 0.983871
vt 0.200000 1.000000
vt 0.185714 1.000000
vt 0.214286 0.983871
vt 0.228571 0.983871
vt 0.228571 1.000000
vt 0.214286 1.000000
vt 0.242857 0.983871
vt 0.257143 0.983871
vt 0.257143 1.000000
vt 0.242857 1.000000
vt 0.271429 0.983871
vt 0.285714 0.983871
vt 0.285714 1.000000
vt 0.271429 1.000000
vt 0.300000 0.983871
vt 0.314286 0.983871
vt 0.314286 1.000000
vt 0.300000 1.000000
vt 0.328571 0.983871
vt 0.342857 0.983871
vt 0.342857 1.000000
vt 0.328571 1.000000
vt 0.357143 0.983871
vt 0.371429 0.983871
vt 0.371429 1.000000
vt 0.357143 1.000000
vt 0.385714 0.983871
vt 0.400000 0.983871
vt 0.400000 1.000000
vt 0.385714 1.000000
vt 0.414286 0.983871
vt 0.428571 0.983871
vt 0.428571 1.000000
vt 0.414286 1.000000
vt 0.442857 0.983871
vt 0.457143 0.983871
vt 0.457143 1.000000
vt 0.442857 1.000000
vt 0.471429 0.983871
vt 0.485714 0.983871
vt 0.485714 1.000000
vt 0.471429 1.000000
vt 0.500000 0.983871
vt 0.514286 0.983871
vt 0.514286 1.000000
vt 0.500000 1.000000
vt 0.528571 0.983871
vt 0.542857 0.983871
vt 0.542857 1.000000
vt 0.528571 1.000000
vt 0.557143 0.983871
vt 0.571429 0.983871
vt 0.571429 1.000000
vt 0.557143 1.000000
vt 0.585714 0.983871
vt 0.600000 0.983871
vt 0.600000 1.000000
vt 0.585714 1.000000
vt 0.614286 0.983871
vt 0.628572 0.983871
vt 0.628571 1.000000
vt 0.614286 1.000000
vt 0.642857 0.983871
vt 0.657143 0.983871
vt 0.657143 1.000000
vt 0.642857 1.000000
vt 0.671429 0.983871
vt 0.685714 0.983871
vt 0.685714 1.000000
vt 0.671429 1.000000
vt 0.700000 0.983871
vt 0.714286 0.983871
vt 0.714286 1.000000
vt 0.700000 1.000000
vt 0.728571 0.983871
vt 0.742857 0.983871
vt 0.742857 1.000000
vt 0.728572 1.000000
vt 0.757143 0.983871
vt 0.771429 0.983871
vt 0.771429 1.000000
vt 0.757143 1.000000
vt 0.785714 0.983871
vt 0.800000 0.983871
vt 0.800000 1.000000
vt 0.785714 1.000000
vt 0.814286 0.983871
vt 0.828572 0.983871
vt 0.828571 1.000000
vt 0.814286 1.000000
vt 0.842857 0.983871
vt 0.857143 0.983871
vt 0.857143 1.000000
vt 0.842857 1.000000
vt 0.871429 0.983871
vt 0.885714 0.983871
vt 0.885714 1.000000
vt 0.871429 1.000000
vt 0.900000 0.983871
vt 0.914286 0.983871
vt 0.914286 1.000000
vt 0.900000 1.000000
vt 0.928571 0.983871
vt 0.942857 0.983871
vt 0.942857 1.000000
vt 0.928572 1.000000
vt 0.957143 0.983871
vt 0.957143 1.000000
s 0
f 1119/1/1 2301/2/1 3389/3/1 3388/4/1
f 2301/2/2 64/5/2 1155/6/2 3389/3/2
f 3389/3/3 1155/6/3 4/7/3 1281/8/3
f 3388/4/4 3389/3/4 1281/8/4 99/9/4
f 98/10/5 1154/11/5 3390/12/5 3354/13/5
f 1154/11/6 2/14/6 1187/15/6 3390/12/6
f 3390/12/7 1187/15/7 35/16/7 1315/17/7
f 3354/13/8 3390/12/8 1315/17/8 133/18/8
f 133/18/9 1315/17/9 3391/19/9 3320/20/9
f 1315/17/10 35/16/10 1188/21/10 3391/19/10
f 3391/19/11 1188/21/11 36/22/11 1349/23/11
f 3320/20/12 3391/19/12 1349/23/12 167/24/12
f 167/24/13 1349/23/13 3392/25/13 3286/26/13
f 1349/23/14 36/22/14 1189/27/14 3392/25/14
f 3392/25/15 1189/27/15 37/28/15 1383/29/15
f 3286/26/16 3392/25/16 1383/29/16 201/30/16
f 201/30/17 1383/29/17 3393/31/17 3252/32/17
f 1383/29/18 37/28/18 1190/33/18 3393/31/18
f 3393/31/19 1190/33/19 38/34/19 1417/35/19
f 3252/32/20 3393/31/20 1417/35/20 235/36/20
f 235/36/21 1417/35/21 3394/37/21 3218/38/21
f 1417/35/22 38/34/22 1191/39/22 3394/37/22
f 3394/37/23 1191/39/23 39/40/23 1451/41/23
f 3218/38/24 3394/37/24 1451/41/24 269/42/24
f 269/42/25 1451/41/25 3395/43/25 3184/44/25
f 1451/41/26 39/40/26 1192/45/26 3395/43/26
f 3395/43/27 1192/45/27 40/46/27 1485/47/27
f 3184/44/28 3395/43/28 1485/47/28 303/48/28
f 303/48/29 1485/47/29 3396/49/29 3150/50/29
f 1485/47/30 40/46/30 1193/51/30 3396/49/30
f 3396/49/31 1193/51/31 41/52/31 1519/53/31
f 3150/50/32 3396/49/32 1519/53/32 337/54/32
f 337/54/33 1519/53/33 3397/55/33 3116/56/33
f 1519/53/34 41/52/34 1194/57/34 3397/55/34
f 3397/55/35 1194/57/35 42/58/35 1553/59/35
f 3116/56/36 3397/55/36 1553/59/36 371/60/36
f 371/60/37 1553/59/37 3398/61/37 3082/62/37
f 1553/59/38 42/58/38 1195/63/38 3398/61/38
f 3398/61/39 1195/63/39 43/64/39 1587/65/39
f 3082/62/40 3398/61/40 1587/65/40 405/66/40
f 405/66/41 1587/65/41 3399/67/41 3048/68/41
f 1587/65/42 43/64/42 1196/69/42 3399/67/42
f 3399/67/43 1196/69/43 44/70/43 1621/71/43
f 3048/68/44 3399/67/44 1621/71/44 439/72/44
f 439/72/45 1621/71/45 3400/73/45 3014/74/45
f 1621/71/46 44/70/46 1197/75/46 3400/73/46
f 3400/73/47 1197/75/47 45/76/47 1655/77/47
f 3014/74/48 3400/73/48 1655/77/48 473/78/48
f 473/78/49 1655/77/49 3401/79/49 2980/80/49
f 1655/77/50 45/76/50 1198/81/50 3401/79/50
f 3401/79/51 1198/81/51 46/82/51 1689/83/51
f 2980/80/52 3401/79/52 1689/83/52 507/84/52
f 507/84/53 1689/83/53 3402/85/53 2946/86/53
f 1689/83/54 46/82/54 1199/87/54 3402/85/54
f 3402/85/55 1199/87/55 47/88/55 1723/89/55
f 2946/86/56 3402/85/56 1723/89/56 541/90/56
f 541/90/57 1723/89/57 3403/91/57 2912/92/57
f 1723/89/58 47/88/58 1200/93/58 3403/91/58
f 3403/91/59 1200/93/59 48/94/59 1757/95/59
f 2912/92/60 3403/91/60 1757/95/60 575/96/60
f 575/96/61 1757/95/61 3404/97/61 2878/98/61
f 1757/95/62 48/94/62 1201/99/62 3404/97/62
f 3404/97/63 1201/99/63 49/100/63 1791/101/63
f 2878/98/64 3404/97/64 1791/101/64 609/102/64
f 609/102/65 1791/101/65 3405/103/65 2844/104/65
f 1791/101/66 49/100/66 1202/105/66 3405/103/66
f 3405/103/67 1202/105/67 50/106/67 1825/107/67
f 2844/104/68 3405/103/68 1825/107/68 643/108/68
f 643/108/69 1825/107/69 3406/109/69 2810/110/69
f 1825/107/70 50/106/70 1203/111/70 3406/109/70
f 3406/109/71 1203/111/71 51/112/71 1859/113/71
f 2810/110/72 3406/109/72 1859/113/72 677/114/72
f 677/114/73 1859/113/73 3407/115/73 2776/116/73
f 1859/113/74 51/112/74 1204/117/74 3407/115/74
f 3407/115/75 1204/117/75 52/118/75 1893/119/75
f 2776/116/76 3407/115/76 1893/119/76 711/120/76
f 711/120/77 1893/119/77 3408/121/77 2742/122/77
f 1893/119/78 52/118/78 1205/123/78 3408/121/78
f 3408/121/79 1205/123/79 53/124/79 1927/125/79
f 2742/122/80 3408/121/80 1927/125/80 745/126/80
f 745/126/81 1927/125/81 3409/127/81 2708/128/81
f 1927/125/82 53/124/82 1206/129/82 3409/127/82
f 3409/127/83 1206/129/83 54/130/83 1961/131/83
f 2708/128/84 3409/127/84 1961/131/84 779/132/84
f 779/132/85 1961/131/85 3410/133/85 2674/134/85
f 1961/131/86 54/130/86 1207/135/86 3410/133/86
f 3410/133/87 1207/135/87 55/136/87 1995/137/87
f 2674/134/88 3410/133/88 1995/137/88 813/138/88
f 813/138/89 1995/137/89 3411/139/89 2640/140/89
f 1995/137/90 55/136/90 1208/141/90 3411/139/90
f 3411/139/91 1208/141/91 56/142/91 2029/143/91
f 2640/140/92 3411/139/92 2029/143/92 847/144/92
f 847/144/93 2029/143/93 3412/145/93 2606/146/93
f 2029/143/94 56/142/94 1209/147/94 3412/145/94
f 3412/145/95 1209/147/95 57/148/95 2063/149/95
f 2606/146/96 3412/145/96 2063/149/96 881/150/96
f 881/150/97 2063/149/97 3413/151/97 2572/152/97
f 2063/149/98 57/148/98 1210/153/98 3413/151/98
f 3413/151/99 1210/153/99 58/154/99 2097/155/99
f 2572/152/100 3413/151/100 2097/155/100 915/156/100
f 915/156/101 2097/155/101 3414/157/101 2538/158/101
f 2097/155/102 58/154/102 1211/159/102 3414/157/102
f 3414/157/103 1211/159/103 59/160/103 2131/161/103
f 2538/158/104 3414/157/104 2131/161/104 949/162/104
f 949/162/105 2131/161/105 3415/163/105 2504/164/105
f 2131/161/106 59/160/106 1212/165/106 3415/163/106
f 3415/163/107 1212/165/107 60/166/107 2165/167/107
f 2504/164/108 3415/163/108 2165/167/108 983/168/108
f 983/168/109 2165/167/109 3416/169/109 2470/170/109
f 2165/167/110 60/166/110 1213/171/110 3416/169/110
f 3416/169/111 1213/171/111 61/172/111 2199/173/111
f 2470/170/112 3416/169/112 2199/173/112 1017/174/112
f 1017/174/113 2199/173/113 3417/175/113 2436/176/113
f 2199/173/114 61/172/114 1214/177/114 3417/175/114
f 3417/175/115 1214/177/115 62/178/115 2233/179/115
f 2436/176/116 3417/175/116 2233/179/116 1051/180/116
f 1051/180/117 2233/179/117 3418/181/117 2402/182/117
f 2233/179/118 62/178/118 1215/183/118 3418/181/118
f 3418/181/119 1215/183/119 63/184/119 2267/185/119
f 2402/182/120 3418/181/120 2267/185/120 1085/186/120
f 1085/186/121 2267/185/121 3419/187/121 2368/188/121
f 2267/185/122 63/184/122 1216/189/122 3419/187/122
f 3419/187/123 1216/189/123 64/5/123 2301/2/123
f 2368/188/124 3419/187/124 2301/2/124 1119/1/124
f 6/190/125 1245/191/125 3420/192/125 1158/193/125
f 1245/191/126 1118/194/126 2335/195/126 3420/192/126
f 3420/192/127 2335/195/127 1152/196/127 1246/197/127
f 1158/193/128 3420/192/128 1246/197/128 5/198/128
f 1118/194/129 2300/199/129 3421/200/129 2335/195/129
f 2300/199/130 1117/201/130 2336/202/130 3421/200/130
f 3421/200/131 2336/202/131 1151/203/131 2334/204/131
f 2335/195/132 3421/200/132 2334/204/132 1152/196/132
f 1117/201/133 2299/205/133 3422/206/133 2336/202/133
f 2299/205/134 1116/207/134 2337/208/134 3422/206/134
f 3422/206/135 2337/208/135 1150/209/135 2333/210/135
f 2336/202/136 3422/206/136 2333/210/136 1151/203/136
f 1116/207/137 2298/211/137 3423/212/137 2337/208/137
f 2298/211/138 1115/213/138 2338/214/138 3423/212/138
f 3423/212/139 2338/214/139 1149/215/139 2332/216/139
f 2337/208/140 3423/212/140 2332/216/140 1150/209/140
f 1115/213/141 2297/217/141 3424/218/141 2338/214/141
f 2297/217/142 1114/219/142 2339/220/142 3424/218/142
f 3424/218/143 2339/220/143 1148/221/143 2331/222/143
f 2338/214/144 3424/218/144 2331/222/144 1149/215/144
f 1114/219/145 2296/223/145 3425/224/145 2339/220/145
f 2296/223/146 1113/225/146 2340/226/146 3425/224/146
f 3425/224/147 2340/226/147 1147/227/147 2330/228/147
f 2339/220/148 3425/224/148 2330/228/148 1148/221/148
f 1113/225/149 2295/229/149 3426/230/149 2340/226/149
f 2295/229/150 1112/231/150 2341/232/150 3426/230/150
f 3426/230/151 2341/232/151 1146/233/151 2329/234/151
f 2340/226/152 3426/230/152 2329/234/152 1147/227/152
f 1112/231/153 2294/235/153 3427/236/153 2341/232/153
f 2294/235/154 1111/237/154 2342/238/154 3427/236/154
f 3427/236/155 2342/238/155 1145/239/155 2328/240/155
f 2341/232/156 3427/236/156 2328/240/156 1146/233/156
f 1111/237/157 2293/241/157 3428/242/157 2342/238/157
f 2293/241/158 1110/243/158 2343/244/158 3428/242/158
f 3428/242/159 2343/244/159 1144/245/159 2327/246/159
f 2342/238/160 3428/242/160 2327/246/160 1145/239/160
f 1110/243/161 2292/247/161 3429/248/161 2343/244/161
f 2292/247/162 1109/249/162 2344/250/162 3429/248/162
f 3429/248/163 2344/250/163 1143/251/163 2326/252/163
f 2343/244/164 3429/248/164 2326/252/164 1144/245/164
f 1109/249/165 2291/253/165 3430/254/165 2344/250/165
f 2291/253/166 1108/255/166 2345/256/166 3430/254/166
f 3430/254/167 2345/256/167 1142/257/167 2325/258/167
f 2344/250/168 3430/254/168 2325/258/168 1143/251/168
f 1108/255/169 2290/259/169 3431/260/169 2345/256/169
f 2290/259/170 1107/261/170 2346/262/170 3431/260/170
f 3431/260/171 2346/262/171 1141/263/171 2324/264/171
f 2345/256/172 3431/260/172 2324/264/172 1142/257/172
f 1107/261/173 2289/265/173 3432/266/173 2346/262/173
f 2289/265/174 1106/267/174 2347/268/174 3432/266/174
f 3432/266/175 2347/268/175 1140/269/175 2323/270/175
f 2346/262/176 3432/266/176 2323/270/176 1141/263/176
f 1106/267/177 2288/271/177 3433/272/177 2347/268/177
f 2288/271/178 1105/273/178 2348/274/178 3433/272/178
f 3433/272/179 2348/274/179 1139/275/179 2322/276/179
f 2347/268/180 3433/272/180 2322/276/180 1140/269/180
f 1105/273/181 2287/277/181 3434/278/181 2348/274/181
f 2287/277/182 1104/279/182 2349/280/182 3434/278/182
f 3434/278/183 2349/280/183 1138/281/183 2321/282/183
f 2348/274/184 3434/278/184 2321/282/184 1139/275/184
f 1104/279/185 2286/283/185 3435/284/185 2349/280/185
f 2286/283/186 1103/285/186 2350/286/186 3435/284/186
f 3435/284/187 2350/286/187 1137/287/187 2320/288/187
f 2349/280/188 3435/284/188 2320/288/188 1138/281/188
f 1103/285/189 2285/289/189 3436/290/189 2350/286/189
f 2285/289/190 1102/291/190 2351/292/190 3436/290/190
f 3436/290/191 2351/292/191 1136/293/191 2319/294/191
f 2350/286/192 3436/290/192 2319/294/192 1137/287/192
f 1102/291/193 2284/295/193 3437/296/193 2351/292/193
f 2284/295/194 1101/297/194 2352/298/194 3437/296/194
f 3437/296/195 2352/298/195 1135/299/195 2318/300/195
f 2351/292/196 3437/296/196 2318/300/196 1136/293/196
f 1101/297/197 2283/301/197 3438/302/197 2352/298/197
f 2283/301/198 1100/303/198 2353/304/198 3438/302/198
f 3438/302/199 2353/304/199 1134/305/199 2317/306/199
f 2352/298/200 3438/302/200 2317/306/200 1135/299/200
f 1100/303/201 2282/307/201 3439/308/201 2353/304/201
f 2282/307/202 1099/309/202 2354/310/202 3439/308/202
f 3439/308/203 2354/310/203 1133/311/203 2316/312/203
f 2353/304/204 3439/308/204 2316/312/204 1134/305/204
f 1099/309/205 2281/313/205 3440/314/205 2354/310/205
f 2281/313/206 1098/315/206 2355/316/206 3440/314/206
f 3440/314/207 2355/316/207 1132/317/207 2315/318/207
f 2354/310/208 3440/314/208 2315/318/208 1133/311/208
f 1098/315/209 2280/319/209 3441/320/209 2355/316/209
f 2280/319/210 1097/321/210 2356/322/210 3441/320/210
f 3441/320/211 2356/322/211 1131/323/211 2314/324/211
f 2355/316/212 3441/320/212 2314/324/212 1132/317/212
f 1097/321/213 2279/325/213 3442/326/213 2356/322/213
f 2279/325/214 1096/327/214 2357/328/214 3442/326/214
f 3442/326/215 2357/328/215 1130/329/215 2313/330/215
f 2356/322/216 3442/326/216 2313/330/216 1131/323/216
f 1096/327/217 2278/331/217 3443/332/217 2357/328/217
f 2278/331/218 1095/333/218 2358/334/218 3443/332/218
f 3443/332/219 2358/334/219 1129/335/219 2312/336/219
f 2357/328/220 3443/332/220 2312/336/220 1130/329/220
f 1095/333/221 2277/337/221 3444/338/221 2358/334/221
f 2277/337/222 1094/339/222 2359/340/222 3444/338/222
f 3444/338/223 2359/340/223 1128/341/223 2311/342/223
f 2358/334/224 3444/338/224 2311/342/224 1129/335/224
f 1094/339/225 2276/343/225 3445/344/225 2359/340/225
f 2276/343/226 1093/345/226 2360/346/226 3445/344/226
f 3445/344/227 2360/346/227 1127/347/227 2310/348/227
f 2359/340/228 3445/344/228 2310/348/228 1128/341/228
f 1093/345/229 2275/349/229 3446/350/229 2360/346/229
f 2275/349/230 1092/351/230 2361/352/230 3446/350/230
f 3446/350/231 2361/352/231 1126/353/231 2309/354/231
f 2360/346/232 3446/350/232 2309/354/232 1127/347/232
f 1092/351/233 2274/355/233 3447/356/233 2361/352/233
f 2274/355/234 1091/357/234 2362/358/234 3447/356/234
f 3447/356/235 2362/358/235 1125/359/235 2308/360/235
f 2361/352/236 3447/356/236 2308/360/236 1126/353/236
f 1091/357/237 2273/361/237 3448/362/237 2362/358/237
f 2273/361/238 1090/363/238 2363/364/238 3448/362/238
f 3448/362/239 2363/364/239 1124/365/239 2307/366/239
f 2362/358/240 3448/362/240 2307/366/240 1125/359/240
f 1090/363/241 2272/367/241 3449/368/241 2363/364/241
f 2272/367/242 1089/369/242 2364/370/242 3449/368/242
f 3449/368/243 2364/370/243 1123/371/243 2306/372/243
f 2363/364/244 3449/368/244 2306/372/244 1124/365/244
f 1089/369/245 2271/373/245 3450/374/245 2364/370/245
f 2271/373/246 1088/375/246 2365/376/246 3450/374/246
f 3450/374/247 2365/376/247 1122/377/247 2305/378/247
f 2364/370/248 3450/374/248 2305/378/248 1123/371/248
f 1088/375/249 2270/379/249 3451/380/249 2365/376/249
f 2270/379/250 1087/381/250 2366/382/250 3451/380/250
f 3451/380/251 2366/382/251 1121/383/251 2304/384/251
f 2365/376/252 3451/380/252 2304/384/252 1122/377/252
f 1087/381/253 2269/385/253 3452/386/253 2366/382/253
f 2269/385/254 1086/387/254 2367/388/254 3452/386/254
f 3452/386/255 2367/388/255 1120/389/255 2303/390/255
f 2366/382/256 3452/386/256 2303/390/256 1121/383/256
f 1086/387/257 2268/391/257 3453/392/257 2367/388/257
f 2268/391/258 1085/186/258 2368/188/258 3453/392/258
f 3453/392/259 2368/188/259 1119/1/259 2302/393/259
f 2367/388/260 3453/392/260 2302/393/260 1120/389/260
f 7/394/261 1244/395/261 3454/396/261 1159/397/261
f 1244/395/262 1084/398/262 2369/399/262 3454/396/262
f 3454/396/263 2369/399/263 1118/194/263 1245/191/263
f 1159/397/264 3454/396/264 1245/191/264 6/190/264
f 1084/398/265 2266/400/265 3455/401/265 2369/399/265
f 2266/400/266 1083/402/266 2370/403/266 3455/401/266
f 3455/401/267 2370/403/267 1117/201/267 2300/199/267
f 2369/399/268 3455/401/268 2300/199/268 1118/194/268
f 1083/402/269 2265/404/269 3456/405/269 2370/403/269
f 2265/404/270 1082/406/270 2371/407/270 3456/405/270
f 3456/405/271 2371/407/271 1116/207/271 2299/205/271
f 2370/403/272 3456/405/272 2299/205/272 1117/201/272
f 1082/406/273 2264/408/273 3457/409/273 2371/407/273
f 2264/408/274 1081/410/274 2372/411/274 3457/409/274
f 3457/409/275 2372/411/275 1115/213/275 2298/211/275
f 2371/407/276 3457/409/276 2298/211/276 1116/207/276
f 1081/410/277 2263/412/277 3458/413/277 2372/411/277
f 2263/412/278 1080/414/278 2373/415/278 3458/413/278
f 3458/413/279 2373/415/279 1114/219/279 2297/217/279
f 2372/411/280 3458/413/280 2297/217/280 1115/213/280
f 1080/414/281 2262/416/281 3459/417/281 2373/415/281
f 2262/416/282 1079/418/282 2374/419/282 3459/417/282
f 3459/417/283 2374/419/283 1113/225/283 2296/223/283
f 2373/415/284 3459/417/284 2296/223/284 1114/219/284
f 1079/418/285 2261/420/285 3460/421/285 2374/419/285
f 2261/420/286 1078/422/286 2375/423/286 3460/421/286
f 3460/421/287 2375/423/287 1112/231/287 2295/229/287
f 2374/419/288 3460/421/288 2295/229/288 1113/225/288
f 1078/422/289 2260/424/289 3461/425/289 2375/423/289
f 2260/424/290 1077/426/290 2376/427/290 3461/425/290
f 3461/425/291 2376/427/291 1111/237/291 2294/235/291
f 2375/423/292 3461/425/292 2294/235/292 1112/231/292
f 1077/426/293 2259/428/293 3462/429/293 2376/427/293
f 2259/428/294 1076/430/294 2377/431/294 3462/429/294
f 3462/429/295 2377/431/295 1110/243/295 2293/241/295
f 2376/427/296 3462/429/296 2293/241/296 1111/237/296
f 1076/430/297 2258/432/297 3463/433/297 2377/431/297
f 2258/432/298 1075/434/298 2378/435/298 3463/433/298
f 3463/433/299 2378/435/299 1109/249/299 2292/247/299
f 2377/431/300 3463/433/300 2292/247/300 1110/243/300
f 1075/434/301 2257/436/301 3464/437/301 2378/435/301
f 2257/436/302 1074/438/302 2379/439/302 3464/437/302
f 3464/437/303 2379/439/303 1108/255/303 2291/253/303
f 2378/435/304 3464/437/304 2291/253/304 1109/249/304
f 1074/438/305 2256/440/305 3465/441/305 2379/439/305
f 2256/440/306 1073/442/306 2380/443/306 3465/441/306
f 3465/441/307 2380/443/307 1107/261/307 2290/259/307
f 2379/439/308 3465/441/308 2290/259/308 1108/255/308
f 1073/442/309 2255/444/309 3466/445/309 2380/443/309
f 2255/444/310 1072/446/310 2381/447/310 3466/445/310
f 3466/445/311 2381/447/311 1106/267/311 2289/265/311
f 2380/443/312 3466/445/312 2289/265/312 1107/261/312
f 1072/446/313 2254/448/313 3467/449/313 2381/447/313
f 2254/448/314 1071/450/314 2382/451/314 3467/449/314
f 3467/449/315 2382/451/315 1105/273/315 2288/271/315
f 2381/447/316 3467/449/316 2288/271/316 1106/267/316
f 1071/450/317 2253/452/317 3468/453/317 2382/451/317
f 2253/452/318 1070/454/318 2383/455/318 3468/453/318
f 3468/453/319 2383/455/319 1104/279/319 2287/277/319
f 2382/451/320 3468/453/320 2287/277/320 1105/273/320
f 1070/454/321 2252/456/321 3469/457/321 2383/455/321
f 2252/456/322 1069/458/322 2384/459/322 3469/457/322
f 3469/457/323 2384/459/323 1103/285/323 2286/283/323
f 2383/455/324 3469/457/324 2286/283/324 1104/279/324
f 1069/458/325 2251/460/325 3470/461/325 2384/459/325
f 2251/460/326 1068/462/326 2385/463/326 3470/461/326
f 3470/461/327 2385/463/327 1102/291/327 2285/289/327
f 2384/459/328 3470/461/328 2285/289/328 1103/285/328
f 1068/462/329 2250/464/329 3471/465/329 2385/463/329
f 2250/464/330 1067/466/330 2386/467/330 3471/465/330
f 3471/465/331 2386/467/331 1101/297/331 2284/295/331
f 2385/463/332 3471/465/332 2284/295/332 1102/291/332
f 1067/466/333 2249/468/333 3472/469/333 2386/467/333
f 2249/468/334 1066/470/334 2387/471/334 3472/469/334
f 3472/469/335 2387/471/335 1100/303/335 2283/301/335
f 2386/467/336 3472/469/336 2283/301/336 1101/297/336
f 1066/470/337 2248/472/337 3473/473/337 2387/471/337
f 2248/472/338 1065/474/338 2388/475/338 3473/473/338
f 3473/473/339 2388/475/339 1099/309/339 2282/307/339
f 2387/471/340 3473/473/340 2282/307/340 1100/303/340
f 1065/474/341 2247/476/341 3474/477/341 2388/475/341
f 2247/476/342 1064/478/342 2389/479/342 3474/477/342
f 3474/477/343 2389/479/343 1098/315/343 2281/313/343
f 2388/475/344 3474/477/344 2281/313/344 1099/309/344
f 1064/478/345 2246/480/345 3475/481/345 2389/479/345
f 2246/480/346 1063/482/346 2390/483/346 3475/481/346
f 3475/481/347 2390/483/347 1097/321/347 2280/319/347
f 2389/479/348 3475/481/348 2280/319/348 1098/315/348
f 1063/482/349 2245/484/349 3476/485/349 2390/483/349
f 2245/484/350 1062/486/350 2391/487/350 3476/485/350
f 3476/485/351 2391/487/351 1096/327/351 2279/325/351
f 2390/483/352 3476/485/352 2279/325/352 1097/321/352
f 1062/486/353 2244/488/353 3477/489/353 2391/487/353
f 2244/488/354 1061/490/354 2392/491/354 3477/489/354
f 3477/489/355 2392/491/355 1095/333/355 2278/331/355
f 2391/487/356 3477/489/356 2278/331/356 1096/327/356
f 1061/490/357 2243/492/357 3478/493/357 2392/491/357
f 2243/492/358 1060/494/358 2393/495/358 3478/493/358
f 3478/493/359 2393/495/359 1094/339/359 2277/337/359
f 2392/491/360 3478/493/360 2277/337/360 1095/333/360
f 1060/494/361 2242/496/361 3479/497/361 2393/495/361
f 2242/496/362 1059/498/362 2394/499/362 3479/497/362
f 3479/497/363 2394/499/363 1093/345/363 2276/343/363
f 2393/495/364 3479/497/364 2276/343/364 1094/339/364
f 1059/498/365 2241/500/365 3480/501/365 2394/499/365
f 2241/500/366 1058/502/366 2395/503/366 3480/501/366
f 3480/501/367 2395/503/367 1092/351/367 2275/349/367
f 2394/499/368 3480/501/368 2275/349/368 1093/345/368
f 1058/502/369 2240/504/369 3481/505/369 2395/503/369
f 2240/504/370 1057/506/370 2396/507/370 3481/505/370
f 3481/505/371 2396/507/371 1091/357/371 2274/355/371
f 2395/503/372 3481/505/372 2274/355/372 1092/351/372
f 1057/506/373 2239/508/373 3482/509/373 2396/507/373
f 2239/508/374 1056/510/374 2397/511/374 3482/509/374
f 3482/509/375 2397/511/375 1090/363/375 2273/361/375
f 2396/507/376 3482/509/376 2273/361/376 1091/357/376
f 1056/510/377 2238/512/377 3483/513/377 2397/511/377
f 2238/512/378 1055/514/378 2398/515/378 3483/513/378
f 3483/513/379 2398/515/379 1089/369/379 2272/367/379
f 2397/511/380 3483/513/380 2272/367/380 1090/363/380
f 1055/514/381 2237/516/381 3484/517/381 2398/515/381
f 2237/516/382 1054/518/382 2399/519/382 3484/517/382
f 3484/517/383 2399/519/383 1088/375/383 2271/373/383
f 2398/515/384 3484/517/384 2271/373/384 1089/369/384
f 1054/518/385 2236/520/385 3485/521/385 2399/519/385
f 2236/520/386 1053/522/386 2400/523/386 3485/521/386
f 3485/521/387 2400/523/387 1087/381/387 2270/379/387
f 2399/519/388 3485/521/388 2270/379/388 1088/375/388
f 1053/522/389 2235/524/389 3486/525/389 2400/523/389
f 2235/524/390 1052/526/390 2401/527/390 3486/525/390
f 3486/525/391 2401/527/391 1086/387/391 2269/385/391
f 2400/523/392 3486/525/392 2269/385/392 1087/381/392
f 1052/526/393 2234/528/393 3487/529/393 2401/527/393
f 2234/528/394 1051/180/394 2402/182/394 3487/529/394
f 3487/529/395 2402/182/395 1085/186/395 2268/391/395
f 2401/527/396 3487/529/396 2268/391/396 1086/387/396
f 8/530/397 1243/531/397 3488/532/397 1160/533/397
f 1243/531/398 1050/534/398 2403/535/398 3488/532/398
f 3488/532/399 2403/535/399 1084/398/399 1244/395/399
f 1160/533/400 3488/532/400 1244/395/400 7/394/400
f 1050/534/401 2232/536/401 3489/537/401 2403/535/401
f 2232/536/402 1049/538/402 2404/539/402 3489/537/402
f 3489/537/403 2404/539/403 1083/402/403 2266/400/403
f 2403/535/404 3489/537/404 2266/400/404 1084/398/404
f 1049/538/405 2231/540/405 3490/541/405 2404/539/405
f 2231/540/406 1048/542/406 2405/543/406 3490/541/406
f 3490/541/407 2405/543/407 1082/406/407 2265/404/407
f 2404/539/408 3490/541/408 2265/404/408 1083/402/408
f 1048/542/409 2230/544/409 3491/545/409 2405/543/409
f 2230/544/410 1047/546/410 2406/547/410 3491/545/410
f 3491/545/411 2406/547/411 1081/410/411 2264/408/411
f 2405/543/412 3491/545/412 2264/408/412 1082/406/412
f 1047/546/413 2229/548/413 3492/549/413 2406/547/413
f 2229/548/414 1046/550/414 2407/551/414 3492/549/414
f 3492/549/415 2407/551/415 1080/414/415 2263/412/415
f 2406/547/416 3492/549/416 2263/412/416 1081/410/416
f 1046/550/417 2228/552/417 3493/553/417 2407/551/417
f 2228/552/418 1045/554/418 2408/555/418 3493/553/418
f 3493/553/419 2408/555/419 1079/418/419 2262/416/419
f 2407/551/420 3493/553/420 2262/416/420 1080/414/420
f 1045/554/421 2227/556/421 3494/557/421 2408/555/421
f 2227/556/422 1044/558/422 2409/559/422 3494/557/422
f 3494/557/423 2409/559/423 1078/422/423 2261/420/423
f 2408/555/424 3494/557/424 2261/420/424 1079/418/424
f 1044/558/425 2226/560/425 3495/561/425 2409/559/425
f 2226/560/426 1043/562/426 2410/563/426 3495/561/426
f 3495/561/427 2410/563/427 1077/426/427 2260/424/427
f 2409/559/428 3495/561/428 2260/424/428 1078/422/428
f 1043/562/429 2225/564/429 3496/565/429 2410/563/429
f 2225/564/430 1042/566/430 2411/567/430 3496/565/430
f 3496/565/431 2411/567/431 1076/430/431 2259/428/431
f 2410/563/432 3496/565/432 2259/428/432 1077/426/432
f 1042/566/433 2224/568/433 3497/569/433 2411/567/433
f 2224/568/434 1041/570/434 2412/571/434 3497/569/434
f 3497/569/435 2412/571/435 1075/434/435 2258/432/435
f 2411/567/436 3497/569/436 2258/432/436 1076/430/436
f 1041/570/437 2223/572/437 3498/573/437 2412/571/437
f 2223/572/438 1040/574/438 2413/575/438 3498/573/438
f 3498/573/439 2413/575/439 1074/438/439 2257/436/439
f 2412/571/440 3498/573/440 2257/436/440 1075/434/440
f 1040/574/441 2222/576/441 3499/577/441 2413/575/441
f 2222/576/442 1039/578/442 2414/579/442 3499/577/442
f 3499/577/443 2414/579/443 1073/442/443 2256/440/443
f 2413/575/444 3499/577/444 2256/440/444 1074/438/444
f 1039/578/445 2221/580/445 3500/581/445 2414/579/445
f 2221/580/446 1038/582/446 2415/583/446 3500/581/446
f 3500/581/447 2415/583/447 1072/446/447 2255/444/447
f 2414/579/448 3500/581/448 2255/444/448 1073/442/448
f 1038/582/449 2220/584/449 3501/585/449 2415/583/449
f 2220/584/450 1037/586/450 2416/587/450 3501/585/450
f 3501/585/451 2416/587/451 1071/450/451 2254/448/451
f 2415/583/452 3501/585/452 2254/448/452 1072/446/452
f 1037/586/453 2219/588/453 3502/589/453 2416/587/453
f 2219/588/454 1036/590/454 2417/591/454 3502/589/454
f 3502/589/455 2417/591/455 1070/454/455 2253/452/455
f 2416/587/456 3502/589/456 2253/452/456 1071/450/456
f 1036/590/457 2218/592/457 3503/593/457 2417/591/457
f 2218/592/458 1035/594/458 2418/595/458 3503/593/458
f 3503/593/459 2418/595/459 1069/458/459 2252/456/459
f 2417/591/460 3503/593/460 2252/456/460 1070/454/460
f 1035/594/461 2217/596/461 3504/597/461 2418/595/461
f 2217/596/462 1034/598/462 2419/599/462 3504/597/462
f 3504/597/463 2419/599/463 1068/462/463 2251/460/463
f 2418/595/464 3504/597/464 2251/460/464 1069/458/464
f 1034/598/465 2216/600/465 3505/601/465 2419/599/465
f 2216/600/466 1033/602/466 2420/603/466 3505/601/466
f 3505/601/467 2420/603/467 1067/466/467 2250/464/467
f 2419/599/468 3505/601/468 2250/464/468 1068/462/468
f 1033/602/469 2215/604/469 3506/605/469 2420/603/469
f 2215/604/470 1032/606/470 2421/607/470 3506/605/470
f 3506/605/471 2421/607/471 1066/470/471 2249/468/471
f 2420/603/472 3506/605/472 2249/468/472 1067/466/472
f 1032/606/473 2214/608/473 3507/609/473 2421/607/473
f 2214/608/474 1031/610/474 2422/611/474 3507/609/474
f 3507/609/475 2422/611/475 1065/474/475 2248/472/475
f 2421/607/476 3507/609/476 2248/472/476 1066/470/476
f 1031/610/477 2213/612/477 3508/613/477 2422/611/477
f 2213/612/478 1030/614/478 2423/615/478 3508/613/478
f 3508/613/479 2423/615/479 1064/478/479 2247/476/479
f 2422/611/480 3508/613/480 2247/476/480 1065/474/480
f 1030/614/481 2212/616/481 3509/617/481 2423/615/481
f 2212/616/482 1029/618/482 2424/619/482 3509/617/482
f 3509/617/483 2424/619/483 1063/482/483 2246/480/483
f 2423/615/484 3509/617/484 2246/480/484 1064/478/484
f 1029/618/485 2211/620/485 3510/621/485 2424/619/485
f 2211/620/486 1028/622/486 2425/623/486 3510/621/486
f 3510/621/487 2425/623/487 1062/486/487 2245/484/487
f 2424/619/488 3510/621/488 2245/484/488 1063/482/488
f 1028/622/489 2210/624/489 3511/625/489 2425/623/489
f 2210/624/490 1027/626/490 2426/627/490 3511/625/490
f 3511/625/491 2426/627/491 1061/490/491 2244/488/491
f 2425/623/492 3511/625/492 2244/488/492 1062/486/492
f 1027/626/493 2209/628/493 3512/629/493 2426/627/493
f 2209/628/494 1026/630/494 2427/631/494 3512/629/494
f 3512/629/495 2427/631/495 1060/494/495 2243/492/495
f 2426/627/496 3512/629/496 2243/492/496 1061/490/496
f 1026/630/497 2208/632/497 3513/633/497 2427/631/497
f 2208/632/498 1025/634/498 2428/635/498 3513/633/498
f 3513/633/499 2428/635/499 1059/498/499 2242/496/499
f 2427/631/500 3513/633/500 2242/496/500 1060/494/500
f 1025/634/501 2207/636/501 3514/637/501 2428/635/501
f 2207/636/502 1024/638/502 2429/639/502 3514/637/502
f 3514/637/503 2429/639/503 1058/502/503 2241/500/503
f 2428/635/504 3514/637/504 2241/500/504 1059/498/504
f 1024/638/505 2206/640/505 3515/641/505 2429/639/505
f 2206/640/506 1023/642/506 2430/643/506 3515/641/506
f 3515/641/507 2430/643/507 1057/506/507 2240/504/507
f 2429/639/508 3515/641/508 2240/504/508 1058/502/508
f 1023/642/509 2205/644/509 3516/645/509 2430/643/509
f 2205/644/510 1022/646/510 2431/647/510 3516/645/510
f 3516/645/511 2431/647/511 1056/510/511 2239/508/511
f 2430/643/512 3516/645/512 2239/508/512 1057/506/512
f 1022/646/513 2204/648/513 3517/649/513 2431/647/513
f 2204/648/514 1021/650/514 2432/651/514 3517/649/514
f 3517/649/515 2432/651/515 1055/514/515 2238/512/515
f 2431/647/516 3517/649/516 2238/512/516 1056/510/516
f 1021/650/517 2203/652/517 3518/653/517 2432/651/517
f 2203/652/518 1020/654/518 2433/655/518 3518/653/518
f 3518/653/519 2433/655/519 1054/518/519 2237/516/519
f 2432/651/520 3518/653/520 2237/516/520 1055/514/520
f 1020/654/521 2202/656/521 3519/657/521 2433/655/521
f 2202/656/522 1019/658/522 2434/659/522 3519/657/522
f 3519/657/523 2434/659/523 1053/522/523 2236/520/523
f 2433/655/524 3519/657/524 2236/520/524 1054/518/524
f 1019/658/525 2201/660/525 3520/661/525 2434/659/525
f 2201/660/526 1018/662/526 2435/663/526 3520/661/526
f 3520/661/527 2435/663/527 1052/526/527 2235/524/527
f 2434/659/528 3520/661/528 2235/524/528 1053/522/528
f 1018/662/529 2200/664/529 3521/665/529 2435/663/529
f 2200/664/530 1017/174/530 2436/176/530 3521/665/530
f 3521/665/531 2436/176/531 1051/180/531 2234/528/531
f 2435/663/532 3521/665/532 2234/528/532 1052/526/532
f 9/666/533 1242/667/533 3522/668/533 1161/669/533
f 1242/667/534 1016/670/534 2437/671/534 3522/668/534
f 3522/668/535 2437/671/535 1050/534/535 1243/531/535
f 1161/669/536 3522/668/536 1243/531/536 8/530/536
f 1016/670/537 2198/672/537 3523/673/537 2437/671/537
f 2198/672/538 1015/674/538 2438/675/538 3523/673/538
f 3523/673/539 2438/675/539 1049/538/539 2232/536/539
f 2437/671/540 3523/673/540 2232/536/540 1050/534/540
f 1015/674/541 2197/676/541 3524/677/541 2438/675/541
f 2197/676/542 1014/678/542 2439/679/542 3524/677/542
f 3524/677/543 2439/679/543 1048/542/543 2231/540/543
f 2438/675/544 3524/677/544 2231/540/544 1049/538/544
f 1014/678/545 2196/680/545 3525/681/545 2439/679/545
f 2196/680/546 1013/682/546 2440/683/546 3525/681/546
f 3525/681/547 2440/683/547 1047/546/547 2230/544/547
f 2439/679/548 3525/681/548 2230/544/548 1048/542/548
f 1013/682/549 2195/684/549 3526/685/549 2440/683/549
f 2195/684/550 1012/686/550 2441/687/550 3526/685/550
f 3526/685/551 2441/687/551 1046/550/551 2229/548/551
f 2440/683/552 3526/685/552 2229/548/552 1047/546/552
f 1012/686/553 2194/688/553 3527/689/553 2441/687/553
f 2194/688/554 1011/690/554 2442/691/554 3527/689/554
f 3527/689/555 2442/691/555 1045/554/555 2228/552/555
f 2441/687/556 3527/689/556 2228/552/556 1046/550/556
f 1011/690/557 2193/692/557 3528/693/557 2442/691/557
f 2193/692/558 1010/694/558 2443/695/558 3528/693/558
f 3528/693/559 2443/695/559 1044/558/559 2227/556/559
f 2442/691/560 3528/693/560 2227/556/560 1045/554/560
f 1010/694/561 2192/696/561 3529/697/561 2443/695/561
f 2192/696/562 1009/698/562 2444/699/562 3529/697/562
f 3529/697/563 2444/699/563 1043/562/563 2226/560/563
f 2443/695/564 3529/697/564 2226/560/564 1044/558/564
f 1009/698/565 2191/700/565 3530/701/565 2444/699/565
f 2191/700/566 1008/702/566 2445/703/566 3530/701/566
f 3530/701/567 2445/703/567 1042/566/567 2225/564/567
f 2444/699/568 3530/701/568 2225/564/568 1043/562/568
f 1008/702/569 2190/704/569 3531/705/569 2445/703/569
f 2190/704/570 1007/706/570 2446/707/570 3531/705/570
f 3531/705/571 2446/707/571 1041/570/571 2224/568/571
f 2445/703/572 3531/705/572 2224/568/572 1042/566/572
f 1007/706/573 2189/708/573 3532/709/573 2446/707/573
f 2189/708/574 1006/710/574 2447/711/574 3532/709/574
f 3532/709/575 2447/711/575 1040/574/575 2223/572/575
f 2446/707/576 3532/709/576 2223/572/576 1041/570/576
f 1006/710/577 2188/712/577 3533/713/577 2447/711/577
f 2188/712/578 1005/714/578 2448/715/578 3533/713/578
f 3533/713/579 2448/715/579 1039/578/579 2222/576/579
f 2447/711/580 3533/713/580 2222/576/580 1040/574/580
f 1005/714/581 2187/716/581 3534/717/581 2448/715/581
f 2187/716/582 1004/718/582 2449/719/582 3534/717/582
f 3534/717/583 2449/719/583 1038/582/583 2221/580/583
f 2448/715/584 3534/717/584 2221/580/584 1039/578/584
f 1004/718/585 2186/720/585 3535/721/585 2449/719/585
f 2186/720/586 1003/722/586 2450/723/586 3535/721/586
f 3535/721/587 2450/723/587 1037/586/587 2220/584/587
f 2449/719/588 3535/721/588 2220/584/588 1038/582/588
f 1003/722/589 2185/724/589 3536/725/589 2450/723/589
f 2185/724/590 1002/726/590 2451/727/590 3536/725/590
f 3536/725/591 2451/727/591 1036/590/591 2219/588/591
f 2450/723/592 3536/725/592 2219/588/592 1037/586/592
f 1002/726/593 2184/728/593 3537/729/593 2451/727/593
f 2184/728/594 1001/730/594 2452/731/594 3537/729/594
f 3537/729/595 2452/731/595 1035/594/595 2218/592/595
f 2451/727/596 3537/729/596 2218/592/596 1036/590/596
f 1001/730/597 2183/732/597 3538/733/597 2452/731/597
f 2183/732/598 1000/734/598 2453/735/598 3538/733/598
f 3538/733/599 2453/735/599 1034/598/599 2217/596/599
f 2452/731/600 3538/733/600 2217/596/600 1035/594/600
f 1000/734/601 2182/736/601 3539/737/601 2453/735/601
f 2182/736/602 999/738/602 2454/739/602 3539/737/602
f 3539/737/603 2454/739/603 1033/602/603 2216/600/603
f 2453/735/604 3539/737/604 2216/600/604 1034/598/604
f 999/738/605 2181/740/605 3540/741/605 2454/739/605
f 2181/740/606 998/742/606 2455/743/606 3540/741/606
f 3540/741/607 2455/743/607 1032/606/607 2215/604/607
f 2454/739/608 3540/741/608 2215/604/608 1033/602/608
f 998/742/609 2180/744/609 3541/745/609 2455/743/609
f 2180/744/610 997/746/610 2456/747/610 3541/745/610
f 3541/745/611 2456/747/611 1031/610/611 2214/608/611
f 2455/743/612 3541/745/612 2214/608/612 1032/606/612
f 997/746/613 2179/748/613 3542/749/613 2456/747/613
f 2179/748/614 996/750/614 2457/751/614 3542/749/614
f 3542/749/615 2457/751/615 1030/614/615 2213/612/615
f 2456/747/616 3542/749/616 2213/612/616 1031/610/616
f 996/750/617 2178/752/617 3543/753/617 2457/751/617
f 2178/752/618 995/754/618 2458/755/618 3543/753/618
f 3543/753/619 2458/755/619 1029/618/619 2212/616/619
f 2457/751/620 3543/753/620 2212/616/620 1030/614/620
f 995/754/621 2177/756/621 3544/757/621 2458/755/621
f 2177/756/622 994/758/622 2459/759/622 3544/757/622
f 3544/757/623 2459/759/623 1028/622/623 2211/620/623
f 2458/755/624 3544/757/624 2211/620/624 1029/618/624
f 994/758/625 2176/760/625 3545/761/625 2459/759/625
f 2176/760/626 993/762/626 2460/763/626 3545/761/626
f 3545/761/627 2460/763/627 1027/626/627 2210/624/627
f 2459/759/628 3545/761/628 2210/624/628 1028/622/628
f 993/762/629 2175/764/629 3546/765/629 2460/763/629
f 2175/764/630 992/766/630 2461/767/630 3546/765/630
f 3546/765/631 2461/767/631 1026/630/631 2209/628/631
f 2460/763/632 3546/765/632 2209/628/632 1027/626/632
f 992/766/633 2174/768/633 3547/769/633 2461/767/633
f 2174/768/634 991/770/634 2462/771/634 3547/769/634
f 3547/769/635 2462/771/635 1025/634/635 2208/632/635
f 2461/767/636 3547/769/636 2208/632/636 1026/630/636
f 991/770/637 2173/772/637 3548/773/637 2462/771/637
f 2173/772/638 990/774/638 2463/775/638 3548/773/638
f 3548/773/639 2463/775/639 1024/638/639 2207/636/639
f 2462/771/640 3548/773/640 2207/636/640 1025/634/640
f 990/774/641 2172/776/641 3549/777/641 2463/775/641
f 2172/776/642 989/778/642 2464/779/642 3549/777/642
f 3549/777/643 2464/779/643 1023/642/643 2206/640/643
f 2463/775/644 3549/777/644 2206/640/644 1024/638/644
f 989/778/645 2171/780/645 3550/781/645 2464/779/645
f 2171/780/646 988/782/646 2465/783/646 3550/781/646
f 3550/781/647 2465/783/647 1022/646/647 2205/644/647
f 2464/779/648 3550/781/648 2205/644/648 1023/642/648
f 988/782/649 2170/784/649 3551/785/649 2465/783/649
f 2170/784/650 987/786/650 2466/787/650 3551/785/650
f 3551/785/651 2466/787/651 1021/650/651 2204/648/651
f 2465/783/652 3551/785/652 2204/648/652 1022/646/652
f 987/786/653 2169/788/653 3552/789/653 2466/787/653
f 2169/788/654 986/790/654 2467/791/654 3552/789/654
f 3552/789/655 2467/791/655 1020/654/655 2203/652/655
f 2466/787/656 3552/789/656 2203/652/656 1021/650/656
f 986/790/657 2168/792/657 3553/793/657 2467/791/657
f 2168/792/658 985/794/658 2468/795/658 3553/793/658
f 3553/793/659 2468/795/659 1019/658/659 2202/656/659
f 2467/791/660 3553/793/660 2202/656/660 1020/654/660
f 985/794/661 2167/796/661 3554/797/661 2468/795/661
f 2167/796/662 984/798/662 2469/799/662 3554/797/662
f 3554/797/663 2469/799/663 1018/662/663 2201/660/663
f 2468/795/664 3554/797/664 2201/660/664 1019/658/664
f 984/798/665 2166/800/665 3555/801/665 2469/799/665
f 2166/800/666 983/168/666 2470/170/666 3555/801/666
f 3555/801/667 2470/170/667 1017/174/667 2200/664/667
f 2469/799/668 3555/801/668 2200/664/668 1018/662/668
f 10/802/669 1241/803/669 3556/804/669 1162/805/669
f 1241/803/670 982/806/670 2471/807/670 3556/804/670
f 3556/804/671 2471/807/671 1016/670/671 1242/667/671
f 1162/805/672 3556/804/672 1242/667/672 9/666/672
f 982/806/673 2164/808/673 3557/809/673 2471/807/673
f 2164/808/674 981/810/674 2472/811/674 3557/809/674
f 3557/809/675 2472/811/675 1015/674/675 2198/672/675
f 2471/807/676 3557/809/676 2198/672/676 1016/670/676
f 981/810/677 2163/812/677 3558/813/677 2472/811/677
f 2163/812/678 980/814/678 2473/815/678 3558/813/678
f 3558/813/679 2473/815/679 1014/678/679 2197/676/679
f 2472/811/680 3558/813/680 2197/676/680 1015/674/680
f 980/814/681 2162/816/681 3559/817/681 2473/815/681
f 2162/816/682 979/818/682 2474/819/682 3559/817/682
f 3559/817/683 2474/819/683 1013/682/683 2196/680/683
f 2473/815/684 3559/817/684 2196/680/684 1014/678/684
f 979/818/685 2161/820/685 3560/821/685 2474/819/685
f 2161/820/686 978/822/686 2475/823/686 3560/821/686
f 3560/821/687 2475/823/687 1012/686/687 2195/684/687
f 2474/819/688 3560/821/688 2195/684/688 1013/682/688
f 978/822/689 2160/824/689 3561/825/689 2475/823/689
f 2160/824/690 977/826/690 2476/827/690 3561/825/690
f 3561/825/691 2476/827/691 1011/690/691 2194/688/691
f 2475/823/692 3561/825/692 2194/688/692 1012/686/692
f 977/826/693 2159/828/693 3562/829/693 2476/827/693
f 2159/828/694 976/830/694 2477/831/694 3562/829/694
f 3562/829/695 2477/831/695 1010/694/695 2193/692/695
f 2476/827/696 3562/829/696 2193/692/696 1011/690/696
f 976/830/697 2158/832/697 3563/833/697 2477/831/697
f 2158/832/698 975/834/698 2478/835/698 3563/833/698
f 3563/833/699 2478/835/699 1009/698/699 2192/696/699
f 2477/831/700 3563/833/700 2192/696/700 1010/694/700
f 975/834/701 2157/836/701 3564/837/701 2478/835/701
f 2157/836/702 974/838/702 2479/839/702 3564/837/702
f 3564/837/703 2479/839/703 1008/702/703 2191/700/703
f 2478/835/704 3564/837/704 2191/700/704 1009/698/704
f 974/838/705 2156/840/705 3565/841/705 2479/839/705
f 2156/840/706 973/842/706 2480/843/706 3565/841/706
f 3565/841/707 2480/843/707 1007/706/707 2190/704/707
f 2479/839/708 3565/841/708 2190/704/708 1008/702/708
f 973/842/709 2155/844/709 3566/845/709 2480/843/709
f 2155/844/710 972/846/710 2481/847/710 3566/845/710
f 3566/845/711 2481/847/711 1006/710/711 2189/708/711
f 2480/843/712 3566/845/712 2189/708/712 1007/706/712
f 972/846/713 2154/848/713 3567/849/713 2481/847/713
f 2154/848/714 971/850/714 2482/851/714 3567/849/714
f 3567/849/715 2482/851/715 1005/714/715 2188/712/715
f 2481/847/716 3567/849/716 2188/712/716 1006/710/716
f 971/850/717 2153/852/717 3568/853/717 2482/851/717
f 2153/852/718 970/854/718 2483/855/718 3568/853/718
f 3568/853/719 2483/855/719 1004/718/719 2187/716/719
f 2482/851/720 3568/853/720 2187/716/720 1005/714/720
f 970/854/721 2152/856/721 3569/857/721 2483/855/721
f 2152/856/722 969/858/722 2484/859/722 3569/857/722
f 3569/857/723 2484/859/723 1003/722/723 2186/720/723
f 2483/855/724 3569/857/724 2186/720/724 1004/718/724
f 969/858/725 2151/860/725 3570/861/725 2484/859/725
f 2151/860/726 968/862/726 2485/863/726 3570/861/726
f 3570/861/727 2485/863/727 1002/726/727 2185/724/727
f 2484/859/728 3570/861/728 2185/724/728 1003/722/728
f 968/862/729 2150/864/729 3571/865/729 2485/863/729
f 2150/864/730 967/866/730 2486/867/730 3571/865/730
f 3571/865/731 2486/867/731 1001/730/731 2184/728/731
f 2485/863/732 3571/865/732 2184/728/732 1002/726/732
f 967/866/733 2149/868/733 3572/869/733 2486/867/733
f 2149/868/734 966/870/734 2487/871/734 3572/869/734
f 3572/869/735 2487/871/735 1000/734/735 2183/732/735
f 2486/867/736 3572/869/736 2183/732/736 1001/730/736
f 966/870/737 2148/872/737 3573/873/737 2487/871/737
f 2148/872/738 965/874/738 2488/875/738 3573/873/738
f 3573/873/739 2488/875/739 999/738/739 2182/736/739
f 2487/871/740 3573/873/740 2182/736/740 1000/734/740
f 965/874/741 2147/876/741 3574/877/741 2488/875/741
f 2147/876/742 964/878/742 2489/879/742 3574/877/742
f 3574/877/743 2489/879/743 998/742/743 2181/740/743
f 2488/875/744 3574/877/744 2181/740/744 999/738/744
f 964/878/745 2146/880/745 3575/881/745 2489/879/745
f 2146/880/746 963/882/746 2490/883/746 3575/881/746
f 3575/881/747 2490/883/747 997/746/747 2180/744/747
f 2489/879/748 3575/881/748 2180/744/748 998/742/748
f 963/882/749 2145/884/749 3576/885/749 2490/883/749
f 2145/884/750 962/886/750 2491/887/750 3576/885/750
f 3576/885/751 2491/887/751 996/750/751 2179/748/751
f 2490/883/752 3576/885/752 2179/748/752 997/746/752
f 962/886/753 2144/888/753 3577/889/753 2491/887/753
f 2144/888/754 961/890/754 2492/891/754 3577/889/754
f 3577/889/755 2492/891/755 995/754/755 2178/752/755
f 2491/887/756 3577/889/756 2178/752/756 996/750/756
f 961/890/757 2143/892/757 3578/893/757 2492/891/757
f 2143/892/758 960/894/758 2493/895/758 3578/893/758
f 3578/893/759 2493/895/759 994/758/759 2177/756/759
f 2492/891/760 3578/893/760 2177/756/760 995/754/760
f 960/894/761 2142/896/761 3579/897/761 2493/895/761
f 2142/896/762 959/898/762 2494/899/762 3579/897/762
f 3579/897/763 2494/899/763 993/762/763 2176/760/763
f 2493/895/764 3579/897/764 2176/760/764 994/758/764
f 959/898/765 2141/900/765 3580/901/765 2494/899/765
f 2141/900/766 958/902/766 2495/903/766 3580/901/766
f 3580/901/767 2495/903/767 992/766/767 2175/764/767
f 2494/899/768 3580/901/768 2175/764/768 993/762/768
f 958/902/769 2140/904/769 3581/905/769 2495/903/769
f 2140/904/770 957/906/770 2496/907/770 3581/905/770
f 3581/905/771 2496/907/771 991/770/771 2174/768/771
f 2495/903/772 3581/905/772 2174/768/772 992/766/772
f 957/906/773 2139/908/773 3582/909/773 2496/907/773
f 2139/908/774 956/910/774 2497/911/774 3582/909/774
f 3582/909/775 2497/911/775 990/774/775 2173/772/775
f 2496/907/776 3582/909/776 2173/772/776 991/770/776
f 956/910/777 2138/912/777 3583/913/777 2497/911/777
f 2138/912/778 955/914/778 2498/915/778 3583/913/778
f 3583/913/779 2498/915/779 989/778/779 2172/776/779
f 2497/911/780 3583/913/780 2172/776/780 990/774/780
f 955/914/781 2137/916/781 3584/917/781 2498/915/781
f 2137/916/782 954/918/782 2499/919/782 3584/917/782
f 3584/917/783 2499/919/783 988/782/783 2171/780/783
f 2498/915/784 3584/917/784 2171/780/784 989/778/784
f 954/918/785 2136/920/785 3585/921/785 2499/919/785
f 2136/920/786 953/922/786 2500/923/786 3585/921/786
f 3585/921/787 2500/923/787 987/786/787 2170/784/787
f 2499/919/788 3585/921/788 2170/784/788 988/782/788
f 953/922/789 2135/924/789 3586/925/789 2500/923/789
f 2135/924/790 952/926/790 2501/927/790 3586/925/790
f 3586/925/791 2501/927/791 986/790/791 2169/788/791
f 2500/923/792 3586/925/792 2169/788/792 987/786/792
f 952/926/793 2134/928/793 3587/929/793 2501/927/793
f 2134/928/794 951/930/794 2502/931/794 3587/929/794
f 3587/929/795 2502/931/795 985/794/795 2168/792/795
f 2501/927/796 3587/929/796 2168/792/796 986/790/796
f 951/930/797 2133/932/797 3588/933/797 2502/931/797
f 2133/932/798 950/934/798 2503/935/798 3588/933/798
f 3588/933/799 2503/935/799 984/798/799 2167/796/799
f 2502/931/800 3588/933/800 2167/796/800 985/794/800
f 950/934/801 2132/936/801 3589/937/801 2503/935/801
f 2132/936/802 949/162/802 2504/164/802 3589/937/802
f 3589/937/803 2504/164/803 983/168/803 2166/800/803
f 2503/935/804 3589/937/804 2166/800/804 984/798/804
f 11/938/805 1240/939/805 3590/940/805 1163/941/805
f 1240/939/806 948/942/806 2505/943/806 3590/940/806
f 3590/940/807 2505/943/807 982/806/807 1241/803/807
f 1163/941/808 3590/940/808 1241/803/808 10/802/808
f 948/942/809 2130/944/809 3591/945/809 2505/943/809
f 2130/944/810 947/946/810 2506/947/810 3591/945/810
f 3591/945/811 2506/947/811 981/810/811 2164/808/811
f 2505/943/812 3591/945/812 2164/808/812 982/806/812
f 947/946/813 2129/948/813 3592/949/813 2506/947/813
f 2129/948/814 946/950/814 2507/951/814 3592/949/814
f 3592/949/815 2507/951/815 980/814/815 2163/812/815
f 2506/947/816 3592/949/816 2163/812/816 981/810/816
f 946/950/817 2128/952/817 3593/953/817 2507/951/817
f 2128/952/818 945/954/818 2508/955/818 3593/953/818
f 3593/953/819 2508/955/819 979/818/819 2162/816/819
f 2507/951/820 3593/953/820 2162/816/820 980/814/820
f 945/954/821 2127/956/821 3594/957/821 2508/955/821
f 2127/956/822 944/958/822 2509/959/822 3594/957/822
f 3594/957/823 2509/959/823 978/822/823 2161/820/823
f 2508/955/824 3594/957/824 2161/820/824 979/818/824
f 944/958/825 2126/960/825 3595/961/825 2509/959/825
f 2126/960/826 943/962/826 2510/963/826 3595/961/826
f 3595/961/827 2510/963/827 977/826/827 2160/824/827
f 2509/959/828 3595/961/828 2160/824/828 978/822/828
f 943/962/829 2125/964/829 3596/965/829 2510/963/829
f 2125/964/830 942/966/830 2511/967/830 3596/965/830
f 3596/965/831 2511/967/831 976/830/831 2159/828/831
f 2510/963/832 3596/965/832 2159/828/832 977/826/832
f 942/966/833 2124/968/833 3597/969/833 2511/967/833
f 2124/968/834 941/970/834 2512/971/834 3597/969/834
f 3597/969/835 2512/971/835 975/834/835 2158/832/835
f 2511/967/836 3597/969/836 2158/832/836 976/830/836
f 941/970/837 2123/972/837 3598/973/837 2512/971/837
f 2123/972/838 940/974/838 2513/975/838 3598/973/838
f 3598/973/839 2513/975/839 974/838/839 2157/836/839
f 2512/971/840 3598/973/840 2157/836/840 975/834/840
f 940/974/841 2122/976/841 3599/977/841 2513/975/841
f 2122/976/842 939/978/842 2514/979/842 3599/977/842
f 3599/977/843 2514/979/843 973/842/843 2156/840/843
f 2513/975/844 3599/977/844 2156/840/844 974/838/844
f 939/978/845 2121/980/845 3600/981/845 2514/979/845
f 2121/980/846 938/982/846 2515/983/846 3600/981/846
f 3600/981/847 2515/983/847 972/846/847 2155/844/847
f 2514/979/848 3600/981/848 2155/844/848 973/842/848
f 938/982/849 2120/984/849 3601/985/849 2515/983/849
f 2120/984/850 937/986/850 2516/987/850 3601/985/850
f 3601/985/851 2516/987/851 971/850/851 2154/848/851
f 2515/983/852 3601/985/852 2154/848/852 972/846/852
f 937/986/853 2119/988/853 3602/989/853 2516/987/853
f 2119/988/854 936/990/854 2517/991/854 3602/989/854
f 3602/989/855 2517/991/855 970/854/855 2153/852/855
f 2516/987/856 3602/989/856 2153/852/856 971/850/856
f 936/990/857 2118/992/857 3603/993/857 2517/991/857
f 2118/992/858 935/994/858 2518/995/858 3603/993/858
f 3603/993/859 2518/995/859 969/858/859 2152/856/859
f 2517/991/860 3603/993/860 2152/856/860 970/854/860
f 935/994/861 2117/996/861 3604/997/861 2518/995/861
f 2117/996/862 934/998/862 2519/999/862 3604/997/862
f 3604/997/863 2519/999/863 968/862/863 2151/860/863
f 2518/995/864 3604/997/864 2151/860/864 969/858/864
f 934/998/865 2116/1000/865 3605/1001/865 2519/999/865
f 2116/1000/866 933/1002/866 2520/1003/866 3605/1001/866
f 3605/1001/867 2520/1003/867 967/866/867 2150/864/867
f 2519/999/868 3605/1001/868 2150/864/868 968/862/868
f 933/1002/869 2115/1004/869 3606/1005/869 2520/1003/869
f 2115/1004/870 932/1006/870 2521/1007/870 3606/1005/870
f 3606/1005/871 2521/1007/871 966/870/871 2149/868/871
f 2520/1003/872 3606/1005/872 2149/868/872 967/866/872
f 932/1006/873 2114/1008/873 3607/1009/873 2521/1007/873
f 2114/1008/874 931/1010/874 2522/1011/874 3607/1009/874
f 3607/1009/875 2522/1011/875 965/874/875 2148/872/875
f 2521/1007/876 3607/1009/876 2148/872/876 966/870/876
f 931/1010/877 2113/1012/877 3608/1013/877 2522/1011/877
f 2113/1012/878 930/1014/878 2523/1015/878 3608/1013/878
f 3608/1013/879 2523/1015/879 964/878/879 2147/876/879
f 2522/1011/880 3608/1013/880 2147/876/880 965/874/880
f 930/1014/881 2112/1016/881 3609/1017/881 2523/1015/881
f 2112/1016/882 929/1018/882 2524/1019/882 3609/1017/882
f 3609/1017/883 2524/1019/883 963/882/883 2146/880/883
f 2523/1015/884 3609/1017/884 2146/880/884 964/878/884
f 929/1018/885 2111/1020/885 3610/1021/885 2524/1019/885
f 2111/1020/886 928/1022/886 2525/1023/886 3610/1021/886
f 3610/1021/887 2525/1023/887 962/886/887 2145/884/887
f 2524/1019/888 3610/1021/888 2145/884/888 963/882/888
f 928/1022/889 2110/1024/889 3611/1025/889 2525/1023/889
f 2110/1024/890 927/1026/890 2526/1027/890 3611/1025/890
f 3611/1025/891 2526/1027/891 961/890/891 2144/888/891
f 2525/1023/892 3611/1025/892 2144/888/892 962/886/892
f 927/1026/893 2109/1028/893 3612/1029/893 2526/1027/893
f 2109/1028/894 926/1030/894 2527/1031/894 3612/1029/894
f 3612/1029/895 2527/1031/895 960/894/895 2143/892/895
f 2526/1027/896 3612/1029/896 2143/892/896 961/890/896
f 926/1030/897 2108/1032/897 3613/1033/897 2527/1031/897
f 2108/1032/898 925/1034/898 2528/1035/898 3613/1033/898
f 3613/1033/899 2528/1035/899 959/898/899 2142/896/899
f 2527/1031/900 3613/1033/900 2142/896/900 960/894/900
f 925/1034/901 2107/1036/901 3614/1037/901 2528/1035/901
f 2107/1036/902 924/1038/902 2529/1039/902 3614/1037/902
f 3614/1037/903 2529/1039/903 958/902/903 2141/900/903
f 2528/1035/904 3614/1037/904 2141/900/904 959/898/904
f 924/1038/905 2106/1040/905 3615/1041/905 2529/1039/905
f 2106/1040/906 923/1042/906 2530/1043/906 3615/1041/906
f 3615/1041/907 2530/1043/907 957/906/907 2140/904/907
f 2529/1039/908 3615/1041/908 2140/904/908 958/902/908
f 923/1042/909 2105/1044/909 3616/1045/909 2530/1043/909
f 2105/1044/910 922/1046/910 2531/1047/910 3616/1045/910
f 3616/1045/911 2531/1047/911 956/910/911 2139/908/911
f 2530/1043/912 3616/1045/912 2139/908/912 957/906/912
f 922/1046/913 2104/1048/913 3617/1049/913 2531/1047/913
f 2104/1048/914 921/1050/914 2532/1051/914 3617/1049/914
f 3617/1049/915 2532/1051/915 955/914/915 2138/912/915
f 2531/1047/916 3617/1049/916 2138/912/916 956/910/916
f 921/1050/917 2103/1052/917 3618/1053/917 2532/1051/917
f 2103/1052/918 920/1054/918 2533/1055/918 3618/1053/918
f 3618/1053/919 2533/1055/919 954/918/919 2137/916/919
f 2532/1051/920 3618/1053/920 2137/916/920 955/914/920
f 920/1054/921 2102/1056/921 3619/1057/921 2533/1055/921
f 2102/1056/922 919/1058/922 2534/1059/922 3619/1057/922
f 3619/1057/923 2534/1059/923 953/922/923 2136/920/923
f 2533/1055/924 3619/1057/924 2136/920/924 954/918/924
f 919/1058/925 2101/1060/925 3620/1061/925 2534/1059/925
f 2101/1060/926 918/1062/926 2535/1063/926 3620/1061/926
f 3620/1061/927 2535/1063/927 952/926/927 2135/924/927
f 2534/1059/928 3620/1061/928 2135/924/928 953/922/928
f 918/1062/929 2100/1064/929 3621/1065/929 2535/1063/929
f 2100/1064/930 917/1066/930 2536/1067/930 3621/1065/930
f 3621/1065/931 2536/1067/931 951/930/931 2134/928/931
f 2535/1063/932 3621/1065/932 2134/928/932 952/926/932
f 917/1066/933 2099/1068/933 3622/1069/933 2536/1067/933
f 2099/1068/934 916/1070/934 2537/1071/934 3622/1069/934
f 3622/1069/935 2537/1071/935 950/934/935 2133/932/935
f 2536/1067/936 3622/1069/936 2133/932/936 951/930/936
f 916/1070/937 2098/1072/937 3623/1073/937 2537/1071/937
f 2098/1072/938 915/156/938 2538/158/938 3623/1073/938
f 3623/1073/939 2538/158/939 949/162/939 2132/936/939
f 2537/1071/940 3623/1073/940 2132/936/940 950/934/940
f 12/1074/941 1239/1075/941 3624/1076/941 1164/1077/941
f 1239/1075/942 914/1078/942 2539/1079/942 3624/1076/942
f 3624/1076/943 2539/1079/943 948/942/943 1240/939/943
f 1164/1077/944 3624/1076/944 1240/939/944 11/938/944
f 914/1078/945 2096/1080/945 3625/1081/945 2539/1079/945
f 2096/1080/946 913/1082/946 2540/1083/946 3625/1081/946
f 3625/1081/947 2540/1083/947 947/946/947 2130/944/947
f 2539/1079/948 3625/1081/948 2130/944/948 948/942/948
f 913/1082/949 2095/1084/949 3626/1085/949 2540/1083/949
f 2095/1084/950 912/1086/950 2541/1087/950 3626/1085/950
f 3626/1085/951 2541/1087/951 946/950/951 2129/948/951
f 2540/1083/952 3626/1085/952 2129/948/952 947/946/952
f 912/1086/953 2094/1088/953 3627/1089/953 2541/1087/953
f 2094/1088/954 911/1090/954 2542/1091/954 3627/1089/954
f 3627/1089/955 2542/1091/955 945/954/955 2128/952/955
f 2541/1087/956 3627/1089/956 2128/952/956 946/950/956
f 911/1090/957 2093/1092/957 3628/1093/957 2542/1091/957
f 2093/1092/958 910/1094/958 2543/1095/958 3628/1093/958
f 3628/1093/959 2543/1095/959 944/958/959 2127/956/959
f 2542/1091/960 3628/1093/960 2127/956/960 945/954/960
f 910/1094/961 2092/1096/961 3629/1097/961 2543/1095/961
f 2092/1096/962 909/1098/962 2544/1099/962 3629/1097/962
f 3629/1097/963 2544/1099/963 943/962/963 2126/960/963
f 2543/1095/964 3629/1097/964 2126/960/964 944/958/964
f 909/1098/965 2091/1100/965 3630/1101/965 2544/1099/965
f 2091/1100/966 908/1102/966 2545/1103/966 3630/1101/966
f 3630/1101/967 2545/1103/967 942/966/967 2125/964/967
f 2544/1099/968 3630/1101/968 2125/964/968 943/962/968
f 908/1102/969 2090/1104/969 3631/1105/969 2545/1103/969
f 2090/1104/970 907/1106/970 2546/1107/970 3631/1105/970
f 3631/1105/971 2546/1107/971 941/970/971 2124/968/971
f 2545/1103/972 3631/1105/972 2124/968/972 942/966/972
f 907/1106/973 2089/1108/973 3632/1109/973 2546/1107/973
f 2089/1108/974 906/1110/974 2547/1111/974 3632/1109/974
f 3632/1109/975 2547/1111/975 940/974/975 2123/972/975
f 2546/1107/976 3632/1109/976 2123/972/976 941/970/976
f 906/1110/977 2088/1112/977 3633/1113/977 2547/1111/977
f 2088/1112/978 905/1114/978 2548/1115/978 3633/1113/978
f 3633/1113/979 2548/1115/979 939/978/979 2122/976/979
f 2547/1111/980 3633/1113/980 2122/976/980 940/974/980
f 905/1114/981 2087/1116/981 3634/1117/981 2548/1115/981
f 2087/1116/982 904/1118/982 2549/1119/982 3634/1117/982
f 3634/1117/983 2549/1119/983 938/982/983 2121/980/983
f 2548/1115/984 3634/1117/984 2121/980/984 939/978/984
f 904/1118/985 2086/1120/985 3635/1121/985 2549/1119/985
f 2086/1120/986 903/1122/986 2550/1123/986 3635/1121/986
f 3635/1121/987 2550/1123/987 937/986/987 2120/984/987
f 2549/1119/988 3635/1121/988 2120/984/988 938/982/988
f 903/1122/989 2085/1124/989 3636/1125/989 2550/1123/989
f 2085/1124/990 902/1126/990 2551/1127/990 3636/1125/990
f 3636/1125/991 2551/1127/991 936/990/991 2119/988/991
f 2550/1123/992 3636/1125/992 2119/988/992 937/986/992
f 902/1126/993 2084/1128/993 3637/1129/993 2551/1127/993
f 2084/1128/994 901/1130/994 2552/1131/994 3637/1129/994
f 3637/1129/995 2552/1131/995 935/994/995 2118/992/995
f 2551/1127/996 3637/1129/996 2118/992/996 936/990/996
f 901/1130/997 2083/1132/997 3638/1133/997 2552/1131/997
f 2083/1132/998 900/1134/998 2553/1135/998 3638/1133/998
f 3638/1133/999 2553/1135/999 934/998/999 2117/996/999
f 2552/1131/1000 3638/1133/1000 2117/996/1000 935/994/1000
f 900/1134/1001 2082/1136/1001 3639/1137/1001 2553/1135/1001
f 2082/1136/1002 899/1138/1002 2554/1139/1002 3639/1137/1002
f 3639/1137/1003 2554/1139/1003 933/1002/1003 2116/1000/1003
f 2553/1135/1004 3639/1137/1004 2116/1000/1004 934/998/1004
f 899/1138/1005 2081/1140/1005 3640/1141/1005 2554/1139/1005
f 2081/1140/1006 898/1142/1006 2555/1143/1006 3640/1141/1006
f 3640/1141/1007 2555/1143/1007 932/1006/1007 2115/1004/1007
f 2554/1139/1008 3640/1141/1008 2115/1004/1008 933/1002/1008
f 898/1142/1009 2080/1144/1009 3641/1145/1009 2555/1143/1009
f 2080/1144/1010 897/1146/1010 2556/1147/1010 3641/1145/1010
f 3641/1145/1011 2556/1147/1011 931/1010/1011 2114/1008/1011
f 2555/1143/1012 3641/1145/1012 2114/1008/1012 932/1006/1012
f 897/1146/1013 2079/1148/1013 3642/1149/1013 2556/1147/1013
f 2079/1148/1014 896/1150/1014 2557/1151/1014 3642/1149/1014
f 3642/1149/1015 2557/1151/1015 930/1014/1015 2113/1012/1015
f 2556/1147/1016 3642/1149/1016 2113/1012/1016 931/1010/1016
f 896/1150/1017 2078/1152/1017 3643/1153/1017 2557/1151/1017
f 2078/1152/1018 895/1154/1018 2558/1155/1018 3643/1153/1018
f 3643/1153/1019 2558/1155/1019 929/1018/1019 2112/1016/1019
f 2557/1151/1020 3643/1153/1020 2112/1016/1020 930/1014/1020
f 895/1154/1021 2077/1156/1021 3644/1157/1021 2558/1155/1021
f 2077/1156/1022 894/1158/1022 2559/1159/1022 3644/1157/1022
f 3644/1157/1023 2559/1159/1023 928/1022/1023 2111/1020/1023
f 2558/1155/1024 3644/1157/1024 2111/1020/1024 929/1018/1024
f 894/1158/1025 2076/1160/1025 3645/1161/1025 2559/1159/1025
f 2076/1160/1026 893/1162/1026 2560/1163/1026 3645/1161/1026
f 3645/1161/1027 2560/1163/1027 927/1026/1027 2110/1024/1027
f 2559/1159/1028 3645/1161/1028 2110/1024/1028 928/1022/1028
f 893/1162/1029 2075/1164/1029 3646/1165/1029 2560/1163/1029
f 2075/1164/1030 892/1166/1030 2561/1167/1030 3646/1165/1030
f 3646/1165/1031 2561/1167/1031 926/1030/1031 2109/1028/1031
f 2560/1163/1032 3646/1165/1032 2109/1028/1032 927/1026/1032
f 892/1166/1033 2074/1168/1033 3647/1169/1033 2561/1167/1033
f 2074/1168/1034 891/1170/1034 2562/1171/1034 3647/1169/1034
f 3647/1169/1035 2562/1171/1035 925/1034/1035 2108/1032/1035
f 2561/1167/1036 3647/1169/1036 2108/1032/1036 926/1030/1036
f 891/1170/1037 2073/1172/1037 3648/1173/1037 2562/1171/1037
f 2073/1172/1038 890/1174/1038 2563/1175/1038 3648/1173/1038
f 3648/1173/1039 2563/1175/1039 924/1038/1039 2107/1036/1039
f 2562/1171/1040 3648/1173/1040 2107/1036/1040 925/1034/1040
f 890/1174/1041 2072/1176/1041 3649/1177/1041 2563/1175/1041
f 2072/1176/1042 889/1178/1042 2564/1179/1042 3649/1177/1042
f 3649/1177/1043 2564/1179/1043 923/1042/1043 2106/1040/1043
f 2563/1175/1044 3649/1177/1044 2106/1040/1044 924/1038/1044
f 889/1178/1045 2071/1180/1045 3650/1181/1045 2564/1179/1045
f 2071/1180/1046 888/1182/1046 2565/1183/1046 3650/1181/1046
f 3650/1181/1047 2565/1183/1047 922/1046/1047 2105/1044/1047
f 2564/1179/1048 3650/1181/1048 2105/1044/1048 923/1042/1048
f 888/1182/1049 2070/1184/1049 3651/1185/1049 2565/1183/1049
f 2070/1184/1050 887/1186/1050 2566/1187/1050 3651/1185/1050
f 3651/1185/1051 2566/1187/1051 921/1050/1051 2104/1048/1051
f 2565/1183/1052 3651/1185/1052 2104/1048/1052 922/1046/1052
f 887/1186/1053 2069/1188/1053 3652/1189/1053 2566/1187/1053
f 2069/1188/1054 886/1190/1054 2567/1191/1054 3652/1189/1054
f 3652/1189/1055 2567/1191/1055 920/1054/1055 2103/1052/1055
f 2566/1187/1056 3652/1189/1056 2103/1052/1056 921/1050/1056
f 886/1190/1057 2068/1192/1057 3653/1193/1057 2567/1191/1057
f 2068/1192/1058 885/1194/1058 2568/1195/1058 3653/1193/1058
f 3653/1193/1059 2568/1195/1059 919/1058/1059 2102/1056/1059
f 2567/1191/1060 3653/1193/1060 2102/1056/1060 920/1054/1060
f 885/1194/1061 2067/1196/1061 3654/1197/1061 2568/1195/1061
f 2067/1196/1062 884/1198/1062 2569/1199/1062 3654/1197/1062
f 3654/1197/1063 2569/1199/1063 918/1062/1063 2101/1060/1063
f 2568/1195/1064 3654/1197/1064 2101/1060/1064 919/1058/1064
f 884/1198/1065 2066/1200/1065 3655/1201/1065 2569/1199/1065
f 2066/1200/1066 883/1202/1066 2570/1203/1066 3655/1201/1066
f 3655/1201/1067 2570/1203/1067 917/1066/1067 2100/1064/1067
f 2569/1199/1068 3655/1201/1068 2100/1064/1068 918/1062/1068
f 883/1202/1069 2065/1204/1069 3656/1205/1069 2570/1203/1069
f 2065/1204/1070 882/1206/1070 2571/1207/1070 3656/1205/1070
f 3656/1205/1071 2571/1207/1071 916/1070/1071 2099/1068/1071
f 2570/1203/1072 3656/1205/1072 2099/1068/1072 917/1066/1072
f 882/1206/1073 2064/1208/1073 3657/1209/1073 2571/1207/1073
f 2064/1208/1074 881/150/1074 2572/152/1074 3657/1209/1074
f 3657/1209/1075 2572/152/1075 915/156/1075 2098/1072/1075
f 2571/1207/1076 3657/1209/1076 2098/1072/1076 916/1070/1076
f 13/1210/1077 1238/1211/1077 3658/1212/1077 1165/1213/1077
f 1238/1211/1078 880/1214/1078 2573/1215/1078 3658/1212/1078
f 3658/1212/1079 2573/1215/1079 914/1078/1079 1239/1075/1079
f 1165/1213/1080 3658/1212/1080 1239/1075/1080 12/1074/1080
f 880/1214/1081 2062/1216/1081 3659/1217/1081 2573/1215/1081
f 2062/1216/1082 879/1218/1082 2574/1219/1082 3659/1217/1082
f 3659/1217/1083 2574/1219/1083 913/1082/1083 2096/1080/1083
f 2573/1215/1084 3659/1217/1084 2096/1080/1084 914/1078/1084
f 879/1218/1085 2061/1220/1085 3660/1221/1085 2574/1219/1085
f 2061/1220/1086 878/1222/1086 2575/1223/1086 3660/1221/1086
f 3660/1221/1087 2575/1223/1087 912/1086/1087 2095/1084/1087
f 2574/1219/1088 3660/1221/1088 2095/1084/1088 913/1082/1088
f 878/1222/1089 2060/1224/1089 3661/1225/1089 2575/1223/1089
f 2060/1224/1090 877/1226/1090 2576/1227/1090 3661/1225/1090
f 3661/1225/1091 2576/1227/1091 911/1090/1091 2094/1088/1091
f 2575/1223/1092 3661/1225/1092 2094/1088/1092 912/1086/1092
f 877/1226/1093 2059/1228/1093 3662/1229/1093 2576/1227/1093
f 2059/1228/1094 876/1230/1094 2577/1231/1094 3662/1229/1094
f 3662/1229/1095 2577/1231/1095 910/1094/1095 2093/1092/1095
f 2576/1227/1096 3662/1229/1096 2093/1092/1096 911/1090/1096
f 876/1230/1097 2058/1232/1097 3663/1233/1097 2577/1231/1097
f 2058/1232/1098 875/1234/1098 2578/1235/1098 3663/1233/1098
f 3663/1233/1099 2578/1235/1099 909/1098/1099 2092/1096/1099
f 2577/1231/1100 3663/1233/1100 2092/1096/1100 910/1094/1100
f 875/1234/1101 2057/1236/1101 3664/1237/1101 2578/1235/1101
f 2057/1236/1102 874/1238/1102 2579/1239/1102 3664/1237/1102
f 3664/1237/1103 2579/1239/1103 908/1102/1103 2091/1100/1103
f 2578/1235/1104 3664/1237/1104 2091/1100/1104 909/1098/1104
f 874/1238/1105 2056/1240/1105 3665/1241/1105 2579/1239/1105
f 2056/1240/1106 873/1242/1106 2580/1243/1106 3665/1241/1106
f 3665/1241/1107 2580/1243/1107 907/1106/1107 2090/1104/1107
f 2579/1239/1108 3665/1241/1108 2090/1104/1108 908/1102/1108
f 873/1242/1109 2055/1244/1109 3666/1245/1109 2580/1243/1109
f 2055/1244/1110 872/1246/1110 2581/1247/1110 3666/1245/1110
f 3666/1245/1111 2581/1247/1111 906/1110/1111 2089/1108/1111
f 2580/1243/1112 3666/1245/1112 2089/1108/1112 907/1106/1112
f 872/1246/1113 2054/1248/1113 3667/1249/1113 2581/1247/1113
f 2054/1248/1114 871/1250/1114 2582/1251/1114 3667/1249/1114
f 3667/1249/1115 2582/1251/1115 905/1114/1115 2088/1112/1115
f 2581/1247/1116 3667/1249/1116 2088/1112/1116 906/1110/1116
f 871/1250/1117 2053/1252/1117 3668/1253/1117 2582/1251/1117
f 2053/1252/1118 870/1254/1118 2583/1255/1118 3668/1253/1118
f 3668/1253/1119 2583/1255/1119 904/1118/1119 2087/1116/1119
f 2582/1251/1120 3668/1253/1120 2087/1116/1120 905/1114/1120
f 870/1254/1121 2052/1256/1121 3669/1257/1121 2583/1255/1121
f 2052/1256/1122 869/1258/1122 2584/1259/1122 3669/1257/1122
f 3669/1257/1123 2584/1259/1123 903/1122/1123 2086/1120/1123
f 2583/1255/1124 3669/1257/1124 2086/1120/1124 904/1118/1124
f 869/1258/1125 2051/1260/1125 3670/1261/1125 2584/1259/1125
f 2051/1260/1126 868/1262/1126 2585/1263/1126 3670/1261/1126
f 3670/1261/1127 2585/1263/1127 902/1126/1127 2085/1124/1127
f 2584/1259/1128 3670/1261/1128 2085/1124/1128 903/1122/1128
f 868/1262/1129 2050/1264/1129 3671/1265/1129 2585/1263/1129
f 2050/1264/1130 867/1266/1130 2586/1267/1130 3671/1265/1130
f 3671/1265/1131 2586/1267/1131 901/1130/1131 2084/1128/1131
f 2585/1263/1132 3671/1265/1132 2084/1128/1132 902/1126/1132
f 867/1266/1133 2049/1268/1133 3672/1269/1133 2586/1267/1133
f 2049/1268/1134 866/1270/1134 2587/1271/1134 3672/1269/1134
f 3672/1269/1135 2587/1271/1135 900/1134/1135 2083/1132/1135
f 2586/1267/1136 3672/1269/1136 2083/1132/1136 901/1130/1136
f 866/1270/1137 2048/1272/1137 3673/1273/1137 2587/1271/1137
f 2048/1272/1138 865/1274/1138 2588/1275/1138 3673/1273/1138
f 3673/1273/1139 2588/1275/1139 899/1138/1139 2082/1136/1139
f 2587/1271/1140 3673/1273/1140 2082/1136/1140 900/1134/1140
f 865/1274/1141 2047/1276/1141 3674/1277/1141 2588/1275/1141
f 2047/1276/1142 864/1278/1142 2589/1279/1142 3674/1277/1142
f 3674/1277/1143 2589/1279/1143 898/1142/1143 2081/1140/1143
f 2588/1275/1144 3674/1277/1144 2081/1140/1144 899/1138/1144
f 864/1278/1145 2046/1280/1145 3675/1281/1145 2589/1279/1145
f 2046/1280/1146 863/1282/1146 2590/1283/1146 3675/1281/1146
f 3675/1281/1147 2590/1283/1147 897/1146/1147 2080/1144/1147
f 2589/1279/1148 3675/1281/1148 2080/1144/1148 898/1142/1148
f 863/1282/1149 2045/1284/1149 3676/1285/1149 2590/1283/1149
f 2045/1284/1150 862/1286/1150 2591/1287/1150 3676/1285/1150
f 3676/1285/1151 2591/1287/1151 896/1150/1151 2079/1148/1151
f 2590/1283/1152 3676/1285/1152 2079/1148/1152 897/1146/1152
f 862/1286/1153 2044/1288/1153 3677/1289/1153 2591/1287/1153
f 2044/1288/1154 861/1290/1154 2592/1291/1154 3677/1289/1154
f 3677/1289/1155 2592/1291/1155 895/1154/1155 2078/1152/1155
f 2591/1287/1156 3677/1289/1156 2078/1152/1156 896/1150/1156
f 861/1290/1157 2043/1292/1157 3678/1293/1157 2592/1291/1157
f 2043/1292/1158 860/1294/1158 2593/1295/1158 3678/1293/1158
f 3678/1293/1159 2593/1295/1159 894/1158/1159 2077/1156/1159
f 2592/1291/1160 3678/1293/1160 2077/1156/1160 895/1154/1160
f 860/1294/1161 2042/1296/1161 3679/1297/1161 2593/1295/1161
f 2042/1296/1162 859/1298/1162 2594/1299/1162 3679/1297/1162
f 3679/1297/1163 2594/1299/1163 893/1162/1163 2076/1160/1163
f 2593/1295/1164 3679/1297/1164 2076/1160/1164 894/1158/1164
f 859/1298/1165 2041/1300/1165 3680/1301/1165 2594/1299/1165
f 2041/1300/1166 858/1302/1166 2595/1303/1166 3680/1301/1166
f 3680/1301/1167 2595/1303/1167 892/1166/1167 2075/1164/1167
f 2594/1299/1168 3680/1301/1168 2075/1164/1168 893/1162/1168
f 858/1302/1169 2040/1304/1169 3681/1305/1169 2595/1303/1169
f 2040/1304/1170 857/1306/1170 2596/1307/1170 3681/1305/1170
f 3681/1305/1171 2596/1307/1171 891/1170/1171 2074/1168/1171
f 2595/1303/1172 3681/1305/1172 2074/1168/1172 892/1166/1172
f 857/1306/1173 2039/1308/1173 3682/1309/1173 2596/1307/1173
f 2039/1308/1174 856/1310/1174 2597/1311/1174 3682/1309/1174
f 3682/1309/1175 2597/1311/1175 890/1174/1175 2073/1172/1175
f 2596/1307/1176 3682/1309/1176 2073/1172/1176 891/1170/1176
f 856/1310/1177 2038/1312/1177 3683/1313/1177 2597/1311/1177
f 2038/1312/1178 855/1314/1178 2598/1315/1178 3683/1313/1178
f 3683/1313/1179 2598/1315/1179 889/1178/1179 2072/1176/1179
f 2597/1311/1180 3683/1313/1180 2072/1176/1180 890/1174/1180
f 855/1314/1181 2037/1316/1181 3684/1317/1181 2598/1315/1181
f 2037/1316/1182 854/1318/1182 2599/1319/1182 3684/1317/1182
f 3684/1317/1183 2599/1319/1183 888/1182/1183 2071/1180/1183
f 2598/1315/1184 3684/1317/1184 2071/1180/1184 889/1178/1184
f 854/1318/1185 2036/1320/1185 3685/1321/1185 2599/1319/1185
f 2036/1320/1186 853/1322/1186 2600/1323/1186 3685/1321/1186
f 3685/1321/1187 2600/1323/1187 887/1186/1187 2070/1184/1187
f 2599/1319/1188 3685/1321/1188 2070/1184/1188 888/1182/1188
f 853/1322/1189 2035/1324/1189 3686/1325/1189 2600/1323/1189
f 2035/1324/1190 852/1326/1190 2601/1327/1190 3686/1325/1190
f 3686/1325/1191 2601/1327/1191 886/1190/1191 2069/1188/1191
f 2600/1323/1192 3686/1325/1192 2069/1188/1192 887/1186/1192
f 852/1326/1193 2034/1328/1193 3687/1329/1193 2601/1327/1193
f 2034/1328/1194 851/1330/1194 2602/1331/1194 3687/1329/1194
f 3687/1329/1195 2602/1331/1195 885/1194/1195 2068/1192/1195
f 2601/1327/1196 3687/1329/1196 2068/1192/1196 886/1190/1196
f 851/1330/1197 2033/1332/1197 3688/1333/1197 2602/1331/1197
f 2033/1332/1198 850/1334/1198 2603/1335/1198 3688/1333/1198
f 3688/1333/1199 2603/1335/1199 884/1198/1199 2067/1196/1199
f 2602/1331/1200 3688/1333/1200 2067/1196/1200 885/1194/1200
f 850/1334/1201 2032/1336/1201 3689/1337/1201 2603/1335/1201
f 2032/1336/1202 849/1338/1202 2604/1339/1202 3689/1337/1202
f 3689/1337/1203 2604/1339/1203 883/1202/1203 2066/1200/1203
f 2603/1335/1204 3689/1337/1204 2066/1200/1204 884/1198/1204
f 849/1338/1205 2031/1340/1205 3690/1341/1205 2604/1339/1205
f 2031/1340/1206 848/1342/1206 2605/1343/1206 3690/1341/1206
f 3690/1341/1207 2605/1343/1207 882/1206/1207 2065/1204/1207
f 2604/1339/1208 3690/1341/1208 2065/1204/1208 883/1202/1208
f 848/1342/1209 2030/1344/1209 3691/1345/1209 2605/1343/1209
f 2030/1344/1210 847/144/1210 2606/146/1210 3691/1345/1210
f 3691/1345/1211 2606/146/1211 881/150/1211 2064/1208/1211
f 2605/1343/1212 3691/1345/1212 2064/1208/1212 882/1206/1212
f 14/1346/1213 1237/1347/1213 3692/1348/1213 1166/1349/1213
f 1237/1347/1214 846/1350/1214 2607/1351/1214 3692/1348/1214
f 3692/1348/1215 2607/1351/1215 880/1214/1215 1238/1211/1215
f 1166/1349/1216 3692/1348/1216 1238/1211/1216 13/1210/1216
f 846/1350/1217 2028/1352/1217 3693/1353/1217 2607/1351/1217
f 2028/1352/1218 845/1354/1218 2608/1355/1218 3693/1353/1218
f 3693/1353/1219 2608/1355/1219 879/1218/1219 2062/1216/1219
f 2607/1351/1220 3693/1353/1220 2062/1216/1220 880/1214/1220
f 845/1354/1221 2027/1356/1221 3694/1357/1221 2608/1355/1221
f 2027/1356/1222 844/1358/1222 2609/1359/1222 3694/1357/1222
f 3694/1357/1223 2609/1359/1223 878/1222/1223 2061/1220/1223
f 2608/1355/1224 3694/1357/1224 2061/1220/1224 879/1218/1224
f 844/1358/1225 2026/1360/1225 3695/1361/1225 2609/1359/1225
f 2026/1360/1226 843/1362/1226 2610/1363/1226 3695/1361/1226
f 3695/1361/1227 2610/1363/1227 877/1226/1227 2060/1224/1227
f 2609/1359/1228 3695/1361/1228 2060/1224/1228 878/1222/1228
f 843/1362/1229 2025/1364/1229 3696/1365/1229 2610/1363/1229
f 2025/1364/1230 842/1366/1230 2611/1367/1230 3696/1365/1230
f 3696/1365/1231 2611/1367/1231 876/1230/1231 2059/1228/1231
f 2610/1363/1232 3696/1365/1232 2059/1228/1232 877/1226/1232
f 842/1366/1233 2024/1368/1233 3697/1369/1233 2611/1367/1233
f 2024/1368/1234 841/1370/1234 2612/1371/1234 3697/1369/1234
f 3697/1369/1235 2612/1371/1235 875/1234/1235 2058/1232/1235
f 2611/1367/1236 3697/1369/1236 2058/1232/1236 876/1230/1236
f 841/1370/1237 2023/1372/1237 3698/1373/1237 2612/1371/1237
f 2023/1372/1238 840/1374/1238 2613/1375/1238 3698/1373/1238
f 3698/1373/1239 2613/1375/1239 874/1238/1239 2057/1236/1239
f 2612/1371/1240 3698/1373/1240 2057/1236/1240 875/1234/1240
f 840/1374/1241 2022/1376/1241 3699/1377/1241 2613/1375/1241
f 2022/1376/1242 839/1378/1242 2614/1379/1242 3699/1377/1242
f 3699/1377/1243 2614/1379/1243 873/1242/1243 2056/1240/1243
f 2613/1375/1244 3699/1377/1244 2056/1240/1244 874/1238/1244
f 839/1378/1245 2021/1380/1245 3700/1381/1245 2614/1379/1245
f 2021/1380/1246 838/1382/1246 2615/1383/1246 3700/1381/1246
f 3700/1381/1247 2615/1383/1247 872/1246/1247 2055/1244/1247
f 2614/1379/1248 3700/1381/1248 2055/1244/1248 873/1242/1248
f 838/1382/1249 2020/1384/1249 3701/1385/1249 2615/1383/1249
f 2020/1384/1250 837/1386/1250 2616/1387/1250 3701/1385/1250
f 3701/1385/1251 2616/1387/1251 871/1250/1251 2054/1248/1251
f 2615/1383/1252 3701/1385/1252 2054/1248/1252 872/1246/1252
f 837/1386/1253 2019/1388/1253 3702/1389/1253 2616/1387/1253
f 2019/1388/1254 836/1390/1254 2617/1391/1254 3702/1389/1254
f 3702/1389/1255 2617/1391/1255 870/1254/1255 2053/1252/1255
f 2616/1387/1256 3702/1389/1256 2053/1252/1256 871/1250/1256
f 836/1390/1257 2018/1392/1257 3703/1393/1257 2617/1391/1257
f 2018/1392/1258 835/1394/1258 2618/1395/1258 3703/1393/1258
f 3703/1393/1259 2618/1395/1259 869/1258/1259 2052/1256/1259
f 2617/1391/1260 3703/1393/1260 2052/1256/1260 870/1254/1260
f 835/1394/1261 2017/1396/1261 3704/1397/1261 2618/1395/1261
f 2017/1396/1262 834/1398/1262 2619/1399/1262 3704/1397/1262
f 3704/1397/1263 2619/1399/1263 868/1262/1263 2051/1260/1263
f 2618/1395/1264 3704/1397/1264 2051/1260/1264 869/1258/1264
f 834/1398/1265 2016/1400/1265 3705/1401/1265 2619/1399/1265
f 2016/1400/1266 833/1402/1266 2620/1403/1266 3705/1401/1266
f 3705/1401/1267 2620/1403/1267 867/1266/1267 2050/1264/1267
f 2619/1399/1268 3705/1401/1268 2050/1264/1268 868/1262/1268
f 833/1402/1269 2015/1404/1269 3706/1405/1269 2620/1403/1269
f 2015/1404/1270 832/1406/1270 2621/1407/1270 3706/1405/1270
f 3706/1405/1271 2621/1407/1271 866/1270/1271 2049/1268/1271
f 2620/1403/1272 3706/1405/1272 2049/1268/1272 867/1266/1272
f 832/1406/1273 2014/1408/1273 3707/1409/1273 2621/1407/1273
f 2014/1408/1274 831/1410/1274 2622/1411/1274 3707/1409/1274
f 3707/1409/1275 2622/1411/1275 865/1274/1275 2048/1272/1275
f 2621/1407/1276 3707/1409/1276 2048/1272/1276 866/1270/1276
f 831/1410/1277 2013/1412/1277 3708/1413/1277 2622/1411/1277
f 2013/1412/1278 830/1414/1278 2623/1415/1278 3708/1413/1278
f 3708/1413/1279 2623/1415/1279 864/1278/1279 2047/1276/1279
f 2622/1411/1280 3708/1413/1280 2047/1276/1280 865/1274/1280
f 830/1414/1281 2012/1416/1281 3709/1417/1281 2623/1415/1281
f 2012/1416/1282 829/1418/1282 2624/1419/1282 3709/1417/1282
f 3709/1417/1283 2624/1419/1283 863/1282/1283 2046/1280/1283
f 2623/1415/1284 3709/1417/1284 2046/1280/1284 864/1278/1284
f 829/1418/1285 2011/1420/1285 3710/1421/1285 2624/1419/1285
f 2011/1420/1286 828/1422/1286 2625/1423/1286 3710/1421/1286
f 3710/1421/1287 2625/1423/1287 862/1286/1287 2045/1284/1287
f 2624/1419/1288 3710/1421/1288 2045/1284/1288 863/1282/1288
f 828/1422/1289 2010/1424/1289 3711/1425/1289 2625/1423/1289
f 2010/1424/1290 827/1426/1290 2626/1427/1290 3711/1425/1290
f 3711/1425/1291 2626/1427/1291 861/1290/1291 2044/1288/1291
f 2625/1423/1292 3711/1425/1292 2044/1288/1292 862/1286/1292
f 827/1426/1293 2009/1428/1293 3712/1429/1293 2626/1427/1293
f 2009/1428/1294 826/1430/1294 2627/1431/1294 3712/1429/1294
f 3712/1429/1295 2627/1431/1295 860/1294/1295 2043/1292/1295
f 2626/1427/1296 3712/1429/1296 2043/1292/1296 861/1290/1296
f 826/1430/1297 2008/1432/1297 3713/1433/1297 2627/1431/1297
f 2008/1432/1298 825/1434/1298 2628/1435/1298 3713/1433/1298
f 3713/1433/1299 2628/1435/1299 859/1298/1299 2042/1296/1299
f 2627/1431/1300 3713/1433/1300 2042/1296/1300 860/1294/1300
f 825/1434/1301 2007/1436/1301 3714/1437/1301 2628/1435/1301
f 2007/1436/1302 824/1438/1302 2629/1439/1302 3714/1437/1302
f 3714/1437/1303 2629/1439/1303 858/1302/1303 2041/1300/1303
f 2628/1435/1304 3714/1437/1304 2041/1300/1304 859/1298/1304
f 824/1438/1305 2006/1440/1305 3715/1441/1305 2629/1439/1305
f 2006/1440/1306 823/1442/1306 2630/1443/1306 3715/1441/1306
f 3715/1441/1307 2630/1443/1307 857/1306/1307 2040/1304/1307
f 2629/1439/1308 3715/1441/1308 2040/1304/1308 858/1302/1308
f 823/1442/1309 2005/1444/1309 3716/1445/1309 2630/1443/1309
f 2005/1444/1310 822/1446/1310 2631/1447/1310 3716/1445/1310
f 3716/1445/1311 2631/1447/1311 856/1310/1311 2039/1308/1311
f 2630/1443/1312 3716/1445/1312 2039/1308/1312 857/1306/1312
f 822/1446/1313 2004/1448/1313 3717/1449/1313 2631/1447/1313
f 2004/1448/1314 821/1450/1314 2632/1451/1314 3717/1449/1314
f 3717/1449/1315 2632/1451/1315 855/1314/1315 2038/1312/1315
f 2631/1447/1316 3717/1449/1316 2038/1312/1316 856/1310/1316
f 821/1450/1317 2003/1452/1317 3718/1453/1317 2632/1451/1317
f 2003/1452/1318 820/1454/1318 2633/1455/1318 3718/1453/1318
f 3718/1453/1319 2633/1455/1319 854/1318/1319 2037/1316/1319
f 2632/1451/1320 3718/1453/1320 2037/1316/1320 855/1314/1320
f 820/1454/1321 2002/1456/1321 3719/1457/1321 2633/1455/1321
f 2002/1456/1322 819/1458/1322 2634/1459/1322 3719/1457/1322
f 3719/1457/1323 2634/1459/1323 853/1322/1323 2036/1320/1323
f 2633/1455/1324 3719/1457/1324 2036/1320/1324 854/1318/1324
f 819/1458/1325 2001/1460/1325 3720/1461/1325 2634/1459/1325
f 2001/1460/1326 818/1462/1326 2635/1463/1326 3720/1461/1326
f 3720/1461/1327 2635/1463/1327 852/1326/1327 2035/1324/1327
f 2634/1459/1328 3720/1461/1328 2035/1324/1328 853/1322/1328
f 818/1462/1329 2000/1464/1329 3721/1465/1329 2635/1463/1329
f 2000/1464/1330 817/1466/1330 2636/1467/1330 3721/1465/1330
f 3721/1465/1331 2636/1467/1331 851/1330/1331 2034/1328/1331
f 2635/1463/1332 3721/1465/1332 2034/1328/1332 852/1326/1332
f 817/1466/1333 1999/1468/1333 3722/1469/1333 2636/1467/1333
f 1999/1468/1334 816/1470/1334 2637/1471/1334 3722/1469/1334
f 3722/1469/1335 2637/1471/1335 850/1334/1335 2033/1332/1335
f 2636/1467/1336 3722/1469/1336 2033/1332/1336 851/1330/1336
f 816/1470/1337 1998/1472/1337 3723/1473/1337 2637/1471/1337
f 1998/1472/1338 815/1474/1338 2638/1475/1338 3723/1473/1338
f 3723/1473/1339 2638/1475/1339 849/1338/1339 2032/1336/1339
f 2637/1471/1340 3723/1473/1340 2032/1336/1340 850/1334/1340
f 815/1474/1341 1997/1476/1341 3724/1477/1341 2638/1475/1341
f 1997/1476/1342 814/1478/1342 2639/1479/1342 3724/1477/1342
f 3724/1477/1343 2639/1479/1343 848/1342/1343 2031/1340/1343
f 2638/1475/1344 3724/1477/1344 2031/1340/1344 849/1338/1344
f 814/1478/1345 1996/1480/1345 3725/1481/1345 2639/1479/1345
f 1996/1480/1346 813/138/1346 2640/140/1346 3725/1481/1346
f 3725/1481/1347 2640/140/1347 847/144/1347 2030/1344/1347
f 2639/1479/1348 3725/1481/1348 2030/1344/1348 848/1342/1348
f 15/1482/1349 1236/1483/1349 3726/1484/1349 1167/1485/1349
f 1236/1483/1350 812/1486/1350 2641/1487/1350 3726/1484/1350
f 3726/1484/1351 2641/1487/1351 846/1350/1351 1237/1347/1351
f 1167/1485/1352 3726/1484/1352 1237/1347/1352 14/1346/1352
f 812/1486/1353 1994/1488/1353 3727/1489/1353 2641/1487/1353
f 1994/1488/1354 811/1490/1354 2642/1491/1354 3727/1489/1354
f 3727/1489/1355 2642/1491/1355 845/1354/1355 2028/1352/1355
f 2641/1487/1356 3727/1489/1356 2028/1352/1356 846/1350/1356
f 811/1490/1357 1993/1492/1357 3728/1493/1357 2642/1491/1357
f 1993/1492/1358 810/1494/1358 2643/1495/1358 3728/1493/1358
f 3728/1493/1359 2643/1495/1359 844/1358/1359 2027/1356/1359
f 2642/1491/1360 3728/1493/1360 2027/1356/1360 845/1354/1360
f 810/1494/1361 1992/1496/1361 3729/1497/1361 2643/1495/1361
f 1992/1496/1362 809/1498/1362 2644/1499/1362 3729/1497/1362
f 3729/1497/1363 2644/1499/1363 843/1362/1363 2026/1360/1363
f 2643/1495/1364 3729/1497/1364 2026/1360/1364 844/1358/1364
f 809/1498/1365 1991/1500/1365 3730/1501/1365 2644/1499/1365
f 1991/1500/1366 808/1502/1366 2645/1503/1366 3730/1501/1366
f 3730/1501/1367 2645/1503/1367 842/1366/1367 2025/1364/1367
f 2644/1499/1368 3730/1501/1368 2025/1364/1368 843/1362/1368
f 808/1502/1369 1990/1504/1369 3731/1505/1369 2645/1503/1369
f 1990/1504/1370 807/1506/1370 2646/1507/1370 3731/1505/1370
f 3731/1505/1371 2646/1507/1371 841/1370/1371 2024/1368/1371
f 2645/1503/1372 3731/1505/1372 2024/1368/1372 842/1366/1372
f 807/1506/1373 1989/1508/1373 3732/1509/1373 2646/1507/1373
f 1989/1508/1374 806/1510/1374 2647/1511/1374 3732/1509/1374
f 3732/1509/1375 2647/1511/1375 840/1374/1375 2023/1372/1375
f 2646/1507/1376 3732/1509/1376 2023/1372/1376 841/1370/1376
f 806/1510/1377 1988/1512/1377 3733/1513/1377 2647/1511/1377
f 1988/1512/1378 805/1514/1378 2648/1515/1378 3733/1513/1378
f 3733/1513/1379 2648/1515/1379 839/1378/1379 2022/1376/1379
f 2647/1511/1380 3733/1513/1380 2022/1376/1380 840/1374/1380
f 805/1514/1381 1987/1516/1381 3734/1517/1381 2648/1515/1381
f 1987/1516/1382 804/1518/1382 2649/1519/1382 3734/1517/1382
f 3734/1517/1383 2649/1519/1383 838/1382/1383 2021/1380/1383
f 2648/1515/1384 3734/1517/1384 2021/1380/1384 839/1378/1384
f 804/1518/1385 1986/1520/1385 3735/1521/1385 2649/1519/1385
f 1986/1520/1386 803/1522/1386 2650/1523/1386 3735/1521/1386
f 3735/1521/1387 2650/1523/1387 837/1386/1387 2020/1384/1387
f 2649/1519/1388 3735/1521/1388 2020/1384/1388 838/1382/1388
f 803/1522/1389 1985/1524/1389 3736/1525/1389 2650/1523/1389
f 1985/1524/1390 802/1526/1390 2651/1527/1390 3736/1525/1390
f 3736/1525/1391 2651/1527/1391 836/1390/1391 2019/1388/1391
f 2650/1523/1392 3736/1525/1392 2019/1388/1392 837/1386/1392
f 802/1526/1393 1984/1528/1393 3737/1529/1393 2651/1527/1393
f 1984/1528/1394 801/1530/1394 2652/1531/1394 3737/1529/1394
f 3737/1529/1395 2652/1531/1395 835/1394/1395 2018/1392/1395
f 2651/1527/1396 3737/1529/1396 2018/1392/1396 836/1390/1396
f 801/1530/1397 1983/1532/1397 3738/1533/1397 2652/1531/1397
f 1983/1532/1398 800/1534/1398 2653/1535/1398 3738/1533/1398
f 3738/1533/1399 2653/1535/1399 834/1398/1399 2017/1396/1399
f 2652/1531/1400 3738/1533/1400 2017/1396/1400 835/1394/1400
f 800/1534/1401 1982/1536/1401 3739/1537/1401 2653/1535/1401
f 1982/1536/1402 799/1538/1402 2654/1539/1402 3739/1537/1402
f 3739/1537/1403 2654/1539/1403 833/1402/1403 2016/1400/1403
f 2653/1535/1404 3739/1537/1404 2016/1400/1404 834/1398/1404
f 799/1538/1405 1981/1540/1405 3740/1541/1405 2654/1539/1405
f 1981/1540/1406 798/1542/1406 2655/1543/1406 3740/1541/1406
f 3740/1541/1407 2655/1543/1407 832/1406/1407 2015/1404/1407
f 2654/1539/1408 3740/1541/1408 2015/1404/1408 833/1402/1408
f 798/1542/1409 1980/1544/1409 3741/1545/1409 2655/1543/1409
f 1980/1544/1410 797/1546/1410 2656/1547/1410 3741/1545/1410
f 3741/1545/1411 2656/1547/1411 831/1410/1411 2014/1408/1411
f 2655/1543/1412 3741/1545/1412 2014/1408/1412 832/1406/1412
f 797/1546/1413 1979/1548/1413 3742/1549/1413 2656/1547/1413
f 1979/1548/1414 796/1550/1414 2657/1551/1414 3742/1549/1414
f 3742/1549/1415 2657/1551/1415 830/1414/1415 2013/1412/1415
f 2656/1547/1416 3742/1549/1416 2013/1412/1416 831/1410/1416
f 796/1550/1417 1978/1552/1417 3743/1553/1417 2657/1551/1417
f 1978/1552/1418 795/1554/1418 2658/1555/1418 3743/1553/1418
f 3743/1553/1419 2658/1555/1419 829/1418/1419 2012/1416/1419
f 2657/1551/1420 3743/1553/1420 2012/1416/1420 830/1414/1420
f 795/1554/1421 1977/1556/1421 3744/1557/1421 2658/1555/1421
f 1977/1556/1422 794/1558/1422 2659/1559/1422 3744/1557/1422
f 3744/1557/1423 2659/1559/1423 828/1422/1423 2011/1420/1423
f 2658/1555/1424 3744/1557/1424 2011/1420/1424 829/1418/1424
f 794/1558/1425 1976/1560/1425 3745/1561/1425 2659/1559/1425
f 1976/1560/1426 793/1562/1426 2660/1563/1426 3745/1561/1426
f 3745/1561/1427 2660/1563/1427 827/1426/1427 2010/1424/1427
f 2659/1559/1428 3745/1561/1428 2010/1424/1428 828/1422/1428
f 793/1562/1429 1975/1564/1429 3746/1565/1429 2660/1563/1429
f 1975/1564/1430 792/1566/1430 2661/1567/1430 3746/1565/1430
f 3746/1565/1431 2661/1567/1431 826/1430/1431 2009/1428/1431
f 2660/1563/1432 3746/1565/1432 2009/1428/1432 827/1426/1432
f 792/1566/1433 1974/1568/1433 3747/1569/1433 2661/1567/1433
f 1974/1568/1434 791/1570/1434 2662/1571/1434 3747/1569/1434
f 3747/1569/1435 2662/1571/1435 825/1434/1435 2008/1432/1435
f 2661/1567/1436 3747/1569/1436 2008/1432/1436 826/1430/1436
f 791/1570/1437 1973/1572/1437 3748/1573/1437 2662/1571/1437
f 1973/1572/1438 790/1574/1438 2663/1575/1438 3748/1573/1438
f 3748/1573/1439 2663/1575/1439 824/1438/1439 2007/1436/1439
f 2662/1571/1440 3748/1573/1440 2007/1436/1440 825/1434/1440
f 790/1574/1441 1972/1576/1441 3749/1577/1441 2663/1575/1441
f 1972/1576/1442 789/1578/1442 2664/1579/1442 3749/1577/1442
f 3749/1577/1443 2664/1579/1443 823/1442/1443 2006/1440/1443
f 2663/1575/1444 3749/1577/1444 2006/1440/1444 824/1438/1444
f 789/1578/1445 1971/1580/1445 3750/1581/1445 2664/1579/1445
f 1971/1580/1446 788/1582/1446 2665/1583/1446 3750/1581/1446
f 3750/1581/1447 2665/1583/1447 822/1446/1447 2005/1444/1447
f 2664/1579/1448 3750/1581/1448 2005/1444/1448 823/1442/1448
f 788/1582/1449 1970/1584/1449 3751/1585/1449 2665/1583/1449
f 1970/1584/1450 787/1586/1450 2666/1587/1450 3751/1585/1450
f 3751/1585/1451 2666/1587/1451 821/1450/1451 2004/1448/1451
f 2665/1583/1452 3751/1585/1452 2004/1448/1452 822/1446/1452
f 787/1586/1453 1969/1588/1453 3752/1589/1453 2666/1587/1453
f 1969/1588/1454 786/1590/1454 2667/1591/1454 3752/1589/1454
f 3752/1589/1455 2667/1591/1455 820/1454/1455 2003/1452/1455
f 2666/1587/1456 3752/1589/1456 2003/1452/1456 821/1450/1456
f 786/1590/1457 1968/1592/1457 3753/1593/1457 2667/1591/1457
f 1968/1592/1458 785/1594/1458 2668/1595/1458 3753/1593/1458
f 3753/1593/1459 2668/1595/1459 819/1458/1459 2002/1456/1459
f 2667/1591/1460 3753/1593/1460 2002/1456/1460 820/1454/1460
f 785/1594/1461 1967/1596/1461 3754/1597/1461 2668/1595/1461
f 1967/1596/1462 784/1598/1462 2669/1599/1462 3754/1597/1462
f 3754/1597/1463 2669/1599/1463 818/1462/1463 2001/1460/1463
f 2668/1595/1464 3754/1597/1464 2001/1460/1464 819/1458/1464
f 784/1598/1465 1966/1600/1465 3755/1601/1465 2669/1599/1465
f 1966/1600/1466 783/1602/1466 2670/1603/1466 3755/1601/1466
f 3755/1601/1467 2670/1603/1467 817/1466/1467 2000/1464/1467
f 2669/1599/1468 3755/1601/1468 2000/1464/1468 818/1462/1468
f 783/1602/1469 1965/1604/1469 3756/1605/1469 2670/1603/1469
f 1965/1604/1470 782/1606/1470 2671/1607/1470 3756/1605/1470
f 3756/1605/1471 2671/1607/1471 816/1470/1471 1999/1468/1471
f 2670/1603/1472 3756/1605/1472 1999/1468/1472 817/1466/1472
f 782/1606/1473 1964/1608/1473 3757/1609/1473 2671/1607/1473
f 1964/1608/1474 781/1610/1474 2672/1611/1474 3757/1609/1474
f 3757/1609/1475 2672/1611/1475 815/1474/1475 1998/1472/1475
f 2671/1607/1476 3757/1609/1476 1998/1472/1476 816/1470/1476
f 781/1610/1477 1963/1612/1477 3758/1613/1477 2672/1611/1477
f 1963/1612/1478 780/1614/1478 2673/1615/1478 3758/1613/1478
f 3758/1613/1479 2673/1615/1479 814/1478/1479 1997/1476/1479
f 2672/1611/1480 3758/1613/1480 1997/1476/1480 815/1474/1480
f 780/1614/1481 1962/1616/1481 3759/1617/1481 2673/1615/1481
f 1962/1616/1482 779/132/1482 2674/134/1482 3759/1617/1482
f 3759/1617/1483 2674/134/1483 813/138/1483 1996/1480/1483
f 2673/1615/1484 3759/1617/1484 1996/1480/1484 814/1478/1484
f 16/1618/1485 1235/1619/1485 3760/1620/1485 1168/1621/1485
f 1235/1619/1486 778/1622/1486 2675/1623/1486 3760/1620/1486
f 3760/1620/1487 2675/1623/1487 812/1486/1487 1236/1483/1487
f 1168/1621/1488 3760/1620/1488 1236/1483/1488 15/1482/1488
f 778/1622/1489 1960/1624/1489 3761/1625/1489 2675/1623/1489
f 1960/1624/1490 777/1626/1490 2676/1627/1490 3761/1625/1490
f 3761/1625/1491 2676/1627/1491 811/1490/1491 1994/1488/1491
f 2675/1623/1492 3761/1625/1492 1994/1488/1492 812/1486/1492
f 777/1626/1493 1959/1628/1493 3762/1629/1493 2676/1627/1493
f 1959/1628/1494 776/1630/1494 2677/1631/1494 3762/1629/1494
f 3762/1629/1495 2677/1631/1495 810/1494/1495 1993/1492/1495
f 2676/1627/1496 3762/1629/1496 1993/1492/1496 811/1490/1496
f 776/1630/1497 1958/1632/1497 3763/1633/1497 2677/1631/1497
f 1958/1632/1498 775/1634/1498 2678/1635/1498 3763/1633/1498
f 3763/1633/1499 2678/1635/1499 809/1498/1499 1992/1496/1499
f 2677/1631/1500 3763/1633/1500 1992/1496/1500 810/1494/1500
f 775/1634/1501 1957/1636/1501 3764/1637/1501 2678/1635/1501
f 1957/1636/1502 774/1638/1502 2679/1639/1502 3764/1637/1502
f 3764/1637/1503 2679/1639/1503 808/1502/1503 1991/1500/1503
f 2678/1635/1504 3764/1637/1504 1991/1500/1504 809/1498/1504
f 774/1638/1505 1956/1640/1505 3765/1641/1505 2679/1639/1505
f 1956/1640/1506 773/1642/1506 2680/1643/1506 3765/1641/1506
f 3765/1641/1507 2680/1643/1507 807/1506/1507 1990/1504/1507
f 2679/1639/1508 3765/1641/1508 1990/1504/1508 808/1502/1508
f 773/1642/1509 1955/1644/1509 3766/1645/1509 2680/1643/1509
f 1955/1644/1510 772/1646/1510 2681/1647/1510 3766/1645/1510
f 3766/1645/1511 2681/1647/1511 806/1510/1511 1989/1508/1511
f 2680/1643/1512 3766/1645/1512 1989/1508/1512 807/1506/1512
f 772/1646/1513 1954/1648/1513 3767/1649/1513 2681/1647/1513
f 1954/1648/1514 771/1650/1514 2682/1651/1514 3767/1649/1514
f 3767/1649/1515 2682/1651/1515 805/1514/1515 1988/1512/1515
f 2681/1647/1516 3767/1649/1516 1988/1512/1516 806/1510/1516
f 771/1650/1517 1953/1652/1517 3768/1653/1517 2682/1651/1517
f 1953/1652/1518 770/1654/1518 2683/1655/1518 3768/1653/1518
f 3768/1653/1519 2683/1655/1519 804/1518/1519 1987/1516/1519
f 2682/1651/1520 3768/1653/1520 1987/1516/1520 805/1514/1520
f 770/1654/1521 1952/1656/1521 3769/1657/1521 2683/1655/1521
f 1952/1656/1522 769/1658/1522 2684/1659/1522 3769/1657/1522
f 3769/1657/1523 2684/1659/1523 803/1522/1523 1986/1520/1523
f 2683/1655/1524 3769/1657/1524 1986/1520/1524 804/1518/1524
f 769/1658/1525 1951/1660/1525 3770/1661/1525 2684/1659/1525
f 1951/1660/1526 768/1662/1526 2685/1663/1526 3770/1661/1526
f 3770/1661/1527 2685/1663/1527 802/1526/1527 1985/1524/1527
f 2684/1659/1528 3770/1661/1528 1985/1524/1528 803/1522/1528
f 768/1662/1529 1950/1664/1529 3771/1665/1529 2685/1663/1529
f 1950/1664/1530 767/1666/1530 2686/1667/1530 3771/1665/1530
f 3771/1665/1531 2686/1667/1531 801/1530/1531 1984/1528/1531
f 2685/1663/1532 3771/1665/1532 1984/1528/1532 802/1526/1532
f 767/1666/1533 1949/1668/1533 3772/1669/1533 2686/1667/1533
f 1949/1668/1534 766/1670/1534 2687/1671/1534 3772/1669/1534
f 3772/1669/1535 2687/1671/1535 800/1534/1535 1983/1532/1535
f 2686/1667/1536 3772/1669/1536 1983/1532/1536 801/1530/1536
f 766/1670/1537 1948/1672/1537 3773/1673/1537 2687/1671/1537
f 1948/1672/1538 765/1674/1538 2688/1675/1538 3773/1673/1538
f 3773/1673/1539 2688/1675/1539 799/1538/1539 1982/1536/1539
f 2687/1671/1540 3773/1673/1540 1982/1536/1540 800/1534/1540
f 765/1674/1541 1947/1676/1541 3774/1677/1541 2688/1675/1541
f 1947/1676/1542 764/1678/1542 2689/1679/1542 3774/1677/1542
f 3774/1677/1543 2689/1679/1543 798/1542/1543 1981/1540/1543
f 2688/1675/1544 3774/1677/1544 1981/1540/1544 799/1538/1544
f 764/1678/1545 1946/1680/1545 3775/1681/1545 2689/1679/1545
f 1946/1680/1546 763/1682/1546 2690/1683/1546 3775/1681/1546
f 3775/1681/1547 2690/1683/1547 797/1546/1547 1980/1544/1547
f 2689/1679/1548 3775/1681/1548 1980/1544/1548 798/1542/1548
f 763/1682/1549 1945/1684/1549 3776/1685/1549 2690/1683/1549
f 1945/1684/1550 762/1686/1550 2691/1687/1550 3776/1685/1550
f 3776/1685/1551 2691/1687/1551 796/1550/1551 1979/1548/1551
f 2690/1683/1552 3776/1685/1552 1979/1548/1552 797/1546/1552
f 762/1686/1553 1944/1688/1553 3777/1689/1553 2691/1687/1553
f 1944/1688/1554 761/1690/1554 2692/1691/1554 3777/1689/1554
f 3777/1689/1555 2692/1691/1555 795/1554/1555 1978/1552/1555
f 2691/1687/1556 3777/1689/1556 1978/1552/1556 796/1550/1556
f 761/1690/1557 1943/1692/1557 3778/1693/1557 2692/1691/1557
f 1943/1692/1558 760/1694/1558 2693/1695/1558 3778/1693/1558
f 3778/1693/1559 2693/1695/1559 794/1558/1559 1977/1556/1559
f 2692/1691/1560 3778/1693/1560 1977/1556/1560 795/1554/1560
f 760/1694/1561 1942/1696/1561 3779/1697/1561 2693/1695/1561
f 1942/1696/1562 759/1698/1562 2694/1699/1562 3779/1697/1562
f 3779/1697/1563 2694/1699/1563 793/1562/1563 1976/1560/1563
f 2693/1695/1564 3779/1697/1564 1976/1560/1564 794/1558/1564
f 759/1698/1565 1941/1700/1565 3780/1701/1565 2694/1699/1565
f 1941/1700/1566 758/1702/1566 2695/1703/1566 3780/1701/1566
f 3780/1701/1567 2695/1703/1567 792/1566/1567 1975/1564/1567
f 2694/1699/1568 3780/1701/1568 1975/1564/1568 793/1562/1568
f 758/1702/1569 1940/1704/1569 3781/1705/1569 2695/1703/1569
f 1940/1704/1570 757/1706/1570 2696/1707/1570 3781/1705/1570
f 3781/1705/1571 2696/1707/1571 791/1570/1571 1974/1568/1571
f 2695/1703/1572 3781/1705/1572 1974/1568/1572 792/1566/1572
f 757/1706/1573 1939/1708/1573 3782/1709/1573 2696/1707/1573
f 1939/1708/1574 756/1710/1574 2697/1711/1574 3782/1709/1574
f 3782/1709/1575 2697/1711/1575 790/1574/1575 1973/1572/1575
f 2696/1707/1576 3782/1709/1576 1973/1572/1576 791/1570/1576
f 756/1710/1577 1938/1712/1577 3783/1713/1577 2697/1711/1577
f 1938/1712/1578 755/1714/1578 2698/1715/1578 3783/1713/1578
f 3783/1713/1579 2698/1715/1579 789/1578/1579 1972/1576/1579
f 2697/1711/1580 3783/1713/1580 1972/1576/1580 790/1574/1580
f 755/1714/1581 1937/1716/1581 3784/1717/1581 2698/1715/1581
f 1937/1716/1582 754/1718/1582 2699/1719/1582 3784/1717/1582
f 3784/1717/1583 2699/1719/1583 788/1582/1583 1971/1580/1583
f 2698/1715/1584 3784/1717/1584 1971/1580/1584 789/1578/1584
f 754/1718/1585 1936/1720/1585 3785/1721/1585 2699/1719/1585
f 1936/1720/1586 753/1722/1586 2700/1723/1586 3785/1721/1586
f 3785/1721/1587 2700/1723/1587 787/1586/1587 1970/1584/1587
f 2699/1719/1588 3785/1721/1588 1970/1584/1588 788/1582/1588
f 753/1722/1589 1935/1724/1589 3786/1725/1589 2700/1723/1589
f 1935/1724/1590 752/1726/1590 2701/1727/1590 3786/1725/1590
f 3786/1725/1591 2701/1727/1591 786/1590/1591 1969/1588/1591
f 2700/1723/1592 3786/1725/1592 1969/1588/1592 787/1586/1592
f 752/1726/1593 1934/1728/1593 3787/1729/1593 2701/1727/1593
f 1934/1728/1594 751/1730/1594 2702/1731/1594 3787/1729/1594
f 3787/1729/1595 2702/1731/1595 785/1594/1595 1968/1592/1595
f 2701/1727/1596 3787/1729/1596 1968/1592/1596 786/1590/1596
f 751/1730/1597 1933/1732/1597 3788/1733/1597 2702/1731/1597
f 1933/1732/1598 750/1734/1598 2703/1735/1598 3788/1733/1598
f 3788/1733/1599 2703/1735/1599 784/1598/1599 1967/1596/1599
f 2702/1731/1600 3788/1733/1600 1967/1596/1600 785/1594/1600
f 750/1734/1601 1932/1736/1601 3789/1737/1601 2703/1735/1601
f 1932/1736/1602 749/1738/1602 2704/1739/1602 3789/1737/1602
f 3789/1737/1603 2704/1739/1603 783/1602/1603 1966/1600/1603
f 2703/1735/1604 3789/1737/1604 1966/1600/1604 784/1598/1604
f 749/1738/1605 1931/1740/1605 3790/1741/1605 2704/1739/1605
f 1931/1740/1606 748/1742/1606 2705/1743/1606 3790/1741/1606
f 3790/1741/1607 2705/1743/1607 782/1606/1607 1965/1604/1607
f 2704/1739/1608 3790/1741/1608 1965/1604/1608 783/1602/1608
f 748/1742/1609 1930/1744/1609 3791/1745/1609 2705/1743/1609
f 1930/1744/1610 747/1746/1610 2706/1747/1610 3791/1745/1610
f 3791/1745/1611 2706/1747/1611 781/1610/1611 1964/1608/1611
f 2705/1743/1612 3791/1745/1612 1964/1608/1612 782/1606/1612
f 747/1746/1613 1929/1748/1613 3792/1749/1613 2706/1747/1613
f 1929/1748/1614 746/1750/1614 2707/1751/1614 3792/1749/1614
f 3792/1749/1615 2707/1751/1615 780/1614/1615 1963/1612/1615
f 2706/1747/1616 3792/1749/1616 1963/1612/1616 781/1610/1616
f 746/1750/1617 1928/1752/1617 3793/1753/1617 2707/1751/1617
f 1928/1752/1618 745/126/1618 2708/128/1618 3793/1753/1618
f 3793/1753/1619 2708/128/1619 779/132/1619 1962/1616/1619
f 2707/1751/1620 3793/1753/1620 1962/1616/1620 780/1614/1620
f 17/1754/1621 1234/1755/1621 3794/1756/1621 1169/1757/1621
f 1234/1755/1622 744/1758/1622 2709/1759/1622 3794/1756/1622
f 3794/1756/1623 2709/1759/1623 778/1622/1623 1235/1619/1623
f 1169/1757/1624 3794/1756/1624 1235/1619/1624 16/1618/1624
f 744/1758/1625 1926/1760/1625 3795/1761/1625 2709/1759/1625
f 1926/1760/1626 743/1762/1626 2710/1763/1626 3795/1761/1626
f 3795/1761/1627 2710/1763/1627 777/1626/1627 1960/1624/1627
f 2709/1759/1628 3795/1761/1628 1960/1624/1628 778/1622/1628
f 743/1762/1629 1925/1764/1629 3796/1765/1629 2710/1763/1629
f 1925/1764/1630 742/1766/1630 2711/1767/1630 3796/1765/1630
f 3796/1765/1631 2711/1767/1631 776/1630/1631 1959/1628/1631
f 2710/1763/1632 3796/1765/1632 1959/1628/1632 777/1626/1632
f 742/1766/1633 1924/1768/1633 3797/1769/1633 2711/1767/1633
f 1924/1768/1634 741/1770/1634 2712/1771/1634 3797/1769/1634
f 3797/1769/1635 2712/1771/1635 775/1634/1635 1958/1632/1635
f 2711/1767/1636 3797/1769/1636 1958/1632/1636 776/1630/1636
f 741/1770/1637 1923/1772/1637 3798/1773/1637 2712/1771/1637
f 1923/1772/1638 740/1774/1638 2713/1775/1638 3798/1773/1638
f 3798/1773/1639 2713/1775/1639 774/1638/1639 1957/1636/1639
f 2712/1771/1640 3798/1773/1640 1957/1636/1640 775/1634/1640
f 740/1774/1641 1922/1776/1641 3799/1777/1641 2713/1775/1641
f 1922/1776/1642 739/1778/1642 2714/1779/1642 3799/1777/1642
f 3799/1777/1643 2714/1779/1643 773/1642/1643 1956/1640/1643
f 2713/1775/1644 3799/1777/1644 1956/1640/1644 774/1638/1644
f 739/1778/1645 1921/1780/1645 3800/1781/1645 2714/1779/1645
f 1921/1780/1646 738/1782/1646 2715/1783/1646 3800/1781/1646
f 3800/1781/1647 2715/1783/1647 772/1646/1647 1955/1644/1647
f 2714/1779/1648 3800/1781/1648 1955/1644/1648 773/1642/1648
f 738/1782/1649 1920/1784/1649 3801/1785/1649 2715/1783/1649
f 1920/1784/1650 737/1786/1650 2716/1787/1650 3801/1785/1650
f 3801/1785/1651 2716/1787/1651 771/1650/1651 1954/1648/1651
f 2715/1783/1652 3801/1785/1652 1954/1648/1652 772/1646/1652
f 737/1786/1653 1919/1788/1653 3802/1789/1653 2716/1787/1653
f 1919/1788/1654 736/1790/1654 2717/1791/1654 3802/1789/1654
f 3802/1789/1655 2717/1791/1655 770/1654/1655 1953/1652/1655
f 2716/1787/1656 3802/1789/1656 1953/1652/1656 771/1650/1656
f 736/1790/1657 1918/1792/1657 3803/1793/1657 2717/1791/1657
f 1918/1792/1658 735/1794/1658 2718/1795/1658 3803/1793/1658
f 3803/1793/1659 2718/1795/1659 769/1658/1659 1952/1656/1659
f 2717/1791/1660 3803/1793/1660 1952/1656/1660 770/1654/1660
f 735/1794/1661 1917/1796/1661 3804/1797/1661 2718/1795/1661
f 1917/1796/1662 734/1798/1662 2719/1799/1662 3804/1797/1662
f 3804/1797/1663 2719/1799/1663 768/1662/1663 1951/1660/1663
f 2718/1795/1664 3804/1797/1664 1951/1660/1664 769/1658/1664
f 734/1798/1665 1916/1800/1665 3805/1801/1665 2719/1799/1665
f 1916/1800/1666 733/1802/1666 2720/1803/1666 3805/1801/1666
f 3805/1801/1667 2720/1803/1667 767/1666/1667 1950/1664/1667
f 2719/1799/1668 3805/1801/1668 1950/1664/1668 768/1662/1668
f 733/1802/1669 1915/1804/1669 3806/1805/1669 2720/1803/1669
f 1915/1804/1670 732/1806/1670 2721/1807/1670 3806/1805/1670
f 3806/1805/1671 2721/1807/1671 766/1670/1671 1949/1668/1671
f 2720/1803/1672 3806/1805/1672 1949/1668/1672 767/1666/1672
f 732/1806/1673 1914/1808/1673 3807/1809/1673 2721/1807/1673
f 1914/1808/1674 731/1810/1674 2722/1811/1674 3807/1809/1674
f 3807/1809/1675 2722/1811/1675 765/1674/1675 1948/1672/1675
f 2721/1807/1676 3807/1809/1676 1948/1672/1676 766/1670/1676
f 731/1810/1677 1913/1812/1677 3808/1813/1677 2722/1811/1677
f 1913/1812/1678 730/1814/1678 2723/1815/1678 3808/1813/1678
f 3808/1813/1679 2723/1815/1679 764/1678/1679 1947/1676/1679
f 2722/1811/1680 3808/1813/1680 1947/1676/1680 765/1674/1680
f 730/1814/1681 1912/1816/1681 3809/1817/1681 2723/1815/1681
f 1912/1816/1682 729/1818/1682 2724/1819/1682 3809/1817/1682
f 3809/1817/1683 2724/1819/1683 763/1682/1683 1946/1680/1683
f 2723/1815/1684 3809/1817/1684 1946/1680/1684 764/1678/1684
f 729/1818/1685 1911/1820/1685 3810/1821/1685 2724/1819/1685
f 1911/1820/1686 728/1822/1686 2725/1823/1686 3810/1821/1686
f 3810/1821/1687 2725/1823/1687 762/1686/1687 1945/1684/1687
f 2724/1819/1688 3810/1821/1688 1945/1684/1688 763/1682/1688
f 728/1822/1689 1910/1824/1689 3811/1825/1689 2725/1823/1689
f 1910/1824/1690 727/1826/1690 2726/1827/1690 3811/1825/1690
f 3811/1825/1691 2726/1827/1691 761/1690/1691 1944/1688/1691
f 2725/1823/1692 3811/1825/1692 1944/1688/1692 762/1686/1692
f 727/1826/1693 1909/1828/1693 3812/1829/1693 2726/1827/1693
f 1909/1828/1694 726/1830/1694 2727/1831/1694 3812/1829/1694
f 3812/1829/1695 2727/1831/1695 760/1694/1695 1943/1692/1695
f 2726/1827/1696 3812/1829/1696 1943/1692/1696 761/1690/1696
f 726/1830/1697 1908/1832/1697 3813/1833/1697 2727/1831/1697
f 1908/1832/1698 725/1834/1698 2728/1835/1698 3813/1833/1698
f 3813/1833/1699 2728/1835/1699 759/1698/1699 1942/1696/1699
f 2727/1831/1700 3813/1833/1700 1942/1696/1700 760/1694/1700
f 725/1834/1701 1907/1836/1701 3814/1837/1701 2728/1835/1701
f 1907/1836/1702 724/1838/1702 2729/1839/1702 3814/1837/1702
f 3814/1837/1703 2729/1839/1703 758/1702/1703 1941/1700/1703
f 2728/1835/1704 3814/1837/1704 1941/1700/1704 759/1698/1704
f 724/1838/1705 1906/1840/1705 3815/1841/1705 2729/1839/1705
f 1906/1840/1706 723/1842/1706 2730/1843/1706 3815/1841/1706
f 3815/1841/1707 2730/1843/1707 757/1706/1707 1940/1704/1707
f 2729/1839/1708 3815/1841/1708 1940/1704/1708 758/1702/1708
f 723/1842/1709 1905/1844/1709 3816/1845/1709 2730/1843/1709
f 1905/1844/1710 722/1846/1710 2731/1847/1710 3816/1845/1710
f 3816/1845/1711 2731/1847/1711 756/1710/1711 1939/1708/1711
f 2730/1843/1712 3816/1845/1712 1939/1708/1712 757/1706/1712
f 722/1846/1713 1904/1848/1713 3817/1849/1713 2731/1847/1713
f 1904/1848/1714 721/1850/1714 2732/1851/1714 3817/1849/1714
f 3817/1849/1715 2732/1851/1715 755/1714/1715 1938/1712/1715
f 2731/1847/1716 3817/1849/1716 1938/1712/1716 756/1710/1716
f 721/1850/1717 1903/1852/1717 3818/1853/1717 2732/1851/1717
f 1903/1852/1718 720/1854/1718 2733/1855/1718 3818/1853/1718
f 3818/1853/1719 2733/1855/1719 754/1718/1719 1937/1716/1719
f 2732/1851/1720 3818/1853/1720 1937/1716/1720 755/1714/1720
f 720/1854/1721 1902/1856/1721 3819/1857/1721 2733/1855/1721
f 1902/1856/1722 719/1858/1722 2734/1859/1722 3819/1857/1722
f 3819/1857/1723 2734/1859/1723 753/1722/1723 1936/1720/1723
f 2733/1855/1724 3819/1857/1724 1936/1720/1724 754/1718/1724
f 719/1858/1725 1901/1860/1725 3820/1861/1725 2734/1859/1725
f 1901/1860/1726 718/1862/1726 2735/1863/1726 3820/1861/1726
f 3820/1861/1727 2735/1863/1727 752/1726/1727 1935/1724/1727
f 2734/1859/1728 3820/1861/1728 1935/1724/1728 753/1722/1728
f 718/1862/1729 1900/1864/1729 3821/1865/1729 2735/1863/1729
f 1900/1864/1730 717/1866/1730 2736/1867/1730 3821/1865/1730
f 3821/1865/1731 2736/1867/1731 751/1730/1731 1934/1728/1731
f 2735/1863/1732 3821/1865/1732 1934/1728/1732 752/1726/1732
f 717/1866/1733 1899/1868/1733 3822/1869/1733 2736/1867/1733
f 1899/1868/1734 716/1870/1734 2737/1871/1734 3822/1869/1734
f 3822/1869/1735 2737/1871/1735 750/1734/1735 1933/1732/1735
f 2736/1867/1736 3822/1869/1736 1933/1732/1736 751/1730/1736
f 716/1870/1737 1898/1872/1737 3823/1873/1737 2737/1871/1737
f 1898/1872/1738 715/1874/1738 2738/1875/1738 3823/1873/1738
f 3823/1873/1739 2738/1875/1739 749/1738/1739 1932/1736/1739
f 2737/1871/1740 3823/1873/1740 1932/1736/1740 750/1734/1740
f 715/1874/1741 1897/1876/1741 3824/1877/1741 2738/1875/1741
f 1897/1876/1742 714/1878/1742 2739/1879/1742 3824/1877/1742
f 3824/1877/1743 2739/1879/1743 748/1742/1743 1931/1740/1743
f 2738/1875/1744 3824/1877/1744 1931/1740/1744 749/1738/1744
f 714/1878/1745 1896/1880/1745 3825/1881/1745 2739/1879/1745
f 1896/1880/1746 713/1882/1746 2740/1883/1746 3825/1881/1746
f 3825/1881/1747 2740/1883/1747 747/1746/1747 1930/1744/1747
f 2739/1879/1748 3825/1881/1748 1930/1744/1748 748/1742/1748
f 713/1882/1749 1895/1884/1749 3826/1885/1749 2740/1883/1749
f 1895/1884/1750 712/1886/1750 2741/1887/1750 3826/1885/1750
f 3826/1885/1751 2741/1887/1751 746/1750/1751 1929/1748/1751
f 2740/1883/1752 3826/1885/1752 1929/1748/1752 747/1746/1752
f 712/1886/1753 1894/1888/1753 3827/1889/1753 2741/1887/1753
f 1894/1888/1754 711/120/1754 2742/122/1754 3827/1889/1754
f 3827/1889/1755 2742/122/1755 745/126/1755 1928/1752/1755
f 2741/1887/1756 3827/1889/1756 1928/1752/1756 746/1750/1756
f 18/1890/1757 1233/1891/1757 3828/1892/1757 1170/1893/1757
f 1233/1891/1758 710/1894/1758 2743/1895/1758 3828/1892/1758
f 3828/1892/1759 2743/1895/1759 744/1758/1759 1234/1755/1759
f 1170/1893/1760 3828/1892/1760 1234/1755/1760 17/1754/1760
f 710/1894/1761 1892/1896/1761 3829/1897/1761 2743/1895/1761
f 1892/1896/1762 709/1898/1762 2744/1899/1762 3829/1897/1762
f 3829/1897/1763 2744/1899/1763 743/1762/1763 1926/1760/1763
f 2743/1895/1764 3829/1897/1764 1926/1760/1764 744/1758/1764
f 709/1898/1765 1891/1900/1765 3830/1901/1765 2744/1899/1765
f 1891/1900/1766 708/1902/1766 2745/1903/1766 3830/1901/1766
f 3830/1901/1767 2745/1903/1767 742/1766/1767 1925/1764/1767
f 2744/1899/1768 3830/1901/1768 1925/1764/1768 743/1762/1768
f 708/1902/1769 1890/1904/1769 3831/1905/1769 2745/1903/1769
f 1890/1904/1770 707/1906/1770 2746/1907/1770 3831/1905/1770
f 3831/1905/1771 2746/1907/1771 741/1770/1771 1924/1768/1771
f 2745/1903/1772 3831/1905/1772 1924/1768/1772 742/1766/1772
f 707/1906/1773 1889/1908/1773 3832/1909/1773 2746/1907/1773
f 1889/1908/1774 706/1910/1774 2747/1911/1774 3832/1909/1774
f 3832/1909/1775 2747/1911/1775 740/1774/1775 1923/1772/1775
f 2746/1907/1776 3832/1909/1776 1923/1772/1776 741/1770/1776
f 706/1910/1777 1888/1912/1777 3833/1913/1777 2747/1911/1777
f 1888/1912/1778 705/1914/1778 2748/1915/1778 3833/1913/1778
f 3833/1913/1779 2748/1915/1779 739/1778/1779 1922/1776/1779
f 2747/1911/1780 3833/1913/1780 1922/1776/1780 740/1774/1780
f 705/1914/1781 1887/1916/1781 3834/1917/1781 2748/1915/1781
f 1887/1916/1782 704/1918/1782 2749/1919/1782 3834/1917/1782
f 3834/1917/1783 2749/1919/1783 738/1782/1783 1921/1780/1783
f 2748/1915/1784 3834/1917/1784 1921/1780/1784 739/1778/1784
f 704/1918/1785 1886/1920/1785 3835/1921/1785 2749/1919/1785
f 1886/1920/1786 703/1922/1786 2750/1923/1786 3835/1921/1786
f 3835/1921/1787 2750/1923/1787 737/1786/1787 1920/1784/1787
f 2749/1919/1788 3835/1921/1788 1920/1784/1788 738/1782/1788
f 703/1922/1789 1885/1924/1789 3836/1925/1789 2750/1923/1789
f 1885/1924/1790 702/1926/1790 2751/1927/1790 3836/1925/1790
f 3836/1925/1791 2751/1927/1791 736/1790/1791 1919/1788/1791
f 2750/1923/1792 3836/1925/1792 1919/1788/1792 737/1786/1792
f 702/1926/1793 1884/1928/1793 3837/1929/1793 2751/1927/1793
f 1884/1928/1794 701/1930/1794 2752/1931/1794 3837/1929/1794
f 3837/1929/1795 2752/1931/1795 735/1794/1795 1918/1792/1795
f 2751/1927/1796 3837/1929/1796 1918/1792/1796 736/1790/1796
f 701/1930/1797 1883/1932/1797 3838/1933/1797 2752/1931/1797
f 1883/1932/1798 700/1934/1798 2753/1935/1798 3838/1933/1798
f 3838/1933/1799 2753/1935/1799 734/1798/1799 1917/1796/1799
f 2752/1931/1800 3838/1933/1800 1917/1796/1800 735/1794/1800
f 700/1934/1801 1882/1936/1801 3839/1937/1801 2753/1935/1801
f 1882/1936/1802 699/1938/1802 2754/1939/1802 3839/1937/1802
f 3839/1937/1803 2754/1939/1803 733/1802/1803 1916/1800/1803
f 2753/1935/1804 3839/1937/1804 1916/1800/1804 734/1798/1804
f 699/1938/1805 1881/1940/1805 3840/1941/1805 2754/1939/1805
f 1881/1940/1806 698/1942/1806 2755/1943/1806 3840/1941/1806
f 3840/1941/1807 2755/1943/1807 732/1806/1807 1915/1804/1807
f 2754/1939/1808 3840/1941/1808 1915/1804/1808 733/1802/1808
f 698/1942/1809 1880/1944/1809 3841/1945/1809 2755/1943/1809
f 1880/1944/1810 697/1946/1810 2756/1947/1810 3841/1945/1810
f 3841/1945/1811 2756/1947/1811 731/1810/1811 1914/1808/1811
f 2755/1943/1812 3841/1945/1812 1914/1808/1812 732/1806/1812
f 697/1946/1813 1879/1948/1813 3842/1949/1813 2756/1947/1813
f 1879/1948/1814 696/1950/1814 2757/1951/1814 3842/1949/1814
f 3842/1949/1815 2757/1951/1815 730/1814/1815 1913/1812/1815
f 2756/1947/1816 3842/1949/1816 1913/1812/1816 731/1810/1816
f 696/1950/1817 1878/1952/1817 3843/1953/1817 2757/1951/1817
f 1878/1952/1818 695/1954/1818 2758/1955/1818 3843/1953/1818
f 3843/1953/1819 2758/1955/1819 729/1818/1819 1912/1816/1819
f 2757/1951/1820 3843/1953/1820 1912/1816/1820 730/1814/1820
f 695/1954/1821 1877/1956/1821 3844/1957/1821 2758/1955/1821
f 1877/1956/1822 694/1958/1822 2759/1959/1822 3844/1957/1822
f 3844/1957/1823 2759/1959/1823 728/1822/1823 1911/1820/1823
f 2758/1955/1824 3844/1957/1824 1911/1820/1824 729/1818/1824
f 694/1958/1825 1876/1960/1825 3845/1961/1825 2759/1959/1825
f 1876/1960/1826 693/1962/1826 2760/1963/1826 3845/1961/1826
f 3845/1961/1827 2760/1963/1827 727/1826/1827 1910/1824/1827
f 2759/1959/1828 3845/1961/1828 1910/1824/1828 728/1822/1828
f 693/1962/1829 1875/1964/1829 3846/1965/1829 2760/1963/1829
f 1875/1964/1830 692/1966/1830 2761/1967/1830 3846/1965/1830
f 3846/1965/1831 2761/1967/1831 726/1830/1831 1909/1828/1831
f 2760/1963/1832 3846/1965/1832 1909/1828/1832 727/1826/1832
f 692/1966/1833 1874/1968/1833 3847/1969/1833 2761/1967/1833
f 1874/1968/1834 691/1970/1834 2762/1971/1834 3847/1969/1834
f 3847/1969/1835 2762/1971/1835 725/1834/1835 1908/1832/1835
f 2761/1967/1836 3847/1969/1836 1908/1832/1836 726/1830/1836
f 691/1970/1837 1873/1972/1837 3848/1973/1837 2762/1971/1837
f 1873/1972/1838 690/1974/1838 2763/1975/1838 3848/1973/1838
f 3848/1973/1839 2763/1975/1839 724/1838/1839 1907/1836/1839
f 2762/1971/1840 3848/1973/1840 1907/1836/1840 725/1834/1840
f 690/1974/1841 1872/1976/1841 3849/1977/1841 2763/1975/1841
f 1872/1976/1842 689/1978/1842 2764/1979/1842 3849/1977/1842
f 3849/1977/1843 2764/1979/1843 723/1842/1843 1906/1840/1843
f 2763/1975/1844 3849/1977/1844 1906/1840/1844 724/1838/1844
f 689/1978/1845 1871/1980/1845 3850/1981/1845 2764/1979/1845
f 1871/1980/1846 688/1982/1846 2765/1983/1846 3850/1981/1846
f 3850/1981/1847 2765/1983/1847 722/1846/1847 1905/1844/1847
f 2764/1979/1848 3850/1981/1848 1905/1844/1848 723/1842/1848
f 688/1982/1849 1870/1984/1849 3851/1985/1849 2765/1983/1849
f 1870/1984/1850 687/1986/1850 2766/1987/1850 3851/1985/1850
f 3851/1985/1851 2766/1987/1851 721/1850/1851 1904/1848/1851
f 2765/1983/1852 3851/1985/1852 1904/1848/1852 722/1846/1852
f 687/1986/1853 1869/1988/1853 3852/1989/1853 2766/1987/1853
f 1869/1988/1854 686/1990/1854 2767/1991/1854 3852/1989/1854
f 3852/1989/1855 2767/1991/1855 720/1854/1855 1903/1852/1855
f 2766/1987/1856 3852/1989/1856 1903/1852/1856 721/1850/1856
f 686/1990/1857 1868/1992/1857 3853/1993/1857 2767/1991/1857
f 1868/1992/1858 685/1994/1858 2768/1995/1858 3853/1993/1858
f 3853/1993/1859 2768/1995/1859 719/1858/1859 1902/1856/1859
f 2767/1991/1860 3853/1993/1860 1902/1856/1860 720/1854/1860
f 685/1994/1861 1867/1996/1861 3854/1997/1861 2768/1995/1861
f 1867/1996/1862 684/1998/1862 2769/1999/1862 3854/1997/1862
f 3854/1997/1863 2769/1999/1863 718/1862/1863 1901/1860/1863
f 2768/1995/1864 3854/1997/1864 1901/1860/1864 719/1858/1864
f 684/1998/1865 1866/2000/1865 3855/2001/1865 2769/1999/1865
f 1866/2000/1866 683/2002/1866 2770/2003/1866 3855/2001/1866
f 3855/2001/1867 2770/2003/1867 717/1866/1867 1900/1864/1867
f 2769/1999/1868 3855/2001/1868 1900/1864/1868 718/1862/1868
f 683/2002/1869 1865/2004/1869 3856/2005/1869 2770/2003/1869
f 1865/2004/1870 682/2006/1870 2771/2007/1870 3856/2005/1870
f 3856/2005/1871 2771/2007/1871 716/1870/1871 1899/1868/1871
f 2770/2003/1872 3856/2005/1872 1899/1868/1872 717/1866/1872
f 682/2006/1873 1864/2008/1873 3857/2009/1873 2771/2007/1873
f 1864/2008/1874 681/2010/1874 2772/2011/1874 3857/2009/1874
f 3857/2009/1875 2772/2011/1875 715/1874/1875 1898/1872/1875
f 2771/2007/1876 3857/2009/1876 1898/1872/1876 716/1870/1876
f 681/2010/1877 1863/2012/1877 3858/2013/1877 2772/2011/1877
f 1863/2012/1878 680/2014/1878 2773/2015/1878 3858/2013/1878
f 3858/2013/1879 2773/2015/1879 714/1878/1879 1897/1876/1879
f 2772/2011/1880 3858/2013/1880 1897/1876/1880 715/1874/1880
f 680/2014/1881 1862/2016/1881 3859/2017/1881 2773/2015/1881
f 1862/2016/1882 679/2018/1882 2774/2019/1882 3859/2017/1882
f 3859/2017/1883 2774/2019/1883 713/1882/1883 1896/1880/1883
f 2773/2015/1884 3859/2017/1884 1896/1880/1884 714/1878/1884
f 679/2018/1885 1861/2020/1885 3860/2021/1885 2774/2019/1885
f 1861/2020/1886 678/2022/1886 2775/2023/1886 3860/2021/1886
f 3860/2021/1887 2775/2023/1887 712/1886/1887 1895/1884/1887
f 2774/2019/1888 3860/2021/1888 1895/1884/1888 713/1882/1888
f 678/2022/1889 1860/2024/1889 3861/2025/1889 2775/2023/1889
f 1860/2024/1890 677/114/1890 2776/116/1890 3861/2025/1890
f 3861/2025/1891 2776/116/1891 711/120/1891 1894/1888/1891
f 2775/2023/1892 3861/2025/1892 1894/1888/1892 712/1886/1892
f 19/2026/1893 1232/2027/1893 3862/2028/1893 1171/2029/1893
f 1232/2027/1894 676/2030/1894 2777/2031/1894 3862/2028/1894
f 3862/2028/1895 2777/2031/1895 710/1894/1895 1233/1891/1895
f 1171/2029/1896 3862/2028/1896 1233/1891/1896 18/1890/1896
f 676/2030/1897 1858/2032/1897 3863/2033/1897 2777/2031/1897
f 1858/2032/1898 675/2034/1898 2778/2035/1898 3863/2033/1898
f 3863/2033/1899 2778/2035/1899 709/1898/1899 1892/1896/1899
f 2777/2031/1900 3863/2033/1900 1892/1896/1900 710/1894/1900
f 675/2034/1901 1857/2036/1901 3864/2037/1901 2778/2035/1901
f 1857/2036/1902 674/2038/1902 2779/2039/1902 3864/2037/1902
f 3864/2037/1903 2779/2039/1903 708/1902/1903 1891/1900/1903
f 2778/2035/1904 3864/2037/1904 1891/1900/1904 709/1898/1904
f 674/2038/1905 1856/2040/1905 3865/2041/1905 2779/2039/1905
f 1856/2040/1906 673/2042/1906 2780/2043/1906 3865/2041/1906
f 3865/2041/1907 2780/2043/1907 707/1906/1907 1890/1904/1907
f 2779/2039/1908 3865/2041/1908 1890/1904/1908 708/1902/1908
f 673/2042/1909 1855/2044/1909 3866/2045/1909 2780/2043/1909
f 1855/2044/1910 672/2046/1910 2781/2047/1910 3866/2045/1910
f 3866/2045/1911 2781/2047/1911 706/1910/1911 1889/1908/1911
f 2780/2043/1912 3866/2045/1912 1889/1908/1912 707/1906/1912
f 672/2046/1913 1854/2048/1913 3867/2049/1913 2781/2047/1913
f 1854/2048/1914 671/2050/1914 2782/2051/1914 3867/2049/1914
f 3867/2049/1915 2782/2051/1915 705/1914/1915 1888/1912/1915
f 2781/2047/1916 3867/2049/1916 1888/1912/1916 706/1910/1916
f 671/2050/1917 1853/2052/1917 3868/2053/1917 2782/2051/1917
f 1853/2052/1918 670/2054/1918 2783/2055/1918 3868/2053/1918
f 3868/2053/1919 2783/2055/1919 704/1918/1919 1887/1916/1919
f 2782/2051/1920 3868/2053/1920 1887/1916/1920 705/1914/1920
f 670/2054/1921 1852/2056/1921 3869/2057/1921 2783/2055/1921
f 1852/2056/1922 669/2058/1922 2784/2059/1922 3869/2057/1922
f 3869/2057/1923 2784/2059/1923 703/1922/1923 1886/1920/1923
f 2783/2055/1924 3869/2057/1924 1886/1920/1924 704/1918/1924
f 669/2058/1925 1851/2060/1925 3870/2061/1925 2784/2059/1925
f 1851/2060/1926 668/2062/1926 2785/2063/1926 3870/2061/1926
f 3870/2061/1927 2785/2063/1927 702/1926/1927 1885/1924/1927
f 2784/2059/1928 3870/2061/1928 1885/1924/1928 703/1922/1928
f 668/2062/1929 1850/2064/1929 3871/2065/1929 2785/2063/1929
f 1850/2064/1930 667/2066/1930 2786/2067/1930 3871/2065/1930
f 3871/2065/1931 2786/2067/1931 701/1930/1931 1884/1928/1931
f 2785/2063/1932 3871/2065/1932 1884/1928/1932 702/1926/1932
f 667/2066/1933 1849/2068/1933 3872/2069/1933 2786/2067/1933
f 1849/2068/1934 666/2070/1934 2787/2071/1934 3872/2069/1934
f 3872/2069/1935 2787/2071/1935 700/1934/1935 1883/1932/1935
f 2786/2067/1936 3872/2069/1936 1883/1932/1936 701/1930/1936
f 666/2070/1937 1848/2072/1937 3873/2073/1937 2787/2071/1937
f 1848/2072/1938 665/2074/1938 2788/2075/1938 3873/2073/1938
f 3873/2073/1939 2788/2075/1939 699/1938/1939 1882/1936/1939
f 2787/2071/1940 3873/2073/1940 1882/1936/1940 700/1934/1940
f 665/2074/1941 1847/2076/1941 3874/2077/1941 2788/2075/1941
f 1847/2076/1942 664/2078/1942 2789/2079/1942 3874/2077/1942
f 3874/2077/1943 2789/2079/1943 698/1942/1943 1881/1940/1943
f 2788/2075/1944 3874/2077/1944 1881/1940/1944 699/1938/1944
f 664/2078/1945 1846/2080/1945 3875/2081/1945 2789/2079/1945
f 1846/2080/1946 663/2082/1946 2790/2083/1946 3875/2081/1946
f 3875/2081/1947 2790/2083/1947 697/1946/1947 1880/1944/1947
f 2789/2079/1948 3875/2081/1948 1880/1944/1948 698/1942/1948
f 663/2082/1949 1845/2084/1949 3876/2085/1949 2790/2083/1949
f 1845/2084/1950 662/2086/1950 2791/2087/1950 3876/2085/1950
f 3876/2085/1951 2791/2087/1951 696/1950/1951 1879/1948/1951
f 2790/2083/1952 3876/2085/1952 1879/1948/1952 697/1946/1952
f 662/2086/1953 1844/2088/1953 3877/2089/1953 2791/2087/1953
f 1844/2088/1954 661/2090/1954 2792/2091/1954 3877/2089/1954
f 3877/2089/1955 2792/2091/1955 695/1954/1955 1878/1952/1955
f 2791/2087/1956 3877/2089/1956 1878/1952/1956 696/1950/1956
f 661/2090/1957 1843/2092/1957 3878/2093/1957 2792/2091/1957
f 1843/2092/1958 660/2094/1958 2793/2095/1958 3878/2093/1958
f 3878/2093/1959 2793/2095/1959 694/1958/1959 1877/1956/1959
f 2792/2091/1960 3878/2093/1960 1877/1956/1960 695/1954/1960
f 660/2094/1961 1842/2096/1961 3879/2097/1961 2793/2095/1961
f 1842/2096/1962 659/2098/1962 2794/2099/1962 3879/2097/1962
f 3879/2097/1963 2794/2099/1963 693/1962/1963 1876/1960/1963
f 2793/2095/1964 3879/2097/1964 1876/1960/1964 694/1958/1964
f 659/2098/1965 1841/2100/1965 3880/2101/1965 2794/2099/1965
f 1841/2100/1966 658/2102/1966 2795/2103/1966 3880/2101/1966
f 3880/2101/1967 2795/2103/1967 692/1966/1967 1875/1964/1967
f 2794/2099/1968 3880/2101/1968 1875/1964/1968 693/1962/1968
f 658/2102/1969 1840/2104/1969 3881/2105/1969 2795/2103/1969
f 1840/2104/1970 657/2106/1970 2796/2107/1970 3881/2105/1970
f 3881/2105/1971 2796/2107/1971 691/1970/1971 1874/1968/1971
f 2795/2103/1972 3881/2105/1972 1874/1968/1972 692/1966/1972
f 657/2106/1973 1839/2108/1973 3882/2109/1973 2796/2107/1973
f 1839/2108/1974 656/2110/1974 2797/2111/1974 3882/2109/1974
f 3882/2109/1975 2797/2111/1975 690/1974/1975 1873/1972/1975
f 2796/2107/1976 3882/2109/1976 1873/1972/1976 691/1970/1976
f 656/2110/1977 1838/2112/1977 3883/2113/1977 2797/2111/1977
f 1838/2112/1978 655/2114/1978 2798/2115/1978 3883/2113/1978
f 3883/2113/1979 2798/2115/1979 689/1978/1979 1872/1976/1979
f 2797/2111/1980 3883/2113/1980 1872/1976/1980 690/1974/1980
f 655/2114/1981 1837/2116/1981 3884/2117/1981 2798/2115/1981
f 1837/2116/1982 654/2118/1982 2799/2119/1982 3884/2117/1982
f 3884/2117/1983 2799/2119/1983 688/1982/1983 1871/1980/1983
f 2798/2115/1984 3884/2117/1984 1871/1980/1984 689/1978/1984
f 654/2118/1985 1836/2120/1985 3885/2121/1985 2799/2119/1985
f 1836/2120/1986 653/2122/1986 2800/2123/1986 3885/2121/1986
f 3885/2121/1987 2800/2123/1987 687/1986/1987 1870/1984/1987
f 2799/2119/1988 3885/2121/1988 1870/1984/1988 688/1982/1988
f 653/2122/1989 1835/2124/1989 3886/2125/1989 2800/2123/1989
f 1835/2124/1990 652/2126/1990 2801/2127/1990 3886/2125/1990
f 3886/2125/1991 2801/2127/1991 686/1990/1991 1869/1988/1991
f 2800/2123/1992 3886/2125/1992 1869/1988/1992 687/1986/1992
f 652/2126/1993 1834/2128/1993 3887/2129/1993 2801/2127/1993
f 1834/2128/1994 651/2130/1994 2802/2131/1994 3887/2129/1994
f 3887/2129/1995 2802/2131/1995 685/1994/1995 1868/1992/1995
f 2801/2127/1996 3887/2129/1996 1868/1992/1996 686/1990/1996
f 651/2130/1997 1833/2132/1997 3888/2133/1997 2802/2131/1997
f 1833/2132/1998 650/2134/1998 2803/2135/1998 3888/2133/1998
f 3888/2133/1999 2803/2135/1999 684/1998/1999 1867/1996/1999
f 2802/2131/2000 3888/2133/2000 1867/1996/2000 685/1994/2000
f 650/2134/2001 1832/2136/2001 3889/2137/2001 2803/2135/2001
f 1832/2136/2002 649/2138/2002 2804/2139/2002 3889/2137/2002
f 3889/2137/2003 2804/2139/2003 683/2002/2003 1866/2000/2003
f 2803/2135/2004 3889/2137/2004 1866/2000/2004 684/1998/2004
f 649/2138/2005 1831/2140/2005 3890/2141/2005 2804/2139/2005
f 1831/2140/2006 648/2142/2006 2805/2143/2006 3890/2141/2006
f 3890/2141/2007 2805/2143/2007 682/2006/2007 1865/2004/2007
f 2804/2139/2008 3890/2141/2008 1865/2004/2008 683/2002/2008
f 648/2142/2009 1830/2144/2009 3891/2145/2009 2805/2143/2009
f 1830/2144/2010 647/2146/2010 2806/2147/2010 3891/2145/2010
f 3891/2145/2011 2806/2147/2011 681/2010/2011 1864/2008/2011
f 2805/2143/2012 3891/2145/2012 1864/2008/2012 682/2006/2012
f 647/2146/2013 1829/2148/2013 3892/2149/2013 2806/2147/2013
f 1829/2148/2014 646/2150/2014 2807/2151/2014 3892/2149/2014
f 3892/2149/2015 2807/2151/2015 680/2014/2015 1863/2012/2015
f 2806/2147/2016 3892/2149/2016 1863/2012/2016 681/2010/2016
f 646/2150/2017 1828/2152/2017 3893/2153/2017 2807/2151/2017
f 1828/2152/2018 645/2154/2018 2808/2155/2018 3893/2153/2018
f 3893/2153/2019 2808/2155/2019 679/2018/2019 1862/2016/2019
f 2807/2151/2020 3893/2153/2020 1862/2016/2020 680/2014/2020
f 645/2154/2021 1827/2156/2021 3894/2157/2021 2808/2155/2021
f 1827/2156/2022 644/2158/2022 2809/2159/2022 3894/2157/2022
f 3894/2157/2023 2809/2159/2023 678/2022/2023 1861/2020/2023
f 2808/2155/2024 3894/2157/2024 1861/2020/2024 679/2018/2024
f 644/2158/2025 1826/2160/2025 3895/2161/2025 2809/2159/2025
f 1826/2160/2026 643/108/2026 2810/110/2026 3895/2161/2026
f 3895/2161/2027 2810/110/2027 677/114/2027 1860/2024/2027
f 2809/2159/2028 3895/2161/2028 1860/2024/2028 678/2022/2028
f 20/2162/2029 1231/2163/2029 3896/2164/2029 1172/2165/2029
f 1231/2163/2030 642/2166/2030 2811/2167/2030 3896/2164/2030
f 3896/2164/2031 2811/2167/2031 676/2030/2031 1232/2027/2031
f 1172/2165/2032 3896/2164/2032 1232/2027/2032 19/2026/2032
f 642/2166/2033 1824/2168/2033 3897/2169/2033 2811/2167/2033
f 1824/2168/2034 641/2170/2034 2812/2171/2034 3897/2169/2034
f 3897/2169/2035 2812/2171/2035 675/2034/2035 1858/2032/2035
f 2811/2167/2036 3897/2169/2036 1858/2032/2036 676/2030/2036
f 641/2170/2037 1823/2172/2037 3898/2173/2037 2812/2171/2037
f 1823/2172/2038 640/2174/2038 2813/2175/2038 3898/2173/2038
f 3898/2173/2039 2813/2175/2039 674/2038/2039 1857/2036/2039
f 2812/2171/2040 3898/2173/2040 1857/2036/2040 675/2034/2040
f 640/2174/2041 1822/2176/2041 3899/2177/2041 2813/2175/2041
f 1822/2176/2042 639/2178/2042 2814/2179/2042 3899/2177/2042
f 3899/2177/2043 2814/2179/2043 673/2042/2043 1856/2040/2043
f 2813/2175/2044 3899/2177/2044 1856/2040/2044 674/2038/2044
f 639/2178/2045 1821/2180/2045 3900/2181/2045 2814/2179/2045
f 1821/2180/2046 638/2182/2046 2815/2183/2046 3900/2181/2046
f 3900/2181/2047 2815/2183/2047 672/2046/2047 1855/2044/2047
f 2814/2179/2048 3900/2181/2048 1855/2044/2048 673/2042/2048
f 638/2182/2049 1820/2184/2049 3901/2185/2049 2815/2183/2049
f 1820/2184/2050 637/2186/2050 2816/2187/2050 3901/2185/2050
f 3901/2185/2051 2816/2187/2051 671/2050/2051 1854/2048/2051
f 2815/2183/2052 3901/2185/2052 1854/2048/2052 672/2046/2052
f 637/2186/2053 1819/2188/2053 3902/2189/2053 2816/2187/2053
f 1819/2188/2054 636/2190/2054 2817/2191/2054 3902/2189/2054
f 3902/2189/2055 2817/2191/2055 670/2054/2055 1853/2052/2055
f 2816/2187/2056 3902/2189/2056 1853/2052/2056 671/2050/2056
f 636/2190/2057 1818/2192/2057 3903/2193/2057 2817/2191/2057
f 1818/2192/2058 635/2194/2058 2818/2195/2058 3903/2193/2058
f 3903/2193/2059 2818/2195/2059 669/2058/2059 1852/2056/2059
f 2817/2191/2060 3903/2193/2060 1852/2056/2060 670/2054/2060
f 635/2194/2061 1817/2196/2061 3904/2197/2061 2818/2195/2061
f 1817/2196/2062 634/2198/2062 2819/2199/2062 3904/2197/2062
f 3904/2197/2063 2819/2199/2063 668/2062/2063 1851/2060/2063
f 2818/2195/2064 3904/2197/2064 1851/2060/2064 669/2058/2064
f 634/2198/2065 1816/2200/2065 3905/2201/2065 2819/2199/2065
f 1816/2200/2066 633/2202/2066 2820/2203/2066 3905/2201/2066
f 3905/2201/2067 2820/2203/2067 667/2066/2067 1850/2064/2067
f 2819/2199/2068 3905/2201/2068 1850/2064/2068 668/2062/2068
f 633/2202/2069 1815/2204/2069 3906/2205/2069 2820/2203/2069
f 1815/2204/2070 632/2206/2070 2821/2207/2070 3906/2205/2070
f 3906/2205/2071 2821/2207/2071 666/2070/2071 1849/2068/2071
f 2820/2203/2072 3906/2205/2072 1849/2068/2072 667/2066/2072
f 632/2206/2073 1814/2208/2073 3907/2209/2073 2821/2207/2073
f 1814/2208/2074 631/2210/2074 2822/2211/2074 3907/2209/2074
f 3907/2209/2075 2822/2211/2075 665/2074/2075 1848/2072/2075
f 2821/2207/2076 3907/2209/2076 1848/2072/2076 666/2070/2076
f 631/2210/2077 1813/2212/2077 3908/2213/2077 2822/2211/2077
f 1813/2212/2078 630/2214/2078 2823/2215/2078 3908/2213/2078
f 3908/2213/2079 2823/2215/2079 664/2078/2079 1847/2076/2079
f 2822/2211/2080 3908/2213/2080 1847/2076/2080 665/2074/2080
f 630/2214/2081 1812/2216/2081 3909/2217/2081 2823/2215/2081
f 1812/2216/2082 629/2218/2082 2824/2219/2082 3909/2217/2082
f 3909/2217/2083 2824/2219/2083 663/2082/2083 1846/2080/2083
f 2823/2215/2084 3909/2217/2084 1846/2080/2084 664/2078/2084
f 629/2218/2085 1811/2220/2085 3910/2221/2085 2824/2219/2085
f 1811/2220/2086 628/2222/2086 2825/2223/2086 3910/2221/2086
f 3910/2221/2087 2825/2223/2087 662/2086/2087 1845/2084/2087
f 2824/2219/2088 3910/2221/2088 1845/2084/2088 663/2082/2088
f 628/2222/2089 1810/2224/2089 3911/2225/2089 2825/2223/2089
f 1810/2224/2090 627/2226/2090 2826/2227/2090 3911/2225/2090
f 3911/2225/2091 2826/2227/2091 661/2090/2091 1844/2088/2091
f 2825/2223/2092 3911/2225/2092 1844/2088/2092 662/2086/2092
f 627/2226/2093 1809/2228/2093 3912/2229/2093 2826/2227/2093
f 1809/2228/2094 626/2230/2094 2827/2231/2094 3912/2229/2094
f 3912/2229/2095 2827/2231/2095 660/2094/2095 1843/2092/2095
f 2826/2227/2096 3912/2229/2096 1843/2092/2096 661/2090/2096
f 626/2230/2097 1808/2232/2097 3913/2233/2097 2827/2231/2097
f 1808/2232/2098 625/2234/2098 2828/2235/2098 3913/2233/2098
f 3913/2233/2099 2828/2235/2099 659/2098/2099 1842/2096/2099
f 2827/2231/2100 3913/2233/2100 1842/2096/2100 660/2094/2100
f 625/2234/2101 1807/2236/2101 3914/2237/2101 2828/2235/2101
f 1807/2236/2102 624/2238/2102 2829/2239/2102 3914/2237/2102
f 3914/2237/2103 2829/2239/2103 658/2102/2103 1841/2100/2103
f 2828/2235/2104 3914/2237/2104 1841/2100/2104 659/2098/2104
f 624/2238/2105 1806/2240/2105 3915/2241/2105 2829/2239/2105
f 1806/2240/2106 623/2242/2106 2830/2243/2106 3915/2241/2106
f 3915/2241/2107 2830/2243/2107 657/2106/2107 1840/2104/2107
f 2829/2239/2108 3915/2241/2108 1840/2104/2108 658/2102/2108
f 623/2242/2109 1805/2244/2109 3916/2245/2109 2830/2243/2109
f 1805/2244/2110 622/2246/2110 2831/2247/2110 3916/2245/2110
f 3916/2245/2111 2831/2247/2111 656/2110/2111 1839/2108/2111
f 2830/2243/2112 3916/2245/2112 1839/2108/2112 657/2106/2112
f 622/2246/2113 1804/2248/2113 3917/2249/2113 2831/2247/2113
f 1804/2248/2114 621/2250/2114 2832/2251/2114 3917/2249/2114
f 3917/2249/2115 2832/2251/2115 655/2114/2115 1838/2112/2115
f 2831/2247/2116 3917/2249/2116 1838/2112/2116 656/2110/2116
f 621/2250/2117 1803/2252/2117 3918/2253/2117 2832/2251/2117
f 1803/2252/2118 620/2254/2118 2833/2255/2118 3918/2253/2118
f 3918/2253/2119 2833/2255/2119 654/2118/2119 1837/2116/2119
f 2832/2251/2120 3918/2253/2120 1837/2116/2120 655/2114/2120
f 620/2254/2121 1802/2256/2121 3919/2257/2121 2833/2255/2121
f 1802/2256/2122 619/2258/2122 2834/2259/2122 3919/2257/2122
f 3919/2257/2123 2834/2259/2123 653/2122/2123 1836/2120/2123
f 2833/2255/2124 3919/2257/2124 1836/2120/2124 654/2118/2124
f 619/2258/2125 1801/2260/2125 3920/2261/2125 2834/2259/2125
f 1801/2260/2126 618/2262/2126 2835/2263/2126 3920/2261/2126
f 3920/2261/2127 2835/2263/2127 652/2126/2127 1835/2124/2127
f 2834/2259/2128 3920/2261/2128 1835/2124/2128 653/2122/2128
f 618/2262/2129 1800/2264/2129 3921/2265/2129 2835/2263/2129
f 1800/2264/2130 617/2266/2130 2836/2267/2130 3921/2265/2130
f 3921/2265/2131 2836/2267/2131 651/2130/2131 1834/2128/2131
f 2835/2263/2132 3921/2265/2132 1834/2128/2132 652/2126/2132
f 617/2266/2133 1799/2268/2133 3922/2269/2133 2836/2267/2133
f 1799/2268/2134 616/2270/2134 2837/2271/2134 3922/2269/2134
f 3922/2269/2135 2837/2271/2135 650/2134/2135 1833/2132/2135
f 2836/2267/2136 3922/2269/2136 1833/2132/2136 651/2130/2136
f 616/2270/2137 1798/2272/2137 3923/2273/2137 2837/2271/2137
f 1798/2272/2138 615/2274/2138 2838/2275/2138 3923/2273/2138
f 3923/2273/2139 2838/2275/2139 649/2138/2139 1832/2136/2139
f 2837/2271/2140 3923/2273/2140 1832/2136/2140 650/2134/2140
f 615/2274/2141 1797/2276/2141 3924/2277/2141 2838/2275/2141
f 1797/2276/2142 614/2278/2142 2839/2279/2142 3924/2277/2142
f 3924/2277/2143 2839/2279/2143 648/2142/2143 1831/2140/2143
f 2838/2275/2144 3924/2277/2144 1831/2140/2144 649/2138/2144
f 614/2278/2145 1796/2280/2145 3925/2281/2145 2839/2279/2145
f 1796/2280/2146 613/2282/2146 2840/2283/2146 3925/2281/2146
f 3925/2281/2147 2840/2283/2147 647/2146/2147 1830/2144/2147
f 2839/2279/2148 3925/2281/2148 1830/2144/2148 648/2142/2148
f 613/2282/2149 1795/2284/2149 3926/2285/2149 2840/2283/2149
f 1795/2284/2150 612/2286/2150 2841/2287/2150 3926/2285/2150
f 3926/2285/2151 2841/2287/2151 646/2150/2151 1829/2148/2151
f 2840/2283/2152 3926/2285/2152 1829/2148/2152 647/2146/2152
f 612/2286/2153 1794/2288/2153 3927/2289/2153 2841/2287/2153
f 1794/2288/2154 611/2290/2154 2842/2291/2154 3927/2289/2154
f 3927/2289/2155 2842/2291/2155 645/2154/2155 1828/2152/2155
f 2841/2287/2156 3927/2289/2156 1828/2152/2156 646/2150/2156
f 611/2290/2157 1793/2292/2157 3928/2293/2157 2842/2291/2157
f 1793/2292/2158 610/2294/2158 2843/2295/2158 3928/2293/2158
f 3928/2293/2159 2843/2295/2159 644/2158/2159 1827/2156/2159
f 2842/2291/2160 3928/2293/2160 1827/2156/2160 645/2154/2160
f 610/2294/2161 1792/2296/2161 3929/2297/2161 2843/2295/2161
f 1792/2296/2162 609/102/2162 2844/104/2162 3929/2297/2162
f 3929/2297/2163 2844/104/2163 643/108/2163 1826/2160/2163
f 2843/2295/2164 3929/2297/2164 1826/2160/2164 644/2158/2164
f 21/2298/2165 1230/2299/2165 3930/2300/2165 1173/2301/2165
f 1230/2299/2166 608/2302/2166 2845/2303/2166 3930/2300/2166
f 3930/2300/2167 2845/2303/2167 642/2166/2167 1231/2163/2167
f 1173/2301/2168 3930/2300/2168 1231/2163/2168 20/2162/2168
f 608/2302/2169 1790/2304/2169 3931/2305/2169 2845/2303/2169
f 1790/2304/2170 607/2306/2170 2846/2307/2170 3931/2305/2170
f 3931/2305/2171 2846/2307/2171 641/2170/2171 1824/2168/2171
f 2845/2303/2172 3931/2305/2172 1824/2168/2172 642/2166/2172
f 607/2306/2173 1789/2308/2173 3932/2309/2173 2846/2307/2173
f 1789/2308/2174 606/2310/2174 2847/2311/2174 3932/2309/2174
f 3932/2309/2175 2847/2311/2175 640/2174/2175 1823/2172/2175
f 2846/2307/2176 3932/2309/2176 1823/2172/2176 641/2170/2176
f 606/2310/2177 1788/2312/2177 3933/2313/2177 2847/2311/2177
f 1788/2312/2178 605/2314/2178 2848/2315/2178 3933/2313/2178
f 3933/2313/2179 2848/2315/2179 639/2178/2179 1822/2176/2179
f 2847/2311/2180 3933/2313/2180 1822/2176/2180 640/2174/2180
f 605/2314/2181 1787/2316/2181 3934/2317/2181 2848/2315/2181
f 1787/2316/2182 604/2318/2182 2849/2319/2182 3934/2317/2182
f 3934/2317/2183 2849/2319/2183 638/2182/2183 1821/2180/2183
f 2848/2315/2184 3934/2317/2184 1821/2180/2184 639/2178/2184
f 604/2318/2185 1786/2320/2185 3935/2321/2185 2849/2319/2185
f 1786/2320/2186 603/2322/2186 2850/2323/2186 3935/2321/2186
f 3935/2321/2187 2850/2323/2187 637/2186/2187 1820/2184/2187
f 2849/2319/2188 3935/2321/2188 1820/2184/2188 638/2182/2188
f 603/2322/2189 1785/2324/2189 3936/2325/2189 2850/2323/2189
f 1785/2324/2190 602/2326/2190 2851/2327/2190 3936/2325/2190
f 3936/2325/2191 2851/2327/2191 636/2190/2191 1819/2188/2191
f 2850/2323/2192 3936/2325/2192 1819/2188/2192 637/2186/2192
f 602/2326/2193 1784/2328/2193 3937/2329/2193 2851/2327/2193
f 1784/2328/2194 601/2330/2194 2852/2331/2194 3937/2329/2194
f 3937/2329/2195 2852/2331/2195 635/2194/2195 1818/2192/2195
f 2851/2327/2196 3937/2329/2196 1818/2192/2196 636/2190/2196
f 601/2330/2197 1783/2332/2197 3938/2333/2197 2852/2331/2197
f 1783/2332/2198 600/2334/2198 2853/2335/2198 3938/2333/2198
f 3938/2333/2199 2853/2335/2199 634/2198/2199 1817/2196/2199
f 2852/2331/2200 3938/2333/2200 1817/2196/2200 635/2194/2200
f 600/2334/2201 1782/2336/2201 3939/2337/2201 2853/2335/2201
f 1782/2336/2202 599/2338/2202 2854/2339/2202 3939/2337/2202
f 3939/2337/2203 2854/2339/2203 633/2202/2203 1816/2200/2203
f 2853/2335/2204 3939/2337/2204 1816/2200/2204 634/2198/2204
f 599/2338/2205 1781/2340/2205 3940/2341/2205 2854/2339/2205
f 1781/2340/2206 598/2342/2206 2855/2343/2206 3940/2341/2206
f 3940/2341/2207 2855/2343/2207 632/2206/2207 1815/2204/2207
f 2854/2339/2208 3940/2341/2208 1815/2204/2208 633/2202/2208
f 598/2342/2209 1780/2344/2209 3941/2345/2209 2855/2343/2209
f 1780/2344/2210 597/2346/2210 2856/2347/2210 3941/2345/2210
f 3941/2345/2211 2856/2347/2211 631/2210/2211 1814/2208/2211
f 2855/2343/2212 3941/2345/2212 1814/2208/2212 632/2206/2212
f 597/2346/2213 1779/2348/2213 3942/2349/2213 2856/2347/2213
f 1779/2348/2214 596/2350/2214 2857/2351/2214 3942/2349/2214
f 3942/2349/2215 2857/2351/2215 630/2214/2215 1813/2212/2215
f 2856/2347/2216 3942/2349/2216 1813/2212/2216 631/2210/2216
f 596/2350/2217 1778/2352/2217 3943/2353/2217 2857/2351/2217
f 1778/2352/2218 595/2354/2218 2858/2355/2218 3943/2353/2218
f 3943/2353/2219 2858/2355/2219 629/2218/2219 1812/2216/2219
f 2857/2351/2220 3943/2353/2220 1812/2216/2220 630/2214/2220
f 595/2354/2221 1777/2356/2221 3944/2357/2221 2858/2355/2221
f 1777/2356/2222 594/2358/2222 2859/2359/2222 3944/2357/2222
f 3944/2357/2223 2859/2359/2223 628/2222/2223 1811/2220/2223
f 2858/2355/2224 3944/2357/2224 1811/2220/2224 629/2218/2224
f 594/2358/2225 1776/2360/2225 3945/2361/2225 2859/2359/2225
f 1776/2360/2226 593/2362/2226 2860/2363/2226 3945/2361/2226
f 3945/2361/2227 2860/2363/2227 627/2226/2227 1810/2224/2227
f 2859/2359/2228 3945/2361/2228 1810/2224/2228 628/2222/2228
f 593/2362/2229 1775/2364/2229 3946/2365/2229 2860/2363/2229
f 1775/2364/2230 592/2366/2230 2861/2367/2230 3946/2365/2230
f 3946/2365/2231 2861/2367/2231 626/2230/2231 1809/2228/2231
f 2860/2363/2232 3946/2365/2232 1809/2228/2232 627/2226/2232
f 592/2366/2233 1774/2368/2233 3947/2369/2233 2861/2367/2233
f 1774/2368/2234 591/2370/2234 2862/2371/2234 3947/2369/2234
f 3947/2369/2235 2862/2371/2235 625/2234/2235 1808/2232/2235
f 2861/2367/2236 3947/2369/2236 1808/2232/2236 626/2230/2236
f 591/2370/2237 1773/2372/2237 3948/2373/2237 2862/2371/2237
f 1773/2372/2238 590/2374/2238 2863/2375/2238 3948/2373/2238
f 3948/2373/2239 2863/2375/2239 624/2238/2239 1807/2236/2239
f 2862/2371/2240 3948/2373/2240 1807/2236/2240 625/2234/2240
f 590/2374/2241 1772/2376/2241 3949/2377/2241 2863/2375/2241
f 1772/2376/2242 589/2378/2242 2864/2379/2242 3949/2377/2242
f 3949/2377/2243 2864/2379/2243 623/2242/2243 1806/2240/2243
f 2863/2375/2244 3949/2377/2244 1806/2240/2244 624/2238/2244
f 589/2378/2245 1771/2380/2245 3950/2381/2245 2864/2379/2245
f 1771/2380/2246 588/2382/2246 2865/2383/2246 3950/2381/2246
f 3950/2381/2247 2865/2383/2247 622/2246/2247 1805/2244/2247
f 2864/2379/2248 3950/2381/2248 1805/2244/2248 623/2242/2248
f 588/2382/2249 1770/2384/2249 3951/2385/2249 2865/2383/2249
f 1770/2384/2250 587/2386/2250 2866/2387/2250 3951/2385/2250
f 3951/2385/2251 2866/2387/2251 621/2250/2251 1804/2248/2251
f 2865/2383/2252 3951/2385/2252 1804/2248/2252 622/2246/2252
f 587/2386/2253 1769/2388/2253 3952/2389/2253 2866/2387/2253
f 1769/2388/2254 586/2390/2254 2867/2391/2254 3952/2389/2254
f 3952/2389/2255 2867/2391/2255 620/2254/2255 1803/2252/2255
f 2866/2387/2256 3952/2389/2256 1803/2252/2256 621/2250/2256
f 586/2390/2257 1768/2392/2257 3953/2393/2257 2867/2391/2257
f 1768/2392/2258 585/2394/2258 2868/2395/2258 3953/2393/2258
f 3953/2393/2259 2868/2395/2259 619/2258/2259 1802/2256/2259
f 2867/2391/2260 3953/2393/2260 1802/2256/2260 620/2254/2260
f 585/2394/2261 1767/2396/2261 3954/2397/2261 2868/2395/2261
f 1767/2396/2262 584/2398/2262 2869/2399/2262 3954/2397/2262
f 3954/2397/2263 2869/2399/2263 618/2262/2263 1801/2260/2263
f 2868/2395/2264 3954/2397/2264 1801/2260/2264 619/2258/2264
f 584/2398/2265 1766/2400/2265 3955/2401/2265 2869/2399/2265
f 1766/2400/2266 583/2402/2266 2870/2403/2266 3955/2401/2266
f 3955/2401/2267 2870/2403/2267 617/2266/2267 1800/2264/2267
f 2869/2399/2268 3955/2401/2268 1800/2264/2268 618/2262/2268
f 583/2402/2269 1765/2404/2269 3956/2405/2269 2870/2403/2269
f 1765/2404/2270 582/2406/2270 2871/2407/2270 3956/2405/2270
f 3956/2405/2271 2871/2407/2271 616/2270/2271 1799/2268/2271
f 2870/2403/2272 3956/2405/2272 1799/2268/2272 617/2266/2272
f 582/2406/2273 1764/2408/2273 3957/2409/2273 2871/2407/2273
f 1764/2408/2274 581/2410/2274 2872/2411/2274 3957/2409/2274
f 3957/2409/2275 2872/2411/2275 615/2274/2275 1798/2272/2275
f 2871/2407/2276 3957/2409/2276 1798/2272/2276 616/2270/2276
f 581/2410/2277 1763/2412/2277 3958/2413/2277 2872/2411/2277
f 1763/2412/2278 580/2414/2278 2873/2415/2278 3958/2413/2278
f 3958/2413/2279 2873/2415/2279 614/2278/2279 1797/2276/2279
f 2872/2411/2280 3958/2413/2280 1797/2276/2280 615/2274/2280
f 580/2414/2281 1762/2416/2281 3959/2417/2281 2873/2415/2281
f 1762/2416/2282 579/2418/2282 2874/2419/2282 3959/2417/2282
f 3959/2417/2283 2874/2419/2283 613/2282/2283 1796/2280/2283
f 2873/2415/2284 3959/2417/2284 1796/2280/2284 614/2278/2284
f 579/2418/2285 1761/2420/2285 3960/2421/2285 2874/2419/2285
f 1761/2420/2286 578/2422/2286 2875/2423/2286 3960/2421/2286
f 3960/2421/2287 2875/2423/2287 612/2286/2287 1795/2284/2287
f 2874/2419/2288 3960/2421/2288 1795/2284/2288 613/2282/2288
f 578/2422/2289 1760/2424/2289 3961/2425/2289 2875/2423/2289
f 1760/2424/2290 577/2426/2290 2876/2427/2290 3961/2425/2290
f 3961/2425/2291 2876/2427/2291 611/2290/2291 1794/2288/2291
f 2875/2423/2292 3961/2425/2292 1794/2288/2292 612/2286/2292
f 577/2426/2293 1759/2428/2293 3962/2429/2293 2876/2427/2293
f 1759/2428/2294 576/2430/2294 2877/2431/2294 3962/2429/2294
f 3962/2429/2295 2877/2431/2295 610/2294/2295 1793/2292/2295
f 2876/2427/2296 3962/2429/2296 1793/2292/2296 611/2290/2296
f 576/2430/2297 1758/2432/2297 3963/2433/2297 2877/2431/2297
f 1758/2432/2298 575/96/2298 2878/98/2298 3963/2433/2298
f 3963/2433/2299 2878/98/2299 609/102/2299 1792/2296/2299
f 2877/2431/2300 3963/2433/2300 1792/2296/2300 610/2294/2300
f 22/2434/2301 1229/2435/2301 3964/2436/2301 1174/2437/2301
f 1229/2435/2302 574/2438/2302 2879/2439/2302 3964/2436/2302
f 3964/2436/2303 2879/2439/2303 608/2302/2303 1230/2299/2303
f 1174/2437/2304 3964/2436/2304 1230/2299/2304 21/2298/2304
f 574/2438/2305 1756/2440/2305 3965/2441/2305 2879/2439/2305
f 1756/2440/2306 573/2442/2306 2880/2443/2306 3965/2441/2306
f 3965/2441/2307 2880/2443/2307 607/2306/2307 1790/2304/2307
f 2879/2439/2308 3965/2441/2308 1790/2304/2308 608/2302/2308
f 573/2442/2309 1755/2444/2309 3966/2445/2309 2880/2443/2309
f 1755/2444/2310 572/2446/2310 2881/2447/2310 3966/2445/2310
f 3966/2445/2311 2881/2447/2311 606/2310/2311 1789/2308/2311
f 2880/2443/2312 3966/2445/2312 1789/2308/2312 607/2306/2312
f 572/2446/2313 1754/2448/2313 3967/2449/2313 2881/2447/2313
f 1754/2448/2314 571/2450/2314 2882/2451/2314 3967/2449/2314
f 3967/2449/2315 2882/2451/2315 605/2314/2315 1788/2312/2315
f 2881/2447/2316 3967/2449/2316 1788/2312/2316 606/2310/2316
f 571/2450/2317 1753/2452/2317 3968/2453/2317 2882/2451/2317
f 1753/2452/2318 570/2454/2318 2883/2455/2318 3968/2453/2318
f 3968/2453/2319 2883/2455/2319 604/2318/2319 1787/2316/2319
f 2882/2451/2320 3968/2453/2320 1787/2316/2320 605/2314/2320
f 570/2454/2321 1752/2456/2321 3969/2457/2321 2883/2455/2321
f 1752/2456/2322 569/2458/2322 2884/2459/2322 3969/2457/2322
f 3969/2457/2323 2884/2459/2323 603/2322/2323 1786/2320/2323
f 2883/2455/2324 3969/2457/2324 1786/2320/2324 604/2318/2324
f 569/2458/2325 1751/2460/2325 3970/2461/2325 2884/2459/2325
f 1751/2460/2326 568/2462/2326 2885/2463/2326 3970/2461/2326
f 3970/2461/2327 2885/2463/2327 602/2326/2327 1785/2324/2327
f 2884/2459/2328 3970/2461/2328 1785/2324/2328 603/2322/2328
f 568/2462/2329 1750/2464/2329 3971/2465/2329 2885/2463/2329
f 1750/2464/2330 567/2466/2330 2886/2467/2330 3971/2465/2330
f 3971/2465/2331 2886/2467/2331 601/2330/2331 1784/2328/2331
f 2885/2463/2332 3971/2465/2332 1784/2328/2332 602/2326/2332
f 567/2466/2333 1749/2468/2333 3972/2469/2333 2886/2467/2333
f 1749/2468/2334 566/2470/2334 2887/2471/2334 3972/2469/2334
f 3972/2469/2335 2887/2471/2335 600/2334/2335 1783/2332/2335
f 2886/2467/2336 3972/2469/2336 1783/2332/2336 601/2330/2336
f 566/2470/2337 1748/2472/2337 3973/2473/2337 2887/2471/2337
f 1748/2472/2338 565/2474/2338 2888/2475/2338 3973/2473/2338
f 3973/2473/2339 2888/2475/2339 599/2338/2339 1782/2336/2339
f 2887/2471/2340 3973/2473/2340 1782/2336/2340 600/2334/2340
f 565/2474/2341 1747/2476/2341 3974/2477/2341 2888/2475/2341
f 1747/2476/2342 564/2478/2342 2889/2479/2342 3974/2477/2342
f 3974/2477/2343 2889/2479/2343 598/2342/2343 1781/2340/2343
f 2888/2475/2344 3974/2477/2344 1781/2340/2344 599/2338/2344
f 564/2478/2345 1746/2480/2345 3975/2481/2345 2889/2479/2345
f 1746/2480/2346 563/2482/2346 2890/2483/2346 3975/2481/2346
f 3975/2481/2347 2890/2483/2347 597/2346/2347 1780/2344/2347
f 2889/2479/2348 3975/2481/2348 1780/2344/2348 598/2342/2348
f 563/2482/2349 1745/2484/2349 3976/2485/2349 2890/2483/2349
f 1745/2484/2350 562/2486/2350 2891/2487/2350 3976/2485/2350
f 3976/2485/2351 2891/2487/2351 596/2350/2351 1779/2348/2351
f 2890/2483/2352 3976/2485/2352 1779/2348/2352 597/2346/2352
f 562/2486/2353 1744/2488/2353 3977/2489/2353 2891/2487/2353
f 1744/2488/2354 561/2490/2354 2892/2491/2354 3977/2489/2354
f 3977/2489/2355 2892/2491/2355 595/2354/2355 1778/2352/2355
f 2891/2487/2356 3977/2489/2356 1778/2352/2356 596/2350/2356
f 561/2490/2357 1743/2492/2357 3978/2493/2357 2892/2491/2357
f 1743/2492/2358 560/2494/2358 2893/2495/2358 3978/2493/2358
f 3978/2493/2359 2893/2495/2359 594/2358/2359 1777/2356/2359
f 2892/2491/2360 3978/2493/2360 1777/2356/2360 595/2354/2360
f 560/2494/2361 1742/2496/2361 3979/2497/2361 2893/2495/2361
f 1742/2496/2362 559/2498/2362 2894/2499/2362 3979/2497/2362
f 3979/2497/2363 2894/2499/2363 593/2362/2363 1776/2360/2363
f 2893/2495/2364 3979/2497/2364 1776/2360/2364 594/2358/2364
f 559/2498/2365 1741/2500/2365 3980/2501/2365 2894/2499/2365
f 1741/2500/2366 558/2502/2366 2895/2503/2366 3980/2501/2366
f 3980/2501/2367 2895/2503/2367 592/2366/2367 1775/2364/2367
f 2894/2499/2368 3980/2501/2368 1775/2364/2368 593/2362/2368
f 558/2502/2369 1740/2504/2369 3981/2505/2369 2895/2503/2369
f 1740/2504/2370 557/2506/2370 2896/2507/2370 3981/2505/2370
f 3981/2505/2371 2896/2507/2371 591/2370/2371 1774/2368/2371
f 2895/2503/2372 3981/2505/2372 1774/2368/2372 592/2366/2372
f 557/2506/2373 1739/2508/2373 3982/2509/2373 2896/2507/2373
f 1739/2508/2374 556/2510/2374 2897/2511/2374 3982/2509/2374
f 3982/2509/2375 2897/2511/2375 590/2374/2375 1773/2372/2375
f 2896/2507/2376 3982/2509/2376 1773/2372/2376 591/2370/2376
f 556/2510/2377 1738/2512/2377 3983/2513/2377 2897/2511/2377
f 1738/2512/2378 555/2514/2378 2898/2515/2378 3983/2513/2378
f 3983/2513/2379 2898/2515/2379 589/2378/2379 1772/2376/2379
f 2897/2511/2380 3983/2513/2380 1772/2376/2380 590/2374/2380
f 555/2514/2381 1737/2516/2381 3984/2517/2381 2898/2515/2381
f 1737/2516/2382 554/2518/2382 2899/2519/2382 3984/2517/2382
f 3984/2517/2383 2899/2519/2383 588/2382/2383 1771/2380/2383
f 2898/2515/2384 3984/2517/2384 1771/2380/2384 589/2378/2384
f 554/2518/2385 1736/2520/2385 3985/2521/2385 2899/2519/2385
f 1736/2520/2386 553/2522/2386 2900/2523/2386 3985/2521/2386
f 3985/2521/2387 2900/2523/2387 587/2386/2387 1770/2384/2387
f 2899/2519/2388 3985/2521/2388 1770/2384/2388 588/2382/2388
f 553/2522/2389 1735/2524/2389 3986/2525/2389 2900/2523/2389
f 1735/2524/2390 552/2526/2390 2901/2527/2390 3986/2525/2390
f 3986/2525/2391 2901/2527/2391 586/2390/2391 1769/2388/2391
f 2900/2523/2392 3986/2525/2392 1769/2388/2392 587/2386/2392
f 552/2526/2393 1734/2528/2393 3987/2529/2393 2901/2527/2393
f 1734/2528/2394 551/2530/2394 2902/2531/2394 3987/2529/2394
f 3987/2529/2395 2902/2531/2395 585/2394/2395 1768/2392/2395
f 2901/2527/2396 3987/2529/2396 1768/2392/2396 586/2390/2396
f 551/2530/2397 1733/2532/2397 3988/2533/2397 2902/2531/2397
f 1733/2532/2398 550/2534/2398 2903/2535/2398 3988/2533/2398
f 3988/2533/2399 2903/2535/2399 584/2398/2399 1767/2396/2399
f 2902/2531/2400 3988/2533/2400 1767/2396/2400 585/2394/2400
f 550/2534/2401 1732/2536/2401 3989/2537/2401 2903/2535/2401
f 1732/2536/2402 549/2538/2402 2904/2539/2402 3989/2537/2402
f 3989/2537/2403 2904/2539/2403 583/2402/2403 1766/2400/2403
f 2903/2535/2404 3989/2537/2404 1766/2400/2404 584/2398/2404
f 549/2538/2405 1731/2540/2405 3990/2541/2405 2904/2539/2405
f 1731/2540/2406 548/2542/2406 2905/2543/2406 3990/2541/2406
f 3990/2541/2407 2905/2543/2407 582/2406/2407 1765/2404/2407
f 2904/2539/2408 3990/2541/2408 1765/2404/2408 583/2402/2408
f 548/2542/2409 1730/2544/2409 3991/2545/2409 2905/2543/2409
f 1730/2544/2410 547/2546/2410 2906/2547/2410 3991/2545/2410
f 3991/2545/2411 2906/2547/2411 581/2410/2411 1764/2408/2411
f 2905/2543/2412 3991/2545/2412 1764/2408/2412 582/2406/2412
f 547/2546/2413 1729/2548/2413 3992/2549/2413 2906/2547/2413
f 1729/2548/2414 546/2550/2414 2907/2551/2414 3992/2549/2414
f 3992/2549/2415 2907/2551/2415 580/2414/2415 1763/2412/2415
f 2906/2547/2416 3992/2549/2416 1763/2412/2416 581/2410/2416
f 546/2550/2417 1728/2552/2417 3993/2553/2417 2907/2551/2417
f 1728/2552/2418 545/2554/2418 2908/2555/2418 3993/2553/2418
f 3993/2553/2419 2908/2555/2419 579/2418/2419 1762/2416/2419
f 2907/2551/2420 3993/2553/2420 1762/2416/2420 580/2414/2420
f 545/2554/2421 1727/2556/2421 3994/2557/2421 2908/2555/2421
f 1727/2556/2422 544/2558/2422 2909/2559/2422 3994/2557/2422
f 3994/2557/2423 2909/2559/2423 578/2422/2423 1761/2420/2423
f 2908/2555/2424 3994/2557/2424 1761/2420/2424 579/2418/2424
f 544/2558/2425 1726/2560/2425 3995/2561/2425 2909/2559/2425
f 1726/2560/2426 543/2562/2426 2910/2563/2426 3995/2561/2426
f 3995/2561/2427 2910/2563/2427 577/2426/2427 1760/2424/2427
f 2909/2559/2428 3995/2561/2428 1760/2424/2428 578/2422/2428
f 543/2562/2429 1725/2564/2429 3996/2565/2429 2910/2563/2429
f 1725/2564/2430 542/2566/2430 2911/2567/2430 3996/2565/2430
f 3996/2565/2431 2911/2567/2431 576/2430/2431 1759/2428/2431
f 2910/2563/2432 3996/2565/2432 1759/2428/2432 577/2426/2432
f 542/2566/2433 1724/2568/2433 3997/2569/2433 2911/2567/2433
f 1724/2568/2434 541/90/2434 2912/92/2434 3997/2569/2434
f 3997/2569/2435 2912/92/2435 575/96/2435 1758/2432/2435
f 2911/2567/2436 3997/2569/2436 1758/2432/2436 576/2430/2436
f 23/2570/2437 1228/2571/2437 3998/2572/2437 1175/2573/2437
f 1228/2571/2438 540/2574/2438 2913/2575/2438 3998/2572/2438
f 3998/2572/2439 2913/2575/2439 574/2438/2439 1229/2435/2439
f 1175/2573/2440 3998/2572/2440 1229/2435/2440 22/2434/2440
f 540/2574/2441 1722/2576/2441 3999/2577/2441 2913/2575/2441
f 1722/2576/2442 539/2578/2442 2914/2579/2442 3999/2577/2442
f 3999/2577/2443 2914/2579/2443 573/2442/2443 1756/2440/2443
f 2913/2575/2444 3999/2577/2444 1756/2440/2444 574/2438/2444
f 539/2578/2445 1721/2580/2445 4000/2581/2445 2914/2579/2445
f 1721/2580/2446 538/2582/2446 2915/2583/2446 4000/2581/2446
f 4000/2581/2447 2915/2583/2447 572/2446/2447 1755/2444/2447
f 2914/2579/2448 4000/2581/2448 1755/2444/2448 573/2442/2448
f 538/2582/2449 1720/2584/2449 4001/2585/2449 2915/2583/2449
f 1720/2584/2450 537/2586/2450 2916/2587/2450 4001/2585/2450
f 4001/2585/2451 2916/2587/2451 571/2450/2451 1754/2448/2451
f 2915/2583/2452 4001/2585/2452 1754/2448/2452 572/2446/2452
f 537/2586/2453 1719/2588/2453 4002/2589/2453 2916/2587/2453
f 1719/2588/2454 536/2590/2454 2917/2591/2454 4002/2589/2454
f 4002/2589/2455 2917/2591/2455 570/2454/2455 1753/2452/2455
f 2916/2587/2456 4002/2589/2456 1753/2452/2456 571/2450/2456
f 536/2590/2457 1718/2592/2457 4003/2593/2457 2917/2591/2457
f 1718/2592/2458 535/2594/2458 2918/2595/2458 4003/2593/2458
f 4003/2593/2459 2918/2595/2459 569/2458/2459 1752/2456/2459
f 2917/2591/2460 4003/2593/2460 1752/2456/2460 570/2454/2460
f 535/2594/2461 1717/2596/2461 4004/2597/2461 2918/2595/2461
f 1717/2596/2462 534/2598/2462 2919/2599/2462 4004/2597/2462
f 4004/2597/2463 2919/2599/2463 568/2462/2463 1751/2460/2463
f 2918/2595/2464 4004/2597/2464 1751/2460/2464 569/2458/2464
f 534/2598/2465 1716/2600/2465 4005/2601/2465 2919/2599/2465
f 1716/2600/2466 533/2602/2466 2920/2603/2466 4005/2601/2466
f 4005/2601/2467 2920/2603/2467 567/2466/2467 1750/2464/2467
f 2919/2599/2468 4005/2601/2468 1750/2464/2468 568/2462/2468
f 533/2602/2469 1715/2604/2469 4006/2605/2469 2920/2603/2469
f 1715/2604/2470 532/2606/2470 2921/2607/2470 4006/2605/2470
f 4006/2605/2471 2921/2607/2471 566/2470/2471 1749/2468/2471
f 2920/2603/2472 4006/2605/2472 1749/2468/2472 567/2466/2472
f 532/2606/2473 1714/2608/2473 4007/2609/2473 2921/2607/2473
f 1714/2608/2474 531/2610/2474 2922/2611/2474 4007/2609/2474
f 4007/2609/2475 2922/2611/2475 565/2474/2475 1748/2472/2475
f 2921/2607/2476 4007/2609/2476 1748/2472/2476 566/2470/2476
f 531/2610/2477 1713/2612/2477 4008/2613/2477 2922/2611/2477
f 1713/2612/2478 530/2614/2478 2923/2615/2478 4008/2613/2478
f 4008/2613/2479 2923/2615/2479 564/2478/2479 1747/2476/2479
f 2922/2611/2480 4008/2613/2480 1747/2476/2480 565/2474/2480
f 530/2614/2481 1712/2616/2481 4009/2617/2481 2923/2615/2481
f 1712/2616/2482 529/2618/2482 2924/2619/2482 4009/2617/2482
f 4009/2617/2483 2924/2619/2483 563/2482/2483 1746/2480/2483
f 2923/2615/2484 4009/2617/2484 1746/2480/2484 564/2478/2484
f 529/2618/2485 1711/2620/2485 4010/2621/2485 2924/2619/2485
f 1711/2620/2486 528/2622/2486 2925/2623/2486 4010/2621/2486
f 4010/2621/2487 2925/2623/2487 562/2486/2487 1745/2484/2487
f 2924/2619/2488 4010/2621/2488 1745/2484/2488 563/2482/2488
f 528/2622/2489 1710/2624/2489 4011/2625/2489 2925/2623/2489
f 1710/2624/2490 527/2626/2490 2926/2627/2490 4011/2625/2490
f 4011/2625/2491 2926/2627/2491 561/2490/2491 1744/2488/2491
f 2925/2623/2492 4011/2625/2492 1744/2488/2492 562/2486/2492
f 527/2626/2493 1709/2628/2493 4012/2629/2493 2926/2627/2493
f 1709/2628/2494 526/2630/2494 2927/2631/2494 4012/2629/2494
f 4012/2629/2495 2927/2631/2495 560/2494/2495 1743/2492/2495
f 2926/2627/2496 4012/2629/2496 1743/2492/2496 561/2490/2496
f 526/2630/2497 1708/2632/2497 4013/2633/2497 2927/2631/2497
f 1708/2632/2498 525/2634/2498 2928/2635/2498 4013/2633/2498
f 4013/2633/2499 2928/2635/2499 559/2498/2499 1742/2496/2499
f 2927/2631/2500 4013/2633/2500 1742/2496/2500 560/2494/2500
f 525/2634/2501 1707/2636/2501 4014/2637/2501 2928/2635/2501
f 1707/2636/2502 524/2638/2502 2929/2639/2502 4014/2637/2502
f 4014/2637/2503 2929/2639/2503 558/2502/2503 1741/2500/2503
f 2928/2635/2504 4014/2637/2504 1741/2500/2504 559/2498/2504
f 524/2638/2505 1706/2640/2505 4015/2641/2505 2929/2639/2505
f 1706/2640/2506 523/2642/2506 2930/2643/2506 4015/2641/2506
f 4015/2641/2507 2930/2643/2507 557/2506/2507 1740/2504/2507
f 2929/2639/2508 4015/2641/2508 1740/2504/2508 558/2502/2508
f 523/2642/2509 1705/2644/2509 4016/2645/2509 2930/2643/2509
f 1705/2644/2510 522/2646/2510 2931/2647/2510 4016/2645/2510
f 4016/2645/2511 2931/2647/2511 556/2510/2511 1739/2508/2511
f 2930/2643/2512 4016/2645/2512 1739/2508/2512 557/2506/2512
f 522/2646/2513 1704/2648/2513 4017/2649/2513 2931/2647/2513
f 1704/2648/2514 521/2650/2514 2932/2651/2514 4017/2649/2514
f 4017/2649/2515 2932/2651/2515 555/2514/2515 1738/2512/2515
f 2931/2647/2516 4017/2649/2516 1738/2512/2516 556/2510/2516
f 521/2650/2517 1703/2652/2517 4018/2653/2517 2932/2651/2517
f 1703/2652/2518 520/2654/2518 2933/2655/2518 4018/2653/2518
f 4018/2653/2519 2933/2655/2519 554/2518/2519 1737/2516/2519
f 2932/2651/2520 4018/2653/2520 1737/2516/2520 555/2514/2520
f 520/2654/2521 1702/2656/2521 4019/2657/2521 2933/2655/2521
f 1702/2656/2522 519/2658/2522 2934/2659/2522 4019/2657/2522
f 4019/2657/2523 2934/2659/2523 553/2522/2523 1736/2520/2523
f 2933/2655/2524 4019/2657/2524 1736/2520/2524 554/2518/2524
f 519/2658/2525 1701/2660/2525 4020/2661/2525 2934/2659/2525
f 1701/2660/2526 518/2662/2526 2935/2663/2526 4020/2661/2526
f 4020/2661/2527 2935/2663/2527 552/2526/2527 1735/2524/2527
f 2934/2659/2528 4020/2661/2528 1735/2524/2528 553/2522/2528
f 518/2662/2529 1700/2664/2529 4021/2665/2529 2935/2663/2529
f 1700/2664/2530 517/2666/2530 2936/2667/2530 4021/2665/2530
f 4021/2665/2531 2936/2667/2531 551/2530/2531 1734/2528/2531
f 2935/2663/2532 4021/2665/2532 1734/2528/2532 552/2526/2532
f 517/2666/2533 1699/2668/2533 4022/2669/2533 2936/2667/2533
f 1699/2668/2534 516/2670/2534 2937/2671/2534 4022/2669/2534
f 4022/2669/2535 2937/2671/2535 550/2534/2535 1733/2532/2535
f 2936/2667/2536 4022/2669/2536 1733/2532/2536 551/2530/2536
f 516/2670/2537 1698/2672/2537 4023/2673/2537 2937/2671/2537
f 1698/2672/2538 515/2674/2538 2938/2675/2538 4023/2673/2538
f 4023/2673/2539 2938/2675/2539 549/2538/2539 1732/2536/2539
f 2937/2671/2540 4023/2673/2540 1732/2536/2540 550/2534/2540
f 515/2674/2541 1697/2676/2541 4024/2677/2541 2938/2675/2541
f 1697/2676/2542 514/2678/2542 2939/2679/2542 4024/2677/2542
f 4024/2677/2543 2939/2679/2543 548/2542/2543 1731/2540/2543
f 2938/2675/2544 4024/2677/2544 1731/2540/2544 549/2538/2544
f 514/2678/2545 1696/2680/2545 4025/2681/2545 2939/2679/2545
f 1696/2680/2546 513/2682/2546 2940/2683/2546 4025/2681/2546
f 4025/2681/2547 2940/2683/2547 547/2546/2547 1730/2544/2547
f 2939/2679/2548 4025/2681/2548 1730/2544/2548 548/2542/2548
f 513/2682/2549 1695/2684/2549 4026/2685/2549 2940/2683/2549
f 1695/2684/2550 512/2686/2550 2941/2687/2550 4026/2685/2550
f 4026/2685/2551 2941/2687/2551 546/2550/2551 1729/2548/2551
f 2940/2683/2552 4026/2685/2552 1729/2548/2552 547/2546/2552
f 512/2686/2553 1694/2688/2553 4027/2689/2553 2941/2687/2553
f 1694/2688/2554 511/2690/2554 2942/2691/2554 4027/2689/2554
f 4027/2689/2555 2942/2691/2555 545/2554/2555 1728/2552/2555
f 2941/2687/2556 4027/2689/2556 1728/2552/2556 546/2550/2556
f 511/2690/2557 1693/2692/2557 4028/2693/2557 2942/2691/2557
f 1693/2692/2558 510/2694/2558 2943/2695/2558 4028/2693/2558
f 4028/2693/2559 2943/2695/2559 544/2558/2559 1727/2556/2559
f 2942/2691/2560 4028/2693/2560 1727/2556/2560 545/2554/2560
f 510/2694/2561 1692/2696/2561 4029/2697/2561 2943/2695/2561
f 1692/2696/2562 509/2698/2562 2944/2699/2562 4029/2697/2562
f 4029/2697/2563 2944/2699/2563 543/2562/2563 1726/2560/2563
f 2943/2695/2564 4029/2697/2564 1726/2560/2564 544/2558/2564
f 509/2698/2565 1691/2700/2565 4030/2701/2565 2944/2699/2565
f 1691/2700/2566 508/2702/2566 2945/2703/2566 4030/2701/2566
f 4030/2701/2567 2945/2703/2567 542/2566/2567 1725/2564/2567
f 2944/2699/2568 4030/2701/2568 1725/2564/2568 543/2562/2568
f 508/2702/2569 1690/2704/2569 4031/2705/2569 2945/2703/2569
f 1690/2704/2570 507/84/2570 2946/86/2570 4031/2705/2570
f 4031/2705/2571 2946/86/2571 541/90/2571 1724/2568/2571
f 2945/2703/2572 4031/2705/2572 1724/2568/2572 542/2566/2572
f 24/2706/2573 1227/2707/2573 4032/2708/2573 1176/2709/2573
f 1227/2707/2574 506/2710/2574 2947/2711/2574 4032/2708/2574
f 4032/2708/2575 2947/2711/2575 540/2574/2575 1228/2571/2575
f 1176/2709/2576 4032/2708/2576 1228/2571/2576 23/2570/2576
f 506/2710/2577 1688/2712/2577 4033/2713/2577 2947/2711/2577
f 1688/2712/2578 505/2714/2578 2948/2715/2578 4033/2713/2578
f 4033/2713/2579 2948/2715/2579 539/2578/2579 1722/2576/2579
f 2947/2711/2580 4033/2713/2580 1722/2576/2580 540/2574/2580
f 505/2714/2581 1687/2716/2581 4034/2717/2581 2948/2715/2581
f 1687/2716/2582 504/2718/2582 2949/2719/2582 4034/2717/2582
f 4034/2717/2583 2949/2719/2583 538/2582/2583 1721/2580/2583
f 2948/2715/2584 4034/2717/2584 1721/2580/2584 539/2578/2584
f 504/2718/2585 1686/2720/2585 4035/2721/2585 2949/2719/2585
f 1686/2720/2586 503/2722/2586 2950/2723/2586 4035/2721/2586
f 4035/2721/2587 2950/2723/2587 537/2586/2587 1720/2584/2587
f 2949/2719/2588 4035/2721/2588 1720/2584/2588 538/2582/2588
f 503/2722/2589 1685/2724/2589 4036/2725/2589 2950/2723/2589
f 1685/2724/2590 502/2726/2590 2951/2727/2590 4036/2725/2590
f 4036/2725/2591 2951/2727/2591 536/2590/2591 1719/2588/2591
f 2950/2723/2592 4036/2725/2592 1719/2588/2592 537/2586/2592
f 502/2726/2593 1684/2728/2593 4037/2729/2593 2951/2727/2593
f 1684/2728/2594 501/2730/2594 2952/2731/2594 4037/2729/2594
f 4037/2729/2595 2952/2731/2595 535/2594/2595 1718/2592/2595
f 2951/2727/2596 4037/2729/2596 1718/2592/2596 536/2590/2596
f 501/2730/2597 1683/2732/2597 4038/2733/2597 2952/2731/2597
f 1683/2732/2598 500/2734/2598 2953/2735/2598 4038/2733/2598
f 4038/2733/2599 2953/2735/2599 534/2598/2599 1717/2596/2599
f 2952/2731/2600 4038/2733/2600 1717/2596/2600 535/2594/2600
f 500/2734/2601 1682/2736/2601 4039/2737/2601 2953/2735/2601
f 1682/2736/2602 499/2738/2602 2954/2739/2602 4039/2737/2602
f 4039/2737/2603 2954/2739/2603 533/2602/2603 1716/2600/2603
f 2953/2735/2604 4039/2737/2604 1716/2600/2604 534/2598/2604
f 499/2738/2605 1681/2740/2605 4040/2741/2605 2954/2739/2605
f 1681/2740/2606 498/2742/2606 2955/2743/2606 4040/2741/2606
f 4040/2741/2607 2955/2743/2607 532/2606/2607 1715/2604/2607
f 2954/2739/2608 4040/2741/2608 1715/2604/2608 533/2602/2608
f 498/2742/2609 1680/2744/2609 4041/2745/2609 2955/2743/2609
f 1680/2744/2610 497/2746/2610 2956/2747/2610 4041/2745/2610
f 4041/2745/2611 2956/2747/2611 531/2610/2611 1714/2608/2611
f 2955/2743/2612 4041/2745/2612 1714/2608/2612 532/2606/2612
f 497/2746/2613 1679/2748/2613 4042/2749/2613 2956/2747/2613
f 1679/2748/2614 496/2750/2614 2957/2751/2614 4042/2749/2614
f 4042/2749/2615 2957/2751/2615 530/2614/2615 1713/2612/2615
f 2956/2747/2616 4042/2749/2616 1713/2612/2616 531/2610/2616
f 496/2750/2617 1678/2752/2617 4043/2753/2617 2957/2751/2617
f 1678/2752/2618 495/2754/2618 2958/2755/2618 4043/2753/2618
f 4043/2753/2619 2958/2755/2619 529/2618/2619 1712/2616/2619
f 2957/2751/2620 4043/2753/2620 1712/2616/2620 530/2614/2620
f 495/2754/2621 1677/2756/2621 4044/2757/2621 2958/2755/2621
f 1677/2756/2622 494/2758/2622 2959/2759/2622 4044/2757/2622
f 4044/2757/2623 2959/2759/2623 528/2622/2623 1711/2620/2623
f 2958/2755/2624 4044/2757/2624 1711/2620/2624 529/2618/2624
f 494/2758/2625 1676/2760/2625 4045/2761/2625 2959/2759/2625
f 1676/2760/2626 493/2762/2626 2960/2763/2626 4045/2761/2626
f 4045/2761/2627 2960/2763/2627 527/2626/2627 1710/2624/2627
f 2959/2759/2628 4045/2761/2628 1710/2624/2628 528/2622/2628
f 493/2762/2629 1675/2764/2629 4046/2765/2629 2960/2763/2629
f 1675/2764/2630 492/2766/2630 2961/2767/2630 4046/2765/2630
f 4046/2765/2631 2961/2767/2631 526/2630/2631 1709/2628/2631
f 2960/2763/2632 4046/2765/2632 1709/2628/2632 527/2626/2632
f 492/2766/2633 1674/2768/2633 4047/2769/2633 2961/2767/2633
f 1674/2768/2634 491/2770/2634 2962/2771/2634 4047/2769/2634
f 4047/2769/2635 2962/2771/2635 525/2634/2635 1708/2632/2635
f 2961/2767/2636 4047/2769/2636 1708/2632/2636 526/2630/2636
f 491/2770/2637 1673/2772/2637 4048/2773/2637 2962/2771/2637
f 1673/2772/2638 490/2774/2638 2963/2775/2638 4048/2773/2638
f 4048/2773/2639 2963/2775/2639 524/2638/2639 1707/2636/2639
f 2962/2771/2640 4048/2773/2640 1707/2636/2640 525/2634/2640
f 490/2774/2641 1672/2776/2641 4049/2777/2641 2963/2775/2641
f 1672/2776/2642 489/2778/2642 2964/2779/2642 4049/2777/2642
f 4049/2777/2643 2964/2779/2643 523/2642/2643 1706/2640/2643
f 2963/2775/2644 4049/2777/2644 1706/2640/2644 524/2638/2644
f 489/2778/2645 1671/2780/2645 4050/2781/2645 2964/2779/2645
f 1671/2780/2646 488/2782/2646 2965/2783/2646 4050/2781/2646
f 4050/2781/2647 2965/2783/2647 522/2646/2647 1705/2644/2647
f 2964/2779/2648 4050/2781/2648 1705/2644/2648 523/2642/2648
f 488/2782/2649 1670/2784/2649 4051/2785/2649 2965/2783/2649
f 1670/2784/2650 487/2786/2650 2966/2787/2650 4051/2785/2650
f 4051/2785/2651 2966/2787/2651 521/2650/2651 1704/2648/2651
f 2965/2783/2652 4051/2785/2652 1704/2648/2652 522/2646/2652
f 487/2786/2653 1669/2788/2653 4052/2789/2653 2966/2787/2653
f 1669/2788/2654 486/2790/2654 2967/2791/2654 4052/2789/2654
f 4052/2789/2655 2967/2791/2655 520/2654/2655 1703/2652/2655
f 2966/2787/2656 4052/2789/2656 1703/2652/2656 521/2650/2656
f 486/2790/2657 1668/2792/2657 4053/2793/2657 2967/2791/2657
f 1668/2792/2658 485/2794/2658 2968/2795/2658 4053/2793/2658
f 4053/2793/2659 2968/2795/2659 519/2658/2659 1702/2656/2659
f 2967/2791/2660 4053/2793/2660 1702/2656/2660 520/2654/2660
f 485/2794/2661 1667/2796/2661 4054/2797/2661 2968/2795/2661
f 1667/2796/2662 484/2798/2662 2969/2799/2662 4054/2797/2662
f 4054/2797/2663 2969/2799/2663 518/2662/2663 1701/2660/2663
f 2968/2795/2664 4054/2797/2664 1701/2660/2664 519/2658/2664
f 484/2798/2665 1666/2800/2665 4055/2801/2665 2969/2799/2665
f 1666/2800/2666 483/2802/2666 2970/2803/2666 4055/2801/2666
f 4055/2801/2667 2970/2803/2667 517/2666/2667 1700/2664/2667
f 2969/2799/2668 4055/2801/2668 1700/2664/2668 518/2662/2668
f 483/2802/2669 1665/2804/2669 4056/2805/2669 2970/2803/2669
f 1665/2804/2670 482/2806/2670 2971/2807/2670 4056/2805/2670
f 4056/2805/2671 2971/2807/2671 516/2670/2671 1699/2668/2671
f 2970/2803/2672 4056/2805/2672 1699/2668/2672 517/2666/2672
f 482/2806/2673 1664/2808/2673 4057/2809/2673 2971/2807/2673
f 1664/2808/2674 481/2810/2674 2972/2811/2674 4057/2809/2674
f 4057/2809/2675 2972/2811/2675 515/2674/2675 1698/2672/2675
f 2971/2807/2676 4057/2809/2676 1698/2672/2676 516/2670/2676
f 481/2810/2677 1663/2812/2677 4058/2813/2677 2972/2811/2677
f 1663/2812/2678 480/2814/2678 2973/2815/2678 4058/2813/2678
f 4058/2813/2679 2973/2815/2679 514/2678/2679 1697/2676/2679
f 2972/2811/2680 4058/2813/2680 1697/2676/2680 515/2674/2680
f 480/2814/2681 1662/2816/2681 4059/2817/2681 2973/2815/2681
f 1662/2816/2682 479/2818/2682 2974/2819/2682 4059/2817/2682
f 4059/2817/2683 2974/2819/2683 513/2682/2683 1696/2680/2683
f 2973/2815/2684 4059/2817/2684 1696/2680/2684 514/2678/2684
f 479/2818/2685 1661/2820/2685 4060/2821/2685 2974/2819/2685
f 1661/2820/2686 478/2822/2686 2975/2823/2686 4060/2821/2686
f 4060/2821/2687 2975/2823/2687 512/2686/2687 1695/2684/2687
f 2974/2819/2688 4060/2821/2688 1695/2684/2688 513/2682/2688
f 478/2822/2689 1660/2824/2689 4061/2825/2689 2975/2823/2689
f 1660/2824/2690 477/2826/2690 2976/2827/2690 4061/2825/2690
f 4061/2825/2691 2976/2827/2691 511/2690/2691 1694/2688/2691
f 2975/2823/2692 4061/2825/2692 1694/2688/2692 512/2686/2692
f 477/2826/2693 1659/2828/2693 4062/2829/2693 2976/2827/2693
f 1659/2828/2694 476/2830/2694 2977/2831/2694 4062/2829/2694
f 4062/2829/2695 2977/2831/2695 510/2694/2695 1693/2692/2695
f 2976/2827/2696 4062/2829/2696 1693/2692/2696 511/2690/2696
f 476/2830/2697 1658/2832/2697 4063/2833/2697 2977/2831/2697
f 1658/2832/2698 475/2834/2698 2978/2835/2698 4063/2833/2698
f 4063/2833/2699 2978/2835/2699 509/2698/2699 1692/2696/2699
f 2977/2831/2700 4063/2833/2700 1692/2696/2700 510/2694/2700
f 475/2834/2701 1657/2836/2701 4064/2837/2701 2978/2835/2701
f 1657/2836/2702 474/2838/2702 2979/2839/2702 4064/2837/2702
f 4064/2837/2703 2979/2839/2703 508/2702/2703 1691/2700/2703
f 2978/2835/2704 4064/2837/2704 1691/2700/2704 509/2698/2704
f 474/2838/2705 1656/2840/2705 4065/2841/2705 2979/2839/2705
f 1656/2840/2706 473/78/2706 2980/80/2706 4065/2841/2706
f 4065/2841/2707 2980/80/2707 507/84/2707 1690/2704/2707
f 2979/2839/2708 4065/2841/2708 1690/2704/2708 508/2702/2708
f 25/2842/2709 1226/2843/2709 4066/2844/2709 1177/2845/2709
f 1226/2843/2710 472/2846/2710 2981/2847/2710 4066/2844/2710
f 4066/2844/2711 2981/2847/2711 506/2710/2711 1227/2707/2711
f 1177/2845/2712 4066/2844/2712 1227/2707/2712 24/2706/2712
f 472/2846/2713 1654/2848/2713 4067/2849/2713 2981/2847/2713
f 1654/2848/2714 471/2850/2714 2982/2851/2714 4067/2849/2714
f 4067/2849/2715 2982/2851/2715 505/2714/2715 1688/2712/2715
f 2981/2847/2716 4067/2849/2716 1688/2712/2716 506/2710/2716
f 471/2850/2717 1653/2852/2717 4068/2853/2717 2982/2851/2717
f 1653/2852/2718 470/2854/2718 2983/2855/2718 4068/2853/2718
f 4068/2853/2719 2983/2855/2719 504/2718/2719 1687/2716/2719
f 2982/2851/2720 4068/2853/2720 1687/2716/2720 505/2714/2720
f 470/2854/2721 1652/2856/2721 4069/2857/2721 2983/2855/2721
f 1652/2856/2722 469/2858/2722 2984/2859/2722 4069/2857/2722
f 4069/2857/2723 2984/2859/2723 503/2722/2723 1686/2720/2723
f 2983/2855/2724 4069/2857/2724 1686/2720/2724 504/2718/2724
f 469/2858/2725 1651/2860/2725 4070/2861/2725 2984/2859/2725
f 1651/2860/2726 468/2862/2726 2985/2863/2726 4070/2861/2726
f 4070/2861/2727 2985/2863/2727 502/2726/2727 1685/2724/2727
f 2984/2859/2728 4070/2861/2728 1685/2724/2728 503/2722/2728
f 468/2862/2729 1650/2864/2729 4071/2865/2729 2985/2863/2729
f 1650/2864/2730 467/2866/2730 2986/2867/2730 4071/2865/2730
f 4071/2865/2731 2986/2867/2731 501/2730/2731 1684/2728/2731
f 2985/2863/2732 4071/2865/2732 1684/2728/2732 502/2726/2732
f 467/2866/2733 1649/2868/2733 4072/2869/2733 2986/2867/2733
f 1649/2868/2734 466/2870/2734 2987/2871/2734 4072/2869/2734
f 4072/2869/2735 2987/2871/2735 500/2734/2735 1683/2732/2735
f 2986/2867/2736 4072/2869/2736 1683/2732/2736 501/2730/2736
f 466/2870/2737 1648/2872/2737 4073/2873/2737 2987/2871/2737
f 1648/2872/2738 465/2874/2738 2988/2875/2738 4073/2873/2738
f 4073/2873/2739 2988/2875/2739 499/2738/2739 1682/2736/2739
f 2987/2871/2740 4073/2873/2740 1682/2736/2740 500/2734/2740
f 465/2874/2741 1647/2876/2741 4074/2877/2741 2988/2875/2741
f 1647/2876/2742 464/2878/2742 2989/2879/2742 4074/2877/2742
f 4074/2877/2743 2989/2879/2743 498/2742/2743 1681/2740/2743
f 2988/2875/2744 4074/2877/2744 1681/2740/2744 499/2738/2744
f 464/2878/2745 1646/2880/2745 4075/2881/2745 2989/2879/2745
f 1646/2880/2746 463/2882/2746 2990/2883/2746 4075/2881/2746
f 4075/2881/2747 2990/2883/2747 497/2746/2747 1680/2744/2747
f 2989/2879/2748 4075/2881/2748 1680/2744/2748 498/2742/2748
f 463/2882/2749 1645/2884/2749 4076/2885/2749 2990/2883/2749
f 1645/2884/2750 462/2886/2750 2991/2887/2750 4076/2885/2750
f 4076/2885/2751 2991/2887/2751 496/2750/2751 1679/2748/2751
f 2990/2883/2752 4076/2885/2752 1679/2748/2752 497/2746/2752
f 462/2886/2753 1644/2888/2753 4077/2889/2753 2991/2887/2753
f 1644/2888/2754 461/2890/2754 2992/2891/2754 4077/2889/2754
f 4077/2889/2755 2992/2891/2755 495/2754/2755 1678/2752/2755
f 2991/2887/2756 4077/2889/2756 1678/2752/2756 496/2750/2756
f 461/2890/2757 1643/2892/2757 4078/2893/2757 2992/2891/2757
f 1643/2892/2758 460/2894/2758 2993/2895/2758 4078/2893/2758
f 4078/2893/2759 2993/2895/2759 494/2758/2759 1677/2756/2759
f 2992/2891/2760 4078/2893/2760 1677/2756/2760 495/2754/2760
f 460/2894/2761 1642/2896/2761 4079/2897/2761 2993/2895/2761
f 1642/2896/2762 459/2898/2762 2994/2899/2762 4079/2897/2762
f 4079/2897/2763 2994/2899/2763 493/2762/2763 1676/2760/2763
f 2993/2895/2764 4079/2897/2764 1676/2760/2764 494/2758/2764
f 459/2898/2765 1641/2900/2765 4080/2901/2765 2994/2899/2765
f 1641/2900/2766 458/2902/2766 2995/2903/2766 4080/2901/2766
f 4080/2901/2767 2995/2903/2767 492/2766/2767 1675/2764/2767
f 2994/2899/2768 4080/2901/2768 1675/2764/2768 493/2762/2768
f 458/2902/2769 1640/2904/2769 4081/2905/2769 2995/2903/2769
f 1640/2904/2770 457/2906/2770 2996/2907/2770 4081/2905/2770
f 4081/2905/2771 2996/2907/2771 491/2770/2771 1674/2768/2771
f 2995/2903/2772 4081/2905/2772 1674/2768/2772 492/2766/2772
f 457/2906/2773 1639/2908/2773 4082/2909/2773 2996/2907/2773
f 1639/2908/2774 456/2910/2774 2997/2911/2774 4082/2909/2774
f 4082/2909/2775 2997/2911/2775 490/2774/2775 1673/2772/2775
f 2996/2907/2776 4082/2909/2776 1673/2772/2776 491/2770/2776
f 456/2910/2777 1638/2912/2777 4083/2913/2777 2997/2911/2777
f 1638/2912/2778 455/2914/2778 2998/2915/2778 4083/2913/2778
f 4083/2913/2779 2998/2915/2779 489/2778/2779 1672/2776/2779
f 2997/2911/2780 4083/2913/2780 1672/2776/2780 490/2774/2780
f 455/2914/2781 1637/2916/2781 4084/2917/2781 2998/2915/2781
f 1637/2916/2782 454/2918/2782 2999/2919/2782 4084/2917/2782
f 4084/2917/2783 2999/2919/2783 488/2782/2783 1671/2780/2783
f 2998/2915/2784 4084/2917/2784 1671/2780/2784 489/2778/2784
f 454/2918/2785 1636/2920/2785 4085/2921/2785 2999/2919/2785
f 1636/2920/2786 453/2922/2786 3000/2923/2786 4085/2921/2786
f 4085/2921/2787 3000/2923/2787 487/2786/2787 1670/2784/2787
f 2999/2919/2788 4085/2921/2788 1670/2784/2788 488/2782/2788
f 453/2922/2789 1635/2924/2789 4086/2925/2789 3000/2923/2789
f 1635/2924/2790 452/2926/2790 3001/2927/2790 4086/2925/2790
f 4086/2925/2791 3001/2927/2791 486/2790/2791 1669/2788/2791
f 3000/2923/2792 4086/2925/2792 1669/2788/2792 487/2786/2792
f 452/2926/2793 1634/2928/2793 4087/2929/2793 3001/2927/2793
f 1634/2928/2794 451/2930/2794 3002/2931/2794 4087/2929/2794
f 4087/2929/2795 3002/2931/2795 485/2794/2795 1668/2792/2795
f 3001/2927/2796 4087/2929/2796 1668/2792/2796 486/2790/2796
f 451/2930/2797 1633/2932/2797 4088/2933/2797 3002/2931/2797
f 1633/2932/2798 450/2934/2798 3003/2935/2798 4088/2933/2798
f 4088/2933/2799 3003/2935/2799 484/2798/2799 1667/2796/2799
f 3002/2931/2800 4088/2933/2800 1667/2796/2800 485/2794/2800
f 450/2934/2801 1632/2936/2801 4089/2937/2801 3003/2935/2801
f 1632/2936/2802 449/2938/2802 3004/2939/2802 4089/2937/2802
f 4089/2937/2803 3004/2939/2803 483/2802/2803 1666/2800/2803
f 3003/2935/2804 4089/2937/2804 1666/2800/2804 484/2798/2804
f 449/2938/2805 1631/2940/2805 4090/2941/2805 3004/2939/2805
f 1631/2940/2806 448/2942/2806 3005/2943/2806 4090/2941/2806
f 4090/2941/2807 3005/2943/2807 482/2806/2807 1665/2804/2807
f 3004/2939/2808 4090/2941/2808 1665/2804/2808 483/2802/2808
f 448/2942/2809 1630/2944/2809 4091/2945/2809 3005/2943/2809
f 1630/2944/2810 447/2946/2810 3006/2947/2810 4091/2945/2810
f 4091/2945/2811 3006/2947/2811 481/2810/2811 1664/2808/2811
f 3005/2943/2812 4091/2945/2812 1664/2808/2812 482/2806/2812
f 447/2946/2813 1629/2948/2813 4092/2949/2813 3006/2947/2813
f 1629/2948/2814 446/2950/2814 3007/2951/2814 4092/2949/2814
f 4092/2949/2815 3007/2951/2815 480/2814/2815 1663/2812/2815
f 3006/2947/2816 4092/2949/2816 1663/2812/2816 481/2810/2816
f 446/2950/2817 1628/2952/2817 4093/2953/2817 3007/2951/2817
f 1628/2952/2818 445/2954/2818 3008/2955/2818 4093/2953/2818
f 4093/2953/2819 3008/2955/2819 479/2818/2819 1662/2816/2819
f 3007/2951/2820 4093/2953/2820 1662/2816/2820 480/2814/2820
f 445/2954/2821 1627/2956/2821 4094/2957/2821 3008/2955/2821
f 1627/2956/2822 444/2958/2822 3009/2959/2822 4094/2957/2822
f 4094/2957/2823 3009/2959/2823 478/2822/2823 1661/2820/2823
f 3008/2955/2824 4094/2957/2824 1661/2820/2824 479/2818/2824
f 444/2958/2825 1626/2960/2825 4095/2961/2825 3009/2959/2825
f 1626/2960/2826 443/2962/2826 3010/2963/2826 4095/2961/2826
f 4095/2961/2827 3010/2963/2827 477/2826/2827 1660/2824/2827
f 3009/2959/2828 4095/2961/2828 1660/2824/2828 478/2822/2828
f 443/2962/2829 1625/2964/2829 4096/2965/2829 3010/2963/2829
f 1625/2964/2830 442/2966/2830 3011/2967/2830 4096/2965/2830
f 4096/2965/2831 3011/2967/2831 476/2830/2831 1659/2828/2831
f 3010/2963/2832 4096/2965/2832 1659/2828/2832 477/2826/2832
f 442/2966/2833 1624/2968/2833 4097/2969/2833 3011/2967/2833
f 1624/2968/2834 441/2970/2834 3012/2971/2834 4097/2969/2834
f 4097/2969/2835 3012/2971/2835 475/2834/2835 1658/2832/2835
f 3011/2967/2836 4097/2969/2836 1658/2832/2836 476/2830/2836
f 441/2970/2837 1623/2972/2837 4098/2973/2837 3012/2971/2837
f 1623/2972/2838 440/2974/2838 3013/2975/2838 4098/2973/2838
f 4098/2973/2839 3013/2975/2839 474/2838/2839 1657/2836/2839
f 3012/2971/2840 4098/2973/2840 1657/2836/2840 475/2834/2840
f 440/2974/2841 1622/2976/2841 4099/2977/2841 3013/2975/2841
f 1622/2976/2842 439/72/2842 3014/74/2842 4099/2977/2842
f 4099/2977/2843 3014/74/2843 473/78/2843 1656/2840/2843
f 3013/2975/2844 4099/2977/2844 1656/2840/2844 474/2838/2844
f 26/2978/2845 1225/2979/2845 4100/2980/2845 1178/2981/2845
f 1225/2979/2846 438/2982/2846 3015/2983/2846 4100/2980/2846
f 4100/2980/2847 3015/2983/2847 472/2846/2847 1226/2843/2847
f 1178/2981/2848 4100/2980/2848 1226/2843/2848 25/2842/2848
f 438/2982/2849 1620/2984/2849 4101/2985/2849 3015/2983/2849
f 1620/2984/2850 437/2986/2850 3016/2987/2850 4101/2985/2850
f 4101/2985/2851 3016/2987/2851 471/2850/2851 1654/2848/2851
f 3015/2983/2852 4101/2985/2852 1654/2848/2852 472/2846/2852
f 437/2986/2853 1619/2988/2853 4102/2989/2853 3016/2987/2853
f 1619/2988/2854 436/2990/2854 3017/2991/2854 4102/2989/2854
f 4102/2989/2855 3017/2991/2855 470/2854/2855 1653/2852/2855
f 3016/2987/2856 4102/2989/2856 1653/2852/2856 471/2850/2856
f 436/2990/2857 1618/2992/2857 4103/2993/2857 3017/2991/2857
f 1618/2992/2858 435/2994/2858 3018/2995/2858 4103/2993/2858
f 4103/2993/2859 3018/2995/2859 469/2858/2859 1652/2856/2859
f 3017/2991/2860 4103/2993/2860 1652/2856/2860 470/2854/2860
f 435/2994/2861 1617/2996/2861 4104/2997/2861 3018/2995/2861
f 1617/2996/2862 434/2998/2862 3019/2999/2862 4104/2997/2862
f 4104/2997/2863 3019/2999/2863 468/2862/2863 1651/2860/2863
f 3018/2995/2864 4104/2997/2864 1651/2860/2864 469/2858/2864
f 434/2998/2865 1616/3000/2865 4105/3001/2865 3019/2999/2865
f 1616/3000/2866 433/3002/2866 3020/3003/2866 4105/3001/2866
f 4105/3001/2867 3020/3003/2867 467/2866/2867 1650/2864/2867
f 3019/2999/2868 4105/3001/2868 1650/2864/2868 468/2862/2868
f 433/3002/2869 1615/3004/2869 4106/3005/2869 3020/3003/2869
f 1615/3004/2870 432/3006/2870 3021/3007/2870 4106/3005/2870
f 4106/3005/2871 3021/3007/2871 466/2870/2871 1649/2868/2871
f 3020/3003/2872 4106/3005/2872 1649/2868/2872 467/2866/2872
f 432/3006/2873 1614/3008/2873 4107/3009/2873 3021/3007/2873
f 1614/3008/2874 431/3010/2874 3022/3011/2874 4107/3009/2874
f 4107/3009/2875 3022/3011/2875 465/2874/2875 1648/2872/2875
f 3021/3007/2876 4107/3009/2876 1648/2872/2876 466/2870/2876
f 431/3010/2877 1613/3012/2877 4108/3013/2877 3022/3011/2877
f 1613/3012/2878 430/3014/2878 3023/3015/2878 4108/3013/2878
f 4108/3013/2879 3023/3015/2879 464/2878/2879 1647/2876/2879
f 3022/3011/2880 4108/3013/2880 1647/2876/2880 465/2874/2880
f 430/3014/2881 1612/3016/2881 4109/3017/2881 3023/3015/2881
f 1612/3016/2882 429/3018/2882 3024/3019/2882 4109/3017/2882
f 4109/3017/2883 3024/3019/2883 463/2882/2883 1646/2880/2883
f 3023/3015/2884 4109/3017/2884 1646/2880/2884 464/2878/2884
f 429/3018/2885 1611/3020/2885 4110/3021/2885 3024/3019/2885
f 1611/3020/2886 428/3022/2886 3025/3023/2886 4110/3021/2886
f 4110/3021/2887 3025/3023/2887 462/2886/2887 1645/2884/2887
f 3024/3019/2888 4110/3021/2888 1645/2884/2888 463/2882/2888
f 428/3022/2889 1610/3024/2889 4111/3025/2889 3025/3023/2889
f 1610/3024/2890 427/3026/2890 3026/3027/2890 4111/3025/2890
f 4111/3025/2891 3026/3027/2891 461/2890/2891 1644/2888/2891
f 3025/3023/2892 4111/3025/2892 1644/2888/2892 462/2886/2892
f 427/3026/2893 1609/3028/2893 4112/3029/2893 3026/3027/2893
f 1609/3028/2894 426/3030/2894 3027/3031/2894 4112/3029/2894
f 4112/3029/2895 3027/3031/2895 460/2894/2895 1643/2892/2895
f 3026/3027/2896 4112/3029/2896 1643/2892/2896 461/2890/2896
f 426/3030/2897 1608/3032/2897 4113/3033/2897 3027/3031/2897
f 1608/3032/2898 425/3034/2898 3028/3035/2898 4113/3033/2898
f 4113/3033/2899 3028/3035/2899 459/2898/2899 1642/2896/2899
f 3027/3031/2900 4113/3033/2900 1642/2896/2900 460/2894/2900
f 425/3034/2901 1607/3036/2901 4114/3037/2901 3028/3035/2901
f 1607/3036/2902 424/3038/2902 3029/3039/2902 4114/3037/2902
f 4114/3037/2903 3029/3039/2903 458/2902/2903 1641/2900/2903
f 3028/3035/2904 4114/3037/2904 1641/2900/2904 459/2898/2904
f 424/3038/2905 1606/3040/2905 4115/3041/2905 3029/3039/2905
f 1606/3040/2906 423/3042/2906 3030/3043/2906 4115/3041/2906
f 4115/3041/2907 3030/3043/2907 457/2906/2907 1640/2904/2907
f 3029/3039/2908 4115/3041/2908 1640/2904/2908 458/2902/2908
f 423/3042/2909 1605/3044/2909 4116/3045/2909 3030/3043/2909
f 1605/3044/2910 422/3046/2910 3031/3047/2910 4116/3045/2910
f 4116/3045/2911 3031/3047/2911 456/2910/2911 1639/2908/2911
f 3030/3043/2912 4116/3045/2912 1639/2908/2912 457/2906/2912
f 422/3046/2913 1604/3048/2913 4117/3049/2913 3031/3047/2913
f 1604/3048/2914 421/3050/2914 3032/3051/2914 4117/3049/2914
f 4117/3049/2915 3032/3051/2915 455/2914/2915 1638/2912/2915
f 3031/3047/2916 4117/3049/2916 1638/2912/2916 456/2910/2916
f 421/3050/2917 1603/3052/2917 4118/3053/2917 3032/3051/2917
f 1603/3052/2918 420/3054/2918 3033/3055/2918 4118/3053/2918
f 4118/3053/2919 3033/3055/2919 454/2918/2919 1637/2916/2919
f 3032/3051/2920 4118/3053/2920 1637/2916/2920 455/2914/2920
f 420/3054/2921 1602/3056/2921 4119/3057/2921 3033/3055/2921
f 1602/3056/2922 419/3058/2922 3034/3059/2922 4119/3057/2922
f 4119/3057/2923 3034/3059/2923 453/2922/2923 1636/2920/2923
f 3033/3055/2924 4119/3057/2924 1636/2920/2924 454/2918/2924
f 419/3058/2925 1601/3060/2925 4120/3061/2925 3034/3059/2925
f 1601/3060/2926 418/3062/2926 3035/3063/2926 4120/3061/2926
f 4120/3061/2927 3035/3063/2927 452/2926/2927 1635/2924/2927
f 3034/3059/2928 4120/3061/2928 1635/2924/2928 453/2922/2928
f 418/3062/2929 1600/3064/2929 4121/3065/2929 3035/3063/2929
f 1600/3064/2930 417/3066/2930 3036/3067/2930 4121/3065/2930
f 4121/3065/2931 3036/3067/2931 451/2930/2931 1634/2928/2931
f 3035/3063/2932 4121/3065/2932 1634/2928/2932 452/2926/2932
f 417/3066/2933 1599/3068/2933 4122/3069/2933 3036/3067/2933
f 1599/3068/2934 416/3070/2934 3037/3071/2934 4122/3069/2934
f 4122/3069/2935 3037/3071/2935 450/2934/2935 1633/2932/2935
f 3036/3067/2936 4122/3069/2936 1633/2932/2936 451/2930/2936
f 416/3070/2937 1598/3072/2937 4123/3073/2937 3037/3071/2937
f 1598/3072/2938 415/3074/2938 3038/3075/2938 4123/3073/2938
f 4123/3073/2939 3038/3075/2939 449/2938/2939 1632/2936/2939
f 3037/3071/2940 4123/3073/2940 1632/2936/2940 450/2934/2940
f 415/3074/2941 1597/3076/2941 4124/3077/2941 3038/3075/2941
f 1597/3076/2942 414/3078/2942 3039/3079/2942 4124/3077/2942
f 4124/3077/2943 3039/3079/2943 448/2942/2943 1631/2940/2943
f 3038/3075/2944 4124/3077/2944 1631/2940/2944 449/2938/2944
f 414/3078/2945 1596/3080/2945 4125/3081/2945 3039/3079/2945
f 1596/3080/2946 413/3082/2946 3040/3083/2946 4125/3081/2946
f 4125/3081/2947 3040/3083/2947 447/2946/2947 1630/2944/2947
f 3039/3079/2948 4125/3081/2948 1630/2944/2948 448/2942/2948
f 413/3082/2949 1595/3084/2949 4126/3085/2949 3040/3083/2949
f 1595/3084/2950 412/3086/2950 3041/3087/2950 4126/3085/2950
f 4126/3085/2951 3041/3087/2951 446/2950/2951 1629/2948/2951
f 3040/3083/2952 4126/3085/2952 1629/2948/2952 447/2946/2952
f 412/3086/2953 1594/3088/2953 4127/3089/2953 3041/3087/2953
f 1594/3088/2954 411/3090/2954 3042/3091/2954 4127/3089/2954
f 4127/3089/2955 3042/3091/2955 445/2954/2955 1628/2952/2955
f 3041/3087/2956 4127/3089/2956 1628/2952/2956 446/2950/2956
f 411/3090/2957 1593/3092/2957 4128/3093/2957 3042/3091/2957
f 1593/3092/2958 410/3094/2958 3043/3095/2958 4128/3093/2958
f 4128/3093/2959 3043/3095/2959 444/2958/2959 1627/2956/2959
f 3042/3091/2960 4128/3093/2960 1627/2956/2960 445/2954/2960
f 410/3094/2961 1592/3096/2961 4129/3097/2961 3043/3095/2961
f 1592/3096/2962 409/3098/2962 3044/3099/2962 4129/3097/2962
f 4129/3097/2963 3044/3099/2963 443/2962/2963 1626/2960/2963
f 3043/3095/2964 4129/3097/2964 1626/2960/2964 444/2958/2964
f 409/3098/2965 1591/3100/2965 4130/3101/2965 3044/3099/2965
f 1591/3100/2966 408/3102/2966 3045/3103/2966 4130/3101/2966
f 4130/3101/2967 3045/3103/2967 442/2966/2967 1625/2964/2967
f 3044/3099/2968 4130/3101/2968 1625/2964/2968 443/2962/2968
f 408/3102/2969 1590/3104/2969 4131/3105/2969 3045/3103/2969
f 1590/3104/2970 407/3106/2970 3046/3107/2970 4131/3105/2970
f 4131/3105/2971 3046/3107/2971 441/2970/2971 1624/2968/2971
f 3045/3103/2972 4131/3105/2972 1624/2968/2972 442/2966/2972
f 407/3106/2973 1589/3108/2973 4132/3109/2973 3046/3107/2973
f 1589/3108/2974 406/3110/2974 3047/3111/2974 4132/3109/2974
f 4132/3109/2975 3047/3111/2975 440/2974/2975 1623/2972/2975
f 3046/3107/2976 4132/3109/2976 1623/2972/2976 441/2970/2976
f 406/3110/2977 1588/3112/2977 4133/3113/2977 3047/3111/2977
f 1588/3112/2978 405/66/2978 3048/68/2978 4133/3113/2978
f 4133/3113/2979 3048/68/2979 439/72/2979 1622/2976/2979
f 3047/3111/2980 4133/3113/2980 1622/2976/2980 440/2974/2980
f 27/3114/2981 1224/3115/2981 4134/3116/2981 1179/3117/2981
f 1224/3115/2982 404/3118/2982 3049/3119/2982 4134/3116/2982
f 4134/3116/2983 3049/3119/2983 438/2982/2983 1225/2979/2983
f 1179/3117/2984 4134/3116/2984 1225/2979/2984 26/2978/2984
f 404/3118/2985 1586/3120/2985 4135/3121/2985 3049/3119/2985
f 1586/3120/2986 403/3122/2986 3050/3123/2986 4135/3121/2986
f 4135/3121/2987 3050/3123/2987 437/2986/2987 1620/2984/2987
f 3049/3119/2988 4135/3121/2988 1620/2984/2988 438/2982/2988
f 403/3122/2989 1585/3124/2989 4136/3125/2989 3050/3123/2989
f 1585/3124/2990 402/3126/2990 3051/3127/2990 4136/3125/2990
f 4136/3125/2991 3051/3127/2991 436/2990/2991 1619/2988/2991
f 3050/3123/2992 4136/3125/2992 1619/2988/2992 437/2986/2992
f 402/3126/2993 1584/3128/2993 4137/3129/2993 3051/3127/2993
f 1584/3128/2994 401/3130/2994 3052/3131/2994 4137/3129/2994
f 4137/3129/2995 3052/3131/2995 435/2994/2995 1618/2992/2995
f 3051/3127/2996 4137/3129/2996 1618/2992/2996 436/2990/2996
f 401/3130/2997 1583/3132/2997 4138/3133/2997 3052/3131/2997
f 1583/3132/2998 400/3134/2998 3053/3135/2998 4138/3133/2998
f 4138/3133/2999 3053/3135/2999 434/2998/2999 1617/2996/2999
f 3052/3131/3000 4138/3133/3000 1617/2996/3000 435/2994/3000
f 400/3134/3001 1582/3136/3001 4139/3137/3001 3053/3135/3001
f 1582/3136/3002 399/3138/3002 3054/3139/3002 4139/3137/3002
f 4139/3137/3003 3054/3139/3003 433/3002/3003 1616/3000/3003
f 3053/3135/3004 4139/3137/3004 1616/3000/3004 434/2998/3004
f 399/3138/3005 1581/3140/3005 4140/3141/3005 3054/3139/3005
f 1581/3140/3006 398/3142/3006 3055/3143/3006 4140/3141/3006
f 4140/3141/3007 3055/3143/3007 432/3006/3007 1615/3004/3007
f 3054/3139/3008 4140/3141/3008 1615/3004/3008 433/3002/3008
f 398/3142/3009 1580/3144/3009 4141/3145/3009 3055/3143/3009
f 1580/3144/3010 397/3146/3010 3056/3147/3010 4141/3145/3010
f 4141/3145/3011 3056/3147/3011 431/3010/3011 1614/3008/3011
f 3055/3143/3012 4141/3145/3012 1614/3008/3012 432/3006/3012
f 397/3146/3013 1579/3148/3013 4142/3149/3013 3056/3147/3013
f 1579/3148/3014 396/3150/3014 3057/3151/3014 4142/3149/3014
f 4142/3149/3015 3057/3151/3015 430/3014/3015 1613/3012/3015
f 3056/3147/3016 4142/3149/3016 1613/3012/3016 431/3010/3016
f 396/3150/3017 1578/3152/3017 4143/3153/3017 3057/3151/3017
f 1578/3152/3018 395/3154/3018 3058/3155/3018 4143/3153/3018
f 4143/3153/3019 3058/3155/3019 429/3018/3019 1612/3016/3019
f 3057/3151/3020 4143/3153/3020 1612/3016/3020 430/3014/3020
f 395/3154/3021 1577/3156/3021 4144/3157/3021 3058/3155/3021
f 1577/3156/3022 394/3158/3022 3059/3159/3022 4144/3157/3022
f 4144/3157/3023 3059/3159/3023 428/3022/3023 1611/3020/3023
f 3058/3155/3024 4144/3157/3024 1611/3020/3024 429/3018/3024
f 394/3158/3025 1576/3160/3025 4145/3161/3025 3059/3159/3025
f 1576/3160/3026 393/3162/3026 3060/3163/3026 4145/3161/3026
f 4145/3161/3027 3060/3163/3027 427/3026/3027 1610/3024/3027
f 3059/3159/3028 4145/3161/3028 1610/3024/3028 428/3022/3028
f 393/3162/3029 1575/3164/3029 4146/3165/3029 3060/3163/3029
f 1575/3164/3030 392/3166/3030 3061/3167/3030 4146/3165/3030
f 4146/3165/3031 3061/3167/3031 426/3030/3031 1609/3028/3031
f 3060/3163/3032 4146/3165/3032 1609/3028/3032 427/3026/3032
f 392/3166/3033 1574/3168/3033 4147/3169/3033 3061/3167/3033
f 1574/3168/3034 391/3170/3034 3062/3171/3034 4147/3169/3034
f 4147/3169/3035 3062/3171/3035 425/3034/3035 1608/3032/3035
f 3061/3167/3036 4147/3169/3036 1608/3032/3036 426/3030/3036
f 391/3170/3037 1573/3172/3037 4148/3173/3037 3062/3171/3037
f 1573/3172/3038 390/3174/3038 3063/3175/3038 4148/3173/3038
f 4148/3173/3039 3063/3175/3039 424/3038/3039 1607/3036/3039
f 3062/3171/3040 4148/3173/3040 1607/3036/3040 425/3034/3040
f 390/3174/3041 1572/3176/3041 4149/3177/3041 3063/3175/3041
f 1572/3176/3042 389/3178/3042 3064/3179/3042 4149/3177/3042
f 4149/3177/3043 3064/3179/3043 423/3042/3043 1606/3040/3043
f 3063/3175/3044 4149/3177/3044 1606/3040/3044 424/3038/3044
f 389/3178/3045 1571/3180/3045 4150/3181/3045 3064/3179/3045
f 1571/3180/3046 388/3182/3046 3065/3183/3046 4150/3181/3046
f 4150/3181/3047 3065/3183/3047 422/3046/3047 1605/3044/3047
f 3064/3179/3048 4150/3181/3048 1605/3044/3048 423/3042/3048
f 388/3182/3049 1570/3184/3049 4151/3185/3049 3065/3183/3049
f 1570/3184/3050 387/3186/3050 3066/3187/3050 4151/3185/3050
f 4151/3185/3051 3066/3187/3051 421/3050/3051 1604/3048/3051
f 3065/3183/3052 4151/3185/3052 1604/3048/3052 422/3046/3052
f 387/3186/3053 1569/3188/3053 4152/3189/3053 3066/3187/3053
f 1569/3188/3054 386/3190/3054 3067/3191/3054 4152/3189/3054
f 4152/3189/3055 3067/3191/3055 420/3054/3055 1603/3052/3055
f 3066/3187/3056 4152/3189/3056 1603/3052/3056 421/3050/3056
f 386/3190/3057 1568/3192/3057 4153/3193/3057 3067/3191/3057
f 1568/3192/3058 385/3194/3058 3068/3195/3058 4153/3193/3058
f 4153/3193/3059 3068/3195/3059 419/3058/3059 1602/3056/3059
f 3067/3191/3060 4153/3193/3060 1602/3056/3060 420/3054/3060
f 385/3194/3061 1567/3196/3061 4154/3197/3061 3068/3195/3061
f 1567/3196/3062 384/3198/3062 3069/3199/3062 4154/3197/3062
f 4154/3197/3063 3069/3199/3063 418/3062/3063 1601/3060/3063
f 3068/3195/3064 4154/3197/3064 1601/3060/3064 419/3058/3064
f 384/3198/3065 1566/3200/3065 4155/3201/3065 3069/3199/3065
f 1566/3200/3066 383/3202/3066 3070/3203/3066 4155/3201/3066
f 4155/3201/3067 3070/3203/3067 417/3066/3067 1600/3064/3067
f 3069/3199/3068 4155/3201/3068 1600/3064/3068 418/3062/3068
f 383/3202/3069 1565/3204/3069 4156/3205/3069 3070/3203/3069
f 1565/3204/3070 382/3206/3070 3071/3207/3070 4156/3205/3070
f 4156/3205/3071 3071/3207/3071 416/3070/3071 1599/3068/3071
f 3070/3203/3072 4156/3205/3072 1599/3068/3072 417/3066/3072
f 382/3206/3073 1564/3208/3073 4157/3209/3073 3071/3207/3073
f 1564/3208/3074 381/3210/3074 3072/3211/3074 4157/3209/3074
f 4157/3209/3075 3072/3211/3075 415/3074/3075 1598/3072/3075
f 3071/3207/3076 4157/3209/3076 1598/3072/3076 416/3070/3076
f 381/3210/3077 1563/3212/3077 4158/3213/3077 3072/3211/3077
f 1563/3212/3078 380/3214/3078 3073/3215/3078 4158/3213/3078
f 4158/3213/3079 3073/3215/3079 414/3078/3079 1597/3076/3079
f 3072/3211/3080 4158/3213/3080 1597/3076/3080 415/3074/3080
f 380/3214/3081 1562/3216/3081 4159/3217/3081 3073/3215/3081
f 1562/3216/3082 379/3218/3082 3074/3219/3082 4159/3217/3082
f 4159/3217/3083 3074/3219/3083 413/3082/3083 1596/3080/3083
f 3073/3215/3084 4159/3217/3084 1596/3080/3084 414/3078/3084
f 379/3218/3085 1561/3220/3085 4160/3221/3085 3074/3219/3085
f 1561/3220/3086 378/3222/3086 3075/3223/3086 4160/3221/3086
f 4160/3221/3087 3075/3223/3087 412/3086/3087 1595/3084/3087
f 3074/3219/3088 4160/3221/3088 1595/3084/3088 413/3082/3088
f 378/3222/3089 1560/3224/3089 4161/3225/3089 3075/3223/3089
f 1560/3224/3090 377/3226/3090 3076/3227/3090 4161/3225/3090
f 4161/3225/3091 3076/3227/3091 411/3090/3091 1594/3088/3091
f 3075/3223/3092 4161/3225/3092 1594/3088/3092 412/3086/3092
f 377/3226/3093 1559/3228/3093 4162/3229/3093 3076/3227/3093
f 1559/3228/3094 376/3230/3094 3077/3231/3094 4162/3229/3094
f 4162/3229/3095 3077/3231/3095 410/3094/3095 1593/3092/3095
f 3076/3227/3096 4162/3229/3096 1593/3092/3096 411/3090/3096
f 376/3230/3097 1558/3232/3097 4163/3233/3097 3077/3231/3097
f 1558/3232/3098 375/3234/3098 3078/3235/3098 4163/3233/3098
f 4163/3233/3099 3078/3235/3099 409/3098/3099 1592/3096/3099
f 3077/3231/3100 4163/3233/3100 1592/3096/3100 410/3094/3100
f 375/3234/3101 1557/3236/3101 4164/3237/3101 3078/3235/3101
f 1557/3236/3102 374/3238/3102 3079/3239/3102 4164/3237/3102
f 4164/3237/3103 3079/3239/3103 408/3102/3103 1591/3100/3103
f 3078/3235/3104 4164/3237/3104 1591/3100/3104 409/3098/3104
f 374/3238/3105 1556/3240/3105 4165/3241/3105 3079/3239/3105
f 1556/3240/3106 373/3242/3106 3080/3243/3106 4165/3241/3106
f 4165/3241/3107 3080/3243/3107 407/3106/3107 1590/3104/3107
f 3079/3239/3108 4165/3241/3108 1590/3104/3108 408/3102/3108
f 373/3242/3109 1555/3244/3109 4166/3245/3109 3080/3243/3109
f 1555/3244/3110 372/3246/3110 3081/3247/3110 4166/3245/3110
f 4166/3245/3111 3081/3247/3111 406/3110/3111 1589/3108/3111
f 3080/3243/3112 4166/3245/3112 1589/3108/3112 407/3106/3112
f 372/3246/3113 1554/3248/3113 4167/3249/3113 3081/3247/3113
f 1554/3248/3114 371/60/3114 3082/62/3114 4167/3249/3114
f 4167/3249/3115 3082/62/3115 405/66/3115 1588/3112/3115
f 3081/3247/3116 4167/3249/3116 1588/3112/3116 406/3110/3116
f 28/3250/3117 1223/3251/3117 4168/3252/3117 1180/3253/3117
f 1223/3251/3118 370/3254/3118 3083/3255/3118 4168/3252/3118
f 4168/3252/3119 3083/3255/3119 404/3118/3119 1224/3115/3119
f 1180/3253/3120 4168/3252/3120 1224/3115/3120 27/3114/3120
f 370/3254/3121 1552/3256/3121 4169/3257/3121 3083/3255/3121
f 1552/3256/3122 369/3258/3122 3084/3259/3122 4169/3257/3122
f 4169/3257/3123 3084/3259/3123 403/3122/3123 1586/3120/3123
f 3083/3255/3124 4169/3257/3124 1586/3120/3124 404/3118/3124
f 369/3258/3125 1551/3260/3125 4170/3261/3125 3084/3259/3125
f 1551/3260/3126 368/3262/3126 3085/3263/3126 4170/3261/3126
f 4170/3261/3127 3085/3263/3127 402/3126/3127 1585/3124/3127
f 3084/3259/3128 4170/3261/3128 1585/3124/3128 403/3122/3128
f 368/3262/3129 1550/3264/3129 4171/3265/3129 3085/3263/3129
f 1550/3264/3130 367/3266/3130 3086/3267/3130 4171/3265/3130
f 4171/3265/3131 3086/3267/3131 401/3130/3131 1584/3128/3131
f 3085/3263/3132 4171/3265/3132 1584/3128/3132 402/3126/3132
f 367/3266/3133 1549/3268/3133 4172/3269/3133 3086/3267/3133
f 1549/3268/3134 366/3270/3134 3087/3271/3134 4172/3269/3134
f 4172/3269/3135 3087/3271/3135 400/3134/3135 1583/3132/3135
f 3086/3267/3136 4172/3269/3136 1583/3132/3136 401/3130/3136
f 366/3270/3137 1548/3272/3137 4173/3273/3137 3087/3271/3137
f 1548/3272/3138 365/3274/3138 3088/3275/3138 4173/3273/3138
f 4173/3273/3139 3088/3275/3139 399/3138/3139 1582/3136/3139
f 3087/3271/3140 4173/3273/3140 1582/3136/3140 400/3134/3140
f 365/3274/3141 1547/3276/3141 4174/3277/3141 3088/3275/3141
f 1547/3276/3142 364/3278/3142 3089/3279/3142 4174/3277/3142
f 4174/3277/3143 3089/3279/3143 398/3142/3143 1581/3140/3143
f 3088/3275/3144 4174/3277/3144 1581/3140/3144 399/3138/3144
f 364/3278/3145 1546/3280/3145 4175/3281/3145 3089/3279/3145
f 1546/3280/3146 363/3282/3146 3090/3283/3146 4175/3281/3146
f 4175/3281/3147 3090/3283/3147 397/3146/3147 1580/3144/3147
f 3089/3279/3148 4175/3281/3148 1580/3144/3148 398/3142/3148
f 363/3282/3149 1545/3284/3149 4176/3285/3149 3090/3283/3149
f 1545/3284/3150 362/3286/3150 3091/3287/3150 4176/3285/3150
f 4176/3285/3151 3091/3287/3151 396/3150/3151 1579/3148/3151
f 3090/3283/3152 4176/3285/3152 1579/3148/3152 397/3146/3152
f 362/3286/3153 1544/3288/3153 4177/3289/3153 3091/3287/3153
f 1544/3288/3154 361/3290/3154 3092/3291/3154 4177/3289/3154
f 4177/3289/3155 3092/3291/3155 395/3154/3155 1578/3152/3155
f 3091/3287/3156 4177/3289/3156 1578/3152/3156 396/3150/3156
f 361/3290/3157 1543/3292/3157 4178/3293/3157 3092/3291/3157
f 1543/3292/3158 360/3294/3158 3093/3295/3158 4178/3293/3158
f 4178/3293/3159 3093/3295/3159 394/3158/3159 1577/3156/3159
f 3092/3291/3160 4178/3293/3160 1577/3156/3160 395/3154/3160
f 360/3294/3161 1542/3296/3161 4179/3297/3161 3093/3295/3161
f 1542/3296/3162 359/3298/3162 3094/3299/3162 4179/3297/3162
f 4179/3297/3163 3094/3299/3163 393/3162/3163 1576/3160/3163
f 3093/3295/3164 4179/3297/3164 1576/3160/3164 394/3158/3164
f 359/3298/3165 1541/3300/3165 4180/3301/3165 3094/3299/3165
f 1541/3300/3166 358/3302/3166 3095/3303/3166 4180/3301/3166
f 4180/3301/3167 3095/3303/3167 392/3166/3167 1575/3164/3167
f 3094/3299/3168 4180/3301/3168 1575/3164/3168 393/3162/3168
f 358/3302/3169 1540/3304/3169 4181/3305/3169 3095/3303/3169
f 1540/3304/3170 357/3306/3170 3096/3307/3170 4181/3305/3170
f 4181/3305/3171 3096/3307/3171 391/3170/3171 1574/3168/3171
f 3095/3303/3172 4181/3305/3172 1574/3168/3172 392/3166/3172
f 357/3306/3173 1539/3308/3173 4182/3309/3173 3096/3307/3173
f 1539/3308/3174 356/3310/3174 3097/3311/3174 4182/3309/3174
f 4182/3309/3175 3097/3311/3175 390/3174/3175 1573/3172/3175
f 3096/3307/3176 4182/3309/3176 1573/3172/3176 391/3170/3176
f 356/3310/3177 1538/3312/3177 4183/3313/3177 3097/3311/3177
f 1538/3312/3178 355/3314/3178 3098/3315/3178 4183/3313/3178
f 4183/3313/3179 3098/3315/3179 389/3178/3179 1572/3176/3179
f 3097/3311/3180 4183/3313/3180 1572/3176/3180 390/3174/3180
f 355/3314/3181 1537/3316/3181 4184/3317/3181 3098/3315/3181
f 1537/3316/3182 354/3318/3182 3099/3319/3182 4184/3317/3182
f 4184/3317/3183 3099/3319/3183 388/3182/3183 1571/3180/3183
f 3098/3315/3184 4184/3317/3184 1571/3180/3184 389/3178/3184
f 354/3318/3185 1536/3320/3185 4185/3321/3185 3099/3319/3185
f 1536/3320/3186 353/3322/3186 3100/3323/3186 4185/3321/3186
f 4185/3321/3187 3100/3323/3187 387/3186/3187 1570/3184/3187
f 3099/3319/3188 4185/3321/3188 1570/3184/3188 388/3182/3188
f 353/3322/3189 1535/3324/3189 4186/3325/3189 3100/3323/3189
f 1535/3324/3190 352/3326/3190 3101/3327/3190 4186/3325/3190
f 4186/3325/3191 3101/3327/3191 386/3190/3191 1569/3188/3191
f 3100/3323/3192 4186/3325/3192 1569/3188/3192 387/3186/3192
f 352/3326/3193 1534/3328/3193 4187/3329/3193 3101/3327/3193
f 1534/3328/3194 351/3330/3194 3102/3331/3194 4187/3329/3194
f 4187/3329/3195 3102/3331/3195 385/3194/3195 1568/3192/3195
f 3101/3327/3196 4187/3329/3196 1568/3192/3196 386/3190/3196
f 351/3330/3197 1533/3332/3197 4188/3333/3197 3102/3331/3197
f 1533/3332/3198 350/3334/3198 3103/3335/3198 4188/3333/3198
f 4188/3333/3199 3103/3335/3199 384/3198/3199 1567/3196/3199
f 3102/3331/3200 4188/3333/3200 1567/3196/3200 385/3194/3200
f 350/3334/3201 1532/3336/3201 4189/3337/3201 3103/3335/3201
f 1532/3336/3202 349/3338/3202 3104/3339/3202 4189/3337/3202
f 4189/3337/3203 3104/3339/3203 383/3202/3203 1566/3200/3203
f 3103/3335/3204 4189/3337/3204 1566/3200/3204 384/3198/3204
f 349/3338/3205 1531/3340/3205 4190/3341/3205 3104/3339/3205
f 1531/3340/3206 348/3342/3206 3105/3343/3206 4190/3341/3206
f 4190/3341/3207 3105/3343/3207 382/3206/3207 1565/3204/3207
f 3104/3339/3208 4190/3341/3208 1565/3204/3208 383/3202/3208
f 348/3342/3209 1530/3344/3209 4191/3345/3209 3105/3343/3209
f 1530/3344/3210 347/3346/3210 3106/3347/3210 4191/3345/3210
f 4191/3345/3211 3106/3347/3211 381/3210/3211 1564/3208/3211
f 3105/3343/3212 4191/3345/3212 1564/3208/3212 382/3206/3212
f 347/3346/3213 1529/3348/3213 4192/3349/3213 3106/3347/3213
f 1529/3348/3214 346/3350/3214 3107/3351/3214 4192/3349/3214
f 4192/3349/3215 3107/3351/3215 380/3214/3215 1563/3212/3215
f 3106/3347/3216 4192/3349/3216 1563/3212/3216 381/3210/3216
f 346/3350/3217 1528/3352/3217 4193/3353/3217 3107/3351/3217
f 1528/3352/3218 345/3354/3218 3108/3355/3218 4193/3353/3218
f 4193/3353/3219 3108/3355/3219 379/3218/3219 1562/3216/3219
f 3107/3351/3220 4193/3353/3220 1562/3216/3220 380/3214/3220
f 345/3354/3221 1527/3356/3221 4194/3357/3221 3108/3355/3221
f 1527/3356/3222 344/3358/3222 3109/3359/3222 4194/3357/3222
f 4194/3357/3223 3109/3359/3223 378/3222/3223 1561/3220/3223
f 3108/3355/3224 4194/3357/3224 1561/3220/3224 379/3218/3224
f 344/3358/3225 1526/3360/3225 4195/3361/3225 3109/3359/3225
f 1526/3360/3226 343/3362/3226 3110/3363/3226 4195/3361/3226
f 4195/3361/3227 3110/3363/3227 377/3226/3227 1560/3224/3227
f 3109/3359/3228 4195/3361/3228 1560/3224/3228 378/3222/3228
f 343/3362/3229 1525/3364/3229 4196/3365/3229 3110/3363/3229
f 1525/3364/3230 342/3366/3230 3111/3367/3230 4196/3365/3230
f 4196/3365/3231 3111/3367/3231 376/3230/3231 1559/3228/3231
f 3110/3363/3232 4196/3365/3232 1559/3228/3232 377/3226/3232
f 342/3366/3233 1524/3368/3233 4197/3369/3233 3111/3367/3233
f 1524/3368/3234 341/3370/3234 3112/3371/3234 4197/3369/3234
f 4197/3369/3235 3112/3371/3235 375/3234/3235 1558/3232/3235
f 3111/3367/3236 4197/3369/3236 1558/3232/3236 376/3230/3236
f 341/3370/3237 1523/3372/3237 4198/3373/3237 3112/3371/3237
f 1523/3372/3238 340/3374/3238 3113/3375/3238 4198/3373/3238
f 4198/3373/3239 3113/3375/3239 374/3238/3239 1557/3236/3239
f 3112/3371/3240 4198/3373/3240 1557/3236/3240 375/3234/3240
f 340/3374/3241 1522/3376/3241 4199/3377/3241 3113/3375/3241
f 1522/3376/3242 339/3378/3242 3114/3379/3242 4199/3377/3242
f 4199/3377/3243 3114/3379/3243 373/3242/3243 1556/3240/3243
f 3113/3375/3244 4199/3377/3244 1556/3240/3244 374/3238/3244
f 339/3378/3245 1521/3380/3245 4200/3381/3245 3114/3379/3245
f 1521/3380/3246 338/3382/3246 3115/3383/3246 4200/3381/3246
f 4200/3381/3247 3115/3383/3247 372/3246/3247 1555/3244/3247
f 3114/3379/3248 4200/3381/3248 1555/3244/3248 373/3242/3248
f 338/3382/3249 1520/3384/3249 4201/3385/3249 3115/3383/3249
f 1520/3384/3250 337/54/3250 3116/56/3250 4201/3385/3250
f 4201/3385/3251 3116/56/3251 371/60/3251 1554/3248/3251
f 3115/3383/3252 4201/3385/3252 1554/3248/3252 372/3246/3252
f 29/3386/3253 1222/3387/3253 4202/3388/3253 1181/3389/3253
f 1222/3387/3254 336/3390/3254 3117/3391/3254 4202/3388/3254
f 4202/3388/3255 3117/3391/3255 370/3254/3255 1223/3251/3255
f 1181/3389/3256 4202/3388/3256 1223/3251/3256 28/3250/3256
f 336/3390/3257 1518/3392/3257 4203/3393/3257 3117/3391/3257
f 1518/3392/3258 335/3394/3258 3118/3395/3258 4203/3393/3258
f 4203/3393/3259 3118/3395/3259 369/3258/3259 1552/3256/3259
f 3117/3391/3260 4203/3393/3260 1552/3256/3260 370/3254/3260
f 335/3394/3261 1517/3396/3261 4204/3397/3261 3118/3395/3261
f 1517/3396/3262 334/3398/3262 3119/3399/3262 4204/3397/3262
f 4204/3397/3263 3119/3399/3263 368/3262/3263 1551/3260/3263
f 3118/3395/3264 4204/3397/3264 1551/3260/3264 369/3258/3264
f 334/3398/3265 1516/3400/3265 4205/3401/3265 3119/3399/3265
f 1516/3400/3266 333/3402/3266 3120/3403/3266 4205/3401/3266
f 4205/3401/3267 3120/3403/3267 367/3266/3267 1550/3264/3267
f 3119/3399/3268 4205/3401/3268 1550/3264/3268 368/3262/3268
f 333/3402/3269 1515/3404/3269 4206/3405/3269 3120/3403/3269
f 1515/3404/3270 332/3406/3270 3121/3407/3270 4206/3405/3270
f 4206/3405/3271 3121/3407/3271 366/3270/3271 1549/3268/3271
f 3120/3403/3272 4206/3405/3272 1549/3268/3272 367/3266/3272
f 332/3406/3273 1514/3408/3273 4207/3409/3273 3121/3407/3273
f 1514/3408/3274 331/3410/3274 3122/3411/3274 4207/3409/3274
f 4207/3409/3275 3122/3411/3275 365/3274/3275 1548/3272/3275
f 3121/3407/3276 4207/3409/3276 1548/3272/3276 366/3270/3276
f 331/3410/3277 1513/3412/3277 4208/3413/3277 3122/3411/3277
f 1513/3412/3278 330/3414/3278 3123/3415/3278 4208/3413/3278
f 4208/3413/3279 3123/3415/3279 364/3278/3279 1547/3276/3279
f 3122/3411/3280 4208/3413/3280 1547/3276/3280 365/3274/3280
f 330/3414/3281 1512/3416/3281 4209/3417/3281 3123/3415/3281
f 1512/3416/3282 329/3418/3282 3124/3419/3282 4209/3417/3282
f 4209/3417/3283 3124/3419/3283 363/3282/3283 1546/3280/3283
f 3123/3415/3284 4209/3417/3284 1546/3280/3284 364/3278/3284
f 329/3418/3285 1511/3420/3285 4210/3421/3285 3124/3419/3285
f 1511/3420/3286 328/3422/3286 3125/3423/3286 4210/3421/3286
f 4210/3421/3287 3125/3423/3287 362/3286/3287 1545/3284/3287
f 3124/3419/3288 4210/3421/3288 1545/3284/3288 363/3282/3288
f 328/3422/3289 1510/3424/3289 4211/3425/3289 3125/3423/3289
f 1510/3424/3290 327/3426/3290 3126/3427/3290 4211/3425/3290
f 4211/3425/3291 3126/3427/3291 361/3290/3291 1544/3288/3291
f 3125/3423/3292 4211/3425/3292 1544/3288/3292 362/3286/3292
f 327/3426/3293 1509/3428/3293 4212/3429/3293 3126/3427/3293
f 1509/3428/3294 326/3430/3294 3127/3431/3294 4212/3429/3294
f 4212/3429/3295 3127/3431/3295 360/3294/3295 1543/3292/3295
f 3126/3427/3296 4212/3429/3296 1543/3292/3296 361/3290/3296
f 326/3430/3297 1508/3432/3297 4213/3433/3297 3127/3431/3297
f 1508/3432/3298 325/3434/3298 3128/3435/3298 4213/3433/3298
f 4213/3433/3299 3128/3435/3299 359/3298/3299 1542/3296/3299
f 3127/3431/3300 4213/3433/3300 1542/3296/3300 360/3294/3300
f 325/3434/3301 1507/3436/3301 4214/3437/3301 3128/3435/3301
f 1507/3436/3302 324/3438/3302 3129/3439/3302 4214/3437/3302
f 4214/3437/3303 3129/3439/3303 358/3302/3303 1541/3300/3303
f 3128/3435/3304 4214/3437/3304 1541/3300/3304 359/3298/3304
f 324/3438/3305 1506/3440/3305 4215/3441/3305 3129/3439/3305
f 1506/3440/3306 323/3442/3306 3130/3443/3306 4215/3441/3306
f 4215/3441/3307 3130/3443/3307 357/3306/3307 1540/3304/3307
f 3129/3439/3308 4215/3441/3308 1540/3304/3308 358/3302/3308
f 323/3442/3309 1505/3444/3309 4216/3445/3309 3130/3443/3309
f 1505/3444/3310 322/3446/3310 3131/3447/3310 4216/3445/3310
f 4216/3445/3311 3131/3447/3311 356/3310/3311 1539/3308/3311
f 3130/3443/3312 4216/3445/3312 1539/3308/3312 357/3306/3312
f 322/3446/3313 1504/3448/3313 4217/3449/3313 3131/3447/3313
f 1504/3448/3314 321/3450/3314 3132/3451/3314 4217/3449/3314
f 4217/3449/3315 3132/3451/3315 355/3314/3315 1538/3312/3315
f 3131/3447/3316 4217/3449/3316 1538/3312/3316 356/3310/3316
f 321/3450/3317 1503/3452/3317 4218/3453/3317 3132/3451/3317
f 1503/3452/3318 320/3454/3318 3133/3455/3318 4218/3453/3318
f 4218/3453/3319 3133/3455/3319 354/3318/3319 1537/3316/3319
f 3132/3451/3320 4218/3453/3320 1537/3316/3320 355/3314/3320
f 320/3454/3321 1502/3456/3321 4219/3457/3321 3133/3455/3321
f 1502/3456/3322 319/3458/3322 3134/3459/3322 4219/3457/3322
f 4219/3457/3323 3134/3459/3323 353/3322/3323 1536/3320/3323
f 3133/3455/3324 4219/3457/3324 1536/3320/3324 354/3318/3324
f 319/3458/3325 1501/3460/3325 4220/3461/3325 3134/3459/3325
f 1501/3460/3326 318/3462/3326 3135/3463/3326 4220/3461/3326
f 4220/3461/3327 3135/3463/3327 352/3326/3327 1535/3324/3327
f 3134/3459/3328 4220/3461/3328 1535/3324/3328 353/3322/3328
f 318/3462/3329 1500/3464/3329 4221/3465/3329 3135/3463/3329
f 1500/3464/3330 317/3466/3330 3136/3467/3330 4221/3465/3330
f 4221/3465/3331 3136/3467/3331 351/3330/3331 1534/3328/3331
f 3135/3463/3332 4221/3465/3332 1534/3328/3332 352/3326/3332
f 317/3466/3333 1499/3468/3333 4222/3469/3333 3136/3467/3333
f 1499/3468/3334 316/3470/3334 3137/3471/3334 4222/3469/3334
f 4222/3469/3335 3137/3471/3335 350/3334/3335 1533/3332/3335
f 3136/3467/3336 4222/3469/3336 1533/3332/3336 351/3330/3336
f 316/3470/3337 1498/3472/3337 4223/3473/3337 3137/3471/3337
f 1498/3472/3338 315/3474/3338 3138/3475/3338 4223/3473/3338
f 4223/3473/3339 3138/3475/3339 349/3338/3339 1532/3336/3339
f 3137/3471/3340 4223/3473/3340 1532/3336/3340 350/3334/3340
f 315/3474/3341 1497/3476/3341 4224/3477/3341 3138/3475/3341
f 1497/3476/3342 314/3478/3342 3139/3479/3342 4224/3477/3342
f 4224/3477/3343 3139/3479/3343 348/3342/3343 1531/3340/3343
f 3138/3475/3344 4224/3477/3344 1531/3340/3344 349/3338/3344
f 314/3478/3345 1496/3480/3345 4225/3481/3345 3139/3479/3345
f 1496/3480/3346 313/3482/3346 3140/3483/3346 4225/3481/3346
f 4225/3481/3347 3140/3483/3347 347/3346/3347 1530/3344/3347
f 3139/3479/3348 4225/3481/3348 1530/3344/3348 348/3342/3348
f 313/3482/3349 1495/3484/3349 4226/3485/3349 3140/3483/3349
f 1495/3484/3350 312/3486/3350 3141/3487/3350 4226/3485/3350
f 4226/3485/3351 3141/3487/3351 346/3350/3351 1529/3348/3351
f 3140/3483/3352 4226/3485/3352 1529/3348/3352 347/3346/3352
f 312/3486/3353 1494/3488/3353 4227/3489/3353 3141/3487/3353
f 1494/3488/3354 311/3490/3354 3142/3491/3354 4227/3489/3354
f 4227/3489/3355 3142/3491/3355 345/3354/3355 1528/3352/3355
f 3141/3487/3356 4227/3489/3356 1528/3352/3356 346/3350/3356
f 311/3490/3357 1493/3492/3357 4228/3493/3357 3142/3491/3357
f 1493/3492/3358 310/3494/3358 3143/3495/3358 4228/3493/3358
f 4228/3493/3359 3143/3495/3359 344/3358/3359 1527/3356/3359
f 3142/3491/3360 4228/3493/3360 1527/3356/3360 345/3354/3360
f 310/3494/3361 1492/3496/3361 4229/3497/3361 3143/3495/3361
f 1492/3496/3362 309/3498/3362 3144/3499/3362 4229/3497/3362
f 4229/3497/3363 3144/3499/3363 343/3362/3363 1526/3360/3363
f 3143/3495/3364 4229/3497/3364 1526/3360/3364 344/3358/3364
f 309/3498/3365 1491/3500/3365 4230/3501/3365 3144/3499/3365
f 1491/3500/3366 308/3502/3366 3145/3503/3366 4230/3501/3366
f 4230/3501/3367 3145/3503/3367 342/3366/3367 1525/3364/3367
f 3144/3499/3368 4230/3501/3368 1525/3364/3368 343/3362/3368
f 308/3502/3369 1490/3504/3369 4231/3505/3369 3145/3503/3369
f 1490/3504/3370 307/3506/3370 3146/3507/3370 4231/3505/3370
f 4231/3505/3371 3146/3507/3371 341/3370/3371 1524/3368/3371
f 3145/3503/3372 4231/3505/3372 1524/3368/3372 342/3366/3372
f 307/3506/3373 1489/3508/3373 4232/3509/3373 3146/3507/3373
f 1489/3508/3374 306/3510/3374 3147/3511/3374 4232/3509/3374
f 4232/3509/3375 3147/3511/3375 340/3374/3375 1523/3372/3375
f 3146/3507/3376 4232/3509/3376 1523/3372/3376 341/3370/3376
f 306/3510/3377 1488/3512/3377 4233/3513/3377 3147/3511/3377
f 1488/3512/3378 305/3514/3378 3148/3515/3378 4233/3513/3378
f 4233/3513/3379 3148/3515/3379 339/3378/3379 1522/3376/3379
f 3147/3511/3380 4233/3513/3380 1522/3376/3380 340/3374/3380
f 305/3514/3381 1487/3516/3381 4234/3517/3381 3148/3515/3381
f 1487/3516/3382 304/3518/3382 3149/3519/3382 4234/3517/3382
f 4234/3517/3383 3149/3519/3383 338/3382/3383 1521/3380/3383
f 3148/3515/3384 4234/3517/3384 1521/3380/3384 339/3378/3384
f 304/3518/3385 1486/3520/3385 4235/3521/3385 3149/3519/3385
f 1486/3520/3386 303/48/3386 3150/50/3386 4235/3521/3386
f 4235/3521/3387 3150/50/3387 337/54/3387 1520/3384/3387
f 3149/3519/3388 4235/3521/3388 1520/3384/3388 338/3382/3388
f 30/3522/3389 1221/3523/3389 4236/3524/3389 1182/3525/3389
f 1221/3523/3390 302/3526/3390 3151/3527/3390 4236/3524/3390
f 4236/3524/3391 3151/3527/3391 336/3390/3391 1222/3387/3391
f 1182/3525/3392 4236/3524/3392 1222/3387/3392 29/3386/3392
f 302/3526/3393 1484/3528/3393 4237/3529/3393 3151/3527/3393
f 1484/3528/3394 301/3530/3394 3152/3531/3394 4237/3529/3394
f 4237/3529/3395 3152/3531/3395 335/3394/3395 1518/3392/3395
f 3151/3527/3396 4237/3529/3396 1518/3392/3396 336/3390/3396
f 301/3530/3397 1483/3532/3397 4238/3533/3397 3152/3531/3397
f 1483/3532/3398 300/3534/3398 3153/3535/3398 4238/3533/3398
f 4238/3533/3399 3153/3535/3399 334/3398/3399 1517/3396/3399
f 3152/3531/3400 4238/3533/3400 1517/3396/3400 335/3394/3400
f 300/3534/3401 1482/3536/3401 4239/3537/3401 3153/3535/3401
f 1482/3536/3402 299/3538/3402 3154/3539/3402 4239/3537/3402
f 4239/3537/3403 3154/3539/3403 333/3402/3403 1516/3400/3403
f 3153/3535/3404 4239/3537/3404 1516/3400/3404 334/3398/3404
f 299/3538/3405 1481/3540/3405 4240/3541/3405 3154/3539/3405
f 1481/3540/3406 298/3542/3406 3155/3543/3406 4240/3541/3406
f 4240/3541/3407 3155/3543/3407 332/3406/3407 1515/3404/3407
f 3154/3539/3408 4240/3541/3408 1515/3404/3408 333/3402/3408
f 298/3542/3409 1480/3544/3409 4241/3545/3409 3155/3543/3409
f 1480/3544/3410 297/3546/3410 3156/3547/3410 4241/3545/3410
f 4241/3545/3411 3156/3547/3411 331/3410/3411 1514/3408/3411
f 3155/3543/3412 4241/3545/3412 1514/3408/3412 332/3406/3412
f 297/3546/3413 1479/3548/3413 4242/3549/3413 3156/3547/3413
f 1479/3548/3414 296/3550/3414 3157/3551/3414 4242/3549/3414
f 4242/3549/3415 3157/3551/3415 330/3414/3415 1513/3412/3415
f 3156/3547/3416 4242/3549/3416 1513/3412/3416 331/3410/3416
f 296/3550/3417 1478/3552/3417 4243/3553/3417 3157/3551/3417
f 1478/3552/3418 295/3554/3418 3158/3555/3418 4243/3553/3418
f 4243/3553/3419 3158/3555/3419 329/3418/3419 1512/3416/3419
f 3157/3551/3420 4243/3553/3420 1512/3416/3420 330/3414/3420
f 295/3554/3421 1477/3556/3421 4244/3557/3421 3158/3555/3421
f 1477/3556/3422 294/3558/3422 3159/3559/3422 4244/3557/3422
f 4244/3557/3423 3159/3559/3423 328/3422/3423 1511/3420/3423
f 3158/3555/3424 4244/3557/3424 1511/3420/3424 329/3418/3424
f 294/3558/3425 1476/3560/3425 4245/3561/3425 3159/3559/3425
f 1476/3560/3426 293/3562/3426 3160/3563/3426 4245/3561/3426
f 4245/3561/3427 3160/3563/3427 327/3426/3427 1510/3424/3427
f 3159/3559/3428 4245/3561/3428 1510/3424/3428 328/3422/3428
f 293/3562/3429 1475/3564/3429 4246/3565/3429 3160/3563/3429
f 1475/3564/3430 292/3566/3430 3161/3567/3430 4246/3565/3430
f 4246/3565/3431 3161/3567/3431 326/3430/3431 1509/3428/3431
f 3160/3563/3432 4246/3565/3432 1509/3428/3432 327/3426/3432
f 292/3566/3433 1474/3568/3433 4247/3569/3433 3161/3567/3433
f 1474/3568/3434 291/3570/3434 3162/3571/3434 4247/3569/3434
f 4247/3569/3435 3162/3571/3435 325/3434/3435 1508/3432/3435
f 3161/3567/3436 4247/3569/3436 1508/3432/3436 326/3430/3436
f 291/3570/3437 1473/3572/3437 4248/3573/3437 3162/3571/3437
f 1473/3572/3438 290/3574/3438 3163/3575/3438 4248/3573/3438
f 4248/3573/3439 3163/3575/3439 324/3438/3439 1507/3436/3439
f 3162/3571/3440 4248/3573/3440 1507/3436/3440 325/3434/3440
f 290/3574/3441 1472/3576/3441 4249/3577/3441 3163/3575/3441
f 1472/3576/3442 289/3578/3442 3164/3579/3442 4249/3577/3442
f 4249/3577/3443 3164/3579/3443 323/3442/3443 1506/3440/3443
f 3163/3575/3444 4249/3577/3444 1506/3440/3444 324/3438/3444
f 289/3578/3445 1471/3580/3445 4250/3581/3445 3164/3579/3445
f 1471/3580/3446 288/3582/3446 3165/3583/3446 4250/3581/3446
f 4250/3581/3447 3165/3583/3447 322/3446/3447 1505/3444/3447
f 3164/3579/3448 4250/3581/3448 1505/3444/3448 323/3442/3448
f 288/3582/3449 1470/3584/3449 4251/3585/3449 3165/3583/3449
f 1470/3584/3450 287/3586/3450 3166/3587/3450 4251/3585/3450
f 4251/3585/3451 3166/3587/3451 321/3450/3451 1504/3448/3451
f 3165/3583/3452 4251/3585/3452 1504/3448/3452 322/3446/3452
f 287/3586/3453 1469/3588/3453 4252/3589/3453 3166/3587/3453
f 1469/3588/3454 286/3590/3454 3167/3591/3454 4252/3589/3454
f 4252/3589/3455 3167/3591/3455 320/3454/3455 1503/3452/3455
f 3166/3587/3456 4252/3589/3456 1503/3452/3456 321/3450/3456
f 286/3590/3457 1468/3592/3457 4253/3593/3457 3167/3591/3457
f 1468/3592/3458 285/3594/3458 3168/3595/3458 4253/3593/3458
f 4253/3593/3459 3168/3595/3459 319/3458/3459 1502/3456/3459
f 3167/3591/3460 4253/3593/3460 1502/3456/3460 320/3454/3460
f 285/3594/3461 1467/3596/3461 4254/3597/3461 3168/3595/3461
f 1467/3596/3462 284/3598/3462 3169/3599/3462 4254/3597/3462
f 4254/3597/3463 3169/3599/3463 318/3462/3463 1501/3460/3463
f 3168/3595/3464 4254/3597/3464 1501/3460/3464 319/3458/3464
f 284/3598/3465 1466/3600/3465 4255/3601/3465 3169/3599/3465
f 1466/3600/3466 283/3602/3466 3170/3603/3466 4255/3601/3466
f 4255/3601/3467 3170/3603/3467 317/3466/3467 1500/3464/3467
f 3169/3599/3468 4255/3601/3468 1500/3464/3468 318/3462/3468
f 283/3602/3469 1465/3604/3469 4256/3605/3469 3170/3603/3469
f 1465/3604/3470 282/3606/3470 3171/3607/3470 4256/3605/3470
f 4256/3605/3471 3171/3607/3471 316/3470/3471 1499/3468/3471
f 3170/3603/3472 4256/3605/3472 1499/3468/3472 317/3466/3472
f 282/3606/3473 1464/3608/3473 4257/3609/3473 3171/3607/3473
f 1464/3608/3474 281/3610/3474 3172/3611/3474 4257/3609/3474
f 4257/3609/3475 3172/3611/3475 315/3474/3475 1498/3472/3475
f 3171/3607/3476 4257/3609/3476 1498/3472/3476 316/3470/3476
f 281/3610/3477 1463/3612/3477 4258/3613/3477 3172/3611/3477
f 1463/3612/3478 280/3614/3478 3173/3615/3478 4258/3613/3478
f 4258/3613/3479 3173/3615/3479 314/3478/3479 1497/3476/3479
f 3172/3611/3480 4258/3613/3480 1497/3476/3480 315/3474/3480
f 280/3614/3481 1462/3616/3481 4259/3617/3481 3173/3615/3481
f 1462/3616/3482 279/3618/3482 3174/3619/3482 4259/3617/3482
f 4259/3617/3483 3174/3619/3483 313/3482/3483 1496/3480/3483
f 3173/3615/3484 4259/3617/3484 1496/3480/3484 314/3478/3484
f 279/3618/3485 1461/3620/3485 4260/3621/3485 3174/3619/3485
f 1461/3620/3486 278/3622/3486 3175/3623/3486 4260/3621/3486
f 4260/3621/3487 3175/3623/3487 312/3486/3487 1495/3484/3487
f 3174/3619/3488 4260/3621/3488 1495/3484/3488 313/3482/3488
f 278/3622/3489 1460/3624/3489 4261/3625/3489 3175/3623/3489
f 1460/3624/3490 277/3626/3490 3176/3627/3490 4261/3625/3490
f 4261/3625/3491 3176/3627/3491 311/3490/3491 1494/3488/3491
f 3175/3623/3492 4261/3625/3492 1494/3488/3492 312/3486/3492
f 277/3626/3493 1459/3628/3493 4262/3629/3493 3176/3627/3493
f 1459/3628/3494 276/3630/3494 3177/3631/3494 4262/3629/3494
f 4262/3629/3495 3177/3631/3495 310/3494/3495 1493/3492/3495
f 3176/3627/3496 4262/3629/3496 1493/3492/3496 311/3490/3496
f 276/3630/3497 1458/3632/3497 4263/3633/3497 3177/3631/3497
f 1458/3632/3498 275/3634/3498 3178/3635/3498 4263/3633/3498
f 4263/3633/3499 3178/3635/3499 309/3498/3499 1492/3496/3499
f 3177/3631/3500 4263/3633/3500 1492/3496/3500 310/3494/3500
f 275/3634/3501 1457/3636/3501 4264/3637/3501 3178/3635/3501
f 1457/3636/3502 274/3638/3502 3179/3639/3502 4264/3637/3502
f 4264/3637/3503 3179/3639/3503 308/3502/3503 1491/3500/3503
f 3178/3635/3504 4264/3637/3504 1491/3500/3504 309/3498/3504
f 274/3638/3505 1456/3640/3505 4265/3641/3505 3179/3639/3505
f 1456/3640/3506 273/3642/3506 3180/3643/3506 4265/3641/3506
f 4265/3641/3507 3180/3643/3507 307/3506/3507 1490/3504/3507
f 3179/3639/3508 4265/3641/3508 1490/3504/3508 308/3502/3508
f 273/3642/3509 1455/3644/3509 4266/3645/3509 3180/3643/3509
f 1455/3644/3510 272/3646/3510 3181/3647/3510 4266/3645/3510
f 4266/3645/3511 3181/3647/3511 306/3510/3511 1489/3508/3511
f 3180/3643/3512 4266/3645/3512 1489/3508/3512 307/3506/3512
f 272/3646/3513 1454/3648/3513 4267/3649/3513 3181/3647/3513
f 1454/3648/3514 271/3650/3514 3182/3651/3514 4267/3649/3514
f 4267/3649/3515 3182/3651/3515 305/3514/3515 1488/3512/3515
f 3181/3647/3516 4267/3649/3516 1488/3512/3516 306/3510/3516
f 271/3650/3517 1453/3652/3517 4268/3653/3517 3182/3651/3517
f 1453/3652/3518 270/3654/3518 3183/3655/3518 4268/3653/3518
f 4268/3653/3519 3183/3655/3519 304/3518/3519 1487/3516/3519
f 3182/3651/3520 4268/3653/3520 1487/3516/3520 305/3514/3520
f 270/3654/3521 1452/3656/3521 4269/3657/3521 3183/3655/3521
f 1452/3656/3522 269/42/3522 3184/44/3522 4269/3657/3522
f 4269/3657/3523 3184/44/3523 303/48/3523 1486/3520/3523
f 3183/3655/3524 4269/3657/3524 1486/3520/3524 304/3518/3524
f 31/3658/3525 1220/3659/3525 4270/3660/3525 1183/3661/3525
f 1220/3659/3526 268/3662/3526 3185/3663/3526 4270/3660/3526
f 4270/3660/3527 3185/3663/3527 302/3526/3527 1221/3523/3527
f 1183/3661/3528 4270/3660/3528 1221/3523/3528 30/3522/3528
f 268/3662/3529 1450/3664/3529 4271/3665/3529 3185/3663/3529
f 1450/3664/3530 267/3666/3530 3186/3667/3530 4271/3665/3530
f 4271/3665/3531 3186/3667/3531 301/3530/3531 1484/3528/3531
f 3185/3663/3532 4271/3665/3532 1484/3528/3532 302/3526/3532
f 267/3666/3533 1449/3668/3533 4272/3669/3533 3186/3667/3533
f 1449/3668/3534 266/3670/3534 3187/3671/3534 4272/3669/3534
f 4272/3669/3535 3187/3671/3535 300/3534/3535 1483/3532/3535
f 3186/3667/3536 4272/3669/3536 1483/3532/3536 301/3530/3536
f 266/3670/3537 1448/3672/3537 4273/3673/3537 3187/3671/3537
f 1448/3672/3538 265/3674/3538 3188/3675/3538 4273/3673/3538
f 4273/3673/3539 3188/3675/3539 299/3538/3539 1482/3536/3539
f 3187/3671/3540 4273/3673/3540 1482/3536/3540 300/3534/3540
f 265/3674/3541 1447/3676/3541 4274/3677/3541 3188/3675/3541
f 1447/3676/3542 264/3678/3542 3189/3679/3542 4274/3677/3542
f 4274/3677/3543 3189/3679/3543 298/3542/3543 1481/3540/3543
f 3188/3675/3544 4274/3677/3544 1481/3540/3544 299/3538/3544
f 264/3678/3545 1446/3680/3545 4275/3681/3545 3189/3679/3545
f 1446/3680/3546 263/3682/3546 3190/3683/3546 4275/3681/3546
f 4275/3681/3547 3190/3683/3547 297/3546/3547 1480/3544/3547
f 3189/3679/3548 4275/3681/3548 1480/3544/3548 298/3542/3548
f 263/3682/3549 1445/3684/3549 4276/3685/3549 3190/3683/3549
f 1445/3684/3550 262/3686/3550 3191/3687/3550 4276/3685/3550
f 4276/3685/3551 3191/3687/3551 296/3550/3551 1479/3548/3551
f 3190/3683/3552 4276/3685/3552 1479/3548/3552 297/3546/3552
f 262/3686/3553 1444/3688/3553 4277/3689/3553 3191/3687/3553
f 1444/3688/3554 261/3690/3554 3192/3691/3554 4277/3689/3554
f 4277/3689/3555 3192/3691/3555 295/3554/3555 1478/3552/3555
f 3191/3687/3556 4277/3689/3556 1478/3552/3556 296/3550/3556
f 261/3690/3557 1443/3692/3557 4278/3693/3557 3192/3691/3557
f 1443/3692/3558 260/3694/3558 3193/3695/3558 4278/3693/3558
f 4278/3693/3559 3193/3695/3559 294/3558/3559 1477/3556/3559
f 3192/3691/3560 4278/3693/3560 1477/3556/3560 295/3554/3560
f 260/3694/3561 1442/3696/3561 4279/3697/3561 3193/3695/3561
f 1442/3696/3562 259/3698/3562 3194/3699/3562 4279/3697/3562
f 4279/3697/3563 3194/3699/3563 293/3562/3563 1476/3560/3563
f 3193/3695/3564 4279/3697/3564 1476/3560/3564 294/3558/3564
f 259/3698/3565 1441/3700/3565 4280/3701/3565 3194/3699/3565
f 1441/3700/3566 258/3702/3566 3195/3703/3566 4280/3701/3566
f 4280/3701/3567 3195/3703/3567 292/3566/3567 1475/3564/3567
f 3194/3699/3568 4280/3701/3568 1475/3564/3568 293/3562/3568
f 258/3702/3569 1440/3704/3569 4281/3705/3569 3195/3703/3569
f 1440/3704/3570 257/3706/3570 3196/3707/3570 4281/3705/3570
f 4281/3705/3571 3196/3707/3571 291/3570/3571 1474/3568/3571
f 3195/3703/3572 4281/3705/3572 1474/3568/3572 292/3566/3572
f 257/3706/3573 1439/3708/3573 4282/3709/3573 3196/3707/3573
f 1439/3708/3574 256/3710/3574 3197/3711/3574 4282/3709/3574
f 4282/3709/3575 3197/3711/3575 290/3574/3575 1473/3572/3575
f 3196/3707/3576 4282/3709/3576 1473/3572/3576 291/3570/3576
f 256/3710/3577 1438/3712/3577 4283/3713/3577 3197/3711/3577
f 1438/3712/3578 255/3714/3578 3198/3715/3578 4283/3713/3578
f 4283/3713/3579 3198/3715/3579 289/3578/3579 1472/3576/3579
f 3197/3711/3580 4283/3713/3580 1472/3576/3580 290/3574/3580
f 255/3714/3581 1437/3716/3581 4284/3717/3581 3198/3715/3581
f 1437/3716/3582 254/3718/3582 3199/3719/3582 4284/3717/3582
f 4284/3717/3583 3199/3719/3583 288/3582/3583 1471/3580/3583
f 3198/3715/3584 4284/3717/3584 1471/3580/3584 289/3578/3584
f 254/3718/3585 1436/3720/3585 4285/3721/3585 3199/3719/3585
f 1436/3720/3586 253/3722/3586 3200/3723/3586 4285/3721/3586
f 4285/3721/3587 3200/3723/3587 287/3586/3587 1470/3584/3587
f 3199/3719/3588 4285/3721/3588 1470/3584/3588 288/3582/3588
f 253/3722/3589 1435/3724/3589 4286/3725/3589 3200/3723/3589
f 1435/3724/3590 252/3726/3590 3201/3727/3590 4286/3725/3590
f 4286/3725/3591 3201/3727/3591 286/3590/3591 1469/3588/3591
f 3200/3723/3592 4286/3725/3592 1469/3588/3592 287/3586/3592
f 252/3726/3593 1434/3728/3593 4287/3729/3593 3201/3727/3593
f 1434/3728/3594 251/3730/3594 3202/3731/3594 4287/3729/3594
f 4287/3729/3595 3202/3731/3595 285/3594/3595 1468/3592/3595
f 3201/3727/3596 4287/3729/3596 1468/3592/3596 286/3590/3596
f 251/3730/3597 1433/3732/3597 4288/3733/3597 3202/3731/3597
f 1433/3732/3598 250/3734/3598 3203/3735/3598 4288/3733/3598
f 4288/3733/3599 3203/3735/3599 284/3598/3599 1467/3596/3599
f 3202/3731/3600 4288/3733/3600 1467/3596/3600 285/3594/3600
f 250/3734/3601 1432/3736/3601 4289/3737/3601 3203/3735/3601
f 1432/3736/3602 249/3738/3602 3204/3739/3602 4289/3737/3602
f 4289/3737/3603 3204/3739/3603 283/3602/3603 1466/3600/3603
f 3203/3735/3604 4289/3737/3604 1466/3600/3604 284/3598/3604
f 249/3738/3605 1431/3740/3605 4290/3741/3605 3204/3739/3605
f 1431/3740/3606 248/3742/3606 3205/3743/3606 4290/3741/3606
f 4290/3741/3607 3205/3743/3607 282/3606/3607 1465/3604/3607
f 3204/3739/3608 4290/3741/3608 1465/3604/3608 283/3602/3608
f 248/3742/3609 1430/3744/3609 4291/3745/3609 3205/3743/3609
f 1430/3744/3610 247/3746/3610 3206/3747/3610 4291/3745/3610
f 4291/3745/3611 3206/3747/3611 281/3610/3611 1464/3608/3611
f 3205/3743/3612 4291/3745/3612 1464/3608/3612 282/3606/3612
f 247/3746/3613 1429/3748/3613 4292/3749/3613 3206/3747/3613
f 1429/3748/3614 246/3750/3614 3207/3751/3614 4292/3749/3614
f 4292/3749/3615 3207/3751/3615 280/3614/3615 1463/3612/3615
f 3206/3747/3616 4292/3749/3616 1463/3612/3616 281/3610/3616
f 246/3750/3617 1428/3752/3617 4293/3753/3617 3207/3751/3617
f 1428/3752/3618 245/3754/3618 3208/3755/3618 4293/3753/3618
f 4293/3753/3619 3208/3755/3619 279/3618/3619 1462/3616/3619
f 3207/3751/3620 4293/3753/3620 1462/3616/3620 280/3614/3620
f 245/3754/3621 1427/3756/3621 4294/3757/3621 3208/3755/3621
f 1427/3756/3622 244/3758/3622 3209/3759/3622 4294/3757/3622
f 4294/3757/3623 3209/3759/3623 278/3622/3623 1461/3620/3623
f 3208/3755/3624 4294/3757/3624 1461/3620/3624 279/3618/3624
f 244/3758/3625 1426/3760/3625 4295/3761/3625 3209/3759/3625
f 1426/3760/3626 243/3762/3626 3210/3763/3626 4295/3761/3626
f 4295/3761/3627 3210/3763/3627 277/3626/3627 1460/3624/3627
f 3209/3759/3628 4295/3761/3628 1460/3624/3628 278/3622/3628
f 243/3762/3629 1425/3764/3629 4296/3765/3629 3210/3763/3629
f 1425/3764/3630 242/3766/3630 3211/3767/3630 4296/3765/3630
f 4296/3765/3631 3211/3767/3631 276/3630/3631 1459/3628/3631
f 3210/3763/3632 4296/3765/3632 1459/3628/3632 277/3626/3632
f 242/3766/3633 1424/3768/3633 4297/3769/3633 3211/3767/3633
f 1424/3768/3634 241/3770/3634 3212/3771/3634 4297/3769/3634
f 4297/3769/3635 3212/3771/3635 275/3634/3635 1458/3632/3635
f 3211/3767/3636 4297/3769/3636 1458/3632/3636 276/3630/3636
f 241/3770/3637 1423/3772/3637 4298/3773/3637 3212/3771/3637
f 1423/3772/3638 240/3774/3638 3213/3775/3638 4298/3773/3638
f 4298/3773/3639 3213/3775/3639 274/3638/3639 1457/3636/3639
f 3212/3771/3640 4298/3773/3640 1457/3636/3640 275/3634/3640
f 240/3774/3641 1422/3776/3641 4299/3777/3641 3213/3775/3641
f 1422/3776/3642 239/3778/3642 3214/3779/3642 4299/3777/3642
f 4299/3777/3643 3214/3779/3643 273/3642/3643 1456/3640/3643
f 3213/3775/3644 4299/3777/3644 1456/3640/3644 274/3638/3644
f 239/3778/3645 1421/3780/3645 4300/3781/3645 3214/3779/3645
f 1421/3780/3646 238/3782/3646 3215/3783/3646 4300/3781/3646
f 4300/3781/3647 3215/3783/3647 272/3646/3647 1455/3644/3647
f 3214/3779/3648 4300/3781/3648 1455/3644/3648 273/3642/3648
f 238/3782/3649 1420/3784/3649 4301/3785/3649 3215/3783/3649
f 1420/3784/3650 237/3786/3650 3216/3787/3650 4301/3785/3650
f 4301/3785/3651 3216/3787/3651 271/3650/3651 1454/3648/3651
f 3215/3783/3652 4301/3785/3652 1454/3648/3652 272/3646/3652
f 237/3786/3653 1419/3788/3653 4302/3789/3653 3216/3787/3653
f 1419/3788/3654 236/3790/3654 3217/3791/3654 4302/3789/3654
f 4302/3789/3655 3217/3791/3655 270/3654/3655 1453/3652/3655
f 3216/3787/3656 4302/3789/3656 1453/3652/3656 271/3650/3656
f 236/3790/3657 1418/3792/3657 4303/3793/3657 3217/3791/3657
f 1418/3792/3658 235/36/3658 3218/38/3658 4303/3793/3658
f 4303/3793/3659 3218/38/3659 269/42/3659 1452/3656/3659
f 3217/3791/3660 4303/3793/3660 1452/3656/3660 270/3654/3660
f 32/3794/3661 1219/3795/3661 4304/3796/3661 1184/3797/3661
f 1219/3795/3662 234/3798/3662 3219/3799/3662 4304/3796/3662
f 4304/3796/3663 3219/3799/3663 268/3662/3663 1220/3659/3663
f 1184/3797/3664 4304/3796/3664 1220/3659/3664 31/3658/3664
f 234/3798/3665 1416/3800/3665 4305/3801/3665 3219/3799/3665
f 1416/3800/3666 233/3802/3666 3220/3803/3666 4305/3801/3666
f 4305/3801/3667 3220/3803/3667 267/3666/3667 1450/3664/3667
f 3219/3799/3668 4305/3801/3668 1450/3664/3668 268/3662/3668
f 233/3802/3669 1415/3804/3669 4306/3805/3669 3220/3803/3669
f 1415/3804/3670 232/3806/3670 3221/3807/3670 4306/3805/3670
f 4306/3805/3671 3221/3807/3671 266/3670/3671 1449/3668/3671
f 3220/3803/3672 4306/3805/3672 1449/3668/3672 267/3666/3672
f 232/3806/3673 1414/3808/3673 4307/3809/3673 3221/3807/3673
f 1414/3808/3674 231/3810/3674 3222/3811/3674 4307/3809/3674
f 4307/3809/3675 3222/3811/3675 265/3674/3675 1448/3672/3675
f 3221/3807/3676 4307/3809/3676 1448/3672/3676 266/3670/3676
f 231/3810/3677 1413/3812/3677 4308/3813/3677 3222/3811/3677
f 1413/3812/3678 230/3814/3678 3223/3815/3678 4308/3813/3678
f 4308/3813/3679 3223/3815/3679 264/3678/3679 1447/3676/3679
f 3222/3811/3680 4308/3813/3680 1447/3676/3680 265/3674/3680
f 230/3814/3681 1412/3816/3681 4309/3817/3681 3223/3815/3681
f 1412/3816/3682 229/3818/3682 3224/3819/3682 4309/3817/3682
f 4309/3817/3683 3224/3819/3683 263/3682/3683 1446/3680/3683
f 3223/3815/3684 4309/3817/3684 1446/3680/3684 264/3678/3684
f 229/3818/3685 1411/3820/3685 4310/3821/3685 3224/3819/3685
f 1411/3820/3686 228/3822/3686 3225/3823/3686 4310/3821/3686
f 4310/3821/3687 3225/3823/3687 262/3686/3687 1445/3684/3687
f 3224/3819/3688 4310/3821/3688 1445/3684/3688 263/3682/3688
f 228/3822/3689 1410/3824/3689 4311/3825/3689 3225/3823/3689
f 1410/3824/3690 227/3826/3690 3226/3827/3690 4311/3825/3690
f 4311/3825/3691 3226/3827/3691 261/3690/3691 1444/3688/3691
f 3225/3823/3692 4311/3825/3692 1444/3688/3692 262/3686/3692
f 227/3826/3693 1409/3828/3693 4312/3829/3693 3226/3827/3693
f 1409/3828/3694 226/3830/3694 3227/3831/3694 4312/3829/3694
f 4312/3829/3695 3227/3831/3695 260/3694/3695 1443/3692/3695
f 3226/3827/3696 4312/3829/3696 1443/3692/3696 261/3690/3696
f 226/3830/3697 1408/3832/3697 4313/3833/3697 3227/3831/3697
f 1408/3832/3698 225/3834/3698 3228/3835/3698 4313/3833/3698
f 4313/3833/3699 3228/3835/3699 259/3698/3699 1442/3696/3699
f 3227/3831/3700 4313/3833/3700 1442/3696/3700 260/3694/3700
f 225/3834/3701 1407/3836/3701 4314/3837/3701 3228/3835/3701
f 1407/3836/3702 224/3838/3702 3229/3839/3702 4314/3837/3702
f 4314/3837/3703 3229/3839/3703 258/3702/3703 1441/3700/3703
f 3228/3835/3704 4314/3837/3704 1441/3700/3704 259/3698/3704
f 224/3838/3705 1406/3840/3705 4315/3841/3705 3229/3839/3705
f 1406/3840/3706 223/3842/3706 3230/3843/3706 4315/3841/3706
f 4315/3841/3707 3230/3843/3707 257/3706/3707 1440/3704/3707
f 3229/3839/3708 4315/3841/3708 1440/3704/3708 258/3702/3708
f 223/3842/3709 1405/3844/3709 4316/3845/3709 3230/3843/3709
f 1405/3844/3710 222/3846/3710 3231/3847/3710 4316/3845/3710
f 4316/3845/3711 3231/3847/3711 256/3710/3711 1439/3708/3711
f 3230/3843/3712 4316/3845/3712 1439/3708/3712 257/3706/3712
f 222/3846/3713 1404/3848/3713 4317/3849/3713 3231/3847/3713
f 1404/3848/3714 221/3850/3714 3232/3851/3714 4317/3849/3714
f 4317/3849/3715 3232/3851/3715 255/3714/3715 1438/3712/3715
f 3231/3847/3716 4317/3849/3716 1438/3712/3716 256/3710/3716
f 221/3850/3717 1403/3852/3717 4318/3853/3717 3232/3851/3717
f 1403/3852/3718 220/3854/3718 3233/3855/3718 4318/3853/3718
f 4318/3853/3719 3233/3855/3719 254/3718/3719 1437/3716/3719
f 3232/3851/3720 4318/3853/3720 1437/3716/3720 255/3714/3720
f 220/3854/3721 1402/3856/3721 4319/3857/3721 3233/3855/3721
f 1402/3856/3722 219/3858/3722 3234/3859/3722 4319/3857/3722
f 4319/3857/3723 3234/3859/3723 253/3722/3723 1436/3720/3723
f 3233/3855/3724 4319/3857/3724 1436/3720/3724 254/3718/3724
f 219/3858/3725 1401/3860/3725 4320/3861/3725 3234/3859/3725
f 1401/3860/3726 218/3862/3726 3235/3863/3726 4320/3861/3726
f 4320/3861/3727 3235/3863/3727 252/3726/3727 1435/3724/3727
f 3234/3859/3728 4320/3861/3728 1435/3724/3728 253/3722/3728
f 218/3862/3729 1400/3864/3729 4321/3865/3729 3235/3863/3729
f 1400/3864/3730 217/3866/3730 3236/3867/3730 4321/3865/3730
f 4321/3865/3731 3236/3867/3731 251/3730/3731 1434/3728/3731
f 3235/3863/3732 4321/3865/3732 1434/3728/3732 252/3726/3732
f 217/3866/3733 1399/3868/3733 4322/3869/3733 3236/3867/3733
f 1399/3868/3734 216/3870/3734 3237/3871/3734 4322/3869/3734
f 4322/3869/3735 3237/3871/3735 250/3734/3735 1433/3732/3735
f 3236/3867/3736 4322/3869/3736 1433/3732/3736 251/3730/3736
f 216/3870/3737 1398/3872/3737 4323/3873/3737 3237/3871/3737
f 1398/3872/3738 215/3874/3738 3238/3875/3738 4323/3873/3738
f 4323/3873/3739 3238/3875/3739 249/3738/3739 1432/3736/3739
f 3237/3871/3740 4323/3873/3740 1432/3736/3740 250/3734/3740
f 215/3874/3741 1397/3876/3741 4324/3877/3741 3238/3875/3741
f 1397/3876/3742 214/3878/3742 3239/3879/3742 4324/3877/3742
f 4324/3877/3743 3239/3879/3743 248/3742/3743 1431/3740/3743
f 3238/3875/3744 4324/3877/3744 1431/3740/3744 249/3738/3744
f 214/3878/3745 1396/3880/3745 4325/3881/3745 3239/3879/3745
f 1396/3880/3746 213/3882/3746 3240/3883/3746 4325/3881/3746
f 4325/3881/3747 3240/3883/3747 247/3746/3747 1430/3744/3747
f 3239/3879/3748 4325/3881/3748 1430/3744/3748 248/3742/3748
f 213/3882/3749 1395/3884/3749 4326/3885/3749 3240/3883/3749
f 1395/3884/3750 212/3886/3750 3241/3887/3750 4326/3885/3750
f 4326/3885/3751 3241/3887/3751 246/3750/3751 1429/3748/3751
f 3240/3883/3752 4326/3885/3752 1429/3748/3752 247/3746/3752
f 212/3886/3753 1394/3888/3753 4327/3889/3753 3241/3887/3753
f 1394/3888/3754 211/3890/3754 3242/3891/3754 4327/3889/3754
f 4327/3889/3755 3242/3891/3755 245/3754/3755 1428/3752/3755
f 3241/3887/3756 4327/3889/3756 1428/3752/3756 246/3750/3756
f 211/3890/3757 1393/3892/3757 4328/3893/3757 3242/3891/3757
f 1393/3892/3758 210/3894/3758 3243/3895/3758 4328/3893/3758
f 4328/3893/3759 3243/3895/3759 244/3758/3759 1427/3756/3759
f 3242/3891/3760 4328/3893/3760 1427/3756/3760 245/3754/3760
f 210/3894/3761 1392/3896/3761 4329/3897/3761 3243/3895/3761
f 1392/3896/3762 209/3898/3762 3244/3899/3762 4329/3897/3762
f 4329/3897/3763 3244/3899/3763 243/3762/3763 1426/3760/3763
f 3243/3895/3764 4329/3897/3764 1426/3760/3764 244/3758/3764
f 209/3898/3765 1391/3900/3765 4330/3901/3765 3244/3899/3765
f 1391/3900/3766 208/3902/3766 3245/3903/3766 4330/3901/3766
f 4330/3901/3767 3245/3903/3767 242/3766/3767 1425/3764/3767
f 3244/3899/3768 4330/3901/3768 1425/3764/3768 243/3762/3768
f 208/3902/3769 1390/3904/3769 4331/3905/3769 3245/3903/3769
f 1390/3904/3770 207/3906/3770 3246/3907/3770 4331/3905/3770
f 4331/3905/3771 3246/3907/3771 241/3770/3771 1424/3768/3771
f 3245/3903/3772 4331/3905/3772 1424/3768/3772 242/3766/3772
f 207/3906/3773 1389/3908/3773 4332/3909/3773 3246/3907/3773
f 1389/3908/3774 206/3910/3774 3247/3911/3774 4332/3909/3774
f 4332/3909/3775 3247/3911/3775 240/3774/3775 1423/3772/3775
f 3246/3907/3776 4332/3909/3776 1423/3772/3776 241/3770/3776
f 206/3910/3777 1388/3912/3777 4333/3913/3777 3247/3911/3777
f 1388/3912/3778 205/3914/3778 3248/3915/3778 4333/3913/3778
f 4333/3913/3779 3248/3915/3779 239/3778/3779 1422/3776/3779
f 3247/3911/3780 4333/3913/3780 1422/3776/3780 240/3774/3780
f 205/3914/3781 1387/3916/3781 4334/3917/3781 3248/3915/3781
f 1387/3916/3782 204/3918/3782 3249/3919/3782 4334/3917/3782
f 4334/3917/3783 3249/3919/3783 238/3782/3783 1421/3780/3783
f 3248/3915/3784 4334/3917/3784 1421/3780/3784 239/3778/3784
f 204/3918/3785 1386/3920/3785 4335/3921/3785 3249/3919/3785
f 1386/3920/3786 203/3922/3786 3250/3923/3786 4335/3921/3786
f 4335/3921/3787 3250/3923/3787 237/3786/3787 1420/3784/3787
f 3249/3919/3788 4335/3921/3788 1420/3784/3788 238/3782/3788
f 203/3922/3789 1385/3924/3789 4336/3925/3789 3250/3923/3789
f 1385/3924/3790 202/3926/3790 3251/3927/3790 4336/3925/3790
f 4336/3925/3791 3251/3927/3791 236/3790/3791 1419/3788/3791
f 3250/3923/3792 4336/3925/3792 1419/3788/3792 237/3786/3792
f 202/3926/3793 1384/3928/3793 4337/3929/3793 3251/3927/3793
f 1384/3928/3794 201/30/3794 3252/32/3794 4337/3929/3794
f 4337/3929/3795 3252/32/3795 235/36/3795 1418/3792/3795
f 3251/3927/3796 4337/3929/3796 1418/3792/3796 236/3790/3796
f 33/3930/3797 1218/3931/3797 4338/3932/3797 1185/3933/3797
f 1218/3931/3798 200/3934/3798 3253/3935/3798 4338/3932/3798
f 4338/3932/3799 3253/3935/3799 234/3798/3799 1219/3795/3799
f 1185/3933/3800 4338/3932/3800 1219/3795/3800 32/3794/3800
f 200/3934/3801 1382/3936/3801 4339/3937/3801 3253/3935/3801
f 1382/3936/3802 199/3938/3802 3254/3939/3802 4339/3937/3802
f 4339/3937/3803 3254/3939/3803 233/3802/3803 1416/3800/3803
f 3253/3935/3804 4339/3937/3804 1416/3800/3804 234/3798/3804
f 199/3938/3805 1381/3940/3805 4340/3941/3805 3254/3939/3805
f 1381/3940/3806 198/3942/3806 3255/3943/3806 4340/3941/3806
f 4340/3941/3807 3255/3943/3807 232/3806/3807 1415/3804/3807
f 3254/3939/3808 4340/3941/3808 1415/3804/3808 233/3802/3808
f 198/3942/3809 1380/3944/3809 4341/3945/3809 3255/3943/3809
f 1380/3944/3810 197/3946/3810 3256/3947/3810 4341/3945/3810
f 4341/3945/3811 3256/3947/3811 231/3810/3811 1414/3808/3811
f 3255/3943/3812 4341/3945/3812 1414/3808/3812 232/3806/3812
f 197/3946/3813 1379/3948/3813 4342/3949/3813 3256/3947/3813
f 1379/3948/3814 196/3950/3814 3257/3951/3814 4342/3949/3814
f 4342/3949/3815 3257/3951/3815 230/3814/3815 1413/3812/3815
f 3256/3947/3816 4342/3949/3816 1413/3812/3816 231/3810/3816
f 196/3950/3817 1378/3952/3817 4343/3953/3817 3257/3951/3817
f 1378/3952/3818 195/3954/3818 3258/3955/3818 4343/3953/3818
f 4343/3953/3819 3258/3955/3819 229/3818/3819 1412/3816/3819
f 3257/3951/3820 4343/3953/3820 1412/3816/3820 230/3814/3820
f 195/3954/3821 1377/3956/3821 4344/3957/3821 3258/3955/3821
f 1377/3956/3822 194/3958/3822 3259/3959/3822 4344/3957/3822
f 4344/3957/3823 3259/3959/3823 228/3822/3823 1411/3820/3823
f 3258/3955/3824 4344/3957/3824 1411/3820/3824 229/3818/3824
f 194/3958/3825 1376/3960/3825 4345/3961/3825 3259/3959/3825
f 1376/3960/3826 193/3962/3826 3260/3963/3826 4345/3961/3826
f 4345/3961/3827 3260/3963/3827 227/3826/3827 1410/3824/3827
f 3259/3959/3828 4345/3961/3828 1410/3824/3828 228/3822/3828
f 193/3962/3829 1375/3964/3829 4346/3965/3829 3260/3963/3829
f 1375/3964/3830 192/3966/3830 3261/3967/3830 4346/3965/3830
f 4346/3965/3831 3261/3967/3831 226/3830/3831 1409/3828/3831
f 3260/3963/3832 4346/3965/3832 1409/3828/3832 227/3826/3832
f 192/3966/3833 1374/3968/3833 4347/3969/3833 3261/3967/3833
f 1374/3968/3834 191/3970/3834 3262/3971/3834 4347/3969/3834
f 4347/3969/3835 3262/3971/3835 225/3834/3835 1408/3832/3835
f 3261/3967/3836 4347/3969/3836 1408/3832/3836 226/3830/3836
f 191/3970/3837 1373/3972/3837 4348/3973/3837 3262/3971/3837
f 1373/3972/3838 190/3974/3838 3263/3975/3838 4348/3973/3838
f 4348/3973/3839 3263/3975/3839 224/3838/3839 1407/3836/3839
f 3262/3971/3840 4348/3973/3840 1407/3836/3840 225/3834/3840
f 190/3974/3841 1372/3976/3841 4349/3977/3841 3263/3975/3841
f 1372/3976/3842 189/3978/3842 3264/3979/3842 4349/3977/3842
f 4349/3977/3843 3264/3979/3843 223/3842/3843 1406/3840/3843
f 3263/3975/3844 4349/3977/3844 1406/3840/3844 224/3838/3844
f 189/3978/3845 1371/3980/3845 4350/3981/3845 3264/3979/3845
f 1371/3980/3846 188/3982/3846 3265/3983/3846 4350/3981/3846
f 4350/3981/3847 3265/3983/3847 222/3846/3847 1405/3844/3847
f 3264/3979/3848 4350/3981/3848 1405/3844/3848 223/3842/3848
f 188/3982/3849 1370/3984/3849 4351/3985/3849 3265/3983/3849
f 1370/3984/3850 187/3986/3850 3266/3987/3850 4351/3985/3850
f 4351/3985/3851 3266/3987/3851 221/3850/3851 1404/3848/3851
f 3265/3983/3852 4351/3985/3852 1404/3848/3852 222/3846/3852
f 187/3986/3853 1369/3988/3853 4352/3989/3853 3266/3987/3853
f 1369/3988/3854 186/3990/3854 3267/3991/3854 4352/3989/3854
f 4352/3989/3855 3267/3991/3855 220/3854/3855 1403/3852/3855
f 3266/3987/3856 4352/3989/3856 1403/3852/3856 221/3850/3856
f 186/3990/3857 1368/3992/3857 4353/3993/3857 3267/3991/3857
f 1368/3992/3858 185/3994/3858 3268/3995/3858 4353/3993/3858
f 4353/3993/3859 3268/3995/3859 219/3858/3859 1402/3856/3859
f 3267/3991/3860 4353/3993/3860 1402/3856/3860 220/3854/3860
f 185/3994/3861 1367/3996/3861 4354/3997/3861 3268/3995/3861
f 1367/3996/3862 184/3998/3862 3269/3999/3862 4354/3997/3862
f 4354/3997/3863 3269/3999/3863 218/3862/3863 1401/3860/3863
f 3268/3995/3864 4354/3997/3864 1401/3860/3864 219/3858/3864
f 184/3998/3865 1366/4000/3865 4355/4001/3865 3269/3999/3865
f 1366/4000/3866 183/4002/3866 3270/4003/3866 4355/4001/3866
f 4355/4001/3867 3270/4003/3867 217/3866/3867 1400/3864/3867
f 3269/3999/3868 4355/4001/3868 1400/3864/3868 218/3862/3868
f 183/4002/3869 1365/4004/3869 4356/4005/3869 3270/4003/3869
f 1365/4004/3870 182/4006/3870 3271/4007/3870 4356/4005/3870
f 4356/4005/3871 3271/4007/3871 216/3870/3871 1399/3868/3871
f 3270/4003/3872 4356/4005/3872 1399/3868/3872 217/3866/3872
f 182/4006/3873 1364/4008/3873 4357/4009/3873 3271/4007/3873
f 1364/4008/3874 181/4010/3874 3272/4011/3874 4357/4009/3874
f 4357/4009/3875 3272/4011/3875 215/3874/3875 1398/3872/3875
f 3271/4007/3876 4357/4009/3876 1398/3872/3876 216/3870/3876
f 181/4010/3877 1363/4012/3877 4358/4013/3877 3272/4011/3877
f 1363/4012/3878 180/4014/3878 3273/4015/3878 4358/4013/3878
f 4358/4013/3879 3273/4015/3879 214/3878/3879 1397/3876/3879
f 3272/4011/3880 4358/4013/3880 1397/3876/3880 215/3874/3880
f 180/4014/3881 1362/4016/3881 4359/4017/3881 3273/4015/3881
f 1362/4016/3882 179/4018/3882 3274/4019/3882 4359/4017/3882
f 4359/4017/3883 3274/4019/3883 213/3882/3883 1396/3880/3883
f 3273/4015/3884 4359/4017/3884 1396/3880/3884 214/3878/3884
f 179/4018/3885 1361/4020/3885 4360/4021/3885 3274/4019/3885
f 1361/4020/3886 178/4022/3886 3275/4023/3886 4360/4021/3886
f 4360/4021/3887 3275/4023/3887 212/3886/3887 1395/3884/3887
f 3274/4019/3888 4360/4021/3888 1395/3884/3888 213/3882/3888
f 178/4022/3889 1360/4024/3889 4361/4025/3889 3275/4023/3889
f 1360/4024/3890 177/4026/3890 3276/4027/3890 4361/4025/3890
f 4361/4025/3891 3276/4027/3891 211/3890/3891 1394/3888/3891
f 3275/4023/3892 4361/4025/3892 1394/3888/3892 212/3886/3892
f 177/4026/3893 1359/4028/3893 4362/4029/3893 3276/4027/3893
f 1359/4028/3894 176/4030/3894 3277/4031/3894 4362/4029/3894
f 4362/4029/3895 3277/4031/3895 210/3894/3895 1393/3892/3895
f 3276/4027/3896 4362/4029/3896 1393/3892/3896 211/3890/3896
f 176/4030/3897 1358/4032/3897 4363/4033/3897 3277/4031/3897
f 1358/4032/3898 175/4034/3898 3278/4035/3898 4363/4033/3898
f 4363/4033/3899 3278/4035/3899 209/3898/3899 1392/3896/3899
f 3277/4031/3900 4363/4033/3900 1392/3896/3900 210/3894/3900
f 175/4034/3901 1357/4036/3901 4364/4037/3901 3278/4035/3901
f 1357/4036/3902 174/4038/3902 3279/4039/3902 4364/4037/3902
f 4364/4037/3903 3279/4039/3903 208/3902/3903 1391/3900/3903
f 3278/4035/3904 4364/4037/3904 1391/3900/3904 209/3898/3904
f 174/4038/3905 1356/4040/3905 4365/4041/3905 3279/4039/3905
f 1356/4040/3906 173/4042/3906 3280/4043/3906 4365/4041/3906
f 4365/4041/3907 3280/4043/3907 207/3906/3907 1390/3904/3907
f 3279/4039/3908 4365/4041/3908 1390/3904/3908 208/3902/3908
f 173/4042/3909 1355/4044/3909 4366/4045/3909 3280/4043/3909
f 1355/4044/3910 172/4046/3910 3281/4047/3910 4366/4045/3910
f 4366/4045/3911 3281/4047/3911 206/3910/3911 1389/3908/3911
f 3280/4043/3912 4366/4045/3912 1389/3908/3912 207/3906/3912
f 172/4046/3913 1354/4048/3913 4367/4049/3913 3281/4047/3913
f 1354/4048/3914 171/4050/3914 3282/4051/3914 4367/4049/3914
f 4367/4049/3915 3282/4051/3915 205/3914/3915 1388/3912/3915
f 3281/4047/3916 4367/4049/3916 1388/3912/3916 206/3910/3916
f 171/4050/3917 1353/4052/3917 4368/4053/3917 3282/4051/3917
f 1353/4052/3918 170/4054/3918 3283/4055/3918 4368/4053/3918
f 4368/4053/3919 3283/4055/3919 204/3918/3919 1387/3916/3919
f 3282/4051/3920 4368/4053/3920 1387/3916/3920 205/3914/3920
f 170/4054/3921 1352/4056/3921 4369/4057/3921 3283/4055/3921
f 1352/4056/3922 169/4058/3922 3284/4059/3922 4369/4057/3922
f 4369/4057/3923 3284/4059/3923 203/3922/3923 1386/3920/3923
f 3283/4055/3924 4369/4057/3924 1386/3920/3924 204/3918/3924
f 169/4058/3925 1351/4060/3925 4370/4061/3925 3284/4059/3925
f 1351/4060/3926 168/4062/3926 3285/4063/3926 4370/4061/3926
f 4370/4061/3927 3285/4063/3927 202/3926/3927 1385/3924/3927
f 3284/4059/3928 4370/4061/3928 1385/3924/3928 203/3922/3928
f 168/4062/3929 1350/4064/3929 4371/4065/3929 3285/4063/3929
f 1350/4064/3930 167/24/3930 3286/26/3930 4371/4065/3930
f 4371/4065/3931 3286/26/3931 201/30/3931 1384/3928/3931
f 3285/4063/3932 4371/4065/3932 1384/3928/3932 202/3926/3932
f 34/4066/3933 1217/4067/3933 4372/4068/3933 1186/4069/3933
f 1217/4067/3934 166/4070/3934 3287/4071/3934 4372/4068/3934
f 4372/4068/3935 3287/4071/3935 200/3934/3935 1218/3931/3935
f 1186/4069/3936 4372/4068/3936 1218/3931/3936 33/3930/3936
f 166/4070/3937 1348/4072/3937 4373/4073/3937 3287/4071/3937
f 1348/4072/3938 165/4074/3938 3288/4075/3938 4373/4073/3938
f 4373/4073/3939 3288/4075/3939 199/3938/3939 1382/3936/3939
f 3287/4071/3940 4373/4073/3940 1382/3936/3940 200/3934/3940
f 165/4074/3941 1347/4076/3941 4374/4077/3941 3288/4075/3941
f 1347/4076/3942 164/4078/3942 3289/4079/3942 4374/4077/3942
f 4374/4077/3943 3289/4079/3943 198/3942/3943 1381/3940/3943
f 3288/4075/3944 4374/4077/3944 1381/3940/3944 199/3938/3944
f 164/4078/3945 1346/4080/3945 4375/4081/3945 3289/4079/3945
f 1346/4080/3946 163/4082/3946 3290/4083/3946 4375/4081/3946
f 4375/4081/3947 3290/4083/3947 197/3946/3947 1380/3944/3947
f 3289/4079/3948 4375/4081/3948 1380/3944/3948 198/3942/3948
f 163/4082/3949 1345/4084/3949 4376/4085/3949 3290/4083/3949
f 1345/4084/3950 162/4086/3950 3291/4087/3950 4376/4085/3950
f 4376/4085/3951 3291/4087/3951 196/3950/3951 1379/3948/3951
f 3290/4083/3952 4376/4085/3952 1379/3948/3952 197/3946/3952
f 162/4086/3953 1344/4088/3953 4377/4089/3953 3291/4087/3953
f 1344/4088/3954 161/4090/3954 3292/4091/3954 4377/4089/3954
f 4377/4089/3955 3292/4091/3955 195/3954/3955 1378/3952/3955
f 3291/4087/3956 4377/4089/3956 1378/3952/3956 196/3950/3956
f 161/4090/3957 1343/4092/3957 4378/4093/3957 3292/4091/3957
f 1343/4092/3958 160/4094/3958 3293/4095/3958 4378/4093/3958
f 4378/4093/3959 3293/4095/3959 194/3958/3959 1377/3956/3959
f 3292/4091/3960 4378/4093/3960 1377/3956/3960 195/3954/3960
f 160/4094/3961 1342/4096/3961 4379/4097/3961 3293/4095/3961
f 1342/4096/3962 159/4098/3962 3294/4099/3962 4379/4097/3962
f 4379/4097/3963 3294/4099/3963 193/3962/3963 1376/3960/3963
f 3293/4095/3964 4379/4097/3964 1376/3960/3964 194/3958/3964
f 159/4098/3965 1341/4100/3965 4380/4101/3965 3294/4099/3965
f 1341/4100/3966 158/4102/3966 3295/4103/3966 4380/4101/3966
f 4380/4101/3967 3295/4103/3967 192/3966/3967 1375/3964/3967
f 3294/4099/3968 4380/4101/3968 1375/3964/3968 193/3962/3968
f 158/4102/3969 1340/4104/3969 4381/4105/3969 3295/4103/3969
f 1340/4104/3970 157/4106/3970 3296/4107/3970 4381/4105/3970
f 4381/4105/3971 3296/4107/3971 191/3970/3971 1374/3968/3971
f 3295/4103/3972 4381/4105/3972 1374/3968/3972 192/3966/3972
f 157/4106/3973 1339/4108/3973 4382/4109/3973 3296/4107/3973
f 1339/4108/3974 156/4110/3974 3297/4111/3974 4382/4109/3974
f 4382/4109/3975 3297/4111/3975 190/3974/3975 1373/3972/3975
f 3296/4107/3976 4382/4109/3976 1373/3972/3976 191/3970/3976
f 156/4110/3977 1338/4112/3977 4383/4113/3977 3297/4111/3977
f 1338/4112/3978 155/4114/3978 3298/4115/3978 4383/4113/3978
f 4383/4113/3979 3298/4115/3979 189/3978/3979 1372/3976/3979
f 3297/4111/3980 4383/4113/3980 1372/3976/3980 190/3974/3980
f 155/4114/3981 1337/4116/3981 4384/4117/3981 3298/4115/3981
f 1337/4116/3982 154/4118/3982 3299/4119/3982 4384/4117/3982
f 4384/4117/3983 3299/4119/3983 188/3982/3983 1371/3980/3983
f 3298/4115/3984 4384/4117/3984 1371/3980/3984 189/3978/3984
f 154/4118/3985 1336/4120/3985 4385/4121/3985 3299/4119/3985
f 1336/4120/3986 153/4122/3986 3300/4123/3986 4385/4121/3986
f 4385/4121/3987 3300/4123/3987 187/3986/3987 1370/3984/3987
f 3299/4119/3988 4385/4121/3988 1370/3984/3988 188/3982/3988
f 153/4122/3989 1335/4124/3989 4386/4125/3989 3300/4123/3989
f 1335/4124/3990 152/4126/3990 3301/4127/3990 4386/4125/3990
f 4386/4125/3991 3301/4127/3991 186/3990/3991 1369/3988/3991
f 3300/4123/3992 4386/4125/3992 1369/3988/3992 187/3986/3992
f 152/4126/3993 1334/4128/3993 4387/4129/3993 3301/4127/3993
f 1334/4128/3994 151/4130/3994 3302/4131/3994 4387/4129/3994
f 4387/4129/3995 3302/4131/3995 185/3994/3995 1368/3992/3995
f 3301/4127/3996 4387/4129/3996 1368/3992/3996 186/3990/3996
f 151/4130/3997 1333/4132/3997 4388/4133/3997 3302/4131/3997
f 1333/4132/3998 150/4134/3998 3303/4135/3998 4388/4133/3998
f 4388/4133/3999 3303/4135/3999 184/3998/3999 1367/3996/3999
f 3302/4131/4000 4388/4133/4000 1367/3996/4000 185/3994/4000
f 150/4134/4001 1332/4136/4001 4389/4137/4001 3303/4135/4001
f 1332/4136/4002 149/4138/4002 3304/4139/4002 4389/4137/4002
f 4389/4137/4003 3304/4139/4003 183/4002/4003 1366/4000/4003
f 3303/4135/4004 4389/4137/4004 1366/4000/4004 184/3998/4004
f 149/4138/4005 1331/4140/4005 4390/4141/4005 3304/4139/4005
f 1331/4140/4006 148/4142/4006 3305/4143/4006 4390/4141/4006
f 4390/4141/4007 3305/4143/4007 182/4006/4007 1365/4004/4007
f 3304/4139/4008 4390/4141/4008 1365/4004/4008 183/4002/4008
f 148/4142/4009 1330/4144/4009 4391/4145/4009 3305/4143/4009
f 1330/4144/4010 147/4146/4010 3306/4147/4010 4391/4145/4010
f 4391/4145/4011 3306/4147/4011 181/4010/4011 1364/4008/4011
f 3305/4143/4012 4391/4145/4012 1364/4008/4012 182/4006/4012
f 147/4146/4013 1329/4148/4013 4392/4149/4013 3306/4147/4013
f 1329/4148/4014 146/4150/4014 3307/4151/4014 4392/4149/4014
f 4392/4149/4015 3307/4151/4015 180/4014/4015 1363/4012/4015
f 3306/4147/4016 4392/4149/4016 1363/4012/4016 181/4010/4016
f 146/4150/4017 1328/4152/4017 4393/4153/4017 3307/4151/4017
f 1328/4152/4018 145/4154/4018 3308/4155/4018 4393/4153/4018
f 4393/4153/4019 3308/4155/4019 179/4018/4019 1362/4016/4019
f 3307/4151/4020 4393/4153/4020 1362/4016/4020 180/4014/4020
f 145/4154/4021 1327/4156/4021 4394/4157/4021 3308/4155/4021
f 1327/4156/4022 144/4158/4022 3309/4159/4022 4394/4157/4022
f 4394/4157/4023 3309/4159/4023 178/4022/4023 1361/4020/4023
f 3308/4155/4024 4394/4157/4024 1361/4020/4024 179/4018/4024
f 144/4158/4025 1326/4160/4025 4395/4161/4025 3309/4159/4025
f 1326/4160/4026 143/4162/4026 3310/4163/4026 4395/4161/4026
f 4395/4161/4027 3310/4163/4027 177/4026/4027 1360/4024/4027
f 3309/4159/4028 4395/4161/4028 1360/4024/4028 178/4022/4028
f 143/4162/4029 1325/4164/4029 4396/4165/4029 3310/4163/4029
f 1325/4164/4030 142/4166/4030 3311/4167/4030 4396/4165/4030
f 4396/4165/4031 3311/4167/4031 176/4030/4031 1359/4028/4031
f 3310/4163/4032 4396/4165/4032 1359/4028/4032 177/4026/4032
f 142/4166/4033 1324/4168/4033 4397/4169/4033 3311/4167/4033
f 1324/4168/4034 141/4170/4034 3312/4171/4034 4397/4169/4034
f 4397/4169/4035 3312/4171/4035 175/4034/4035 1358/4032/4035
f 3311/4167/4036 4397/4169/4036 1358/4032/4036 176/4030/4036
f 141/4170/4037 1323/4172/4037 4398/4173/4037 3312/4171/4037
f 1323/4172/4038 140/4174/4038 3313/4175/4038 4398/4173/4038
f 4398/4173/4039 3313/4175/4039 174/4038/4039 1357/4036/4039
f 3312/4171/4040 4398/4173/4040 1357/4036/4040 175/4034/4040
f 140/4174/4041 1322/4176/4041 4399/4177/4041 3313/4175/4041
f 1322/4176/4042 139/4178/4042 3314/4179/4042 4399/4177/4042
f 4399/4177/4043 3314/4179/4043 173/4042/4043 1356/4040/4043
f 3313/4175/4044 4399/4177/4044 1356/4040/4044 174/4038/4044
f 139/4178/4045 1321/4180/4045 4400/4181/4045 3314/4179/4045
f 1321/4180/4046 138/4182/4046 3315/4183/4046 4400/4181/4046
f 4400/4181/4047 3315/4183/4047 172/4046/4047 1355/4044/4047
f 3314/4179/4048 4400/4181/4048 1355/4044/4048 173/4042/4048
f 138/4182/4049 1320/4184/4049 4401/4185/4049 3315/4183/4049
f 1320/4184/4050 137/4186/4050 3316/4187/4050 4401/4185/4050
f 4401/4185/4051 3316/4187/4051 171/4050/4051 1354/4048/4051
f 3315/4183/4052 4401/4185/4052 1354/4048/4052 172/4046/4052
f 137/4186/4053 1319/4188/4053 4402/4189/4053 3316/4187/4053
f 1319/4188/4054 136/4190/4054 3317/4191/4054 4402/4189/4054
f 4402/4189/4055 3317/4191/4055 170/4054/4055 1353/4052/4055
f 3316/4187/4056 4402/4189/4056 1353/4052/4056 171/4050/4056
f 136/4190/4057 1318/4192/4057 4403/4193/4057 3317/4191/4057
f 1318/4192/4058 135/4194/4058 3318/4195/4058 4403/4193/4058
f 4403/4193/4059 3318/4195/4059 169/4058/4059 1352/4056/4059
f 3317/4191/4060 4403/4193/4060 1352/4056/4060 170/4054/4060
f 135/4194/4061 1317/4196/4061 4404/4197/4061 3318/4195/4061
f 1317/4196/4062 134/4198/4062 3319/4199/4062 4404/4197/4062
f 4404/4197/4063 3319/4199/4063 168/4062/4063 1351/4060/4063
f 3318/4195/4064 4404/4197/4064 1351/4060/4064 169/4058/4064
f 134/4198/4065 1316/4200/4065 4405/4201/4065 3319/4199/4065
f 1316/4200/4066 133/18/4066 3320/20/4066 4405/4201/4066
f 4405/4201/4067 3320/20/4067 167/24/4067 1350/4064/4067
f 3319/4199/4068 4405/4201/4068 1350/4064/4068 168/4062/4068
f 1/4202/4069 1247/4203/4069 4406/4204/4069 1153/4205/4069
f 1247/4203/4070 65/4206/4070 3321/4207/4070 4406/4204/4070
f 4406/4204/4071 3321/4207/4071 166/4070/4071 1217/4067/4071
f 1153/4205/4072 4406/4204/4072 1217/4067/4072 34/4066/4072
f 65/4206/4073 1248/4208/4073 4407/4209/4073 3321/4207/4073
f 1248/4208/4074 66/4210/4074 3322/4211/4074 4407/4209/4074
f 4407/4209/4075 3322/4211/4075 165/4074/4075 1348/4072/4075
f 3321/4207/4076 4407/4209/4076 1348/4072/4076 166/4070/4076
f 66/4210/4077 1249/4212/4077 4408/4213/4077 3322/4211/4077
f 1249/4212/4078 67/4214/4078 3323/4215/4078 4408/4213/4078
f 4408/4213/4079 3323/4215/4079 164/4078/4079 1347/4076/4079
f 3322/4211/4080 4408/4213/4080 1347/4076/4080 165/4074/4080
f 67/4214/4081 1250/4216/4081 4409/4217/4081 3323/4215/4081
f 1250/4216/4082 68/4218/4082 3324/4219/4082 4409/4217/4082
f 4409/4217/4083 3324/4219/4083 163/4082/4083 1346/4080/4083
f 3323/4215/4084 4409/4217/4084 1346/4080/4084 164/4078/4084
f 68/4218/4085 1251/4220/4085 4410/4221/4085 3324/4219/4085
f 1251/4220/4086 69/4222/4086 3325/4223/4086 4410/4221/4086
f 4410/4221/4087 3325/4223/4087 162/4086/4087 1345/4084/4087
f 3324/4219/4088 4410/4221/4088 1345/4084/4088 163/4082/4088
f 69/4222/4089 1252/4224/4089 4411/4225/4089 3325/4223/4089
f 1252/4224/4090 70/4226/4090 3326/4227/4090 4411/4225/4090
f 4411/4225/4091 3326/4227/4091 161/4090/4091 1344/4088/4091
f 3325/4223/4092 4411/4225/4092 1344/4088/4092 162/4086/4092
f 70/4226/4093 1253/4228/4093 4412/4229/4093 3326/4227/4093
f 1253/4228/4094 71/4230/4094 3327/4231/4094 4412/4229/4094
f 4412/4229/4095 3327/4231/4095 160/4094/4095 1343/4092/4095
f 3326/4227/4096 4412/4229/4096 1343/4092/4096 161/4090/4096
f 71/4230/4097 1254/4232/4097 4413/4233/4097 3327/4231/4097
f 1254/4232/4098 72/4234/4098 3328/4235/4098 4413/4233/4098
f 4413/4233/4099 3328/4235/4099 159/4098/4099 1342/4096/4099
f 3327/4231/4100 4413/4233/4100 1342/4096/4100 160/4094/4100
f 72/4234/4101 1255/4236/4101 4414/4237/4101 3328/4235/4101
f 1255/4236/4102 73/4238/4102 3329/4239/4102 4414/4237/4102
f 4414/4237/4103 3329/4239/4103 158/4102/4103 1341/4100/4103
f 3328/4235/4104 4414/4237/4104 1341/4100/4104 159/4098/4104
f 73/4238/4105 1256/4240/4105 4415/4241/4105 3329/4239/4105
f 1256/4240/4106 74/4242/4106 3330/4243/4106 4415/4241/4106
f 4415/4241/4107 3330/4243/4107 157/4106/4107 1340/4104/4107
f 3329/4239/4108 4415/4241/4108 1340/4104/4108 158/4102/4108
f 74/4242/4109 1257/4244/4109 4416/4245/4109 3330/4243/4109
f 1257/4244/4110 75/4246/4110 3331/4247/4110 4416/4245/4110
f 4416/4245/4111 3331/4247/4111 156/4110/4111 1339/4108/4111
f 3330/4243/4112 4416/4245/4112 1339/4108/4112 157/4106/4112
f 75/4246/4113 1258/4248/4113 4417/4249/4113 3331/4247/4113
f 1258/4248/4114 76/4250/4114 3332/4251/4114 4417/4249/4114
f 4417/4249/4115 3332/4251/4115 155/4114/4115 1338/4112/4115
f 3331/4247/4116 4417/4249/4116 1338/4112/4116 156/4110/4116
f 76/4250/4117 1259/4252/4117 4418/4253/4117 3332/4251/4117
f 1259/4252/4118 77/4254/4118 3333/4255/4118 4418/4253/4118
f 4418/4253/4119 3333/4255/4119 154/4118/4119 1337/4116/4119
f 3332/4251/4120 4418/4253/4120 1337/4116/4120 155/4114/4120
f 77/4254/4121 1260/4256/4121 4419/4257/4121 3333/4255/4121
f 1260/4256/4122 78/4258/4122 3334/4259/4122 4419/4257/4122
f 4419/4257/4123 3334/4259/4123 153/4122/4123 1336/4120/4123
f 3333/4255/4124 4419/4257/4124 1336/4120/4124 154/4118/4124
f 78/4258/4125 1261/4260/4125 4420/4261/4125 3334/4259/4125
f 1261/4260/4126 79/4262/4126 3335/4263/4126 4420/4261/4126
f 4420/4261/4127 3335/4263/4127 152/4126/4127 1335/4124/4127
f 3334/4259/4128 4420/4261/4128 1335/4124/4128 153/4122/4128
f 79/4262/4129 1262/4264/4129 4421/4265/4129 3335/4263/4129
f 1262/4264/4130 80/4266/4130 3336/4267/4130 4421/4265/4130
f 4421/4265/4131 3336/4267/4131 151/4130/4131 1334/4128/4131
f 3335/4263/4132 4421/4265/4132 1334/4128/4132 152/4126/4132
f 80/4266/4133 1263/4268/4133 4422/4269/4133 3336/4267/4133
f 1263/4268/4134 81/4270/4134 3337/4271/4134 4422/4269/4134
f 4422/4269/4135 3337/4271/4135 150/4134/4135 1333/4132/4135
f 3336/4267/4136 4422/4269/4136 1333/4132/4136 151/4130/4136
f 81/4270/4137 1264/4272/4137 4423/4273/4137 3337/4271/4137
f 1264/4272/4138 82/4274/4138 3338/4275/4138 4423/4273/4138
f 4423/4273/4139 3338/4275/4139 149/4138/4139 1332/4136/4139
f 3337/4271/4140 4423/4273/4140 1332/4136/4140 150/4134/4140
f 82/4274/4141 1265/4276/4141 4424/4277/4141 3338/4275/4141
f 1265/4276/4142 83/4278/4142 3339/4279/4142 4424/4277/4142
f 4424/4277/4143 3339/4279/4143 148/4142/4143 1331/4140/4143
f 3338/4275/4144 4424/4277/4144 1331/4140/4144 149/4138/4144
f 83/4278/4145 1266/4280/4145 4425/4281/4145 3339/4279/4145
f 1266/4280/4146 84/4282/4146 3340/4283/4146 4425/4281/4146
f 4425/4281/4147 3340/4283/4147 147/4146/4147 1330/4144/4147
f 3339/4279/4148 4425/4281/4148 1330/4144/4148 148/4142/4148
f 84/4282/4149 1267/4284/4149 4426/4285/4149 3340/4283/4149
f 1267/4284/4150 85/4286/4150 3341/4287/4150 4426/4285/4150
f 4426/4285/4151 3341/4287/4151 146/4150/4151 1329/4148/4151
f 3340/4283/4152 4426/4285/4152 1329/4148/4152 147/4146/4152
f 85/4286/4153 1268/4288/4153 4427/4289/4153 3341/4287/4153
f 1268/4288/4154 86/4290/4154 3342/4291/4154 4427/4289/4154
f 4427/4289/4155 3342/4291/4155 145/4154/4155 1328/4152/4155
f 3341/4287/4156 4427/4289/4156 1328/4152/4156 146/4150/4156
f 86/4290/4157 1269/4292/4157 4428/4293/4157 3342/4291/4157
f 1269/4292/4158 87/4294/4158 3343/4295/4158 4428/4293/4158
f 4428/4293/4159 3343/4295/4159 144/4158/4159 1327/4156/4159
f 3342/4291/4160 4428/4293/4160 1327/4156/4160 145/4154/4160
f 87/4294/4161 1270/4296/4161 4429/4297/4161 3343/4295/4161
f 1270/4296/4162 88/4298/4162 3344/4299/4162 4429/4297/4162
f 4429/4297/4163 3344/4299/4163 143/4162/4163 1326/4160/4163
f 3343/4295/4164 4429/4297/4164 1326/4160/4164 144/4158/4164
f 88/4298/4165 1271/4300/4165 4430/4301/4165 3344/4299/4165
f 1271/4300/4166 89/4302/4166 3345/4303/4166 4430/4301/4166
f 4430/4301/4167 3345/4303/4167 142/4166/4167 1325/4164/4167
f 3344/4299/4168 4430/4301/4168 1325/4164/4168 143/4162/4168
f 89/4302/4169 1272/4304/4169 4431/4305/4169 3345/4303/4169
f 1272/4304/4170 90/4306/4170 3346/4307/4170 4431/4305/4170
f 4431/4305/4171 3346/4307/4171 141/4170/4171 1324/4168/4171
f 3345/4303/4172 4431/4305/4172 1324/4168/4172 142/4166/4172
f 90/4306/4173 1273/4308/4173 4432/4309/4173 3346/4307/4173
f 1273/4308/4174 91/4310/4174 3347/4311/4174 4432/4309/4174
f 4432/4309/4175 3347/4311/4175 140/4174/4175 1323/4172/4175
f 3346/4307/4176 4432/4309/4176 1323/4172/4176 141/4170/4176
f 91/4310/4177 1274/4312/4177 4433/4313/4177 3347/4311/4177
f 1274/4312/4178 92/4314/4178 3348/4315/4178 4433/4313/4178
f 4433/4313/4179 3348/4315/4179 139/4178/4179 1322/4176/4179
f 3347/4311/4180 4433/4313/4180 1322/4176/4180 140/4174/4180
f 92/4314/4181 1275/4316/4181 4434/4317/4181 3348/4315/4181
f 1275/4316/4182 93/4318/4182 3349/4319/4182 4434/4317/4182
f 4434/4317/4183 3349/4319/4183 138/4182/4183 1321/4180/4183
f 3348/4315/4184 4434/4317/4184 1321/4180/4184 139/4178/4184
f 93/4318/4185 1276/4320/4185 4435/4321/4185 3349/4319/4185
f 1276/4320/4186 94/4322/4186 3350/4323/4186 4435/4321/4186
f 4435/4321/4187 3350/4323/4187 137/4186/4187 1320/4184/4187
f 3349/4319/4188 4435/4321/4188 1320/4184/4188 138/4182/4188
f 94/4322/4189 1277/4324/4189 4436/4325/4189 3350/4323/4189
f 1277/4324/4190 95/4326/4190 3351/4327/4190 4436/4325/4190
f 4436/4325/4191 3351/4327/4191 136/4190/4191 1319/4188/4191
f 3350/4323/4192 4436/4325/4192 1319/4188/4192 137/4186/4192
f 95/4326/4193 1278/4328/4193 4437/4329/4193 3351/4327/4193
f 1278/4328/4194 96/4330/4194 3352/4331/4194 4437/4329/4194
f 4437/4329/4195 3352/4331/4195 135/4194/4195 1318/4192/4195
f 3351/4327/4196 4437/4329/4196 1318/4192/4196 136/4190/4196
f 96/4330/4197 1279/4332/4197 4438/4333/4197 3352/4331/4197
f 1279/4332/4198 97/4334/4198 3353/4335/4198 4438/4333/4198
f 4438/4333/4199 3353/4335/4199 134/4198/4199 1317/4196/4199
f 3352/4331/4200 4438/4333/4200 1317/4196/4200 135/4194/4200
f 97/4334/4201 1280/4336/4201 4439/4337/4201 3353/4335/4201
f 1280/4336/4202 98/10/4202 3354/13/4202 4439/4337/4202
f 4439/4337/4203 3354/13/4203 133/18/4203 1316/4200/4203
f 3353/4335/4204 4439/4337/4204 1316/4200/4204 134/4198/4204
f 5/198/4205 1246/197/4205 4440/4338/4205 1157/4339/4205
f 1246/197/4206 1152/196/4206 3355/4340/4206 4440/4338/4206
f 4440/4338/4207 3355/4340/4207 132/4341/4207 1156/4342/4207
f 1157/4339/4208 4440/4338/4208 1156/4342/4208 3/4343/4208
f 1152/196/4209 2334/204/4209 4441/4344/4209 3355/4340/4209
f 2334/204/4210 1151/203/4210 3356/4345/4210 4441/4344/4210
f 4441/4344/4211 3356/4345/4211 131/4346/4211 1314/4347/4211
f 3355/4340/4212 4441/4344/4212 1314/4347/4212 132/4341/4212
f 1151/203/4213 2333/210/4213 4442/4348/4213 3356/4345/4213
f 2333/210/4214 1150/209/4214 3357/4349/4214 4442/4348/4214
f 4442/4348/4215 3357/4349/4215 130/4350/4215 1313/4351/4215
f 3356/4345/4216 4442/4348/4216 1313/4351/4216 131/4346/4216
f 1150/209/4217 2332/216/4217 4443/4352/4217 3357/4349/4217
f 2332/216/4218 1149/215/4218 3358/4353/4218 4443/4352/4218
f 4443/4352/4219 3358/4353/4219 129/4354/4219 1312/4355/4219
f 3357/4349/4220 4443/4352/4220 1312/4355/4220 130/4350/4220
f 1149/215/4221 2331/222/4221 4444/4356/4221 3358/4353/4221
f 2331/222/4222 1148/221/4222 3359/4357/4222 4444/4356/4222
f 4444/4356/4223 3359/4357/4223 128/4358/4223 1311/4359/4223
f 3358/4353/4224 4444/4356/4224 1311/4359/4224 129/4354/4224
f 1148/221/4225 2330/228/4225 4445/4360/4225 3359/4357/4225
f 2330/228/4226 1147/227/4226 3360/4361/4226 4445/4360/4226
f 4445/4360/4227 3360/4361/4227 127/4362/4227 1310/4363/4227
f 3359/4357/4228 4445/4360/4228 1310/4363/4228 128/4358/4228
f 1147/227/4229 2329/234/4229 4446/4364/4229 3360/4361/4229
f 2329/234/4230 1146/233/4230 3361/4365/4230 4446/4364/4230
f 4446/4364/4231 3361/4365/4231 126/4366/4231 1309/4367/4231
f 3360/4361/4232 4446/4364/4232 1309/4367/4232 127/4362/4232
f 1146/233/4233 2328/240/4233 4447/4368/4233 3361/4365/4233
f 2328/240/4234 1145/239/4234 3362/4369/4234 4447/4368/4234
f 4447/4368/4235 3362/4369/4235 125/4370/4235 1308/4371/4235
f 3361/4365/4236 4447/4368/4236 1308/4371/4236 126/4366/4236
f 1145/239/4237 2327/246/4237 4448/4372/4237 3362/4369/4237
f 2327/246/4238 1144/245/4238 3363/4373/4238 4448/4372/4238
f 4448/4372/4239 3363/4373/4239 124/4374/4239 1307/4375/4239
f 3362/4369/4240 4448/4372/4240 1307/4375/4240 125/4370/4240
f 1144/245/4241 2326/252/4241 4449/4376/4241 3363/4373/4241
f 2326/252/4242 1143/251/4242 3364/4377/4242 4449/4376/4242
f 4449/4376/4243 3364/4377/4243 123/4378/4243 1306/4379/4243
f 3363/4373/4244 4449/4376/4244 1306/4379/4244 124/4374/4244
f 1143/251/4245 2325/258/4245 4450/4380/4245 3364/4377/4245
f 2325/258/4246 1142/257/4246 3365/4381/4246 4450/4380/4246
f 4450/4380/4247 3365/4381/4247 122/4382/4247 1305/4383/4247
f 3364/4377/4248 4450/4380/4248 1305/4383/4248 123/4378/4248
f 1142/257/4249 2324/264/4249 4451/4384/4249 3365/4381/4249
f 2324/264/4250 1141/263/4250 3366/4385/4250 4451/4384/4250
f 4451/4384/4251 3366/4385/4251 121/4386/4251 1304/4387/4251
f 3365/4381/4252 4451/4384/4252 1304/4387/4252 122/4382/4252
f 1141/263/4253 2323/270/4253 4452/4388/4253 3366/4385/4253
f 2323/270/4254 1140/269/4254 3367/4389/4254 4452/4388/4254
f 4452/4388/4255 3367/4389/4255 120/4390/4255 1303/4391/4255
f 3366/4385/4256 4452/4388/4256 1303/4391/4256 121/4386/4256
f 1140/269/4257 2322/276/4257 4453/4392/4257 3367/4389/4257
f 2322/276/4258 1139/275/4258 3368/4393/4258 4453/4392/4258
f 4453/4392/4259 3368/4393/4259 119/4394/4259 1302/4395/4259
f 3367/4389/4260 4453/4392/4260 1302/4395/4260 120/4390/4260
f 1139/275/4261 2321/282/4261 4454/4396/4261 3368/4393/4261
f 2321/282/4262 1138/281/4262 3369/4397/4262 4454/4396/4262
f 4454/4396/4263 3369/4397/4263 118/4398/4263 1301/4399/4263
f 3368/4393/4264 4454/4396/4264 1301/4399/4264 119/4394/4264
f 1138/281/4265 2320/288/4265 4455/4400/4265 3369/4397/4265
f 2320/288/4266 1137/287/4266 3370/4401/4266 4455/4400/4266
f 4455/4400/4267 3370/4401/4267 117/4402/4267 1300/4403/4267
f 3369/4397/4268 4455/4400/4268 1300/4403/4268 118/4398/4268
f 1137/287/4269 2319/294/4269 4456/4404/4269 3370/4401/4269
f 2319/294/4270 1136/293/4270 3371/4405/4270 4456/4404/4270
f 4456/4404/4271 3371/4405/4271 116/4406/4271 1299/4407/4271
f 3370/4401/4272 4456/4404/4272 1299/4407/4272 117/4402/4272
f 1136/293/4273 2318/300/4273 4457/4408/4273 3371/4405/4273
f 2318/300/4274 1135/299/4274 3372/4409/4274 4457/4408/4274
f 4457/4408/4275 3372/4409/4275 115/4410/4275 1298/4411/4275
f 3371/4405/4276 4457/4408/4276 1298/4411/4276 116/4406/4276
f 1135/299/4277 2317/306/4277 4458/4412/4277 3372/4409/4277
f 2317/306/4278 1134/305/4278 3373/4413/4278 4458/4412/4278
f 4458/4412/4279 3373/4413/4279 114/4414/4279 1297/4415/4279
f 3372/4409/4280 4458/4412/4280 1297/4415/4280 115/4410/4280
f 1134/305/4281 2316/312/4281 4459/4416/4281 3373/4413/4281
f 2316/312/4282 1133/311/4282 3374/4417/4282 4459/4416/4282
f 4459/4416/4283 3374/4417/4283 113/4418/4283 1296/4419/4283
f 3373/4413/4284 4459/4416/4284 1296/4419/4284 114/4414/4284
f 1133/311/4285 2315/318/4285 4460/4420/4285 3374/4417/4285
f 2315/318/4286 1132/317/4286 3375/4421/4286 4460/4420/4286
f 4460/4420/4287 3375/4421/4287 112/4422/4287 1295/4423/4287
f 3374/4417/4288 4460/4420/4288 1295/4423/4288 113/4418/4288
f 1132/317/4289 2314/324/4289 4461/4424/4289 3375/4421/4289
f 2314/324/4290 1131/323/4290 3376/4425/4290 4461/4424/4290
f 4461/4424/4291 3376/4425/4291 111/4426/4291 1294/4427/4291
f 3375/4421/4292 4461/4424/4292 1294/4427/4292 112/4422/4292
f 1131/323/4293 2313/330/4293 4462/4428/4293 3376/4425/4293
f 2313/330/4294 1130/329/4294 3377/4429/4294 4462/4428/4294
f 4462/4428/4295 3377/4429/4295 110/4430/4295 1293/4431/4295
f 3376/4425/4296 4462/4428/4296 1293/4431/4296 111/4426/4296
f 1130/329/4297 2312/336/4297 4463/4432/4297 3377/4429/4297
f 2312/336/4298 1129/335/4298 3378/4433/4298 4463/4432/4298
f 4463/4432/4299 3378/4433/4299 109/4434/4299 1292/4435/4299
f 3377/4429/4300 4463/4432/4300 1292/4435/4300 110/4430/4300
f 1129/335/4301 2311/342/4301 4464/4436/4301 3378/4433/4301
f 2311/342/4302 1128/341/4302 3379/4437/4302 4464/4436/4302
f 4464/4436/4303 3379/4437/4303 108/4438/4303 1291/4439/4303
f 3378/4433/4304 4464/4436/4304 1291/4439/4304 109/4434/4304
f 1128/341/4305 2310/348/4305 4465/4440/4305 3379/4437/4305
f 2310/348/4306 1127/347/4306 3380/4441/4306 4465/4440/4306
f 4465/4440/4307 3380/4441/4307 107/4442/4307 1290/4443/4307
f 3379/4437/4308 4465/4440/4308 1290/4443/4308 108/4438/4308
f 1127/347/4309 2309/354/4309 4466/4444/4309 3380/4441/4309
f 2309/354/4310 1126/353/4310 3381/4445/4310 4466/4444/4310
f 4466/4444/4311 3381/4445/4311 106/4446/4311 1289/4447/4311
f 3380/4441/4312 4466/4444/4312 1289/4447/4312 107/4442/4312
f 1126/353/4313 2308/360/4313 4467/4448/4313 3381/4445/4313
f 2308/360/4314 1125/359/4314 3382/4449/4314 4467/4448/4314
f 4467/4448/4315 3382/4449/4315 105/4450/4315 1288/4451/4315
f 3381/4445/4316 4467/4448/4316 1288/4451/4316 106/4446/4316
f 1125/359/4317 2307/366/4317 4468/4452/4317 3382/4449/4317
f 2307/366/4318 1124/365/4318 3383/4453/4318 4468/4452/4318
f 4468/4452/4319 3383/4453/4319 104/4454/4319 1287/4455/4319
f 3382/4449/4320 4468/4452/4320 1287/4455/4320 105/4450/4320
f 1124/365/4321 2306/372/4321 4469/4456/4321 3383/4453/4321
f 2306/372/4322 1123/371/4322 3384/4457/4322 4469/4456/4322
f 4469/4456/4323 3384/4457/4323 103/4458/4323 1286/4459/4323
f 3383/4453/4324 4469/4456/4324 1286/4459/4324 104/4454/4324
f 1123/371/4325 2305/378/4325 4470/4460/4325 3384/4457/4325
f 2305/378/4326 1122/377/4326 3385/4461/4326 4470/4460/4326
f 4470/4460/4327 3385/4461/4327 102/4462/4327 1285/4463/4327
f 3384/4457/4328 4470/4460/4328 1285/4463/4328 103/4458/4328
f 1122/377/4329 2304/384/4329 4471/4464/4329 3385/4461/4329
f 2304/384/4330 1121/383/4330 3386/4465/4330 4471/4464/4330
f 4471/4464/4331 3386/4465/4331 101/4466/4331 1284/4467/4331
f 3385/4461/4332 4471/4464/4332 1284/4467/4332 102/4462/4332
f 1121/383/4333 2303/390/4333 4472/4468/4333 3386/4465/4333
f 2303/390/4334 1120/389/4334 3387/4469/4334 4472/4468/4334
f 4472/4468/4335 3387/4469/4335 100/4470/4335 1283/4471/4335
f 3386/4465/4336 4472/4468/4336 1283/4471/4336 101/4466/4336
f 1120/389/4337 2302/393/4337 4473/4472/4337 3387/4469/4337
f 2302/393/4338 1119/1/4338 3388/4/4338 4473/4472/4338
f 4473/4472/4339 3388/4/4339 99/9/4339 1282/4473/4339
f 3387/4469/4340 4473/4472/4340 1282/4473/4340 100/4470/4340
o Cube
v 3.362090 -1.511276 29.394634
v 3.362090 -2.172814 29.394634
v 7.489964 -1.511276 17.121902
v 7.489964 -2.172814 17.121902
v 5.257185 -1.511276 30.032042
v 5.257185 -2.172814 30.032042
v 9.385059 -1.511276 17.759310
v 9.385059 -2.172814 17.759310
vn 0.9478 -0.0000 0.3188
vn -0.3188 -0.0000 0.9478
vn -0.9478 -0.0000 -0.3188
vn 0.3188 -0.0000 -0.9478
vn -0.0000 -1.0000 -0.0000
vn -0.0000 1.0000 -0.0000
vt 0.375000 0.000000
vt 0.625000 0.000000
vt 0.625000 0.250000
vt 0.375000 0.250000
vt 0.625000 0.500000
vt 0.375000 0.500000
vt 0.625000 0.750000
vt 0.375000 0.750000
vt 0.625000 1.000000
vt 0.375000 1.000000
vt 0.125000 0.500000
vt 0.125000 0.750000
vt 0.875000 0.500000
vt 0.875000 0.750000
s 0
f 4474/4474/4341 4475/4475/4341 4477/4476/4341 4476/4477/4341
f 4476/4477/4342 4477/4476/4342 4481/4478/4342 4480/4479/4342
f 4480/4479/4343 4481/4478/4343 4479/4480/4343 4478/4481/4343
f 4478/4481/4344 4479/4480/4344 4475/4482/4344 4474/4483/4344
f 4476/4484/4345 4480/4479/4345 4478/4481/4345 4474/4485/4345
f 4481/4478/4346 4477/4486/4346 4475/4487/4346 4479/4480/4346
