# Blender 4.2.0
# www.blender.org
mtllib Map.mtl
o Cube.030
v -0.770760 0.876654 -1.215846
v -0.770760 0.876654 -1.350265
v -0.636340 0.876654 -1.215846
v -0.636340 0.876654 -1.350265
v -0.762980 0.673437 -1.105916
v -0.880690 0.673437 -1.223626
v -0.762980 0.778100 -1.460195
v -0.880690 0.673437 -1.342485
v -0.526410 0.673437 -1.223626
v -0.644120 0.673437 -1.105916
v -0.644120 0.778100 -1.460195
v -0.526410 0.673437 -1.342485
v -0.880690 0.839655 -1.223626
v -0.762980 0.839655 -1.105916
v -0.812730 0.854685 -1.173876
v -0.762980 0.839655 -1.460195
v -0.880690 0.839655 -1.342485
v -0.812730 0.854685 -1.392235
v -0.644120 0.839655 -1.105916
v -0.526410 0.839655 -1.223626
v -0.594370 0.854685 -1.173876
v -0.526410 0.839655 -1.342485
v -0.644120 0.839655 -1.460195
v -0.594370 0.854685 -1.392235
v 1.940766 0.478858 -2.113711
v 2.076283 0.547692 0.637597
v -2.163576 0.547513 -1.903749
v -3.039176 0.500000 0.869402
v 1.983520 0.441880 -2.208343
v 2.034670 0.393838 -2.324215
v 2.092743 0.333644 -2.460299
v 2.150313 0.266573 -2.591971
v 2.203415 0.194647 -2.702821
v 2.247696 0.119153 -2.801343
v 2.280315 0.041482 -2.881889
v 2.298887 -0.036959 -2.937365
v 2.302288 -0.114461 -2.939519
v -3.423368 -0.077335 1.256104
v -3.466986 0.000000 1.232831
v -3.515275 0.077335 1.198601
v -3.565286 0.153392 1.154322
v -3.571964 0.220703 1.111910
v -3.531889 0.293492 1.066024
v -3.450519 0.361202 1.013469
v -3.314525 0.418850 0.954693
v -3.173771 0.464747 0.907371
v 2.122515 0.481334 0.722790
v 2.172141 0.418854 0.849422
v 2.221433 0.361202 1.002114
v 2.264946 0.296650 1.151919
v 2.300763 0.226929 1.290695
v 2.328219 0.153401 1.409214
v 2.346141 0.077335 1.492896
v 2.352787 0.000000 1.527707
v 2.344829 -0.077335 1.495882
v -2.364420 0.522681 -1.987953
v -2.589651 0.488646 -2.087278
v -2.815069 0.443544 -2.201246
v -3.011318 0.311320 -2.256129
v -3.166315 0.174049 -2.287907
v -3.275828 0.160603 -2.372685
v -3.356098 0.157570 -2.463079
v -3.408566 0.110649 -2.508507
v -3.424744 0.038334 -2.521844
v 2.035990 0.573665 0.653602
v 1.987238 0.606388 0.664579
v 1.911928 0.650457 0.675559
v 1.801929 0.697987 0.693942
v 1.664159 0.720242 0.718019
v 1.511070 0.754351 0.730677
v 1.300593 0.858687 0.715623
v 1.037415 0.861160 0.668505
v 0.632524 0.802169 0.656387
v 0.242908 0.685242 0.662195
v -0.149179 0.593949 0.670758
v -0.671116 0.412732 0.883550
v -1.864137 0.040254 1.383606
v -2.400642 0.129993 1.084326
v -2.722809 0.445949 0.911727
v 1.931315 0.497792 -1.959204
v 1.919015 0.519276 -1.769665
v 1.930160 0.541533 -1.538570
v 2.046909 0.562285 -1.293825
v 2.142359 0.573627 -1.069765
v 2.165640 0.578487 -0.863142
v 2.149243 0.610755 -0.654892
v 2.154344 0.652410 -0.483158
v 2.210209 0.680882 -0.303840
v 2.315405 0.668488 -0.130757
v 2.378919 0.633861 0.024260
v 2.362419 0.613007 0.175158
v 2.284942 0.603604 0.317143
v 2.170949 0.600623 0.443936
v 2.090911 0.584012 0.549142
v -3.160035 0.513106 0.778993
v -3.277077 0.505655 0.669168
v -3.360619 0.509210 0.531316
v -3.402922 0.537076 0.387161
v -3.338891 0.546624 0.223518
v -3.182827 0.532685 0.048066
v -3.033126 0.552966 -0.100665
v -2.855233 0.513466 -0.280846
v -2.805634 0.556863 -0.406069
v -2.654017 0.579998 -0.589553
v -2.507096 0.587869 -0.872345
v -2.341849 0.538754 -1.092145
v -2.204995 0.540337 -1.323137
v -2.154385 0.557973 -1.563800
v -2.160860 0.556394 -1.761415
v -1.994229 0.560831 -1.966734
v -1.704777 0.569553 -2.008297
v -1.269998 0.572350 -2.052279
v -0.813142 0.537084 -2.300661
v -0.458535 0.548337 -2.548983
v -0.118591 0.437972 -2.633873
v 0.200283 0.525356 -2.493922
v 0.522425 0.607526 -2.317003
v 0.935734 0.596530 -2.387541
v 1.287428 0.581880 -2.459891
v 1.524743 0.566705 -2.449878
v 1.675050 0.550255 -2.401422
v 1.778867 0.531976 -2.335184
v 1.855407 0.512632 -2.255167
v 1.906219 0.494740 -2.178734
v 1.877478 0.529209 -1.976857
v 1.817769 0.556992 -2.025259
v 1.744717 0.581311 -2.090688
v 1.648606 0.602598 -2.152588
v 1.519912 0.620593 -2.207421
v 1.325011 0.635531 -2.257194
v 1.030083 0.648490 -2.255424
v 0.640675 0.658848 -2.198412
v 0.276242 0.658565 -2.274147
v -0.044504 0.592091 -2.438897
v -0.394839 0.625624 -2.391949
v -0.745740 0.557277 -2.170551
v -1.146464 0.588490 -1.917727
v -1.567012 0.599725 -1.839510
v -1.888136 0.581137 -1.789127
v 1.854483 0.560543 -1.763123
v 1.784533 0.595147 -1.782168
v 1.704050 0.624358 -1.820155
v 1.611348 0.648652 -1.872623
v 1.495302 0.668379 -1.926367
v 1.329151 0.683582 -1.995575
v 1.082378 0.695143 -2.051839
v 0.735852 0.703780 -2.050378
v 0.352332 0.706353 -2.071250
v 0.015160 0.697572 -2.224522
v -0.349728 0.670616 -2.200848
v -0.717707 0.608440 -1.992029
v -1.091149 0.612190 -1.754425
v -1.490122 0.620176 -1.640703
v -1.821098 0.597616 -1.575961
v 1.881516 0.581772 -1.536491
v 1.820207 0.614139 -1.551598
v 1.745877 0.643546 -1.563670
v 1.645825 0.666509 -1.591445
v 1.515098 0.688102 -1.625945
v 1.332111 0.719662 -1.689285
v 1.092661 0.736354 -1.779815
v 0.792384 0.743028 -1.842310
v 0.418431 0.744858 -1.877217
v 0.048008 0.736729 -2.000118
v -0.343467 0.704749 -1.978033
v -0.698505 0.706162 -1.785588
v -1.072665 0.692055 -1.544020
v -1.400425 0.707694 -1.394873
v -1.818371 0.610448 -1.332958
v 2.020445 0.607048 -1.296479
v 1.972231 0.640456 -1.314712
v 1.900254 0.656909 -1.344141
v 1.810668 0.660844 -1.365242
v 1.683790 0.650503 -1.388877
v 1.474579 0.657334 -1.431299
v 1.190911 0.689572 -1.496758
v 0.797092 0.776752 -1.578128
v 0.441608 0.777044 -1.657699
v 0.054130 0.768442 -1.760430
v -0.352972 0.738743 -1.715946
v -0.732702 0.696834 -1.541011
v -1.110491 0.638201 -1.307403
v -1.480034 0.733063 -1.195664
v -1.900278 0.611266 -1.060663
v 2.126490 0.623637 -1.079066
v 2.098554 0.670134 -1.095113
v 2.053799 0.714761 -1.113755
v 1.985836 0.751772 -1.120762
v 1.869279 0.723727 -1.138055
v 1.675338 0.690647 -1.169076
v 1.369948 0.732221 -1.218634
v 0.919565 0.871381 -1.286202
v 0.481292 0.802763 -1.417902
v 0.062625 0.793163 -1.505170
v -0.378128 0.747334 -1.422153
v -0.791105 0.680231 -1.184604
v -1.165134 0.603022 -1.013260
v -1.641831 0.741432 -0.852064
v -2.126142 0.606549 -0.804004
v 2.155111 0.626335 -0.886402
v 2.135082 0.670566 -0.909033
v 2.098712 0.712827 -0.932289
v 2.036540 0.746608 -0.957525
v 1.929197 0.727693 -0.983636
v 1.762035 0.689716 -0.986757
v 1.544857 0.824589 -0.952852
v 1.142934 0.892357 -1.010193
v 0.539102 0.881112 -1.151981
v 0.109271 0.810862 -1.264000
v -0.359931 0.789223 -1.156726
v -0.820822 0.731254 -0.880608
v -1.283199 0.695270 -0.666386
v -1.870421 0.615966 -0.524284
v -2.288896 0.619969 -0.537762
v 2.140290 0.656420 -0.681954
v 2.122554 0.698324 -0.710401
v 2.087417 0.739482 -0.736983
v 2.032487 0.776898 -0.762271
v 1.944924 0.785245 -0.793675
v 1.834320 0.877624 -0.755712
v 1.677866 1.025830 -0.674001
v 1.324525 0.922523 -0.765818
v 0.665317 1.015060 -0.880640
v 0.187285 0.836893 -1.040322
v -0.302326 0.809044 -0.937046
v -0.792975 0.781515 -0.640810
v -1.368217 0.744527 -0.413616
v -2.022053 0.599100 -0.290051
v -2.510561 0.567830 -0.290429
v 2.126797 0.708496 -0.499819
v 2.103848 0.757299 -0.517423
v 2.065423 0.808048 -0.533284
v 2.010189 0.866332 -0.544889
v 1.944439 0.930711 -0.545282
v 1.846076 1.017911 -0.503498
v 1.671541 1.109427 -0.463086
v 1.379845 1.004606 -0.545842
v 0.781590 1.112451 -0.637666
v 0.232631 0.929916 -0.775007
v -0.259698 0.865925 -0.664555
v -0.760955 0.815241 -0.393552
v -1.413899 0.749431 -0.231318
v -2.067024 0.585530 -0.133703
v -2.639013 0.593963 -0.156146
v 2.135619 0.764777 -0.311493
v 2.094466 0.830940 -0.321391
v 2.051248 0.893230 -0.327872
v 1.984304 0.956672 -0.319619
v 1.893152 1.023641 -0.296494
v 1.782608 1.094791 -0.280038
v 1.611907 1.216332 -0.296414
v 1.355804 1.092848 -0.352855
v 0.795059 1.278372 -0.385812
v 0.245284 1.074897 -0.467469
v -0.203232 0.888672 -0.330431
v -0.717423 0.735056 -0.087290
v -1.438676 0.746239 -0.066229
v -2.118934 0.576895 -0.003010
v -2.725388 0.614918 -0.039032
v 2.161754 0.794849 -0.123747
v 2.075027 0.894813 -0.122441
v 1.990072 0.956078 -0.109376
v 1.862397 0.990098 -0.081324
v 1.717978 1.056048 -0.062830
v 1.616054 1.196066 -0.082281
v 1.499232 1.315622 -0.124219
v 1.201100 1.391953 -0.115947
v 0.746995 1.389054 -0.157683
v 0.251265 1.184356 -0.177137
v -0.224410 0.909846 0.009133
v -0.658372 0.621318 0.177408
v -1.483353 0.736420 0.086739
v -2.189659 0.595081 0.123217
v -2.876207 0.642394 0.105239
v 2.178992 0.777947 0.036925
v 2.010128 0.894026 0.058524
v 1.822479 0.916237 0.110238
v 1.657739 0.968758 0.145926
v 1.563825 1.149797 0.124674
v 1.475937 1.371251 0.092267
v 1.293918 1.526335 0.108810
v 1.040547 1.587491 0.100544
v 0.696002 1.370268 0.018669
v 0.254899 1.210904 0.060024
v -0.209567 0.914456 0.260024
v -0.643743 0.574414 0.328090
v -1.540237 0.715770 0.290647
v -2.286909 0.626054 0.264459
v -2.965467 0.636499 0.259410
v 2.171482 0.745959 0.184019
v 1.961931 0.881735 0.213507
v 1.735261 0.939494 0.271680
v 1.592665 1.078404 0.279643
v 1.484855 1.272927 0.247350
v 1.308631 1.443232 0.255172
v 1.120687 1.571450 0.273645
v 0.926764 1.507936 0.233320
v 0.633870 1.284298 0.160781
v 0.238824 1.161607 0.244373
v -0.196016 0.855471 0.423392
v -0.638340 0.566322 0.422938
v -1.709514 0.522288 0.554775
v -2.378012 0.567053 0.421346
v -2.981639 0.621909 0.406617
v 2.112075 0.725526 0.325183
v 1.922287 0.865658 0.347873
v 1.724195 0.966968 0.384443
v 1.565113 1.096667 0.394778
v 1.404609 1.208005 0.361848
v 1.222700 1.330628 0.359511
v 1.042175 1.397306 0.370290
v 0.865867 1.325783 0.337273
v 0.630040 1.145098 0.291781
v 0.231659 1.065771 0.378589
v -0.190008 0.807683 0.516553
v -0.637488 0.553564 0.527704
v -1.871429 0.283959 0.861214
v -2.425832 0.378305 0.618487
v -2.926980 0.600610 0.542468
v 2.026535 0.705256 0.452139
v 1.885176 0.807815 0.470826
v 1.751315 0.869851 0.498002
v 1.605906 0.928133 0.525101
v 1.441061 1.032986 0.518439
v 1.274027 1.126783 0.475621
v 1.107283 1.155063 0.450157
v 0.905260 1.109879 0.432276
v 0.639757 0.980530 0.409096
v 0.230659 0.945706 0.490045
v -0.186774 0.784922 0.579615
v -0.636420 0.496746 0.656574
v -1.853570 0.194142 1.084107
v -2.444577 0.188302 0.850286
v -2.872643 0.575953 0.684351
v 2.002916 0.651897 0.552120
v 1.913656 0.715691 0.569068
v 1.814664 0.765301 0.592164
v 1.695834 0.787945 0.620834
v 1.548008 0.827797 0.642387
v 1.374952 0.936734 0.636919
v 1.196160 1.013952 0.587605
v 0.978340 0.953967 0.541115
v 0.625248 0.877079 0.533270
v 0.237029 0.811107 0.585076
v -0.170209 0.710714 0.628383
v -0.653378 0.470723 0.785148
v -1.834520 0.116122 1.279378
v -2.417093 0.134390 1.007278
v -2.791480 0.527024 0.807254
v 2.451890 -0.077689 1.716049
v 2.470900 0.000000 1.756027
v 2.455409 0.077689 1.711795
v 2.425614 0.154144 1.630291
v 2.379985 0.228130 1.505488
v 2.323220 0.298415 1.349768
v 2.256482 0.363722 1.169916
v 2.181976 0.422606 0.971411
v 2.106841 0.483804 0.787458
v 2.537367 -0.078621 1.840818
v 2.552986 0.000000 1.870072
v 2.536650 0.078620 1.837115
v 2.493758 0.156091 1.753639
v 2.434904 0.231262 1.639264
v 2.360548 0.302983 1.479448
v 2.274974 0.370139 1.278515
v 2.181084 0.431759 1.047526
v 2.084527 0.495192 0.826980
v 2.520741 -0.079935 1.937042
v 2.534176 0.000000 1.965988
v 2.519325 0.079935 1.933807
v 2.473167 0.158822 1.842959
v 2.407943 0.235613 1.714509
v 2.328137 0.309261 1.536948
v 2.237707 0.378768 1.313574
v 2.136387 0.443351 1.063642
v 2.027340 0.519130 0.826525
v 2.430353 -0.081437 2.002894
v 2.446197 0.000000 2.037855
v 2.432373 0.081437 1.999505
v 2.384540 0.161915 1.889277
v 2.314374 0.240475 1.719651
v 2.237712 0.316157 1.513934
v 2.147430 0.388034 1.274035
v 2.043925 0.455302 1.013736
v 1.925497 0.561011 0.802397
v 2.277972 -0.082933 1.948351
v 2.291987 0.000000 1.990494
v 2.281828 0.082933 1.948444
v 2.239264 0.164959 1.818507
v 2.175608 0.245171 1.617135
v 2.110059 0.322659 1.408020
v 2.025674 0.396532 1.168374
v 1.919329 0.476835 0.932860
v 1.789296 0.617603 0.785438
v 2.055915 -0.084234 1.680594
v 2.068035 0.000000 1.722249
v 2.062541 0.084234 1.686316
v 2.029496 0.167582 1.562432
v 1.977263 0.249156 1.372301
v 1.930235 0.328070 1.203352
v 1.859750 0.406239 1.014665
v 1.758041 0.529504 0.868885
v 1.637763 0.657616 0.794762
v 1.760954 -0.085153 1.271479
v 1.772210 0.000000 1.299914
v 1.773370 0.085153 1.279298
v 1.758848 0.169421 1.202565
v 1.713434 0.252120 1.075002
v 1.688641 0.345605 0.995992
v 1.628907 0.457794 0.924893
v 1.538078 0.585883 0.862469
v 1.427546 0.707322 0.795715
v 1.348076 -0.085500 1.122996
v 1.353206 0.000000 1.131444
v 1.359564 0.085500 1.113467
v 1.343624 0.175135 1.072577
v 1.288945 0.278724 1.017553
v 1.298477 0.384677 0.977704
v 1.261293 0.502000 0.926178
v 1.192693 0.632342 0.861473
v 1.103319 0.771014 0.782574
v 0.706933 -0.085153 1.098526
v 0.700417 0.000000 1.100199
v 0.738739 0.085153 1.077510
v 0.745267 0.171612 1.032065
v 0.708359 0.267519 0.966331
v 0.746024 0.378113 0.912719
v 0.742226 0.482352 0.876539
v 0.715761 0.588944 0.823854
v 0.673291 0.698043 0.752320
v 0.177647 -0.084234 1.235383
v 0.177872 -0.000110 1.215817
v 0.175488 0.083158 1.170097
v 0.165477 0.161362 1.112935
v 0.151442 0.230380 1.043341
v 0.194708 0.307425 0.962248
v 0.224137 0.384619 0.872418
v 0.237116 0.470987 0.777119
v 0.243109 0.573595 0.718771
v -0.214650 -0.088406 1.692568
v -0.228094 -0.020189 1.637619
v -0.245880 0.028363 1.509722
v -0.269617 0.070082 1.352282
v -0.289704 0.122150 1.206301
v -0.222100 0.190400 1.060141
v -0.175011 0.272832 0.954704
v -0.142258 0.363495 0.848437
v -0.133828 0.468542 0.737788
v -0.833558 -0.124545 1.881391
v -0.852954 -0.059028 1.842536
v -0.882671 -0.005134 1.773453
v -0.911096 0.036263 1.679618
v -0.977580 0.084784 1.629647
v -0.888609 0.078420 1.423833
v -0.816699 0.107644 1.263665
v -0.749491 0.174947 1.112440
v -0.701485 0.296391 0.983897
v -1.858301 -0.127575 2.700674
v -1.875205 -0.053110 2.672080
v -1.911665 0.001844 2.578451
v -1.909532 0.030449 2.393474
v -1.890142 0.043859 2.153199
v -1.840384 0.024133 1.935817
v -1.848592 0.028414 1.751617
v -1.884272 0.073670 1.631938
v -1.893233 0.064044 1.503306
v -2.379707 -0.097637 2.016357
v -2.396694 -0.017737 1.953075
v -2.433677 0.064171 1.814320
v -2.497391 0.106257 1.623724
v -2.567621 0.072649 1.442592
v -2.554563 0.074871 1.380841
v -2.528860 0.077931 1.316849
v -2.482529 0.093733 1.250216
v -2.427578 0.123302 1.169292
v -2.870281 -0.077689 1.362920
v -2.910484 -0.000034 1.338305
v -2.964972 0.077689 1.301359
v -3.037535 0.154144 1.252223
v -3.082467 0.228130 1.198910
v -3.037521 0.298415 1.152555
v -2.969247 0.363722 1.102293
v -2.879740 0.419388 1.045057
v -2.784650 0.461669 0.978039
v -3.848118 -0.077839 1.109998
v -3.866242 -0.013598 1.099403
v -3.856381 0.036359 1.089288
v -3.826091 0.081349 1.070882
v -3.765634 0.127914 1.054522
v -3.688729 0.183397 1.024417
v -3.639978 0.269609 0.971219
v -3.608864 0.388566 0.886680
v -3.438982 0.461055 0.813709
v -4.131217 -0.078621 0.912644
v -4.171481 -0.000563 0.897483
v -4.183583 0.071501 0.874914
v -4.131983 0.124842 0.858877
v -4.001683 0.149830 0.871764
v -3.866372 0.180101 0.866586
v -3.794981 0.244210 0.837418
v -3.757434 0.340467 0.784582
v -3.625196 0.458558 0.707349
v -4.275736 -0.080053 0.694638
v -4.294156 -0.004709 0.684632
v -4.268220 0.065191 0.667581
v -4.198971 0.122845 0.661063
v -4.066033 0.147637 0.680797
v -3.917866 0.166960 0.690247
v -3.855919 0.237140 0.665597
v -3.843811 0.351438 0.617634
v -3.716192 0.460065 0.572940
v -4.279997 -0.081496 0.472825
v -4.289637 -0.003807 0.460616
v -4.262665 0.070262 0.445888
v -4.203742 0.130593 0.436058
v -4.115170 0.169725 0.429497
v -4.027762 0.213385 0.403529
v -3.934431 0.262361 0.358557
v -3.819056 0.333806 0.336523
v -3.667652 0.457238 0.368388
v -4.160041 -0.082933 0.244655
v -4.183126 -0.006603 0.229935
v -4.185939 0.057544 0.201399
v -4.168478 0.112498 0.177156
v -4.121727 0.161762 0.142484
v -4.018268 0.202802 0.100536
v -3.835502 0.240174 0.075696
v -3.643012 0.308008 0.096155
v -3.543011 0.451583 0.174328
v -3.970468 -0.084234 0.032296
v -3.991303 -0.004666 0.021779
v -3.989532 0.064988 -0.000018
v -3.973815 0.125870 -0.013529
v -3.913753 0.181152 -0.029314
v -3.792948 0.237722 -0.044574
v -3.644925 0.306649 -0.048767
v -3.562454 0.407065 -0.016643
v -3.455092 0.498666 0.026441
v -3.755418 -0.085153 -0.158891
v -3.780591 -0.000249 -0.158541
v -3.767193 0.080934 -0.166181
v -3.735277 0.158735 -0.168126
v -3.673139 0.230080 -0.174792
v -3.595546 0.302039 -0.181041
v -3.531915 0.382815 -0.172429
v -3.444706 0.455335 -0.151808
v -3.292711 0.509686 -0.127827
v -3.532785 -0.091534 -0.327003
v -3.537874 -0.019346 -0.329058
v -3.495481 0.048782 -0.342423
v -3.438781 0.117505 -0.352760
v -3.379208 0.192830 -0.359033
v -3.335479 0.281656 -0.355257
v -3.303461 0.378592 -0.336750
v -3.235212 0.460685 -0.306850
v -3.088268 0.505577 -0.291771
v -3.346861 -0.085777 -0.462362
v -3.356782 -0.010068 -0.462529
v -3.333447 0.062182 -0.465419
v -3.293128 0.140564 -0.471207
v -3.255821 0.227846 -0.471121
v -3.220952 0.320325 -0.465958
v -3.170229 0.404228 -0.464244
v -3.078986 0.461124 -0.478061
v -2.960123 0.508553 -0.479249
v -3.158134 -0.084234 -0.587736
v -3.184959 0.000000 -0.579829
v -3.189983 0.084234 -0.573137
v -3.166836 0.167582 -0.572356
v -3.128232 0.249892 -0.581207
v -3.091418 0.330977 -0.602058
v -3.050150 0.409592 -0.626736
v -2.992285 0.483909 -0.641162
v -2.884165 0.548414 -0.637767
v -2.973466 -0.082933 -0.776035
v -2.996049 0.000000 -0.756856
v -3.000312 0.082942 -0.743072
v -2.990215 0.165671 -0.744753
v -2.968694 0.247534 -0.764194
v -2.929532 0.327089 -0.797828
v -2.872693 0.404627 -0.831151
v -2.802974 0.483467 -0.863392
v -2.700817 0.549281 -0.886164
v -2.796395 -0.081437 -1.030886
v -2.813742 0.000000 -1.008435
v -2.817744 0.081437 -0.988324
v -2.797866 0.161964 -0.985462
v -2.779253 0.244079 -0.991135
v -2.751797 0.329112 -1.034817
v -2.721166 0.409616 -1.087479
v -2.675858 0.482548 -1.132643
v -2.577899 0.532092 -1.147686
v -2.782347 -0.065813 -1.368305
v -2.771390 0.011996 -1.340373
v -2.749732 0.089643 -1.306858
v -2.724425 0.168095 -1.299080
v -2.698620 0.247713 -1.298670
v -2.673631 0.325448 -1.304935
v -2.636817 0.397906 -1.336944
v -2.574563 0.462257 -1.356608
v -2.457120 0.508762 -1.349210
v -3.011202 -0.029030 -1.787989
v -2.989981 0.046849 -1.761158
v -2.949695 0.121768 -1.722849
v -2.907384 0.197062 -1.700189
v -2.850984 0.270460 -1.678746
v -2.770107 0.339329 -1.642196
v -2.667347 0.403601 -1.602151
v -2.542364 0.462356 -1.574622
v -2.387622 0.510840 -1.561489
v -3.271370 0.005112 -2.185513
v -3.252198 0.066514 -2.158771
v -3.204168 0.130033 -2.114377
v -3.140543 0.206058 -2.074721
v -3.056618 0.292524 -2.043310
v -2.937860 0.366059 -1.987036
v -2.787921 0.424654 -1.915206
v -2.613144 0.476921 -1.851421
v -2.405011 0.521606 -1.804195
v 2.297719 -0.109932 -2.628814
v 2.295759 -0.032133 -2.629046
v 2.279094 0.046532 -2.582024
v 2.249020 0.124411 -2.511987
v 2.207625 0.200103 -2.427775
v 2.157326 0.272267 -2.334711
v 2.101509 0.339661 -2.228798
v 2.044031 0.400696 -2.117227
v 1.986776 0.453701 -2.025069
v 2.279697 -0.105499 -2.305972
v 2.278573 -0.026794 -2.306838
v 2.263155 0.052706 -2.264481
v 2.235261 0.131439 -2.202162
v 2.196812 0.208053 -2.131038
v 2.149693 0.281305 -2.055739
v 2.096200 0.350124 -1.972792
v 2.039382 0.413524 -1.881849
v 1.980237 0.470169 -1.810781
v 2.247383 -0.100949 -1.955090
v 2.246872 -0.020943 -1.956046
v 2.233159 0.059750 -1.919436
v 2.207994 0.139712 -1.865970
v 2.173052 0.217657 -1.809036
v 2.129664 0.292468 -1.752389
v 2.079386 0.363217 -1.691472
v 2.024605 0.429207 -1.620216
v 1.972049 0.489237 -1.567506
v 2.228949 -0.095532 -1.554753
v 2.226914 -0.014133 -1.559701
v 2.214293 0.067827 -1.533539
v 2.190664 0.149031 -1.495657
v 2.155946 0.228235 -1.462019
v 2.111547 0.304494 -1.432871
v 2.074430 0.377069 -1.398172
v 2.060779 0.445320 -1.347850
v 2.056689 0.507945 -1.311271
v 2.262356 -0.089167 -1.111163
v 2.258577 -0.006335 -1.118152
v 2.246449 0.076797 -1.106222
v 2.224313 0.159080 -1.088840
v 2.202125 0.239322 -1.082708
v 2.184468 0.316684 -1.086066
v 2.170449 0.389964 -1.086045
v 2.162553 0.457427 -1.071464
v 2.153389 0.518462 -1.066924
v 2.386313 -0.084838 -0.756652
v 2.379605 -0.000661 -0.761272
v 2.364351 0.083554 -0.759232
v 2.336725 0.167064 -0.755183
v 2.292152 0.251238 -0.762579
v 2.243949 0.330605 -0.785442
v 2.207732 0.402700 -0.809449
v 2.185530 0.467892 -0.822306
v 2.173012 0.526071 -0.841135
v 2.646273 -0.085153 -0.593754
v 2.636888 0.000000 -0.595288
v 2.612064 0.085153 -0.593645
v 2.571028 0.169421 -0.589474
v 2.499533 0.251809 -0.589515
v 2.384500 0.331883 -0.599086
v 2.275075 0.415490 -0.609823
v 2.205673 0.491779 -0.617432
v 2.165820 0.557067 -0.632275
v 2.951447 -0.085500 -0.432204
v 2.940838 0.000000 -0.432788
v 2.905310 0.085500 -0.432502
v 2.847977 0.170115 -0.430444
v 2.755754 0.252957 -0.433544
v 2.634065 0.333140 -0.441655
v 2.495325 0.408007 -0.450269
v 2.334440 0.494118 -0.458781
v 2.215420 0.580918 -0.468939
v 3.244445 -0.085153 -0.255728
v 3.232503 0.000000 -0.255225
v 3.186615 0.085153 -0.256128
v 3.111749 0.169421 -0.256859
v 2.999776 0.251922 -0.263417
v 2.856192 0.331770 -0.275937
v 2.708834 0.408082 -0.282842
v 2.557188 0.481022 -0.286939
v 2.362171 0.576017 -0.296679
v 3.455680 -0.084234 -0.072763
v 3.441361 0.000000 -0.071123
v 3.387034 0.084234 -0.073236
v 3.298857 0.167582 -0.076946
v 3.174353 0.249156 -0.086996
v 3.018456 0.328070 -0.105221
v 2.858193 0.403440 -0.114181
v 2.692869 0.474400 -0.120130
v 2.515698 0.549910 -0.131429
v 3.511386 -0.082933 0.108918
v 3.493283 0.000000 0.111670
v 3.436912 0.082933 0.108398
v 3.347230 0.164959 0.101699
v 3.224684 0.245171 0.088245
v 3.074580 0.322659 0.064734
v 2.914067 0.396532 0.054163
v 2.745289 0.465946 0.044657
v 2.569586 0.531472 0.027274
v 3.374539 -0.081437 0.282591
v 3.355470 0.000000 0.286373
v 3.308872 0.081437 0.282047
v 3.234138 0.161915 0.272491
v 3.130523 0.240475 0.255767
v 3.004973 0.316157 0.227450
v 2.858501 0.388034 0.215777
v 2.702239 0.455302 0.202183
v 2.541425 0.518357 0.181286
v 3.105164 -0.079935 0.442796
v 3.085483 0.000000 0.447483
v 3.051303 0.079935 0.442766
v 2.997986 0.158822 0.432596
v 2.921420 0.235613 0.415428
v 2.829812 0.309261 0.381737
v 2.707386 0.378768 0.371605
v 2.577357 0.443351 0.349404
v 2.442403 0.508614 0.324084
v 2.776874 -0.078620 0.815166
v 2.757177 0.000000 0.848290
v 2.734082 0.078621 0.843950
v 2.700537 0.156091 0.812365
v 2.650374 0.231262 0.756170
v 2.585881 0.302983 0.678989
v 2.496274 0.370139 0.619131
v 2.400751 0.431881 0.543122
v 2.298881 0.505880 0.472665
v 2.443530 -0.077689 1.261805
v 2.426529 0.000000 1.287792
v 2.414359 0.077689 1.257140
v 2.396029 0.154144 1.183410
v 2.368589 0.228130 1.069817
v 2.325905 0.298415 0.952332
v 2.276128 0.363722 0.830105
v 2.222506 0.425855 0.709729
v 2.162651 0.502423 0.609327
v -3.368952 0.050552 -2.779473
v -3.348090 0.127176 -2.769119
v -3.282494 0.187496 -2.724125
v -3.168162 0.162936 -2.601904
v -3.039318 0.143263 -2.473582
v -2.882205 0.260804 -2.414079
v -2.667439 0.421723 -2.354763
v -2.429227 0.458615 -2.173743
v -2.207078 0.531565 -2.103691
v -3.083978 0.040950 -2.878781
v -3.059063 0.114383 -2.863976
v -2.991282 0.161511 -2.805113
v -2.892462 0.130717 -2.668317
v -2.753066 0.132508 -2.534786
v -2.547785 0.275954 -2.445559
v -2.331136 0.300599 -2.236895
v -2.113877 0.461009 -2.250287
v -1.906279 0.534444 -2.156374
v -2.637668 0.011535 -2.807755
v -2.609668 0.063920 -2.774369
v -2.532923 0.125637 -2.722543
v -2.412241 0.168655 -2.658248
v -2.241409 0.125956 -2.522135
v -2.015970 0.238896 -2.378899
v -1.812912 0.410588 -2.374019
v -1.623808 0.481970 -2.293127
v -1.446429 0.530059 -2.173198
v -1.968880 -0.018554 -2.727305
v -1.934709 0.047881 -2.713425
v -1.849096 0.093428 -2.672914
v -1.717336 0.145647 -2.633475
v -1.515258 0.189283 -2.553613
v -1.302901 0.174075 -2.410320
v -1.161959 0.304787 -2.437468
v -1.032699 0.455123 -2.477145
v -0.918837 0.510693 -2.397678
v -1.034473 -0.074487 -2.994590
v -1.014429 0.007504 -2.997021
v -0.956992 0.088081 -2.996313
v -0.883497 0.167612 -2.987708
v -0.790221 0.237491 -2.983356
v -0.702537 0.286207 -2.969613
v -0.642975 0.338727 -2.901687
v -0.587392 0.399511 -2.802587
v -0.530902 0.473251 -2.677903
v -0.597786 -0.087003 -3.416550
v -0.591741 -0.011679 -3.414450
v -0.559169 0.051581 -3.402705
v -0.514694 0.098705 -3.368771
v -0.450718 0.124628 -3.317077
v -0.373780 0.131333 -3.236972
v -0.306098 0.143795 -3.118672
v -0.251907 0.195097 -2.975452
v -0.194398 0.297256 -2.810692
v -0.249555 -0.104780 -3.611163
v -0.244419 -0.040153 -3.602324
v -0.217923 0.004014 -3.558136
v -0.176106 0.022227 -3.481458
v -0.117925 0.016338 -3.373524
v -0.048781 0.006144 -3.233896
v 0.018412 0.038397 -3.066568
v 0.071519 0.154393 -2.892249
v 0.127284 0.331507 -2.702109
v 0.093173 -0.167007 -3.456003
v 0.098052 -0.120486 -3.444765
v 0.114770 -0.091014 -3.391946
v 0.151644 -0.074630 -3.293417
v 0.201161 -0.044512 -3.160831
v 0.259582 0.037523 -2.999506
v 0.316015 0.183577 -2.820399
v 0.368136 0.361158 -2.633593
v 0.423388 0.517392 -2.455186
v 0.414659 -0.166831 -3.079158
v 0.418896 -0.114922 -3.068675
v 0.430195 -0.056921 -3.021643
v 0.456795 0.022488 -2.931502
v 0.496964 0.134430 -2.805036
v 0.555642 0.266047 -2.680339
v 0.638046 0.384319 -2.598096
v 0.739042 0.474387 -2.538301
v 0.831039 0.538616 -2.472875
v 0.773646 -0.088035 -2.805229
v 0.779597 -0.003969 -2.803617
v 0.802378 0.079152 -2.796040
v 0.842607 0.161519 -2.786426
v 0.922036 0.240576 -2.786573
v 1.013407 0.316566 -2.784840
v 1.098403 0.389268 -2.762572
v 1.176296 0.458052 -2.708438
v 1.236595 0.522545 -2.608369
v 1.332729 -0.103359 -3.118022
v 1.334588 -0.020418 -3.114299
v 1.352332 0.061910 -3.109110
v 1.372001 0.143283 -3.091261
v 1.415624 0.222188 -3.070910
v 1.463224 0.298468 -3.028640
v 1.495759 0.371848 -2.947463
v 1.516571 0.441515 -2.824779
v 1.525171 0.506749 -2.657458
v 1.784312 -0.115500 -3.408754
v 1.780112 -0.033807 -3.398577
v 1.782646 0.047732 -3.371367
v 1.777349 0.128675 -3.319111
v 1.770611 0.207928 -3.243011
v 1.769656 0.284441 -3.140783
v 1.755398 0.357773 -3.003520
v 1.733101 0.427054 -2.833290
v 1.704949 0.491495 -2.630998
v 2.053457 -0.120602 -3.498634
v 2.046194 -0.040302 -3.486405
v 2.037020 0.040289 -3.441133
v 2.015217 0.120386 -3.365285
v 1.982811 0.198875 -3.261486
v 1.951145 0.274537 -3.127347
v 1.911518 0.346489 -2.964477
v 1.867458 0.413888 -2.777540
v 1.821761 0.475964 -2.567013
v 2.211420 -0.121271 -3.431969
v 2.204178 -0.042294 -3.421101
v 2.187908 0.037348 -3.363548
v 2.157097 0.116433 -3.275505
v 2.114421 0.193707 -3.161484
v 2.065332 0.267934 -3.021058
v 2.012785 0.337955 -2.852498
v 1.957620 0.402653 -2.668688
v 1.903775 0.461089 -2.470608
v 2.284062 -0.118708 -3.227491
v 2.278712 -0.040767 -3.221689
v 2.259870 0.038070 -3.161457
v 2.226299 0.116229 -3.073479
v 2.180666 0.192358 -2.963134
v 2.126081 0.265093 -2.836123
v 2.068627 0.333272 -2.677847
v 2.009900 0.395083 -2.513936
v 1.954534 0.449184 -2.346914
v 0.153084 0.818113 -1.654347
v 0.181588 0.920466 -1.673291
v 0.163468 0.826620 -1.764071
v 0.186592 0.928676 -1.720247
v 0.239070 0.812504 -1.642955
v 0.229153 0.917364 -1.666989
v 0.262044 0.820189 -1.751011
v 0.237587 0.925350 -1.713490
v 0.205486 0.954412 -1.696494
v 0.206975 0.955257 -1.707538
v 0.218173 0.954526 -1.706055
v 0.216627 0.953686 -1.695018
v 0.160666 0.824324 -1.734468
v 0.185242 0.926461 -1.707578
v 0.255846 0.818116 -1.721858
v 0.235312 0.923195 -1.700945
v 0.206573 0.955029 -1.704559
v 0.217756 0.954299 -1.703077
v 0.156783 0.821143 -1.693431
v 0.232157 0.920208 -1.683553
v 0.217177 0.953985 -1.698949
v 0.183370 0.923391 -1.690016
v 0.247253 0.815241 -1.681444
v 0.206016 0.954713 -1.700428
v 0.229211 0.822331 -1.755361
v 0.196352 0.824474 -1.759715
v 0.203604 0.927566 -1.717993
v 0.220602 0.926458 -1.715741
v 0.181769 0.816242 -1.650547
v 0.210431 0.814372 -1.646749
v 0.213310 0.918397 -1.669088
v 0.197455 0.919431 -1.671189
v 0.210711 0.955013 -1.707044
v 0.214443 0.954769 -1.706549
v 0.212916 0.953928 -1.695509
v 0.209202 0.954170 -1.696001
v 0.210304 0.954786 -1.704064
v 0.214031 0.954542 -1.703571
v 0.224144 0.820184 -1.726058
v 0.192417 0.822253 -1.730262
v 0.209740 0.954470 -1.699935
v 0.213460 0.954227 -1.699442
v 0.217120 0.817207 -1.685436
v 0.186963 0.819174 -1.689432
v 0.220101 0.755553 -1.727368
v 0.188375 0.757623 -1.731571
v 0.213077 0.752576 -1.686746
v 0.182921 0.754543 -1.690741
v -0.133650 0.769464 -1.989218
v -0.105147 0.871818 -2.008162
v -0.123267 0.777971 -2.098943
v -0.100142 0.880027 -2.055118
v -0.047664 0.763855 -1.977826
v -0.057581 0.868715 -2.001861
v -0.024691 0.771540 -2.085882
v -0.049147 0.876701 -2.048361
v -0.081249 0.905763 -2.031365
v -0.079759 0.906608 -2.042410
v -0.068562 0.905877 -2.040926
v -0.070108 0.905037 -2.029889
v -0.126068 0.775676 -2.069339
v -0.101492 0.877812 -2.042449
v -0.030889 0.769467 -2.056729
v -0.051423 0.874546 -2.035816
v -0.080161 0.906380 -2.039430
v -0.068979 0.905651 -2.037948
v -0.129952 0.772494 -2.028301
v -0.054577 0.871559 -2.018424
v -0.069557 0.905336 -2.033820
v -0.103364 0.874742 -2.024888
v -0.039481 0.766592 -2.016315
v -0.080718 0.906064 -2.035299
v -0.057524 0.773682 -2.090232
v -0.090383 0.775826 -2.094586
v -0.083131 0.878918 -2.052864
v -0.066132 0.877809 -2.050612
v -0.104966 0.767593 -1.985418
v -0.076304 0.765723 -1.981621
v -0.073424 0.869748 -2.003959
v -0.089279 0.870782 -2.006060
v -0.076024 0.906364 -2.041915
v -0.072291 0.906121 -2.041420
v -0.073819 0.905279 -2.030380
v -0.077532 0.905521 -2.030873
v -0.076431 0.906137 -2.038936
v -0.072703 0.905894 -2.038442
v -0.062591 0.771535 -2.060929
v -0.094317 0.773604 -2.065133
v -0.076995 0.905821 -2.034806
v -0.073275 0.905579 -2.034313
v -0.069615 0.768558 -2.020308
v -0.099771 0.770525 -2.024303
v -0.066633 0.706904 -2.062239
v -0.098360 0.708974 -2.066442
v -0.073657 0.703927 -2.021617
v -0.103814 0.705895 -2.025612
v -1.149496 0.634026 -1.857544
v -1.120992 0.736380 -1.876488
v -1.139112 0.642533 -1.967269
v -1.115988 0.744590 -1.923444
v -1.063510 0.628417 -1.846152
v -1.073427 0.733277 -1.870187
v -1.040536 0.636103 -1.954208
v -1.064993 0.741263 -1.916688
v -1.097094 0.770326 -1.899691
v -1.095605 0.771170 -1.910736
v -1.084407 0.770440 -1.909252
v -1.085953 0.769599 -1.898215
v -1.141914 0.640238 -1.937666
v -1.117338 0.742375 -1.910776
v -1.046734 0.634029 -1.925056
v -1.067268 0.739109 -1.904142
v -1.096007 0.770942 -1.907756
v -1.084824 0.770213 -1.906275
v -1.145797 0.637056 -1.896628
v -1.070422 0.736122 -1.886750
v -1.085402 0.769898 -1.902147
v -1.119210 0.739304 -1.893214
v -1.055327 0.631155 -1.884642
v -1.096564 0.770626 -1.903625
v -1.073370 0.638245 -1.958559
v -1.106228 0.640388 -1.962912
v -1.098976 0.743480 -1.921190
v -1.081978 0.742371 -1.918938
v -1.120811 0.632155 -1.853744
v -1.092149 0.630286 -1.849947
v -1.089269 0.734310 -1.872286
v -1.105125 0.735345 -1.874386
v -1.091869 0.770926 -1.910241
v -1.088137 0.770683 -1.909747
v -1.089664 0.769841 -1.898707
v -1.093378 0.770083 -1.899199
v -1.092276 0.770699 -1.907262
v -1.088549 0.770456 -1.906768
v -1.078436 0.636097 -1.929255
v -1.110162 0.638167 -1.933459
v -1.092840 0.770384 -1.903132
v -1.089120 0.770141 -1.902639
v -1.085460 0.633120 -1.888634
v -1.115617 0.635088 -1.892629
v -1.082479 0.571467 -1.930565
v -1.114205 0.573536 -1.934768
v -1.089503 0.568490 -1.889944
v -1.119659 0.570457 -1.893939
v -1.225810 0.672278 -1.014184
v -1.197307 0.774631 -1.033128
v -1.215427 0.680784 -1.123908
v -1.192302 0.782841 -1.080083
v -1.139825 0.666669 -1.002792
v -1.149742 0.771528 -1.026826
v -1.116851 0.674354 -1.110848
v -1.141307 0.779514 -1.073327
v -1.173409 0.808577 -1.056330
v -1.171920 0.809422 -1.067375
v -1.160722 0.808691 -1.065892
v -1.162268 0.807850 -1.054854
v -1.218228 0.678489 -1.094305
v -1.193653 0.780626 -1.067415
v -1.123049 0.672281 -1.081695
v -1.143583 0.777360 -1.060781
v -1.172321 0.809194 -1.064395
v -1.161139 0.808464 -1.062914
v -1.222112 0.675308 -1.053267
v -1.146737 0.774373 -1.043389
v -1.161717 0.808150 -1.058786
v -1.195524 0.777555 -1.049853
v -1.131642 0.669406 -1.041281
v -1.172878 0.808878 -1.060264
v -1.149684 0.676496 -1.115198
v -1.182543 0.678639 -1.119551
v -1.175291 0.781731 -1.077829
v -1.158292 0.780623 -1.075577
v -1.197126 0.670407 -1.010383
v -1.168464 0.668537 -1.006586
v -1.165584 0.772562 -1.028925
v -1.181440 0.773596 -1.031026
v -1.168184 0.809178 -1.066880
v -1.164451 0.808934 -1.066386
v -1.165979 0.808092 -1.055346
v -1.169692 0.808335 -1.055838
v -1.168591 0.808950 -1.063901
v -1.164864 0.808707 -1.063407
v -1.154751 0.674349 -1.085895
v -1.186477 0.676418 -1.090098
v -1.169155 0.808635 -1.059771
v -1.165435 0.808392 -1.059278
v -1.161775 0.671372 -1.045273
v -1.191932 0.673339 -1.049269
v -1.158794 0.609718 -1.087204
v -1.190520 0.611787 -1.091408
v -1.165817 0.606741 -1.046583
v -1.195974 0.608708 -1.050578
v -2.692291 0.613702 -0.519754
v -2.711432 0.716291 -0.492244
v -2.616982 0.638754 -0.442810
v -2.680247 0.731493 -0.459173
v -2.754644 0.602312 -0.460279
v -2.745923 0.709990 -0.459344
v -2.688464 0.625695 -0.374627
v -2.717226 0.724738 -0.423901
v -2.714118 0.752275 -0.461265
v -2.706818 0.754764 -0.453176
v -2.714937 0.753281 -0.445431
v -2.722197 0.750799 -0.453559
v -2.637300 0.631995 -0.463569
v -2.688661 0.727392 -0.468095
v -2.706319 0.619386 -0.397735
v -2.724968 0.720759 -0.433463
v -2.708787 0.754092 -0.455358
v -2.716896 0.752611 -0.447624
v -2.665467 0.622625 -0.492346
v -2.735702 0.715243 -0.446719
v -2.719612 0.751683 -0.450663
v -2.700324 0.721706 -0.480464
v -2.731071 0.610641 -0.429770
v -2.711518 0.753162 -0.458384
v -2.664655 0.630045 -0.397336
v -2.640827 0.634398 -0.420064
v -2.692583 0.729240 -0.447406
v -2.704909 0.726988 -0.435649
v -2.713092 0.609902 -0.499913
v -2.733877 0.606106 -0.480089
v -2.734435 0.712089 -0.470302
v -2.722938 0.714189 -0.481269
v -2.709526 0.754269 -0.450592
v -2.712233 0.753775 -0.448011
v -2.719506 0.751291 -0.456125
v -2.716813 0.751783 -0.458694
v -2.711492 0.753598 -0.452778
v -2.714195 0.753104 -0.450200
v -2.683331 0.623586 -0.419662
v -2.660324 0.627789 -0.441607
v -2.714218 0.752668 -0.455808
v -2.716916 0.752176 -0.453235
v -2.709220 0.614633 -0.450612
v -2.687351 0.618627 -0.471471
v -2.670039 0.560220 -0.417864
v -2.647033 0.564422 -0.439809
v -2.695929 0.551266 -0.448814
v -2.674061 0.555261 -0.469673
v -2.611976 0.634492 -0.275667
v -2.654114 0.729777 -0.247512
v -2.627899 0.629224 -0.166404
v -2.662069 0.731960 -0.200298
v -2.695990 0.619694 -0.292329
v -2.700588 0.721591 -0.256729
v -2.724213 0.612259 -0.185506
v -2.711894 0.723183 -0.210180
v -2.683103 0.757697 -0.222176
v -2.685144 0.757100 -0.211203
v -2.696085 0.755173 -0.213373
v -2.693989 0.755779 -0.224335
v -2.623603 0.630645 -0.195882
v -2.659923 0.731371 -0.213036
v -2.716599 0.614265 -0.214326
v -2.708844 0.722754 -0.222738
v -2.684594 0.757261 -0.214164
v -2.695519 0.755337 -0.216331
v -2.617648 0.632615 -0.236748
v -2.704616 0.722158 -0.240148
v -2.694735 0.755564 -0.220430
v -2.656948 0.730554 -0.230694
v -2.706042 0.617046 -0.254279
v -2.683830 0.757484 -0.218268
v -2.692134 0.617910 -0.179144
v -2.660029 0.623565 -0.172776
v -2.678690 0.729032 -0.203594
v -2.695299 0.726107 -0.206888
v -2.640003 0.629555 -0.281225
v -2.668007 0.624622 -0.286779
v -2.685109 0.724318 -0.253659
v -2.669617 0.727046 -0.250587
v -2.688795 0.756457 -0.211927
v -2.692441 0.755815 -0.212651
v -2.690363 0.756418 -0.223616
v -2.686734 0.757057 -0.222896
v -2.688239 0.756619 -0.214887
v -2.691880 0.755978 -0.215609
v -2.685624 0.619721 -0.208183
v -2.654625 0.625181 -0.202036
v -2.687468 0.756844 -0.218989
v -2.691103 0.756203 -0.219710
v -2.676600 0.622232 -0.248440
v -2.647136 0.627421 -0.242596
v -2.673395 0.556343 -0.213557
v -2.642396 0.561803 -0.207410
v -2.664371 0.558854 -0.253814
v -2.634907 0.564044 -0.247971
v -2.526089 0.666558 -0.149305
v -2.536941 0.767123 -0.111666
v -2.443861 0.680552 -0.076764
v -2.502512 0.777610 -0.080013
v -2.584378 0.653179 -0.086232
v -2.569185 0.759721 -0.076776
v -2.510684 0.665213 -0.004456
v -2.537081 0.769675 -0.042607
v -2.535140 0.800262 -0.077603
v -2.527118 0.801622 -0.069940
v -2.534709 0.799879 -0.061726
v -2.542693 0.798528 -0.069431
v -2.466045 0.676776 -0.096335
v -2.511801 0.774781 -0.088553
v -2.530566 0.661966 -0.026519
v -2.545743 0.766990 -0.051825
v -2.529282 0.801255 -0.072007
v -2.536863 0.799515 -0.063805
v -2.496799 0.671543 -0.123466
v -2.557750 0.763267 -0.064605
v -2.539848 0.799010 -0.066686
v -2.524678 0.770858 -0.100392
v -2.558129 0.657465 -0.057104
v -2.532283 0.800746 -0.074873
v -2.488427 0.670322 -0.028540
v -2.466152 0.675435 -0.052643
v -2.514044 0.774963 -0.067535
v -2.525567 0.772318 -0.055066
v -2.545534 0.662095 -0.128265
v -2.564964 0.657635 -0.107240
v -2.558445 0.762186 -0.088397
v -2.547697 0.764654 -0.100027
v -2.529651 0.801041 -0.067200
v -2.532181 0.800460 -0.064462
v -2.540177 0.799106 -0.072153
v -2.537660 0.799684 -0.074877
v -2.531811 0.800674 -0.069271
v -2.534338 0.800094 -0.066537
v -2.509076 0.666899 -0.049773
v -2.487569 0.671836 -0.073045
v -2.534806 0.800167 -0.072142
v -2.537329 0.799588 -0.069413
v -2.537702 0.662154 -0.079208
v -2.517259 0.666847 -0.101328
v -2.499503 0.603013 -0.054478
v -2.477996 0.607950 -0.077750
v -2.528129 0.598268 -0.083912
v -2.507685 0.602961 -0.106033
v -2.112418 0.689454 -0.137630
v -2.083120 0.784929 -0.096718
v -2.001926 0.688205 -0.134517
v -2.035414 0.788822 -0.094198
v -2.118670 0.672351 -0.052640
v -2.086578 0.775468 -0.049704
v -2.009094 0.668598 -0.037083
v -2.039123 0.778679 -0.043794
v -2.055646 0.813252 -0.070170
v -2.044497 0.813051 -0.069420
v -2.045311 0.810823 -0.058352
v -2.056457 0.811036 -0.059158
v -2.031736 0.688542 -0.135357
v -2.048285 0.787772 -0.094878
v -2.038657 0.669610 -0.041281
v -2.051926 0.777813 -0.045389
v -2.047505 0.813105 -0.069622
v -2.048318 0.810881 -0.058569
v -2.073061 0.689009 -0.136521
v -2.069674 0.776612 -0.047599
v -2.052486 0.810960 -0.058871
v -2.066127 0.786316 -0.095821
v -2.079639 0.671014 -0.047099
v -2.051675 0.813180 -0.069903
v -2.006706 0.675128 -0.069536
v -2.004317 0.681664 -0.102014
v -2.036651 0.785438 -0.077384
v -2.037887 0.782057 -0.060582
v -2.114503 0.683748 -0.109278
v -2.116587 0.678048 -0.080948
v -2.085426 0.778619 -0.065363
v -2.084273 0.781773 -0.081035
v -2.044768 0.812308 -0.065728
v -2.045039 0.811565 -0.062038
v -2.056187 0.811774 -0.062826
v -2.055917 0.812513 -0.066497
v -2.047776 0.812363 -0.065935
v -2.048047 0.811622 -0.062251
v -2.036352 0.675916 -0.072615
v -2.034045 0.682226 -0.103974
v -2.051946 0.812440 -0.066223
v -2.052216 0.811700 -0.062546
v -2.077448 0.677008 -0.076883
v -2.075256 0.683006 -0.106690
v -2.040754 0.612629 -0.085674
v -2.038447 0.618939 -0.117033
v -2.081851 0.613721 -0.089942
v -2.079658 0.619719 -0.119750
v -2.644053 0.573731 -0.575335
v -2.680588 0.669199 -0.609960
v -2.750945 0.558275 -0.598894
v -2.727230 0.667039 -0.620782
v -2.621195 0.569502 -0.659088
v -2.667943 0.666859 -0.656289
v -2.724739 0.553427 -0.694909
v -2.713673 0.664530 -0.670452
v -2.707322 0.697017 -0.637767
v -2.718024 0.695443 -0.640578
v -2.715047 0.694892 -0.651485
v -2.704360 0.696469 -0.648618
v -2.722106 0.562445 -0.592538
v -2.714645 0.667621 -0.617862
v -2.696804 0.557764 -0.685245
v -2.701335 0.665159 -0.666631
v -2.715137 0.695868 -0.639820
v -2.712164 0.695318 -0.650712
v -2.682128 0.568226 -0.583727
v -2.684232 0.666030 -0.661334
v -2.708167 0.695907 -0.649639
v -2.697201 0.668429 -0.613814
v -2.658077 0.563776 -0.671847
v -2.711134 0.696456 -0.638768
v -2.733468 0.555042 -0.662929
v -2.742203 0.556658 -0.630924
v -2.722707 0.666202 -0.637351
v -2.718188 0.665366 -0.653908
v -2.636428 0.572321 -0.603274
v -2.628809 0.570911 -0.631192
v -2.672154 0.667638 -0.640858
v -2.676369 0.668418 -0.625415
v -2.717031 0.695259 -0.644217
v -2.716039 0.695076 -0.647852
v -2.705347 0.696651 -0.645004
v -2.706334 0.696834 -0.641387
v -2.714145 0.695684 -0.643453
v -2.713154 0.695501 -0.647084
v -2.705231 0.559323 -0.654366
v -2.713665 0.560884 -0.623464
v -2.710144 0.696273 -0.642395
v -2.709155 0.696090 -0.646019
v -2.666088 0.565258 -0.642496
v -2.674104 0.566742 -0.613123
v -2.693304 0.495988 -0.647913
v -2.701737 0.497549 -0.617011
v -2.654160 0.501924 -0.636043
v -2.662177 0.503407 -0.606669
v -2.547408 0.621260 -0.452076
v -2.554976 0.721783 -0.490617
v -2.583404 0.610957 -0.556084
v -2.571016 0.721886 -0.535783
v -2.465391 0.634080 -0.477839
v -2.509606 0.728875 -0.504868
v -2.489378 0.625655 -0.585619
v -2.522375 0.729490 -0.551061
v -2.551337 0.754674 -0.524774
v -2.554564 0.753708 -0.535431
v -2.543883 0.755378 -0.538786
v -2.540710 0.756335 -0.528112
v -2.573693 0.613736 -0.528023
v -2.566689 0.721858 -0.523597
v -2.482907 0.627928 -0.556540
v -2.518930 0.729324 -0.538598
v -2.553693 0.753969 -0.532556
v -2.543026 0.755636 -0.535906
v -2.560229 0.617590 -0.489124
v -2.514154 0.729094 -0.521322
v -2.541840 0.755994 -0.531914
v -2.560689 0.721820 -0.506704
v -2.473935 0.631079 -0.516230
v -2.552486 0.754330 -0.528570
v -2.520696 0.620759 -0.575782
v -2.552038 0.615860 -0.565937
v -2.554790 0.724423 -0.540879
v -2.538576 0.726957 -0.545972
v -2.520048 0.625536 -0.460670
v -2.492709 0.629810 -0.469258
v -2.524717 0.726513 -0.500121
v -2.539841 0.724149 -0.495371
v -2.551000 0.754266 -0.536550
v -2.547440 0.754822 -0.537669
v -2.544249 0.755782 -0.527000
v -2.547791 0.755228 -0.525888
v -2.550135 0.754525 -0.533673
v -2.546579 0.755081 -0.534791
v -2.513145 0.623201 -0.547042
v -2.543407 0.618471 -0.537537
v -2.548934 0.754885 -0.529686
v -2.545386 0.755440 -0.530800
v -2.502678 0.626586 -0.507201
v -2.531443 0.622090 -0.498166
v -2.501218 0.559867 -0.540588
v -2.531479 0.555136 -0.531083
v -2.490750 0.563252 -0.500748
v -2.519515 0.558755 -0.491712
v -2.321027 0.688643 -0.361253
v -2.360592 0.783802 -0.393298
v -2.430224 0.674202 -0.370585
v -2.408257 0.782070 -0.398022
v -2.309121 0.682136 -0.447106
v -2.354006 0.780203 -0.440790
v -2.416575 0.666743 -0.469009
v -2.401196 0.778212 -0.448938
v -2.390343 0.811353 -0.418150
v -2.401335 0.809870 -0.419533
v -2.399784 0.809023 -0.430713
v -2.388801 0.810510 -0.429273
v -2.400763 0.678098 -0.368067
v -2.395398 0.782537 -0.396748
v -2.387584 0.670896 -0.463100
v -2.388465 0.778749 -0.446740
v -2.398369 0.810270 -0.419159
v -2.396821 0.809424 -0.430325
v -2.359922 0.683499 -0.364577
v -2.370815 0.779493 -0.443692
v -2.392713 0.809980 -0.429786
v -2.377571 0.783185 -0.394981
v -2.347396 0.676653 -0.454908
v -2.394258 0.810825 -0.418642
v -2.421121 0.669227 -0.436226
v -2.425671 0.671713 -0.403419
v -2.405902 0.780783 -0.415007
v -2.403548 0.779497 -0.431979
v -2.317055 0.686472 -0.389893
v -2.313087 0.684303 -0.418511
v -2.356200 0.781401 -0.424972
v -2.358395 0.782601 -0.409141
v -2.400817 0.809588 -0.423262
v -2.400301 0.809305 -0.426989
v -2.389315 0.810791 -0.425569
v -2.389829 0.811072 -0.421860
v -2.397853 0.809988 -0.422884
v -2.397337 0.809706 -0.426606
v -2.391974 0.673295 -0.431447
v -2.396367 0.675695 -0.399769
v -2.393743 0.810543 -0.422360
v -2.393228 0.810261 -0.426075
v -2.351568 0.678933 -0.424821
v -2.355744 0.681215 -0.394711
v -2.380046 0.609960 -0.424993
v -2.384439 0.612361 -0.393316
v -2.339641 0.615599 -0.418367
v -2.343816 0.617881 -0.388257
v -1.874806 0.642315 -0.064443
v -1.877513 0.738287 -0.015154
v -1.832122 0.625666 0.036157
v -1.859135 0.735623 0.029032
v -1.956225 0.641702 -0.034025
v -1.922552 0.737949 0.001674
v -1.925463 0.624964 0.071030
v -1.907422 0.735260 0.047073
v -1.883267 0.766606 0.022618
v -1.879362 0.764930 0.032956
v -1.889965 0.764851 0.036917
v -1.893816 0.766527 0.026560
v -1.843638 0.630158 0.009016
v -1.864093 0.736342 0.017111
v -1.933763 0.629480 0.042687
v -1.911504 0.735985 0.034824
v -1.880416 0.765383 0.030167
v -1.891004 0.765303 0.034122
v -1.859602 0.636385 -0.028610
v -1.917163 0.736991 0.017844
v -1.892445 0.765930 0.030249
v -1.870967 0.737338 0.000585
v -1.945268 0.635740 0.003396
v -1.881876 0.766009 0.026300
v -1.894374 0.625198 0.059415
v -1.863260 0.625432 0.047791
v -1.875242 0.735502 0.035050
v -1.891338 0.735381 0.041064
v -1.901967 0.642110 -0.054296
v -1.929107 0.641906 -0.044157
v -1.907551 0.738061 -0.003931
v -1.892538 0.738174 -0.009540
v -1.882899 0.764904 0.034277
v -1.886433 0.764877 0.035598
v -1.890303 0.766554 0.025247
v -1.886787 0.766580 0.023933
v -1.883948 0.765356 0.031486
v -1.887477 0.765330 0.032805
v -1.903744 0.629706 0.031472
v -1.873703 0.629932 0.020248
v -1.885402 0.765983 0.027617
v -1.888925 0.765956 0.028934
v -1.916735 0.635955 -0.007265
v -1.888180 0.636170 -0.017933
v -1.908147 0.566419 0.018412
v -1.878106 0.566645 0.007189
v -1.921138 0.572668 -0.020324
v -1.892582 0.572883 -0.030993
v -1.686332 0.772987 0.047319
v -1.659933 0.868103 0.090951
v -1.577214 0.768924 0.064536
v -1.612852 0.870791 0.099519
v -1.703833 0.756951 0.130933
v -1.669614 0.859232 0.137204
v -1.597278 0.750539 0.160393
v -1.623231 0.861281 0.149107
v -1.635319 0.895988 0.120588
v -1.624365 0.895507 0.122758
v -1.626645 0.893418 0.133647
v -1.637586 0.893910 0.131422
v -1.606654 0.770020 0.059890
v -1.625555 0.870066 0.097207
v -1.626026 0.752269 0.152444
v -1.635745 0.860728 0.145896
v -1.627321 0.895636 0.122173
v -1.629596 0.893551 0.133047
v -1.647465 0.771540 0.053451
v -1.653093 0.859962 0.141444
v -1.633689 0.893735 0.132214
v -1.643163 0.869060 0.094003
v -1.665879 0.754667 0.141426
v -1.631417 0.895816 0.121361
v -1.590595 0.756662 0.128465
v -1.583907 0.762791 0.096513
v -1.616315 0.867619 0.116061
v -1.619774 0.864448 0.132591
v -1.692171 0.767638 0.075212
v -1.698004 0.762292 0.103083
v -1.666390 0.862186 0.121799
v -1.663163 0.865143 0.106381
v -1.625126 0.894810 0.126391
v -1.625885 0.894114 0.130020
v -1.636831 0.894602 0.127813
v -1.636075 0.895294 0.124202
v -1.628080 0.894941 0.125801
v -1.628839 0.894246 0.129425
v -1.619574 0.758181 0.121617
v -1.613117 0.764099 0.090766
v -1.632175 0.895122 0.124982
v -1.632932 0.894428 0.128600
v -1.659745 0.760287 0.112124
v -1.653608 0.765911 0.082799
v -1.623977 0.694894 0.108558
v -1.617519 0.700811 0.077706
v -1.664148 0.697000 0.099065
v -1.658010 0.702624 0.069740
v -1.668637 0.726857 -0.026484
v -1.691546 0.829517 -0.050642
v -1.755592 0.723028 -0.094628
v -1.729454 0.832429 -0.079827
v -1.613148 0.739981 -0.092086
v -1.660850 0.836777 -0.086932
v -1.691980 0.738074 -0.169835
v -1.696546 0.840213 -0.118733
v -1.705565 0.864254 -0.079943
v -1.714084 0.863946 -0.087172
v -1.706858 0.865655 -0.095715
v -1.698376 0.865955 -0.088443
v -1.732132 0.724061 -0.076243
v -1.719227 0.831643 -0.071953
v -1.670711 0.738588 -0.148859
v -1.686915 0.839286 -0.110153
v -1.711786 0.864029 -0.085222
v -1.704570 0.865736 -0.093753
v -1.699610 0.725493 -0.050756
v -1.673565 0.838001 -0.098259
v -1.701397 0.865848 -0.091033
v -1.705048 0.830554 -0.061038
v -1.641228 0.739301 -0.119780
v -1.708600 0.864145 -0.082518
v -1.713167 0.733062 -0.144786
v -1.734372 0.728047 -0.119717
v -1.718476 0.835026 -0.092806
v -1.707507 0.837620 -0.105774
v -1.650126 0.731235 -0.048368
v -1.631630 0.735609 -0.070235
v -1.671075 0.834359 -0.074845
v -1.681306 0.831939 -0.062748
v -1.711673 0.864516 -0.090022
v -1.709265 0.865086 -0.092869
v -1.700771 0.865389 -0.085612
v -1.703168 0.864822 -0.082778
v -1.709379 0.864599 -0.088068
v -1.706973 0.865167 -0.090912
v -1.691169 0.733750 -0.124672
v -1.711643 0.728907 -0.100467
v -1.706197 0.864713 -0.085359
v -1.703796 0.865281 -0.088197
v -1.660673 0.734702 -0.096790
v -1.680134 0.730099 -0.073782
v -1.680370 0.669989 -0.128294
v -1.700844 0.665146 -0.104089
v -1.649875 0.670941 -0.100412
v -1.669335 0.666338 -0.077404
v -1.918229 0.716563 -0.359025
v -1.921900 0.821126 -0.385493
v -2.005438 0.727571 -0.426056
v -1.959052 0.830436 -0.414308
v -1.862316 0.717567 -0.425565
v -1.890970 0.821682 -0.422302
v -1.941337 0.728722 -0.502338
v -1.925892 0.831032 -0.453770
v -1.929634 0.857207 -0.415496
v -1.938174 0.858338 -0.422618
v -1.930892 0.858469 -0.431283
v -1.922390 0.857337 -0.424118
v -1.981909 0.724601 -0.407971
v -1.949028 0.827924 -0.406534
v -1.920018 0.725713 -0.481625
v -1.916470 0.828509 -0.445280
v -1.935870 0.858033 -0.420697
v -1.928598 0.858164 -0.429350
v -1.949292 0.720484 -0.382901
v -1.903409 0.825012 -0.433510
v -1.925418 0.857740 -0.426670
v -1.935133 0.824443 -0.395757
v -1.890463 0.721541 -0.452911
v -1.932676 0.857610 -0.418033
v -1.962688 0.728339 -0.476930
v -1.984055 0.727955 -0.451503
v -1.947990 0.830635 -0.427472
v -1.936937 0.830833 -0.440626
v -1.899577 0.716898 -0.381222
v -1.880939 0.717233 -0.403402
v -1.901272 0.821497 -0.410041
v -1.911581 0.821312 -0.397772
v -1.935745 0.858382 -0.425508
v -1.933318 0.858425 -0.428397
v -1.924802 0.857294 -0.421246
v -1.927217 0.857250 -0.418372
v -1.933444 0.858077 -0.423583
v -1.931020 0.858120 -0.426467
v -1.940632 0.725342 -0.457093
v -1.961263 0.724972 -0.432542
v -1.930255 0.857653 -0.420914
v -1.927836 0.857697 -0.423793
v -1.910058 0.721189 -0.429593
v -1.929667 0.720836 -0.406256
v -1.942017 0.660622 -0.459234
v -1.962648 0.660252 -0.434683
v -1.911443 0.656469 -0.431734
v -1.931053 0.656116 -0.408397
v -1.921600 0.702778 -0.624780
v -1.914300 0.806307 -0.654377
v -1.972343 0.709696 -0.722743
v -1.935833 0.813862 -0.696526
v -1.842802 0.702778 -0.661463
v -1.870710 0.806307 -0.674670
v -1.882007 0.709696 -0.764797
v -1.889101 0.813862 -0.718281
v -1.908818 0.841202 -0.686222
v -1.913551 0.841915 -0.696322
v -1.903289 0.841915 -0.701099
v -1.898608 0.841203 -0.690975
v -1.958653 0.707830 -0.696313
v -1.930024 0.811824 -0.685154
v -1.871430 0.707830 -0.736918
v -1.884139 0.811824 -0.706515
v -1.912274 0.841723 -0.693597
v -1.902026 0.841723 -0.698367
v -1.939675 0.705242 -0.659674
v -1.877261 0.808998 -0.690204
v -1.900275 0.841456 -0.694581
v -1.921970 0.808998 -0.669391
v -1.856767 0.705242 -0.698270
v -1.910504 0.841456 -0.689819
v -1.912096 0.709696 -0.750790
v -1.942208 0.709696 -0.736772
v -1.920244 0.813862 -0.703783
v -1.904666 0.813863 -0.711035
v -1.895314 0.702778 -0.637017
v -1.869048 0.702778 -0.649244
v -1.885229 0.806307 -0.667911
v -1.899759 0.806307 -0.661147
v -1.910128 0.841915 -0.697915
v -1.906707 0.841915 -0.699508
v -1.902008 0.841203 -0.689392
v -1.905411 0.841202 -0.687807
v -1.908855 0.841723 -0.695188
v -1.905440 0.841723 -0.696778
v -1.900482 0.707830 -0.723393
v -1.929556 0.707830 -0.709858
v -1.907092 0.841456 -0.691408
v -1.903682 0.841456 -0.692995
v -1.884381 0.705242 -0.685415
v -1.912017 0.705242 -0.672549
v -1.900482 0.643060 -0.723394
v -1.929556 0.643060 -0.709859
v -1.884381 0.640472 -0.685415
v -1.912017 0.640472 -0.672549
v -1.966968 0.687627 -0.873275
v -1.936985 0.791156 -0.878783
v -1.898513 0.694545 -0.959795
v -1.907410 0.798711 -0.915736
v -1.901142 0.687627 -0.816514
v -1.900571 0.791156 -0.847385
v -1.823049 0.694545 -0.894724
v -1.868371 0.798711 -0.882074
v -1.905701 0.826051 -0.886873
v -1.898439 0.826764 -0.895339
v -1.889866 0.826764 -0.887947
v -1.897172 0.826051 -0.879518
v -1.916982 0.692679 -0.936452
v -1.915389 0.796673 -0.905766
v -1.844118 0.692679 -0.873623
v -1.877059 0.796673 -0.872715
v -1.900398 0.826571 -0.893055
v -1.891837 0.826572 -0.885673
v -1.942585 0.690091 -0.904093
v -1.889102 0.793847 -0.859741
v -1.894570 0.826305 -0.882520
v -1.926450 0.793847 -0.891946
v -1.873325 0.690091 -0.844372
v -1.903114 0.826305 -0.889888
v -1.848184 0.694545 -0.916397
v -1.873339 0.694545 -0.938088
v -1.894387 0.798711 -0.904507
v -1.881374 0.798711 -0.893286
v -1.945008 0.687627 -0.854340
v -1.923067 0.687627 -0.835420
v -1.912699 0.791156 -0.857843
v -1.924838 0.791156 -0.868309
v -1.895579 0.826764 -0.892873
v -1.892721 0.826764 -0.890409
v -1.900013 0.826051 -0.881968
v -1.902856 0.826051 -0.884419
v -1.897542 0.826571 -0.890592
v -1.894689 0.826572 -0.888131
v -1.868387 0.692679 -0.894550
v -1.892675 0.692679 -0.915493
v -1.900264 0.826305 -0.887430
v -1.897416 0.826305 -0.884974
v -1.896394 0.690091 -0.864264
v -1.919481 0.690091 -0.884171
v -1.868387 0.627908 -0.894550
v -1.892676 0.627908 -0.915493
v -1.896394 0.625321 -0.864264
v -1.919480 0.625321 -0.884171
v -2.151408 0.666698 -0.840912
v -2.196336 0.764826 -0.840951
v -2.252303 0.653593 -0.797691
v -2.240444 0.763720 -0.822230
v -2.182492 0.669360 -0.922038
v -2.213531 0.766298 -0.885829
v -2.287939 0.656644 -0.890696
v -2.258879 0.765299 -0.870343
v -2.232837 0.794941 -0.845702
v -2.243207 0.793640 -0.841740
v -2.247255 0.793987 -0.852305
v -2.236864 0.795286 -0.856213
v -2.225081 0.657128 -0.809352
v -2.228544 0.764019 -0.827281
v -2.259490 0.660075 -0.899152
v -2.246644 0.765568 -0.874521
v -2.240408 0.793991 -0.842809
v -2.244451 0.794337 -0.853360
v -2.187346 0.662030 -0.825517
v -2.229684 0.765942 -0.880313
v -2.240565 0.794823 -0.854821
v -2.212047 0.764432 -0.834283
v -2.220052 0.664830 -0.910874
v -2.236530 0.794478 -0.844291
v -2.276069 0.655628 -0.859719
v -2.264191 0.654611 -0.828717
v -2.246594 0.764247 -0.838280
v -2.252739 0.764773 -0.854318
v -2.161777 0.667586 -0.867975
v -2.172138 0.668473 -0.895017
v -2.207803 0.765808 -0.870882
v -2.202072 0.765317 -0.855922
v -2.244557 0.793756 -0.845265
v -2.245906 0.793871 -0.848787
v -2.235523 0.795171 -0.852712
v -2.234180 0.795056 -0.849208
v -2.241757 0.794107 -0.846329
v -2.243105 0.794222 -0.849846
v -2.248029 0.659093 -0.869242
v -2.236560 0.658111 -0.839309
v -2.237876 0.794593 -0.847804
v -2.239221 0.794708 -0.851314
v -2.209158 0.663898 -0.882444
v -2.198256 0.662964 -0.853991
v -2.237877 0.595404 -0.875222
v -2.226408 0.594422 -0.845288
v -2.199006 0.600208 -0.888423
v -2.188104 0.599275 -0.859971
v -1.915242 0.671232 -1.027702
v -1.904136 0.774761 -1.056092
v -1.952749 0.678150 -1.131456
v -1.919977 0.782316 -1.100693
v -1.832325 0.671232 -1.053774
v -1.858269 0.774761 -1.070514
v -1.857692 0.678150 -1.161345
v -1.870803 0.782316 -1.116155
v -1.894540 0.809656 -1.086947
v -1.897913 0.810369 -1.097579
v -1.887115 0.810368 -1.100974
v -1.883796 0.809656 -1.090325
v -1.942629 0.676284 -1.103464
v -1.915704 0.780278 -1.088660
v -1.850848 0.676284 -1.132323
v -1.867421 0.780278 -1.103841
v -1.897003 0.810176 -1.094710
v -1.886219 0.810176 -1.098101
v -1.928601 0.673696 -1.064659
v -1.862733 0.777452 -1.086771
v -1.884978 0.809910 -1.094118
v -1.909779 0.777452 -1.071979
v -1.841361 0.673696 -1.092090
v -1.895741 0.809910 -1.090734
v -1.889352 0.678150 -1.151390
v -1.921038 0.678150 -1.141427
v -1.903573 0.782316 -1.105851
v -1.887181 0.782316 -1.111005
v -1.887581 0.671232 -1.036399
v -1.859943 0.671232 -1.045090
v -1.873546 0.774761 -1.065711
v -1.888836 0.774761 -1.060903
v -1.894310 0.810368 -1.098711
v -1.890711 0.810368 -1.099843
v -1.887375 0.809656 -1.089200
v -1.890956 0.809656 -1.088074
v -1.893405 0.810176 -1.095842
v -1.889811 0.810176 -1.096972
v -1.881418 0.676283 -1.122711
v -1.912012 0.676284 -1.113091
v -1.892151 0.809910 -1.091863
v -1.888563 0.809910 -1.092991
v -1.870418 0.673696 -1.082954
v -1.899498 0.673696 -1.073810
v -1.881418 0.611513 -1.122711
v -1.912012 0.611513 -1.113091
v -1.870418 0.608926 -1.082954
v -1.899499 0.608926 -1.073810
v -1.998812 0.656532 -1.036158
v -2.030784 0.757630 -1.016049
v -2.023156 0.659492 -0.928371
v -2.041817 0.763457 -0.969771
v -2.082575 0.650950 -1.058680
v -2.077121 0.754542 -1.028507
v -2.119185 0.653093 -0.954190
v -2.091494 0.760147 -0.983128
v -2.057864 0.790224 -0.994459
v -2.060755 0.790508 -0.983667
v -2.071663 0.789781 -0.986600
v -2.068717 0.789501 -0.997377
v -2.016588 0.658694 -0.957451
v -2.038840 0.761885 -0.982257
v -2.109308 0.652515 -0.982381
v -2.087616 0.758635 -0.995371
v -2.059975 0.790431 -0.986579
v -2.070869 0.789705 -0.989507
v -2.007483 0.657586 -0.997765
v -2.082241 0.756539 -1.012343
v -2.069767 0.789601 -0.993538
v -2.034714 0.759706 -0.999565
v -2.095616 0.651713 -1.021461
v -2.058894 0.790325 -0.990615
v -2.087200 0.655225 -0.945590
v -2.055191 0.657358 -0.936984
v -2.058388 0.762353 -0.974227
v -2.074948 0.761249 -0.978679
v -2.026755 0.654670 -1.043671
v -2.054676 0.652809 -1.051179
v -2.061687 0.755571 -1.024357
v -2.046242 0.756600 -1.020205
v -2.064394 0.790265 -0.984645
v -2.068030 0.790023 -0.985623
v -2.065102 0.789742 -0.996405
v -2.061485 0.789983 -0.995433
v -2.063609 0.790189 -0.987556
v -2.067240 0.789947 -0.988532
v -2.078425 0.654573 -0.974077
v -2.047518 0.656632 -0.965768
v -2.062521 0.790084 -0.991590
v -2.066145 0.789842 -0.992565
v -2.066261 0.653669 -1.013569
v -2.036884 0.655627 -1.005670
v -2.073764 0.589984 -0.975408
v -2.042857 0.592044 -0.967097
v -2.061599 0.589081 -1.014899
v -2.032221 0.591038 -1.007000
v -2.210667 0.697828 -0.687040
v -2.246793 0.794411 -0.655193
v -2.227753 0.689140 -0.578172
v -2.254961 0.795172 -0.607970
v -2.295326 0.689194 -0.704734
v -2.293624 0.789635 -0.664981
v -2.324808 0.679242 -0.598457
v -2.305169 0.790052 -0.618464
v -2.274118 0.823090 -0.628876
v -2.276280 0.822179 -0.617948
v -2.287305 0.821055 -0.620252
v -2.285088 0.821971 -0.631168
v -2.223143 0.691484 -0.607544
v -2.252757 0.794967 -0.620710
v -2.316854 0.681927 -0.627131
v -2.302054 0.789939 -0.631014
v -2.275697 0.822425 -0.620896
v -2.286707 0.821302 -0.623197
v -2.216753 0.694733 -0.648261
v -2.297736 0.789783 -0.648412
v -2.285878 0.821645 -0.627280
v -2.249702 0.794682 -0.638372
v -2.305827 0.685649 -0.666879
v -2.274889 0.822765 -0.624983
v -2.292481 0.682539 -0.591701
v -2.260130 0.685838 -0.584939
v -2.271709 0.793464 -0.611471
v -2.288446 0.791757 -0.614969
v -2.238908 0.694948 -0.692942
v -2.267128 0.692070 -0.698841
v -2.278026 0.791226 -0.661721
v -2.262415 0.792818 -0.658458
v -2.279958 0.821804 -0.618717
v -2.283633 0.821429 -0.619485
v -2.281434 0.822344 -0.630405
v -2.277778 0.822717 -0.629640
v -2.279370 0.822050 -0.621664
v -2.283040 0.821676 -0.622431
v -2.285641 0.685110 -0.620607
v -2.254404 0.688296 -0.614078
v -2.278555 0.822392 -0.625749
v -2.282218 0.822018 -0.626515
v -2.276159 0.688675 -0.660678
v -2.246468 0.691703 -0.654472
v -2.277482 0.621347 -0.628530
v -2.246245 0.624532 -0.622002
v -2.268000 0.624911 -0.668602
v -2.238308 0.627939 -0.662396
v -1.799673 0.703955 -0.253758
v -1.771170 0.806309 -0.272703
v -1.789290 0.712462 -0.363483
v -1.766165 0.814519 -0.319658
v -1.713688 0.698346 -0.242366
v -1.723604 0.803206 -0.266401
v -1.690714 0.706032 -0.350423
v -1.715170 0.811192 -0.312902
v -1.747272 0.840255 -0.295905
v -1.745782 0.841099 -0.306950
v -1.734585 0.840369 -0.305466
v -1.736131 0.839528 -0.294429
v -1.792091 0.710167 -0.333880
v -1.767516 0.812304 -0.306990
v -1.696912 0.703958 -0.321269
v -1.717446 0.809038 -0.300356
v -1.746184 0.840871 -0.303970
v -1.735002 0.840142 -0.302489
v -1.795975 0.706985 -0.292842
v -1.720600 0.806051 -0.282964
v -1.735580 0.839828 -0.298361
v -1.769387 0.809233 -0.289428
v -1.705505 0.701084 -0.280856
v -1.746741 0.840556 -0.299839
v -1.723547 0.708174 -0.354773
v -1.756406 0.710317 -0.359126
v -1.749154 0.813409 -0.317404
v -1.732156 0.812300 -0.315152
v -1.770989 0.702084 -0.249958
v -1.742327 0.700215 -0.246161
v -1.739448 0.804240 -0.268500
v -1.755302 0.805274 -0.270600
v -1.742047 0.840856 -0.306455
v -1.738315 0.840612 -0.305961
v -1.739842 0.839770 -0.294921
v -1.743555 0.840012 -0.295413
v -1.742454 0.840628 -0.303476
v -1.738727 0.840385 -0.302982
v -1.728614 0.706026 -0.325470
v -1.760340 0.708096 -0.329673
v -1.743018 0.840313 -0.299346
v -1.739298 0.840070 -0.298853
v -1.735638 0.703050 -0.284848
v -1.765795 0.705017 -0.288843
v -1.732656 0.641396 -0.326779
v -1.764383 0.643465 -0.330982
v -1.739681 0.638419 -0.286157
v -1.769837 0.640386 -0.290153
v -0.705559 0.071937 1.496219
v -0.742006 0.226386 1.532382
v -0.730625 0.069440 1.472911
v -0.769469 0.223176 1.512020
v -0.681873 0.072763 1.470804
v -0.726389 0.245285 1.508340
v -0.706860 0.070346 1.447378
v -0.753852 0.242076 1.487978
v -0.706841 0.104166 1.496258
v -0.706824 0.135041 1.495427
v -0.712858 0.166283 1.501127
v -0.725972 0.196357 1.515132
v -0.753218 0.193336 1.494452
v -0.739553 0.163605 1.479695
v -0.732832 0.132551 1.473158
v -0.732240 0.101661 1.473322
v -0.736235 0.210819 1.469492
v -0.719069 0.177967 1.452170
v -0.710237 0.141216 1.445679
v -0.708572 0.105104 1.446837
v -0.708989 0.213841 1.490172
v -0.692376 0.180642 1.473606
v -0.684398 0.143532 1.468208
v -0.683327 0.107451 1.470009
v -0.635015 0.180913 1.580599
v -0.617916 0.193523 1.553622
v -0.668172 0.218713 1.423384
v -0.694557 0.214079 1.401902
v -0.815474 0.180386 1.447108
v -0.799577 0.195149 1.420491
v -0.778174 0.149648 1.563987
v -0.804621 0.146296 1.542341
v -0.634315 0.227549 1.547550
v -0.696590 0.254056 1.521837
v -0.721318 0.226185 1.558934
v -0.660812 0.206274 1.587642
v -0.717918 0.247247 1.411766
v -0.750086 0.250344 1.461153
v -0.706826 0.255400 1.493228
v -0.676468 0.254004 1.445889
v -0.814821 0.196210 1.466603
v -0.789759 0.214120 1.499127
v -0.767540 0.240778 1.465001
v -0.792500 0.218623 1.429643
v -0.768495 0.177622 1.566962
v -0.751994 0.217335 1.552721
v -0.790870 0.212477 1.523438
v -0.805561 0.171553 1.535419
v -0.430712 0.187501 1.047789
v -0.398195 0.332735 1.113671
v -0.447620 0.176519 1.075561
v -0.411655 0.320875 1.142951
v -0.460758 0.190627 1.030610
v -0.426369 0.351637 1.108377
v -0.477804 0.179726 1.058352
v -0.439829 0.339777 1.137656
v -0.432635 0.218341 1.057039
v -0.435599 0.248065 1.064894
v -0.430890 0.277552 1.077274
v -0.416447 0.305302 1.094417
v -0.430278 0.293635 1.123602
v -0.445599 0.266251 1.106172
v -0.451287 0.237000 1.093354
v -0.449107 0.207321 1.085051
v -0.459550 0.311371 1.116843
v -0.477927 0.281461 1.095826
v -0.483644 0.247196 1.079577
v -0.480371 0.212840 1.068757
v -0.445719 0.323038 1.087658
v -0.463213 0.292759 1.066929
v -0.467652 0.258085 1.051182
v -0.463625 0.223701 1.040804
v -0.371969 0.319159 0.991329
v -0.402888 0.331969 0.983645
v -0.520093 0.328959 1.063495
v -0.534782 0.315834 1.091620
v -0.461547 0.261124 1.188796
v -0.491999 0.275783 1.182717
v -0.354060 0.254186 1.122501
v -0.368984 0.242266 1.151037
v -0.407511 0.360342 1.008887
v -0.420493 0.368568 1.079638
v -0.376970 0.340504 1.088728
v -0.361143 0.338608 1.020702
v -0.522300 0.343724 1.120072
v -0.467328 0.345362 1.141494
v -0.446126 0.364044 1.095371
v -0.498822 0.363884 1.075682
v -0.443838 0.278928 1.188244
v -0.419042 0.305917 1.162486
v -0.459032 0.332597 1.154880
v -0.486311 0.301188 1.180046
v -0.355272 0.283782 1.119717
v -0.375562 0.324182 1.116827
v -0.395041 0.307033 1.158288
v -0.377266 0.265603 1.159610
v -2.596294 0.450926 -1.841367
v -2.622233 0.605587 -1.884928
v -2.566356 0.458171 -1.826237
v -2.590700 0.612652 -1.873313
v -2.611079 0.446517 -1.810228
v -2.635815 0.620681 -1.857235
v -2.581203 0.453824 -1.794961
v -2.604282 0.627746 -1.845621
v -2.605386 0.481872 -1.841454
v -2.614988 0.511208 -1.840348
v -2.621005 0.542214 -1.847229
v -2.622507 0.573607 -1.864105
v -2.591143 0.580809 -1.852122
v -2.590044 0.549635 -1.834364
v -2.584480 0.518664 -1.826483
v -2.575244 0.489182 -1.826775
v -2.605263 0.594216 -1.823174
v -2.605646 0.559216 -1.801987
v -2.600199 0.522192 -1.793602
v -2.590549 0.487349 -1.794590
v -2.636626 0.587013 -1.835157
v -2.636604 0.551793 -1.814857
v -2.630568 0.514601 -1.807766
v -2.620566 0.479916 -1.809541
v -2.718113 0.525648 -1.900941
v -2.730235 0.534563 -1.870075
v -2.656888 0.584573 -1.759435
v -2.625573 0.590048 -1.746453
v -2.517533 0.591543 -1.824713
v -2.529347 0.602840 -1.794515
v -2.573692 0.541351 -1.926318
v -2.542685 0.548074 -1.913184
v -2.724501 0.572360 -1.868617
v -2.669351 0.618733 -1.861549
v -2.648232 0.596863 -1.904446
v -2.704695 0.557040 -1.914824
v -2.617621 0.627862 -1.762264
v -2.602965 0.636629 -1.818761
v -2.652637 0.625499 -1.837057
v -2.666752 0.618734 -1.783024
v -2.528505 0.604746 -1.843049
v -2.565870 0.611358 -1.866858
v -2.585141 0.632606 -1.827538
v -2.545742 0.622170 -1.801026
v -2.592185 0.564655 -1.926122
v -2.615874 0.598406 -1.907363
v -2.571011 0.608147 -1.890484
v -2.547959 0.572877 -1.906572
v -2.485173 0.408504 -2.203622
v -2.462047 0.563228 -2.248523
v -2.483681 0.415956 -2.170156
v -2.456707 0.570548 -2.215402
v -2.519495 0.403666 -2.201117
v -2.493028 0.577933 -2.246779
v -2.518153 0.411178 -2.167639
v -2.487689 0.585253 -2.213658
v -2.489976 0.439346 -2.211748
v -2.496047 0.468561 -2.219722
v -2.493425 0.499555 -2.228523
v -2.479886 0.531071 -2.238321
v -2.474953 0.538524 -2.205167
v -2.489460 0.507214 -2.195285
v -2.493177 0.476242 -2.186386
v -2.487992 0.446869 -2.178329
v -2.507271 0.551525 -2.203261
v -2.525443 0.516345 -2.192958
v -2.529577 0.479315 -2.183879
v -2.523513 0.444591 -2.175776
v -2.512203 0.544073 -2.236417
v -2.529402 0.508684 -2.226197
v -2.532117 0.471503 -2.217242
v -2.525198 0.436949 -2.209219
v -2.494320 0.482356 -2.339396
v -2.527265 0.490873 -2.334783
v -2.588041 0.540763 -2.216719
v -2.583979 0.546480 -2.183104
v -2.462673 0.549851 -2.127669
v -2.494915 0.560758 -2.123130
v -2.401287 0.499894 -2.226324
v -2.397524 0.506853 -2.192909
v -2.526196 0.528718 -2.329286
v -2.505773 0.575646 -2.278076
v -2.457760 0.554378 -2.280715
v -2.476035 0.514013 -2.334737
v -2.566792 0.584513 -2.184187
v -2.510526 0.593922 -2.199325
v -2.518937 0.582391 -2.251499
v -2.572817 0.575010 -2.237117
v -2.452295 0.563084 -2.146326
v -2.450073 0.569477 -2.190608
v -2.494055 0.590174 -2.188118
v -2.497577 0.579957 -2.140713
v -2.410870 0.522987 -2.242448
v -2.439300 0.556309 -2.254006
v -2.432008 0.566409 -2.206706
v -2.406196 0.531539 -2.194378
v -1.730407 0.443225 -2.293086
v -1.707281 0.597949 -2.337987
v -1.728915 0.450677 -2.259620
v -1.701942 0.605269 -2.304865
v -1.764729 0.438387 -2.290581
v -1.738263 0.612654 -2.336243
v -1.763388 0.445899 -2.257102
v -1.732924 0.619974 -2.303121
v -1.735210 0.474067 -2.301212
v -1.741281 0.503282 -2.309186
v -1.738659 0.534276 -2.317986
v -1.725120 0.565792 -2.327785
v -1.720187 0.573245 -2.294630
v -1.734695 0.541935 -2.284749
v -1.738411 0.510963 -2.275850
v -1.733227 0.481590 -2.267792
v -1.752505 0.586246 -2.292725
v -1.770677 0.551066 -2.282422
v -1.774812 0.514035 -2.273343
v -1.768747 0.479312 -2.265239
v -1.757437 0.578793 -2.325880
v -1.774636 0.543405 -2.315660
v -1.777351 0.506224 -2.306706
v -1.770432 0.471670 -2.298683
v -1.739555 0.517077 -2.428859
v -1.772499 0.525594 -2.424246
v -1.833276 0.575484 -2.306182
v -1.829214 0.581201 -2.272567
v -1.707907 0.584571 -2.217133
v -1.740150 0.595479 -2.212594
v -1.646522 0.534615 -2.315787
v -1.642759 0.541574 -2.282372
v -1.771430 0.563438 -2.418750
v -1.751007 0.610367 -2.367539
v -1.702995 0.589099 -2.370179
v -1.721269 0.548734 -2.424201
v -1.812026 0.619234 -2.273651
v -1.755760 0.628643 -2.288789
v -1.764171 0.617112 -2.340963
v -1.818052 0.609731 -2.326581
v -1.697530 0.597805 -2.235789
v -1.695307 0.604198 -2.280071
v -1.739289 0.624895 -2.277583
v -1.742811 0.614678 -2.230177
v -1.656104 0.557707 -2.331912
v -1.684534 0.591030 -2.343470
v -1.677242 0.601130 -2.296170
v -1.651431 0.566260 -2.283842
v -0.398913 0.239047 -2.979716
v -0.375786 0.393771 -3.024618
v -0.397421 0.246500 -2.946251
v -0.370447 0.401092 -2.991497
v -0.433234 0.234209 -2.977211
v -0.406768 0.408476 -3.022874
v -0.431893 0.241722 -2.943733
v -0.401429 0.415796 -2.989752
v -0.403716 0.269889 -2.987843
v -0.409786 0.299105 -2.995817
v -0.407164 0.330099 -3.004617
v -0.393625 0.361614 -3.014416
v -0.388692 0.369067 -2.981261
v -0.403200 0.337757 -2.971380
v -0.406916 0.306785 -2.962481
v -0.401732 0.277413 -2.954423
v -0.421010 0.382069 -2.979356
v -0.439182 0.346889 -2.969053
v -0.443317 0.309858 -2.959974
v -0.437253 0.275135 -2.951869
v -0.425943 0.374616 -3.012511
v -0.443141 0.339228 -3.002291
v -0.445856 0.302046 -2.993337
v -0.438937 0.267493 -2.985314
v -0.408060 0.312900 -3.115490
v -0.441004 0.321416 -3.110878
v -0.501780 0.371307 -2.992813
v -0.497719 0.377023 -2.959198
v -0.376413 0.380394 -2.903763
v -0.408655 0.391302 -2.899225
v -0.315027 0.330437 -3.002418
v -0.311264 0.337397 -2.969003
v -0.439935 0.359261 -3.105381
v -0.419512 0.406189 -3.054170
v -0.371500 0.384921 -3.056810
v -0.389774 0.344556 -3.110832
v -0.480532 0.415057 -2.960282
v -0.424266 0.424466 -2.975420
v -0.432676 0.412934 -3.027594
v -0.486557 0.405554 -3.013211
v -0.366035 0.393627 -2.922420
v -0.363813 0.400021 -2.966702
v -0.407794 0.420717 -2.964214
v -0.411317 0.410501 -2.916808
v -0.324609 0.353530 -3.018543
v -0.353039 0.386852 -3.030100
v -0.345747 0.396953 -2.982800
v -0.319936 0.362082 -2.970473
v 0.087081 0.122285 -2.922163
v 0.108129 0.283521 -2.915055
v 0.085368 0.119051 -2.888041
v 0.110280 0.280303 -2.880935
v 0.052881 0.116590 -2.924520
v 0.076576 0.296679 -2.911825
v 0.051014 0.113407 -2.890383
v 0.078727 0.293461 -2.877705
v 0.081835 0.154083 -2.920856
v 0.075375 0.184275 -2.920023
v 0.077572 0.216495 -2.918606
v 0.090705 0.249621 -2.916942
v 0.092444 0.246514 -2.882788
v 0.078332 0.213550 -2.884403
v 0.075036 0.181310 -2.885824
v 0.080613 0.150935 -2.886709
v 0.059612 0.257990 -2.880054
v 0.041963 0.221180 -2.882803
v 0.038465 0.183119 -2.885950
v 0.045117 0.147649 -2.888350
v 0.057873 0.261096 -2.914207
v 0.041209 0.224123 -2.917006
v 0.039140 0.185971 -2.920185
v 0.046644 0.150695 -2.922528
v 0.086992 0.234373 -3.028973
v 0.053471 0.240742 -3.025109
v -0.019212 0.251158 -2.903739
v -0.018313 0.246251 -2.869765
v 0.097487 0.233465 -2.804754
v 0.064581 0.242136 -2.800160
v 0.169088 0.216996 -2.907704
v 0.169659 0.213329 -2.873567
v 0.052617 0.275047 -3.008197
v 0.066702 0.304052 -2.943372
v 0.115536 0.285087 -2.947853
v 0.103585 0.263213 -3.013124
v -0.002556 0.282918 -2.857502
v 0.054416 0.297066 -2.863632
v 0.051027 0.302135 -2.917379
v -0.003583 0.290172 -2.911117
v 0.108939 0.251909 -2.817384
v 0.114765 0.271688 -2.857154
v 0.069979 0.290193 -2.852610
v 0.062732 0.265802 -2.811177
v 0.160075 0.243850 -2.916801
v 0.131513 0.278846 -2.920218
v 0.134269 0.273911 -2.871633
v 0.160215 0.237180 -2.868209
v 1.889730 0.390056 -2.825941
v 1.905817 0.550841 -2.806448
v 1.887824 0.384194 -2.792181
v 1.907772 0.545110 -2.772648
v 1.855740 0.383547 -2.829093
v 1.873853 0.562776 -2.802575
v 1.853678 0.377731 -2.795314
v 1.875809 0.557046 -2.768775
v 1.883510 0.421494 -2.822294
v 1.876131 0.451332 -2.819253
v 1.877339 0.483402 -2.815382
v 1.889446 0.516680 -2.811078
v 1.890986 0.511046 -2.777240
v 1.877894 0.477896 -2.781493
v 1.875590 0.445774 -2.785380
v 1.882092 0.415731 -2.788497
v 1.857798 0.521305 -2.774003
v 1.841298 0.484304 -2.779716
v 1.838983 0.446504 -2.785766
v 1.846727 0.411530 -2.790766
v 1.856259 0.526939 -2.807841
v 1.840748 0.489808 -2.813606
v 1.839864 0.451962 -2.819677
v 1.848454 0.417202 -2.824597
v 1.887157 0.509868 -2.923975
v 1.853427 0.514930 -2.920005
v 1.779424 0.513960 -2.798990
v 1.780179 0.506519 -2.765476
v 1.895754 0.492273 -2.700365
v 1.862560 0.499594 -2.695486
v 1.968701 0.485783 -2.803482
v 1.969089 0.479557 -2.769715
v 1.851389 0.547814 -2.900560
v 1.864031 0.572224 -2.833581
v 1.913454 0.555107 -2.838953
v 1.902732 0.537901 -2.905815
v 1.794712 0.542601 -2.750309
v 1.851279 0.558853 -2.754735
v 1.848199 0.567880 -2.807979
v 1.793925 0.553865 -2.803230
v 1.906749 0.511953 -2.711441
v 1.912313 0.534854 -2.749538
v 1.866948 0.551628 -2.744095
v 1.860090 0.523962 -2.704704
v 1.958955 0.512971 -2.810622
v 1.929376 0.547264 -2.811696
v 1.931863 0.538744 -2.763595
v 1.958881 0.502643 -2.762674
v 1.579263 0.421853 -2.788129
v 1.595350 0.582638 -2.768637
v 1.577357 0.415992 -2.754369
v 1.597305 0.576907 -2.734836
v 1.545273 0.415344 -2.791281
v 1.563386 0.594574 -2.764764
v 1.543212 0.409528 -2.757503
v 1.565341 0.588843 -2.730963
v 1.573044 0.453292 -2.784482
v 1.565664 0.483129 -2.781441
v 1.566871 0.515199 -2.777570
v 1.578979 0.548478 -2.773267
v 1.580519 0.542843 -2.739428
v 1.567427 0.509693 -2.743681
v 1.565123 0.477571 -2.747569
v 1.571625 0.447528 -2.750685
v 1.547332 0.553102 -2.736191
v 1.530831 0.516101 -2.741903
v 1.528516 0.478301 -2.747954
v 1.536260 0.443327 -2.752954
v 1.545792 0.558736 -2.770030
v 1.530281 0.521605 -2.775794
v 1.529397 0.483759 -2.781866
v 1.537988 0.448999 -2.786786
v 1.576690 0.541665 -2.886164
v 1.542960 0.546727 -2.882193
v 1.468957 0.545756 -2.761178
v 1.469713 0.538316 -2.727664
v 1.585286 0.524070 -2.662553
v 1.552094 0.531391 -2.657675
v 1.658233 0.517580 -2.765670
v 1.658622 0.511354 -2.731903
v 1.540921 0.579611 -2.862749
v 1.553564 0.604021 -2.795769
v 1.602987 0.586904 -2.801140
v 1.592264 0.569698 -2.868003
v 1.484245 0.574398 -2.712498
v 1.540812 0.590650 -2.716923
v 1.537732 0.599677 -2.770167
v 1.483459 0.585662 -2.765418
v 1.596282 0.543750 -2.673629
v 1.601846 0.566651 -2.711726
v 1.556481 0.583425 -2.706283
v 1.549622 0.555759 -2.666893
v 1.648489 0.544768 -2.772810
v 1.618909 0.579062 -2.773884
v 1.621396 0.570541 -2.725783
v 1.648414 0.534440 -2.724862
v 1.881900 0.486294 -2.341130
v 1.897985 0.647079 -2.321638
v 1.879993 0.480432 -2.307371
v 1.899941 0.641348 -2.287838
v 1.847909 0.479785 -2.344282
v 1.866022 0.659014 -2.317765
v 1.845848 0.473969 -2.310504
v 1.867978 0.653283 -2.283965
v 1.875680 0.517732 -2.337483
v 1.868300 0.547570 -2.334442
v 1.869508 0.579640 -2.330572
v 1.881615 0.612918 -2.326268
v 1.883154 0.607284 -2.292429
v 1.870063 0.574134 -2.296683
v 1.867759 0.542012 -2.300570
v 1.874261 0.511969 -2.303687
v 1.849968 0.617543 -2.289193
v 1.833467 0.580541 -2.294905
v 1.831152 0.542742 -2.300956
v 1.838897 0.507768 -2.305955
v 1.848428 0.623177 -2.323031
v 1.832917 0.586046 -2.328795
v 1.832034 0.548200 -2.334867
v 1.840624 0.513440 -2.339787
v 1.879327 0.606106 -2.439165
v 1.845596 0.611168 -2.435194
v 1.771593 0.610197 -2.314179
v 1.772349 0.602757 -2.280666
v 1.887922 0.588511 -2.215554
v 1.854730 0.595832 -2.210676
v 1.960870 0.582021 -2.318672
v 1.961258 0.575795 -2.284904
v 1.843557 0.644052 -2.415751
v 1.856201 0.668462 -2.348771
v 1.905624 0.651345 -2.354142
v 1.894901 0.634139 -2.421004
v 1.786881 0.638839 -2.265499
v 1.843448 0.655091 -2.269925
v 1.840368 0.664118 -2.323168
v 1.786095 0.650103 -2.318420
v 1.898919 0.608191 -2.226631
v 1.904482 0.631092 -2.264727
v 1.859117 0.647866 -2.259285
v 1.852258 0.620200 -2.219894
v 1.951125 0.609208 -2.325812
v 1.921544 0.643502 -2.326885
v 1.924031 0.634982 -2.278784
v 1.951050 0.598881 -2.277864
v 2.205566 0.312069 1.472090
v 2.169119 0.466518 1.508253
v 2.180500 0.309571 1.448781
v 2.141656 0.463308 1.487891
v 2.229253 0.312895 1.446675
v 2.184737 0.485417 1.484211
v 2.204265 0.310477 1.423249
v 2.157273 0.482208 1.463849
v 2.204284 0.344298 1.472127
v 2.204302 0.375173 1.471298
v 2.198267 0.406415 1.476997
v 2.185154 0.436489 1.491003
v 2.157907 0.433467 1.470322
v 2.171572 0.403737 1.455565
v 2.178294 0.372683 1.449029
v 2.178886 0.341793 1.449193
v 2.174891 0.450951 1.445362
v 2.192057 0.418099 1.428040
v 2.200889 0.381348 1.421550
v 2.202554 0.345236 1.422708
v 2.202137 0.453973 1.466042
v 2.218749 0.420774 1.449476
v 2.226728 0.383663 1.444079
v 2.227798 0.347582 1.445879
v 2.276110 0.421045 1.556469
v 2.293209 0.433655 1.529492
v 2.242953 0.458845 1.399254
v 2.216569 0.454211 1.377773
v 2.095653 0.420517 1.422979
v 2.111548 0.435280 1.396361
v 2.132951 0.389780 1.539857
v 2.106505 0.386428 1.518212
v 2.276811 0.467681 1.523422
v 2.214536 0.494188 1.497708
v 2.189808 0.466317 1.534805
v 2.250314 0.446406 1.563512
v 2.193207 0.487379 1.387636
v 2.161039 0.490475 1.437024
v 2.204300 0.495531 1.469099
v 2.234657 0.494136 1.421759
v 2.096304 0.436341 1.442474
v 2.121367 0.454251 1.474998
v 2.143585 0.480909 1.440871
v 2.118625 0.458754 1.405513
v 2.142630 0.417753 1.542832
v 2.159132 0.457466 1.528592
v 2.120255 0.452608 1.499308
v 2.105564 0.411685 1.511290
v 1.969131 0.324356 1.236212
v 1.932684 0.478805 1.272375
v 1.944066 0.321859 1.212905
v 1.905221 0.475596 1.252013
v 1.992818 0.325183 1.210797
v 1.948301 0.497704 1.248333
v 1.967830 0.322765 1.187371
v 1.920839 0.494495 1.227970
v 1.967849 0.356585 1.236250
v 1.967866 0.387460 1.235420
v 1.961833 0.418702 1.241120
v 1.948719 0.448776 1.255124
v 1.921473 0.445754 1.234445
v 1.935138 0.416024 1.219688
v 1.941858 0.384970 1.213151
v 1.942451 0.354081 1.213314
v 1.938455 0.463238 1.209485
v 1.955621 0.430386 1.192162
v 1.964454 0.393635 1.185672
v 1.966118 0.357523 1.186829
v 1.965701 0.466260 1.230164
v 1.982314 0.433062 1.213599
v 1.990292 0.395951 1.208201
v 1.991363 0.359870 1.210002
v 2.039675 0.433333 1.320591
v 2.056773 0.445942 1.293614
v 2.006519 0.471132 1.163377
v 1.980133 0.466498 1.141895
v 1.859217 0.432805 1.187100
v 1.875114 0.447568 1.160484
v 1.896516 0.402067 1.303979
v 1.870070 0.398715 1.282334
v 2.040376 0.479968 1.287543
v 1.978102 0.506475 1.261831
v 1.953372 0.478605 1.298927
v 2.013878 0.458693 1.327635
v 1.956772 0.499667 1.151758
v 1.924604 0.502763 1.201146
v 1.967865 0.507819 1.233221
v 1.998223 0.506423 1.185881
v 1.859869 0.448629 1.206596
v 1.884933 0.466539 1.239120
v 1.907151 0.493197 1.204993
v 1.882191 0.471042 1.169636
v 1.906196 0.430041 1.306954
v 1.922697 0.469754 1.292714
v 1.883821 0.464896 1.263431
v 1.869130 0.423973 1.275412
v 2.175597 0.378716 1.105736
v 2.221776 0.533165 1.128178
v 2.161889 0.376219 1.137099
v 2.211638 0.529955 1.160828
v 2.143782 0.379542 1.091784
v 2.193922 0.552064 1.121387
v 2.129934 0.377124 1.123111
v 2.183785 0.548855 1.154039
v 2.176058 0.410945 1.106933
v 2.175268 0.441820 1.107192
v 2.182642 0.473062 1.111002
v 2.200196 0.503137 1.118748
v 2.189685 0.500114 1.151299
v 2.171240 0.470384 1.143282
v 2.162851 0.439330 1.139100
v 2.162808 0.408440 1.138487
v 2.160514 0.517598 1.143523
v 2.138492 0.484746 1.133049
v 2.129446 0.447994 1.126859
v 2.129989 0.411883 1.124906
v 2.171024 0.520620 1.110972
v 2.149897 0.487421 1.100771
v 2.142165 0.450310 1.095025
v 2.143511 0.414230 1.093420
v 2.231909 0.487693 1.011262
v 2.200796 0.500302 1.004044
v 2.094497 0.525491 1.094531
v 2.082946 0.520857 1.126535
v 2.165586 0.487164 1.225707
v 2.135211 0.501927 1.219504
v 2.263562 0.456427 1.151863
v 2.251877 0.453075 1.183978
v 2.200486 0.534328 1.021528
v 2.196809 0.560836 1.088802
v 2.239995 0.532964 1.099875
v 2.247084 0.513053 1.033279
v 2.099978 0.554026 1.145321
v 2.157224 0.557122 1.159353
v 2.173192 0.562178 1.107920
v 2.118477 0.560782 1.094921
v 2.183770 0.502988 1.218646
v 2.206179 0.520899 1.184240
v 2.166625 0.547556 1.174552
v 2.141508 0.525401 1.209799
v 2.263168 0.484401 1.141744
v 2.244273 0.524114 1.130879
v 2.229490 0.519256 1.177251
v 2.245655 0.478332 1.187154
v 2.928818 0.339461 0.128386
v 2.974998 0.493910 0.150827
v 2.915110 0.336963 0.159747
v 2.964860 0.490700 0.183478
v 2.897001 0.340287 0.114433
v 2.947143 0.512809 0.144037
v 2.883155 0.337869 0.145761
v 2.937006 0.509600 0.176688
v 2.929279 0.371690 0.129582
v 2.928489 0.402565 0.129841
v 2.935864 0.433807 0.133651
v 2.953416 0.463881 0.141397
v 2.942908 0.460859 0.173949
v 2.924462 0.431129 0.165931
v 2.916070 0.400074 0.161748
v 2.916030 0.369185 0.161135
v 2.913736 0.478343 0.166172
v 2.891713 0.445490 0.155698
v 2.882667 0.408739 0.149509
v 2.883210 0.372627 0.147556
v 2.924245 0.481364 0.133621
v 2.903118 0.448166 0.123420
v 2.895387 0.411055 0.117676
v 2.896732 0.374974 0.116069
v 2.985130 0.448437 0.033911
v 2.954018 0.461047 0.026693
v 2.847719 0.486237 0.117180
v 2.836168 0.481602 0.149185
v 2.918808 0.447909 0.248356
v 2.888433 0.462672 0.242153
v 3.016783 0.417172 0.174512
v 3.005098 0.413820 0.206627
v 2.953708 0.495073 0.044177
v 2.950029 0.521580 0.111452
v 2.993217 0.493709 0.122524
v 3.000305 0.473798 0.055928
v 2.853200 0.514770 0.167970
v 2.910445 0.517867 0.182002
v 2.926414 0.522923 0.130569
v 2.871700 0.521528 0.117570
v 2.936991 0.463733 0.241294
v 2.959400 0.481644 0.206888
v 2.919847 0.508301 0.197202
v 2.894731 0.486146 0.232448
v 3.016390 0.445146 0.164393
v 2.997494 0.484859 0.153528
v 2.982710 0.480001 0.199900
v 2.998876 0.439077 0.209803
v 2.814879 0.402097 -0.183967
v 2.858754 0.555764 -0.153113
v 2.831248 0.389839 -0.156408
v 2.878343 0.543561 -0.127688
v 2.784321 0.396898 -0.168256
v 2.836026 0.567262 -0.130083
v 2.800578 0.384684 -0.140588
v 2.855616 0.555060 -0.104658
v 2.815650 0.432334 -0.172765
v 2.814931 0.461137 -0.161639
v 2.822023 0.491825 -0.154366
v 2.838487 0.523430 -0.152731
v 2.857767 0.511322 -0.127024
v 2.840537 0.479850 -0.128042
v 2.832525 0.449133 -0.134715
v 2.832453 0.420158 -0.145438
v 2.833473 0.521320 -0.104069
v 2.812152 0.486411 -0.104918
v 2.802233 0.450544 -0.114192
v 2.801536 0.417075 -0.127886
v 2.814193 0.533427 -0.129776
v 2.793642 0.498384 -0.131246
v 2.784886 0.462452 -0.141356
v 2.784956 0.429163 -0.155430
v 2.773348 0.538656 -0.243959
v 2.748370 0.543424 -0.220882
v 2.754164 0.520282 -0.081052
v 2.772396 0.506478 -0.055434
v 2.901877 0.477934 -0.070240
v 2.878124 0.484732 -0.046393
v 2.904189 0.490309 -0.196090
v 2.922408 0.477653 -0.169878
v 2.761497 0.571948 -0.199027
v 2.811957 0.582703 -0.148232
v 2.847605 0.566116 -0.183140
v 2.799683 0.562372 -0.233845
v 2.797209 0.538687 -0.045948
v 2.843385 0.554528 -0.079119
v 2.812527 0.573750 -0.119171
v 2.768695 0.560002 -0.086701
v 2.907245 0.499198 -0.082484
v 2.893597 0.528947 -0.113070
v 2.861289 0.545115 -0.080453
v 2.874000 0.510462 -0.048803
v 2.895566 0.518525 -0.192274
v 2.874826 0.552873 -0.171242
v 2.902416 0.535155 -0.134947
v 2.920736 0.499107 -0.154923
v -1.054007 0.129147 1.211669
v -1.012021 0.280466 1.254451
v -1.052102 0.117432 1.243870
v -1.006308 0.268408 1.286091
v -1.088691 0.127459 1.213000
v -1.041054 0.295232 1.265321
v -1.086929 0.115804 1.245250
v -1.035342 0.283174 1.296961
v -1.054994 0.159889 1.221381
v -1.057436 0.189320 1.230426
v -1.051024 0.219746 1.239264
v -1.033698 0.249961 1.246970
v -1.028373 0.238041 1.278729
v -1.046638 0.208059 1.271253
v -1.054134 0.177717 1.262567
v -1.052592 0.148205 1.253555
v -1.058938 0.251435 1.288902
v -1.081306 0.218375 1.279921
v -1.089942 0.182895 1.268198
v -1.088164 0.148770 1.256345
v -1.064263 0.263356 1.257141
v -1.085688 0.230060 1.247930
v -1.092930 0.194367 1.235948
v -1.090282 0.160335 1.224073
v -1.052424 0.264409 1.136344
v -1.084182 0.272664 1.146464
v -1.140222 0.258286 1.275982
v -1.135974 0.244757 1.307256
v -1.015907 0.204980 1.349698
v -1.046683 0.215206 1.360986
v -0.959540 0.208906 1.236543
v -0.955439 0.196560 1.268322
v -1.078695 0.301401 1.171115
v -1.053546 0.311345 1.238275
v -1.008372 0.289705 1.222290
v -1.030569 0.286536 1.156116
v -1.114371 0.275413 1.325603
v -1.057182 0.285292 1.314867
v -1.066180 0.304286 1.265026
v -1.120751 0.296254 1.276075
v -1.003772 0.224900 1.340381
v -1.000192 0.253596 1.306169
v -1.041430 0.274401 1.321516
v -1.046798 0.240973 1.356413
v -0.966083 0.237914 1.235626
v -0.990185 0.275117 1.244968
v -0.982399 0.257636 1.289983
v -0.961092 0.219007 1.280606
v -1.454119 0.047913 1.853987
v -1.490551 0.164045 1.860736
v -1.454235 0.047849 1.828285
v -1.493513 0.163484 1.835196
v -1.428093 0.048088 1.853945
v -1.469172 0.178064 1.857949
v -1.428103 0.048082 1.828228
v -1.472134 0.177503 1.832408
v -1.454381 0.072047 1.855004
v -1.453520 0.095132 1.856212
v -1.459322 0.118603 1.857480
v -1.473302 0.141315 1.859076
v -1.475977 0.140892 1.833501
v -1.461299 0.118431 1.831839
v -1.454686 0.095090 1.830527
v -1.454870 0.071983 1.829309
v -1.453414 0.153814 1.830914
v -1.435583 0.128924 1.829685
v -1.427988 0.101226 1.829247
v -1.428235 0.074142 1.828847
v -1.450740 0.154237 1.856489
v -1.433610 0.129094 1.855327
v -1.427054 0.101139 1.854963
v -1.427955 0.074089 1.854570
v -1.462750 0.123749 1.941287
v -1.439089 0.133078 1.937476
v -1.393275 0.157724 1.844843
v -1.395092 0.156078 1.819242
v -1.482116 0.135413 1.774698
v -1.459239 0.146398 1.770530
v -1.527327 0.107589 1.853151
v -1.529069 0.106907 1.827501
v -1.443722 0.159431 1.927226
v -1.461190 0.182852 1.881546
v -1.494484 0.162214 1.885571
v -1.479475 0.143724 1.932165
v -1.412011 0.181694 1.813301
v -1.455434 0.184214 1.821183
v -1.450768 0.185098 1.861415
v -1.409370 0.183880 1.853683
v -1.492237 0.146685 1.785852
v -1.496963 0.158018 1.817074
v -1.466592 0.177789 1.813137
v -1.460319 0.163356 1.780298
v -1.523640 0.127950 1.861417
v -1.506899 0.157215 1.865216
v -1.510844 0.156198 1.828810
v -1.525440 0.126003 1.824778
v -1.304089 0.083032 1.346096
v -1.312834 0.242974 1.317244
v -1.276245 0.086159 1.365912
v -1.282918 0.246151 1.333799
v -1.323509 0.076695 1.374209
v -1.329239 0.256222 1.344346
v -1.295743 0.079874 1.394158
v -1.299323 0.259399 1.360901
v -1.310944 0.114474 1.348279
v -1.318585 0.144238 1.351383
v -1.321415 0.176181 1.347309
v -1.318307 0.209158 1.334063
v -1.288603 0.212447 1.350973
v -1.292222 0.179630 1.365057
v -1.289982 0.147657 1.370056
v -1.282830 0.117694 1.367687
v -1.305835 0.223939 1.379046
v -1.311676 0.187101 1.395866
v -1.310038 0.149086 1.400658
v -1.302741 0.113846 1.397050
v -1.335540 0.220649 1.362135
v -1.340866 0.183651 1.378114
v -1.338470 0.145553 1.381693
v -1.330700 0.110521 1.377378
v -1.410581 0.173389 1.279258
v -1.426427 0.180065 1.308982
v -1.366715 0.212137 1.433592
v -1.337321 0.213616 1.451283
v -1.219201 0.214124 1.389257
v -1.234484 0.223204 1.418636
v -1.263275 0.179507 1.275874
v -1.234122 0.182233 1.293813
v -1.418407 0.216900 1.315496
v -1.361845 0.257535 1.335281
v -1.336251 0.238503 1.293482
v -1.393183 0.204811 1.271003
v -1.324600 0.252059 1.441110
v -1.301324 0.265332 1.388522
v -1.348449 0.260328 1.362443
v -1.370697 0.249246 1.412909
v -1.226467 0.230011 1.371210
v -1.259436 0.242132 1.343409
v -1.282728 0.260759 1.381872
v -1.248405 0.244402 1.412177
v -1.279971 0.204129 1.276178
v -1.303784 0.237632 1.295223
v -1.261294 0.241807 1.319091
v -1.238602 0.206578 1.302414
v -1.744810 0.167348 1.204944
v -1.781257 0.321797 1.241108
v -1.769875 0.164851 1.181637
v -1.808720 0.318587 1.220746
v -1.721123 0.168174 1.179530
v -1.765640 0.340696 1.217065
v -1.746111 0.165756 1.156104
v -1.793103 0.337487 1.196703
v -1.746091 0.199577 1.204983
v -1.746074 0.230452 1.204153
v -1.752109 0.261694 1.209852
v -1.765222 0.291768 1.223858
v -1.792468 0.288747 1.203178
v -1.778804 0.259016 1.188420
v -1.772082 0.227962 1.181884
v -1.771490 0.197072 1.182047
v -1.775485 0.306230 1.178217
v -1.758319 0.273378 1.160896
v -1.749487 0.236627 1.154404
v -1.747823 0.200515 1.155563
v -1.748240 0.309252 1.198898
v -1.731627 0.276053 1.182332
v -1.723649 0.238942 1.176934
v -1.722578 0.202862 1.178735
v -1.674266 0.276324 1.289325
v -1.657167 0.288934 1.262347
v -1.707422 0.314124 1.132110
v -1.733807 0.309490 1.110628
v -1.854724 0.275797 1.155833
v -1.838827 0.290560 1.129216
v -1.817425 0.245059 1.272712
v -1.843871 0.241707 1.251067
v -1.673566 0.322960 1.256276
v -1.735840 0.349467 1.230563
v -1.760569 0.321596 1.267660
v -1.700062 0.301685 1.296367
v -1.757169 0.342658 1.120492
v -1.789337 0.345755 1.169879
v -1.746076 0.350810 1.201953
v -1.715718 0.349415 1.154614
v -1.854072 0.291620 1.175329
v -1.829009 0.309531 1.207853
v -1.806790 0.336189 1.173727
v -1.831751 0.314034 1.138369
v -1.807746 0.273033 1.275687
v -1.791245 0.312746 1.261447
v -1.830121 0.307888 1.232163
v -1.844811 0.266964 1.244145
v -1.888070 0.065884 1.335435
v -1.936714 0.220942 1.344446
v -1.888224 0.065798 1.301117
v -1.940669 0.220193 1.310344
v -1.853320 0.066116 1.335379
v -1.908168 0.239661 1.340724
v -1.853333 0.066109 1.301042
v -1.912123 0.238911 1.306623
v -1.888420 0.098108 1.336792
v -1.887271 0.128930 1.338405
v -1.895017 0.160268 1.340099
v -1.913683 0.190593 1.342229
v -1.917254 0.190029 1.308081
v -1.897656 0.160039 1.305863
v -1.888827 0.128874 1.304111
v -1.889073 0.098022 1.302485
v -1.887129 0.207282 1.304627
v -1.863321 0.174049 1.302986
v -1.853180 0.137067 1.302401
v -1.853510 0.100904 1.301867
v -1.883558 0.207846 1.338775
v -1.860686 0.174276 1.337223
v -1.851933 0.136951 1.336737
v -1.853137 0.100833 1.336212
v -1.899595 0.167140 1.451997
v -1.868002 0.179596 1.446908
v -1.806832 0.212503 1.323226
v -1.809257 0.210304 1.289044
v -1.925451 0.182713 1.229568
v -1.894905 0.197379 1.224002
v -1.985817 0.145562 1.334318
v -1.988143 0.144653 1.300071
v -1.874189 0.214781 1.433223
v -1.897511 0.246053 1.372231
v -1.941966 0.218498 1.377604
v -1.921925 0.193809 1.439817
v -1.831848 0.244507 1.281110
v -1.889826 0.247871 1.291634
v -1.883596 0.249052 1.345352
v -1.828321 0.247426 1.335028
v -1.938965 0.197763 1.244461
v -1.945276 0.212895 1.286149
v -1.904724 0.239293 1.280892
v -1.896348 0.220022 1.237045
v -1.980894 0.172748 1.345355
v -1.958541 0.211823 1.350427
v -1.963810 0.210464 1.301818
v -1.983297 0.170148 1.296435
v -1.906102 0.161188 1.108509
v -1.955603 0.315757 1.120693
v -1.930053 0.153314 1.085227
v -1.981994 0.307412 1.100370
v -1.881658 0.160256 1.083826
v -1.940641 0.332190 1.094517
v -1.905534 0.152450 1.060416
v -1.967031 0.323845 1.074193
v -1.909863 0.192871 1.103780
v -1.912194 0.223200 1.098421
v -1.920816 0.254341 1.099321
v -1.936698 0.284956 1.108434
v -1.962876 0.276768 1.087775
v -1.946444 0.246428 1.077879
v -1.937122 0.215406 1.076142
v -1.934159 0.185017 1.080858
v -1.946411 0.291783 1.060931
v -1.926158 0.258279 1.049043
v -1.914296 0.221817 1.048238
v -1.909897 0.186509 1.054731
v -1.920233 0.299971 1.081591
v -1.900533 0.266189 1.070488
v -1.889533 0.229462 1.070797
v -1.885751 0.194229 1.077906
v -1.847215 0.286597 1.177627
v -1.830187 0.296523 1.149508
v -1.877557 0.298441 1.015813
v -1.902724 0.288617 0.994617
v -2.022221 0.252084 1.041365
v -2.006570 0.264088 1.013257
v -1.986857 0.241709 1.162355
v -2.012178 0.233121 1.140808
v -1.848931 0.327864 1.138109
v -1.912106 0.345217 1.107290
v -1.935921 0.321083 1.147476
v -1.875124 0.310524 1.180244
v -1.928907 0.320850 0.998935
v -1.962959 0.328426 1.046543
v -1.921388 0.341571 1.078557
v -1.889344 0.335821 1.032680
v -2.023485 0.270560 1.058333
v -2.001053 0.294966 1.088465
v -1.979750 0.318128 1.051335
v -2.001653 0.289136 1.019028
v -1.979473 0.270513 1.161418
v -1.965583 0.308960 1.141896
v -2.002900 0.296770 1.112719
v -2.014813 0.256950 1.130228
v -2.067335 0.197094 0.942641
v -2.053564 0.350760 0.994484
v -2.087018 0.187851 0.969190
v -2.069981 0.341089 1.023051
v -2.094971 0.195899 0.921605
v -2.081975 0.366635 0.983531
v -2.114793 0.186721 0.948099
v -2.098392 0.356964 1.012099
v -2.072511 0.228497 0.947880
v -2.078456 0.258558 0.951747
v -2.077400 0.289496 0.961056
v -2.067235 0.320017 0.976474
v -2.084019 0.310496 1.004879
v -2.095037 0.280236 0.989026
v -2.097020 0.249406 0.979136
v -2.091793 0.219277 0.974725
v -2.113243 0.324968 0.992485
v -2.126640 0.291569 0.973015
v -2.127862 0.255397 0.960332
v -2.120910 0.220449 0.954128
v -2.096460 0.334488 0.964080
v -2.108997 0.300827 0.945047
v -2.108995 0.264406 0.933066
v -2.101354 0.229540 0.927394
v -2.010465 0.326187 0.878819
v -2.040869 0.335544 0.865889
v -2.167189 0.331717 0.930314
v -2.184585 0.320567 0.957741
v -2.121453 0.282811 1.069045
v -2.151730 0.294211 1.057536
v -2.005885 0.277463 1.017934
v -2.023647 0.267533 1.045594
v -2.050678 0.366015 0.886838
v -2.073465 0.380775 0.953955
v -2.029774 0.357476 0.971638
v -2.004953 0.349514 0.906814
v -2.177871 0.352292 0.984040
v -2.126465 0.360686 1.011797
v -2.100606 0.375920 0.966796
v -2.150090 0.369363 0.940855
v -2.105047 0.301826 1.068609
v -2.078891 0.327786 1.043140
v -2.119195 0.350160 1.027522
v -2.147435 0.319554 1.052620
v -2.008676 0.306387 1.011553
v -2.031035 0.344460 1.001419
v -2.054672 0.330381 1.041861
v -2.034524 0.290913 1.050259
v -2.304819 0.173760 0.900726
v -2.291048 0.327426 0.952569
v -2.324502 0.164517 0.927274
v -2.307464 0.317755 0.981136
v -2.332454 0.172565 0.879690
v -2.319459 0.343301 0.941616
v -2.352276 0.163386 0.906183
v -2.335875 0.333630 0.970184
v -2.309994 0.205163 0.905965
v -2.315940 0.235224 0.909832
v -2.314883 0.266162 0.919141
v -2.304719 0.296683 0.934559
v -2.321503 0.287162 0.962964
v -2.332521 0.256902 0.947110
v -2.334504 0.226071 0.937221
v -2.329277 0.195942 0.932809
v -2.350727 0.301633 0.950569
v -2.364123 0.268235 0.931100
v -2.365345 0.232062 0.918417
v -2.358394 0.197115 0.912212
v -2.333944 0.311154 0.922165
v -2.346481 0.277492 0.903132
v -2.346479 0.241072 0.891151
v -2.338837 0.206206 0.885479
v -2.247949 0.302853 0.836904
v -2.278353 0.312209 0.823974
v -2.404673 0.308382 0.888399
v -2.422068 0.297233 0.915826
v -2.358936 0.259477 1.027130
v -2.389214 0.270877 1.015621
v -2.243369 0.254129 0.976019
v -2.261130 0.244198 1.003679
v -2.288162 0.342681 0.844923
v -2.310949 0.357441 0.912040
v -2.267257 0.334142 0.929723
v -2.242437 0.326180 0.864899
v -2.415355 0.328958 0.942125
v -2.363949 0.337352 0.969882
v -2.338089 0.352585 0.924881
v -2.387573 0.346028 0.898940
v -2.342530 0.278492 1.026694
v -2.316375 0.304452 1.001225
v -2.356679 0.326825 0.985607
v -2.384918 0.296219 1.010705
v -2.246160 0.283053 0.969639
v -2.268519 0.321126 0.959504
v -2.292155 0.307046 0.999946
v -2.272007 0.267579 1.008344
v -2.498528 0.149868 1.082748
v -2.491246 0.289785 1.165578
v -2.494168 0.130726 1.110895
v -2.483095 0.271279 1.193331
v -2.531980 0.140542 1.081464
v -2.522861 0.294610 1.178080
v -2.527772 0.121413 1.109667
v -2.514710 0.276104 1.205833
v -2.506332 0.175997 1.099974
v -2.515262 0.200760 1.116131
v -2.515778 0.228398 1.132888
v -2.505601 0.258463 1.149170
v -2.497859 0.239972 1.177050
v -2.509004 0.209866 1.160991
v -2.509564 0.182036 1.144335
v -2.501494 0.156997 1.128135
v -2.530663 0.243365 1.188432
v -2.545121 0.209889 1.169878
v -2.545645 0.177789 1.148899
v -2.536314 0.149214 1.128785
v -2.538404 0.261856 1.160552
v -2.551891 0.228420 1.141772
v -2.551008 0.196484 1.120575
v -2.540849 0.168189 1.100516
v -2.526742 0.297370 1.045070
v -2.559569 0.295689 1.055004
v -2.611405 0.235921 1.172745
v -2.604356 0.215817 1.199675
v -2.478583 0.192733 1.237728
v -2.510892 0.192806 1.249357
v -2.424159 0.238406 1.133093
v -2.417516 0.219249 1.160806
v -2.560659 0.317353 1.086518
v -2.538534 0.314268 1.155386
v -2.489642 0.307771 1.137170
v -2.510391 0.317595 1.071182
v -2.590138 0.244388 1.226595
v -2.536529 0.268701 1.222303
v -2.549368 0.297853 1.178585
v -2.600834 0.275751 1.183816
v -2.471138 0.216519 1.234623
v -2.473907 0.253333 1.209249
v -2.518774 0.260052 1.226875
v -2.516703 0.218226 1.251580
v -2.436965 0.264537 1.139281
v -2.468740 0.291917 1.156397
v -2.457405 0.265210 1.195776
v -2.428039 0.235901 1.178089
v -2.645401 0.117697 1.241617
v -2.653007 0.268934 1.301283
v -2.617844 0.109590 1.260397
v -2.623329 0.262564 1.317339
v -2.665269 0.097727 1.261967
v -2.669759 0.266107 1.331124
v -2.637792 0.089596 1.280887
v -2.640081 0.259736 1.347181
v -2.652149 0.143349 1.259969
v -2.659705 0.167100 1.278210
v -2.662333 0.196428 1.291549
v -2.658881 0.231397 1.297700
v -2.629420 0.224937 1.314116
v -2.633395 0.189669 1.308755
v -2.631371 0.159835 1.296180
v -2.624316 0.135534 1.278453
v -2.647022 0.220116 1.343848
v -2.653277 0.180015 1.338671
v -2.651878 0.145162 1.322730
v -2.644683 0.117027 1.301172
v -2.676483 0.226575 1.327432
v -2.682212 0.186775 1.321461
v -2.680037 0.152482 1.304454
v -2.672358 0.124890 1.282409
v -2.750477 0.230944 1.231313
v -2.766739 0.221144 1.259925
v -2.708766 0.182061 1.383349
v -2.679636 0.173655 1.399470
v -2.560595 0.205385 1.348261
v -2.576278 0.197803 1.377853
v -2.603111 0.236209 1.233200
v -2.574220 0.228735 1.250187
v -2.758656 0.248925 1.284954
v -2.702219 0.272378 1.323771
v -2.676084 0.277925 1.278487
v -2.732819 0.261796 1.241035
v -2.666594 0.211539 1.411214
v -2.642471 0.250252 1.373760
v -2.689220 0.260287 1.348467
v -2.712274 0.224542 1.385283
v -2.567519 0.228480 1.341218
v -2.600012 0.253811 1.323633
v -2.623798 0.249652 1.365893
v -2.590007 0.219384 1.383388
v -2.619701 0.257170 1.246259
v -2.643650 0.275888 1.279848
v -2.601506 0.266368 1.302776
v -2.578721 0.244947 1.270278
v -2.481552 0.104490 1.334441
v -2.473712 0.246025 1.414423
v -2.453739 0.091877 1.350097
v -2.443799 0.235355 1.427482
v -2.501801 0.083342 1.353159
v -2.488963 0.240252 1.444642
v -2.474062 0.070691 1.368954
v -2.459051 0.229582 1.457701
v -2.485200 0.127734 1.356504
v -2.489810 0.149175 1.378253
v -2.489339 0.176456 1.395587
v -2.482763 0.209879 1.406180
v -2.453053 0.199087 1.419596
v -2.460130 0.165294 1.409778
v -2.461201 0.137450 1.393170
v -2.457104 0.115431 1.371889
v -2.469317 0.191421 1.449493
v -2.479039 0.152994 1.439352
v -2.481320 0.120710 1.418778
v -2.477603 0.095430 1.393179
v -2.499027 0.202213 1.436077
v -2.508246 0.164157 1.425157
v -2.509768 0.132519 1.403552
v -2.505552 0.107810 1.377516
v -2.577627 0.225305 1.346511
v -2.593017 0.212783 1.374537
v -2.531636 0.152732 1.487446
v -2.502426 0.140083 1.500328
v -2.384236 0.170057 1.446177
v -2.398819 0.159547 1.475435
v -2.430434 0.219671 1.339402
v -2.401340 0.207838 1.353282
v -2.581364 0.236130 1.402515
v -2.521174 0.249804 1.440357
v -2.497218 0.259753 1.394624
v -2.557043 0.253143 1.359143
v -2.485764 0.174912 1.516215
v -2.460722 0.216663 1.482848
v -2.507842 0.233469 1.462278
v -2.531616 0.194664 1.495345
v -2.389666 0.194347 1.442800
v -2.420947 0.224158 1.430985
v -2.442620 0.215834 1.473762
v -2.410448 0.181068 1.484734
v -2.444545 0.239731 1.356243
v -2.465026 0.255225 1.393560
v -2.422579 0.239588 1.412165
v -2.403412 0.221355 1.375637
v -0.310058 0.876654 -1.658994
v -0.310058 0.876654 -1.793413
v -0.175639 0.876654 -1.658994
v -0.175639 0.876654 -1.793413
v -0.302278 0.673437 -1.549064
v -0.419988 0.673437 -1.666774
v -0.302278 0.778100 -1.903343
v -0.419988 0.673437 -1.785634
v -0.065709 0.673437 -1.666774
v -0.183419 0.673437 -1.549064
v -0.183419 0.778100 -1.903343
v -0.065709 0.673437 -1.785634
v -0.419988 0.839655 -1.666774
v -0.302278 0.839655 -1.549064
v -0.352028 0.854685 -1.617024
v -0.302278 0.839655 -1.903343
v -0.419988 0.839655 -1.785634
v -0.352028 0.854685 -1.835384
v -0.183419 0.839655 -1.549064
v -0.065709 0.839655 -1.666774
v -0.133669 0.854685 -1.617024
v -0.065709 0.839655 -1.785634
v -0.183419 0.839655 -1.903343
v -0.133669 0.854685 -1.835384
v -0.636874 0.609547 -1.353613
v -0.636874 0.915456 -1.353613
v -0.636874 0.609547 -1.659521
v -0.636874 0.915456 -1.659521
v -0.330965 0.609547 -1.353613
v -0.330965 0.915456 -1.353613
v -0.330965 0.609547 -1.659521
v -0.330965 0.915456 -1.659521
v -0.340331 0.876654 -1.220679
v -0.340331 0.876654 -1.355098
v -0.205912 0.876654 -1.220679
v -0.205912 0.876654 -1.355098
v -0.332551 0.673437 -1.110749
v -0.450261 0.673437 -1.228459
v -0.332551 0.778100 -1.465028
v -0.450261 0.673437 -1.347319
v -0.095982 0.673437 -1.228459
v -0.213691 0.673437 -1.110749
v -0.213691 0.778100 -1.465028
v -0.095982 0.673437 -1.347319
v -0.450261 0.839655 -1.228459
v -0.332551 0.839655 -1.110749
v -0.382301 0.854685 -1.178709
v -0.332551 0.839655 -1.465028
v -0.450261 0.839655 -1.347319
v -0.382301 0.854685 -1.397069
v -0.213691 0.839655 -1.110749
v -0.095982 0.839655 -1.228459
v -0.163941 0.854685 -1.178709
v -0.095982 0.839655 -1.347319
v -0.213691 0.839655 -1.465028
v -0.163941 0.854685 -1.397069
v -0.767198 0.876654 -1.660012
v -0.767198 0.876654 -1.794431
v -0.632779 0.876654 -1.660012
v -0.632779 0.876654 -1.794431
v -0.759418 0.673437 -1.550082
v -0.877128 0.673437 -1.667792
v -0.759418 0.778100 -1.904361
v -0.877128 0.673437 -1.786651
v -0.522849 0.673437 -1.667792
v -0.640559 0.673437 -1.550082
v -0.640559 0.778100 -1.904361
v -0.522849 0.673437 -1.786651
v -0.877128 0.839655 -1.667792
v -0.759418 0.839655 -1.550082
v -0.809168 0.854685 -1.618042
v -0.759418 0.839655 -1.904361
v -0.877128 0.839655 -1.786651
v -0.809168 0.854685 -1.836401
v -0.640559 0.839655 -1.550082
v -0.522849 0.839655 -1.667792
v -0.590809 0.854685 -1.618042
v -0.522849 0.839655 -1.786651
v -0.640559 0.839655 -1.904361
v -0.590809 0.854685 -1.836401
v 1.109003 0.638244 -1.073704
v 1.109003 0.638244 -1.490013
v 1.525312 0.638244 -1.073704
v 1.525312 0.638244 -1.490013
v 1.181327 1.054553 -1.146029
v 1.109003 0.982228 -1.073704
v 1.181327 1.054553 -1.417689
v 1.109003 0.982228 -1.490013
v 1.452988 1.054553 -1.146029
v 1.525312 0.982228 -1.073704
v 1.452988 1.054553 -1.417689
v 1.525312 0.982228 -1.490013
v 1.462146 0.638244 -1.490013
v 1.462146 0.638244 -1.073704
v 1.411769 1.054553 -1.417689
v 1.462146 0.982228 -1.490013
v 1.411769 1.054553 -1.146029
v 1.462146 0.982228 -1.073704
v 1.235374 0.638244 -1.490013
v 1.235374 0.982228 -1.490013
v 1.263790 1.054553 -1.146029
v 1.235374 0.638244 -1.073704
v 1.263790 1.054553 -1.417689
v 1.235374 0.982228 -1.073704
v 1.525312 0.916009 -1.073704
v 1.109003 0.916009 -1.073704
v 1.109003 0.916009 -1.490013
v 1.525312 0.916009 -1.490013
v 1.462146 0.916009 -1.073704
v 1.462146 0.916009 -1.490013
v 1.235374 0.916009 -1.490013
v 1.235374 0.916009 -1.073704
v 1.462146 0.916009 -1.643678
v 1.462146 0.638244 -1.643678
v 1.235374 0.638244 -1.643678
v 1.235374 0.916009 -1.643678
v -2.199379 0.586450 -0.288083
v -2.237604 0.677751 -0.279442
v -2.269315 0.581138 -0.263328
v -2.239522 0.677216 -0.277639
v -2.230383 0.581845 -0.376665
v -2.268609 0.673146 -0.368024
v -2.300320 0.576533 -0.351911
v -2.270527 0.672611 -0.366221
v -2.124572 0.584724 -0.231905
v -2.153110 0.678987 -0.245017
v -2.190638 0.585456 -0.266064
v -2.155758 0.678581 -0.245222
v -2.081408 0.586176 -0.315355
v -2.109946 0.680439 -0.328468
v -2.147474 0.586907 -0.349515
v -2.112594 0.680033 -0.328673
v -2.403142 0.042687 1.218291
v -2.334192 0.245265 1.149342
v -2.403142 0.042687 0.933070
v -2.334192 0.245265 1.002020
v -2.117921 0.042687 1.218291
v -2.186871 0.245265 1.149342
v -2.117921 0.042687 0.933070
v -2.186871 0.245265 1.002020
vn -0.0000 1.0000 -0.0000
vn -0.0000 0.9468 0.3217
vn -0.0000 -0.0000 -1.0000
vn -0.0000 -0.0000 1.0000
vn 1.0000 -0.0000 -0.0000
vn -0.0000 0.9468 -0.3217
vn 0.3217 0.9468 -0.0000
vn -0.3217 0.9468 -0.0000
vn -1.0000 -0.0000 -0.0000
vn -0.5370 0.6506 0.5370
vn -0.5370 0.6506 -0.5370
vn 0.5370 0.6506 0.5370
vn 0.5370 0.6506 -0.5370
vn -0.0000 -0.7473 -0.6645
vn 0.7071 -0.0000 0.7071
vn -0.7071 -0.0000 0.7071
vn -0.7071 -0.0000 -0.7071
vn 0.7071 -0.0000 -0.7071
vn -0.0000 -1.0000 -0.0000
vn 0.4645 0.8822 -0.0770
vn 0.3817 0.9199 -0.0905
vn 0.2965 0.9485 -0.1115
vn 0.2107 0.9677 -0.1386
vn 0.1366 0.9764 -0.1673
vn 0.0650 0.9763 -0.2066
vn 0.0048 0.9672 -0.2539
vn 0.0382 0.9614 -0.2726
vn 0.0696 0.9289 -0.3638
vn -0.0251 0.9393 -0.3421
vn -0.2835 0.9403 -0.1885
vn -0.0792 0.9776 -0.1948
vn -0.0047 0.9928 -0.1193
vn -0.0740 0.9952 -0.0634
vn 0.4789 0.8663 -0.1419
vn 0.3883 0.9118 -0.1333
vn 0.2779 0.9548 -0.1052
vn 0.1928 0.9779 -0.0812
vn 0.1680 0.9810 -0.0965
vn 0.0978 0.9861 -0.1340
vn 0.0394 0.9846 -0.1705
vn 0.0201 0.9805 -0.1957
vn 0.0524 0.9796 -0.1942
vn -0.0860 0.9844 -0.1538
vn -0.2301 0.9340 -0.2732
vn -0.2441 0.8999 -0.3613
vn -0.0869 0.9417 -0.3249
vn -0.1829 0.9693 -0.1644
vn 0.5578 0.7170 -0.4179
vn 0.3650 0.8739 -0.3210
vn 0.1748 0.9743 -0.1420
vn 0.0269 0.9969 0.0737
vn 0.0515 0.9847 0.1664
vn 0.0378 0.9827 0.1813
vn 0.1343 0.9909 -0.0016
vn 0.0243 0.9904 -0.1363
vn 0.0195 0.9901 -0.1390
vn -0.0871 0.9877 -0.1299
vn -0.0826 0.9950 -0.0556
vn -0.0151 0.9917 0.1280
vn 0.1980 0.9732 0.1170
vn -0.2827 0.9475 -0.1495
vn 0.7358 0.5102 -0.4453
vn 0.5536 0.6826 -0.4771
vn 0.2996 0.8315 -0.4679
vn -0.1121 0.9647 -0.2381
vn -0.0311 0.9830 -0.1807
vn 0.1687 0.9528 -0.2525
vn 0.3010 0.8786 -0.3708
vn -0.0275 0.9767 -0.2127
vn 0.0015 0.9948 -0.1015
vn -0.0980 0.9932 -0.0632
vn -0.1391 0.9903 -0.0057
vn -0.1501 0.9873 0.0525
vn 0.3057 0.9413 0.1433
vn -0.3051 0.9305 -0.2027
vn 0.8992 0.4080 -0.1580
vn 0.7594 0.6291 -0.1657
vn 0.4972 0.8593 -0.1202
vn -0.2195 0.9723 0.0801
vn -0.1996 0.9768 0.0781
vn 0.3082 0.8807 -0.3596
vn 0.2706 0.8830 -0.3836
vn -0.0326 0.9860 -0.1638
vn -0.0513 0.9831 -0.1757
vn -0.0952 0.9900 -0.1043
vn -0.2321 0.9592 -0.1612
vn -0.2468 0.9331 -0.2614
vn 0.0809 0.9926 0.0905
vn -0.1393 0.9858 0.0942
vn 0.9149 0.4036 0.0042
vn 0.7706 0.6359 -0.0412
vn 0.5479 0.8306 -0.0996
vn 0.0129 0.9748 -0.2227
vn 0.1017 0.8500 -0.5168
vn 0.3187 0.6872 -0.6528
vn 0.0413 0.9043 -0.4248
vn 0.1348 0.9181 -0.3726
vn -0.1926 0.9542 -0.2289
vn -0.0692 0.9943 -0.0816
vn -0.1600 0.9798 -0.1197
vn -0.1585 0.9641 -0.2132
vn -0.2100 0.9635 -0.1661
vn -0.0316 0.9925 0.1177
vn 0.9188 0.3931 -0.0375
vn 0.7999 0.5904 -0.1078
vn 0.6796 0.7075 -0.1940
vn 0.4596 0.8018 -0.3819
vn 0.4812 0.7566 -0.4427
vn 0.4387 0.8070 -0.3953
vn -0.2077 0.9207 -0.3304
vn 0.2097 0.8829 -0.4200
vn -0.2488 0.9303 -0.2694
vn -0.1428 0.9592 -0.2440
vn -0.1610 0.9759 -0.1470
vn -0.1122 0.9894 -0.0925
vn -0.2363 0.9709 -0.0384
vn -0.0203 0.9983 -0.0553
vn 0.8783 0.4534 -0.1520
vn 0.8144 0.5543 -0.1715
vn 0.6921 0.6887 -0.2163
vn 0.6125 0.7657 -0.1963
vn 0.5698 0.8076 -0.1519
vn 0.4984 0.8343 -0.2357
vn -0.2199 0.8351 -0.5043
vn 0.2637 0.8402 -0.4738
vn -0.2086 0.8590 -0.4677
vn -0.3026 0.9296 -0.2104
vn -0.1420 0.9837 0.1104
vn -0.0158 0.9845 0.1748
vn -0.2452 0.9692 -0.0248
vn 0.0407 0.9988 -0.0269
vn 0.7863 0.5971 -0.1587
vn 0.6892 0.7195 -0.0853
vn 0.4463 0.8948 -0.0097
vn 0.5081 0.8370 0.2031
vn 0.6660 0.6746 0.3185
vn 0.6341 0.7709 0.0607
vn -0.0003 0.7163 -0.6978
vn 0.1840 0.7759 -0.6034
vn -0.3011 0.8687 -0.3933
vn -0.4902 0.8510 -0.1883
vn -0.3579 0.9194 0.1633
vn 0.0655 0.9575 0.2810
vn -0.2254 0.9666 -0.1221
vn 0.0700 0.9915 -0.1100
vn 0.6469 0.7516 0.1292
vn 0.3425 0.8938 0.2894
vn 0.3391 0.8519 0.3991
vn 0.6416 0.6240 0.4461
vn 0.8214 0.4763 0.3138
vn 0.6775 0.7267 -0.1138
vn 0.2000 0.8024 -0.5623
vn -0.1642 0.8635 -0.4769
vn -0.3628 0.9300 -0.0590
vn -0.5290 0.8479 -0.0341
vn -0.5587 0.8195 0.1273
vn 0.1297 0.9711 0.2005
vn -0.1570 0.9826 -0.0995
vn 0.0432 0.9974 -0.0574
vn 0.5609 0.7980 0.2204
vn 0.2028 0.9778 0.0529
vn 0.5128 0.8503 -0.1183
vn 0.8761 0.4788 0.0575
vn 0.7818 0.5460 0.3012
vn 0.5896 0.7264 0.3532
vn -0.0161 0.9949 0.0996
vn -0.5834 0.8046 0.1111
vn -0.2606 0.9124 0.3156
vn -0.4590 0.8492 0.2611
vn -0.5524 0.7961 0.2473
vn 0.0669 0.8566 0.5116
vn -0.0814 0.8762 0.4751
vn 0.0454 0.9672 0.2501
vn 0.5680 0.7643 0.3055
vn 0.3564 0.9338 0.0301
vn 0.6632 0.7475 -0.0376
vn 0.6322 0.6459 0.4280
vn 0.4306 0.5126 0.7428
vn 0.2948 0.4293 0.8537
vn -0.3528 0.5601 0.7496
vn -0.5631 0.5586 0.6089
vn -0.0486 0.7485 0.6613
vn -0.3390 0.7962 0.5012
vn -0.4995 0.8234 0.2692
vn -0.0119 0.8555 0.5177
vn -0.1016 0.7792 0.6185
vn 0.1666 0.8355 0.5236
vn 0.5558 0.6759 0.4840
vn 0.4577 0.7347 0.5007
vn 0.4775 0.6573 0.5830
vn 0.3465 0.6460 0.6802
vn 0.2770 0.6028 0.7483
vn 0.0759 0.4176 0.9055
vn -0.2185 0.3041 0.9272
vn -0.3708 0.4156 0.8305
vn 0.0728 0.6262 0.7763
vn -0.2088 0.7555 0.6210
vn -0.4595 0.8168 0.3490
vn -0.0938 0.9171 0.3874
vn -0.1504 0.8421 0.5179
vn 0.4180 0.8043 0.4222
vn 0.5606 0.6741 0.4810
vn 0.4581 0.7216 0.5190
vn 0.3463 0.7008 0.6237
vn 0.3263 0.6327 0.7023
vn 0.2922 0.6560 0.6959
vn 0.0520 0.6852 0.7265
vn -0.2567 0.5301 0.8081
vn -0.2433 0.6172 0.7482
vn 0.0370 0.6762 0.7358
vn -0.0454 0.5632 0.8251
vn -0.3470 0.8168 0.4609
vn -0.1415 0.9422 0.3036
vn -0.1471 0.9197 0.3639
vn 0.6991 0.7149 -0.0087
vn 0.5218 0.8501 -0.0715
vn 0.4649 0.8808 -0.0893
vn 0.3858 0.9145 -0.1222
vn 0.2888 0.9441 -0.1591
vn 0.1912 0.9618 -0.1958
vn 0.1005 0.9654 -0.2406
vn 0.0060 0.9530 -0.3030
vn -0.0320 0.9334 -0.3574
vn 0.0871 0.8527 -0.5150
vn 0.0869 0.8039 -0.5884
vn 0.0634 0.8224 -0.5654
vn -0.2460 0.9465 -0.2090
vn -0.0019 0.9909 -0.1347
vn -0.0105 0.9898 -0.1420
vn -0.0599 0.9929 -0.1026
vn -0.0973 0.9936 -0.0575
vn -0.1072 0.9939 -0.0245
vn -0.1509 0.9885 -0.0051
vn -0.1675 0.9833 -0.0713
vn -0.0889 0.9824 -0.1645
vn -0.0703 0.9963 -0.0497
vn -0.0987 0.9912 0.0877
vn -0.1568 0.9867 -0.0419
vn -0.1422 0.9377 -0.3171
vn -0.2166 0.9449 -0.2453
vn -0.2491 0.9458 -0.2084
vn -0.2160 0.9762 0.0201
vn -0.2043 0.9497 0.2375
vn -0.1917 0.9626 0.1916
vn -0.1193 0.9549 0.2718
vn 0.0088 0.9037 0.4281
vn 0.7146 0.6995 -0.0058
vn -0.1139 0.9115 0.3953
vn -0.0274 0.8370 0.5465
vn 0.0232 0.6274 0.7783
vn -0.0466 0.4372 0.8982
vn -0.1118 0.6981 0.7073
vn -0.1587 0.8005 0.5780
vn -0.2204 0.6254 0.7485
vn 0.1621 0.6198 0.7678
vn 0.3066 0.6648 0.6813
vn 0.2603 0.7504 0.6076
vn 0.3462 0.7620 0.5473
vn 0.4883 0.7406 0.4616
vn 0.5812 0.7230 0.3736
vn 0.5825 0.7198 0.3776
vn 0.5312 0.6831 0.5013
vn 0.5264 0.7029 0.4783
vn 0.5491 0.7609 0.3456
vn 0.5749 0.7965 0.1876
vn 0.6065 0.7947 -0.0254
vn 0.6524 0.7074 -0.2721
vn 0.8003 0.5379 -0.2648
vn 0.9475 0.3138 -0.0607
vn 0.9737 0.2243 0.0398
vn 0.9673 0.2177 -0.1299
vn 0.8512 0.3286 -0.4093
vn 0.6825 0.6003 -0.4170
vn 0.5736 0.8096 -0.1248
vn 0.5266 0.8476 -0.0649
vn 0.8166 0.0727 -0.5727
vn 0.8213 -0.1093 -0.5600
vn 0.8490 -0.1440 -0.5084
vn 0.9009 -0.0585 -0.4300
vn 0.9349 0.1276 -0.3311
vn 0.8976 0.3776 -0.2277
vn 0.7696 0.6260 -0.1261
vn 0.6135 0.7895 -0.0171
vn 0.9552 -0.2391 0.1745
vn 0.9496 0.2592 0.1764
vn 0.7808 0.6074 0.1459
vn 0.6341 0.7584 0.1506
vn 0.4865 0.8609 0.1487
vn 0.3787 0.9152 0.1377
vn 0.3089 0.9432 0.1221
vn 0.3441 0.9301 0.1283
vn 0.5647 -0.3904 0.7271
vn 0.5653 0.4126 0.7143
vn 0.3313 0.8087 0.4861
vn 0.1528 0.9031 0.4013
vn 0.0254 0.9349 0.3539
vn -0.0179 0.9543 0.2982
vn -0.0125 0.9669 0.2549
vn 0.1432 0.9405 0.3080
vn -0.2924 -0.3621 0.8851
vn -0.2815 0.3882 0.8775
vn -0.2371 0.7609 0.6041
vn -0.2555 0.8521 0.4568
vn -0.2904 0.8610 0.4175
vn -0.2560 0.8950 0.3653
vn -0.1417 0.9308 0.3370
vn 0.0474 0.8383 0.5431
vn -0.7534 -0.1967 0.6274
vn -0.7479 0.2218 0.6256
vn -0.6491 0.5343 0.5415
vn -0.5445 0.7060 0.4529
vn -0.5218 0.7221 0.4541
vn -0.4147 0.7998 0.4339
vn -0.2094 0.8105 0.5470
vn 0.0706 0.6726 0.7366
vn -0.8086 -0.1262 0.5747
vn -0.8053 0.1691 0.5682
vn -0.7280 0.4313 0.5330
vn -0.6133 0.6087 0.5033
vn -0.5525 0.6008 0.5777
vn -0.3142 0.6838 0.6586
vn -0.0143 0.6313 0.7754
vn 0.1321 0.5771 0.8059
vn -0.3511 -0.1655 0.9216
vn -0.3633 0.2207 0.9052
vn -0.2875 0.5015 0.8160
vn -0.1409 0.6534 0.7438
vn -0.0389 0.5094 0.8597
vn 0.0333 0.4819 0.8756
vn 0.0602 0.4702 0.8805
vn 0.0688 0.5272 0.8470
vn -0.0430 -0.0595 0.9973
vn -0.0512 0.2442 0.9684
vn -0.0577 0.4370 0.8976
vn -0.0737 0.4915 0.8678
vn -0.0993 0.4125 0.9055
vn -0.1081 0.3486 0.9310
vn -0.1053 0.4073 0.9072
vn -0.1253 0.4653 0.8762
vn 0.2320 0.1108 0.9664
vn 0.1766 0.3378 0.9245
vn 0.1220 0.5268 0.8412
vn 0.0784 0.6467 0.7587
vn 0.0379 0.5719 0.8194
vn -0.0559 0.5749 0.8163
vn -0.1684 0.5924 0.7878
vn -0.2047 0.4860 0.8497
vn 0.6833 0.3678 0.6307
vn 0.4112 0.7484 0.5204
vn 0.1633 0.8719 0.4616
vn 0.0246 0.8733 0.4866
vn -0.0685 0.8554 0.5135
vn -0.0861 0.7876 0.6101
vn -0.0860 0.7582 0.6464
vn -0.0858 0.6325 0.7698
vn 0.2096 0.5955 0.7756
vn 0.1113 0.8924 0.4373
vn 0.0870 0.9511 0.2965
vn 0.1712 0.9052 0.3890
vn -0.0108 0.9856 0.1685
vn 0.0051 0.9210 0.3895
vn -0.0019 0.8527 0.5224
vn 0.0828 0.7138 0.6954
vn 0.5529 0.4737 0.6855
vn 0.3419 0.8394 0.4225
vn 0.1691 0.9596 0.2250
vn 0.1005 0.9762 0.1920
vn -0.1033 0.9901 -0.0949
vn -0.0200 0.9955 0.0931
vn 0.1062 0.9138 0.3920
vn 0.0497 0.9132 0.4046
vn -0.7855 0.1800 0.5921
vn -0.6876 0.5094 0.5173
vn -0.1690 0.9632 0.2090
vn 0.1591 0.9850 -0.0664
vn 0.0943 0.9947 -0.0412
vn 0.0484 0.9983 0.0329
vn -0.1409 0.9431 0.3010
vn 0.0087 0.9953 0.0966
vn -0.7815 0.0626 0.6208
vn -0.6909 0.3185 0.6490
vn -0.4463 0.6751 0.5875
vn 0.1276 0.9860 0.1071
vn 0.0409 0.8195 0.5716
vn 0.1498 0.7893 0.5955
vn 0.2080 0.7310 0.6499
vn 0.2902 0.7116 0.6399
vn 0.8925 0.0523 -0.4480
vn 0.8867 -0.1032 -0.4507
vn 0.8915 -0.1741 -0.4183
vn 0.9155 -0.1572 -0.3703
vn 0.9481 -0.0370 -0.3157
vn 0.9515 0.1858 -0.2450
vn 0.8637 0.4829 -0.1442
vn 0.7059 0.7083 -0.0015
vn 0.6440 0.7423 0.1851
vn 0.6079 0.7734 0.1799
vn 0.4513 0.8275 0.3341
vn 0.3193 0.7902 0.5231
vn 0.2234 0.7168 0.6606
vn 0.2221 0.7166 0.6612
vn 0.2109 0.6433 0.7360
vn -0.0104 0.6215 0.7833
vn -0.1449 0.6885 0.7106
vn -0.1876 0.5429 0.8186
vn -0.0847 0.4563 0.8858
vn 0.1637 0.5547 0.8158
vn -0.0773 0.9263 0.3687
vn 0.1601 0.9864 -0.0386
vn 0.5772 0.7622 0.2932
vn 0.0379 0.9669 0.2524
vn -0.0917 0.8710 0.4827
vn -0.1145 0.8127 0.5713
vn -0.1323 0.6951 0.7067
vn -0.1467 0.5961 0.7894
vn -0.1574 0.5138 0.8433
vn -0.1670 0.4139 0.8949
vn -0.1757 0.3121 0.9337
vn -0.1841 0.1979 0.9628
vn -0.5609 -0.0810 0.8239
vn -0.5262 0.2110 0.8238
vn -0.4029 0.5828 0.7057
vn -0.2895 0.7974 0.5295
vn -0.2867 0.8724 0.3959
vn -0.5102 0.6895 0.5141
vn -0.5886 0.5600 0.5830
vn -0.3586 0.8581 0.3676
vn -0.8255 -0.2313 0.5149
vn -0.8797 0.2054 0.4289
vn -0.6365 0.7383 0.2231
vn -0.1920 0.9799 0.0543
vn -0.1725 0.9849 0.0133
vn -0.6637 0.7280 0.1721
vn -0.8473 0.3783 0.3728
vn -0.5226 0.7818 0.3400
vn -0.9836 -0.1804 -0.0004
vn -0.9397 0.3416 -0.0167
vn -0.6758 0.7369 0.0200
vn -0.2811 0.9553 0.0917
vn -0.2409 0.9513 0.1923
vn -0.5113 0.8188 0.2610
vn -0.8072 0.5847 0.0813
vn -0.6376 0.7596 -0.1282
vn -0.8672 -0.2587 -0.4256
vn -0.9313 0.0499 -0.3608
vn -0.8420 0.4936 -0.2175
vn -0.5602 0.8255 -0.0689
vn -0.4145 0.9095 -0.0307
vn -0.3223 0.9399 -0.1122
vn -0.3959 0.8719 -0.2880
vn -0.5579 0.7054 -0.4372
vn -0.7058 -0.3025 -0.6406
vn -0.6985 -0.2567 -0.6680
vn -0.7070 -0.0278 -0.7066
vn -0.6466 0.3283 -0.6886
vn -0.4500 0.7485 -0.4870
vn -0.3137 0.9406 -0.1302
vn -0.5218 0.8531 -0.0011
vn -0.7250 0.6834 -0.0855
vn -0.6397 -0.2244 -0.7352
vn -0.6196 -0.0899 -0.7797
vn -0.5756 0.1074 -0.8107
vn -0.5362 0.3843 -0.7515
vn -0.5067 0.6972 -0.5071
vn -0.5579 0.7957 -0.2360
vn -0.6554 0.7162 -0.2400
vn -0.4292 0.8716 -0.2369
vn -0.5884 -0.1220 -0.7993
vn -0.5506 0.0890 -0.8300
vn -0.4999 0.2324 -0.8343
vn -0.4714 0.3186 -0.8223
vn -0.4825 0.3517 -0.8022
vn -0.5107 0.3917 -0.7654
vn -0.4484 0.6510 -0.6126
vn -0.2580 0.9076 -0.3313
vn -0.5875 -0.0717 -0.8061
vn -0.5959 0.1886 -0.7806
vn -0.6079 0.3213 -0.7261
vn -0.6504 0.3621 -0.6678
vn -0.6974 0.3336 -0.6344
vn -0.6897 0.3842 -0.6137
vn -0.5509 0.6870 -0.4739
vn -0.3079 0.9219 -0.2353
vn -0.5543 -0.0873 -0.8277
vn -0.5846 0.0880 -0.8065
vn -0.6219 0.2208 -0.7513
vn -0.6472 0.2525 -0.7192
vn -0.6889 0.2222 -0.6900
vn -0.7327 0.3307 -0.5948
vn -0.6542 0.6663 -0.3578
vn -0.4414 0.8960 -0.0487
vn -0.6961 -0.0904 -0.7122
vn -0.6746 0.0527 -0.7363
vn -0.6763 0.1314 -0.7248
vn -0.7179 0.1456 -0.6808
vn -0.7539 0.1388 -0.6421
vn -0.7398 0.2299 -0.6324
vn -0.6942 0.3949 -0.6018
vn -0.5088 0.7612 -0.4022
vn -0.8144 -0.0514 -0.5781
vn -0.8032 0.0813 -0.5901
vn -0.7823 0.1480 -0.6051
vn -0.7707 0.0921 -0.6306
vn -0.7838 0.0258 -0.6204
vn -0.8224 0.1577 -0.5466
vn -0.8120 0.3974 -0.4274
vn -0.5187 0.8106 -0.2720
vn -0.9963 -0.0132 -0.0845
vn -0.9737 0.1621 -0.1602
vn -0.9381 0.2803 -0.2036
vn -0.9405 0.2508 -0.2293
vn -0.9398 0.2235 -0.2584
vn -0.9236 0.2434 -0.2961
vn -0.8105 0.4700 -0.3496
vn -0.3977 0.8683 -0.2966
vn -0.8820 0.0168 0.4710
vn -0.8803 0.1447 0.4519
vn -0.8571 0.2931 0.4236
vn -0.8350 0.3937 0.3845
vn -0.8010 0.5156 0.3042
vn -0.6947 0.6992 0.1692
vn -0.5496 0.8354 0.0081
vn -0.3238 0.9434 -0.0718
vn -0.8344 0.0308 0.5503
vn -0.8169 0.1974 0.5419
vn -0.7891 0.3424 0.5100
vn -0.7375 0.4957 0.4587
vn -0.6479 0.6566 0.3862
vn -0.5184 0.8060 0.2857
vn -0.3896 0.9031 0.1809
vn -0.2619 0.9608 0.0913
vn -0.3214 0.0854 0.9431
vn -0.3185 0.2247 0.9209
vn -0.3463 0.3863 0.8549
vn -0.4242 0.5654 0.7073
vn -0.5409 0.7353 0.4084
vn -0.5306 0.7366 0.4193
vn -0.3203 0.7609 0.5642
vn -0.1758 0.8896 0.4215
vn -0.1376 0.9317 0.3362
vn -0.1376 0.9794 0.1480
vn -0.1240 0.9875 0.0978
vn -0.2008 0.9774 0.0666
vn -0.3244 0.9321 -0.1609
vn -0.2482 0.9647 -0.0884
vn -0.1399 0.9893 -0.0419
vn -0.0843 0.9726 -0.2169
vn -0.1556 0.9861 0.0578
vn -0.2144 0.9760 0.0371
vn -0.1517 0.9853 -0.0781
vn -0.0743 0.9809 -0.1796
vn -0.0632 0.9941 -0.0876
vn -0.1601 0.9871 0.0005
vn -0.1715 0.9847 0.0298
vn -0.1221 0.9918 -0.0379
vn -0.1796 0.9837 0.0026
vn -0.2604 0.9637 0.0584
vn -0.4917 0.8702 0.0329
vn -0.5977 0.7998 -0.0566
vn -0.4161 0.9053 -0.0856
vn -0.6359 0.7259 0.2623
vn -0.8159 0.4149 0.4027
vn -0.9008 0.1124 0.4194
vn 0.9983 0.0200 0.0542
vn 0.9838 0.1725 0.0478
vn 0.9472 0.3184 0.0381
vn 0.8958 0.4438 0.0253
vn 0.8364 0.5480 0.0106
vn 0.7771 0.6294 -0.0041
vn 0.7214 0.6922 -0.0182
vn 0.6609 0.7498 -0.0324
vn 0.9958 0.0113 0.0907
vn 0.9868 0.1376 0.0849
vn 0.9609 0.2667 0.0748
vn 0.9203 0.3866 0.0608
vn 0.8695 0.4918 0.0446
vn 0.8155 0.5781 0.0274
vn 0.7635 0.6457 0.0102
vn 0.7139 0.7001 -0.0157
vn 0.9987 0.0175 0.0479
vn 0.9888 0.1422 0.0464
vn 0.9624 0.2688 0.0399
vn 0.9207 0.3889 0.0334
vn 0.8714 0.4897 0.0294
vn 0.8568 0.5155 0.0105
vn 0.8597 0.5054 -0.0742
vn 0.8139 0.5371 -0.2214
vn 0.9968 0.0299 -0.0738
vn 0.9834 0.1648 -0.0754
vn 0.9522 0.2942 -0.0818
vn 0.9282 0.3572 -0.1039
vn 0.9054 0.3928 -0.1611
vn 0.8956 0.3720 -0.2438
vn 0.9021 0.2942 -0.3157
vn 0.9093 0.2158 -0.3559
vn 0.9447 0.0367 -0.3258
vn 0.9307 0.1789 -0.3191
vn 0.8986 0.3099 -0.3108
vn 0.8886 0.3586 -0.2861
vn 0.9098 0.3433 -0.2334
vn 0.9396 0.2964 -0.1712
vn 0.9677 0.2211 -0.1207
vn 0.9814 0.1672 -0.0944
vn 0.5364 0.0203 -0.8437
vn 0.5425 0.1464 -0.8272
vn 0.5452 0.2621 -0.7963
vn 0.5660 0.3613 -0.7410
vn 0.6169 0.5096 -0.5998
vn 0.7113 0.5752 -0.4041
vn 0.8323 0.5062 -0.2259
vn 0.9253 0.3712 -0.0782
vn 0.4692 0.0440 -0.8820
vn 0.4690 0.1756 -0.8656
vn 0.4663 0.3023 -0.8314
vn 0.4563 0.4374 -0.7749
vn 0.4335 0.5627 -0.7039
vn 0.4453 0.6182 -0.6478
vn 0.5079 0.6660 -0.5463
vn 0.6618 0.6228 -0.4173
vn 0.5168 0.0679 -0.8534
vn 0.5102 0.2404 -0.8257
vn 0.4969 0.3950 -0.7727
vn 0.4721 0.5425 -0.6948
vn 0.4433 0.6562 -0.6106
vn 0.4157 0.7312 -0.5408
vn 0.4094 0.7651 -0.4971
vn 0.4662 0.7549 -0.4612
vn 0.6538 0.1108 -0.7485
vn 0.6241 0.3569 -0.6951
vn 0.5756 0.5437 -0.6107
vn 0.5135 0.6883 -0.5124
vn 0.4571 0.7791 -0.4290
vn 0.4260 0.8252 -0.3709
vn 0.4010 0.8614 -0.3118
vn 0.4133 0.8683 -0.2744
vn 0.9414 0.1899 -0.2787
vn 0.8155 0.5328 -0.2259
vn 0.6758 0.7157 -0.1765
vn 0.5518 0.8224 -0.1385
vn 0.4647 0.8774 -0.1194
vn 0.4248 0.8989 -0.1079
vn 0.3893 0.9173 -0.0843
vn 0.3740 0.9263 -0.0459
vn 0.7766 0.1513 0.6116
vn 0.7028 0.4651 0.5383
vn 0.6104 0.6612 0.4361
vn 0.5120 0.7923 0.3318
vn 0.4352 0.8663 0.2452
vn 0.4085 0.8908 0.1989
vn 0.3717 0.9127 0.1696
vn 0.3382 0.9293 0.1482
vn 0.5104 0.0776 0.8564
vn 0.4971 0.2946 0.8162
vn 0.4765 0.4745 0.7401
vn 0.4382 0.6449 0.6262
vn 0.3875 0.7724 0.5032
vn 0.3870 0.8053 0.4491
vn 0.3481 0.8582 0.3771
vn 0.3335 0.8854 0.3237
vn 0.7618 0.0349 0.6469
vn 0.7423 0.3023 0.5980
vn 0.6721 0.5154 0.5317
vn 0.5651 0.6898 0.4526
vn 0.4649 0.7956 0.3885
vn 0.4144 0.8319 0.3689
vn 0.3422 0.8757 0.3406
vn 0.3559 0.8588 0.3685
vn 0.7996 -0.0389 0.5992
vn 0.7582 0.3006 0.5786
vn 0.6428 0.5682 0.5138
vn 0.4984 0.7514 0.4323
vn 0.4038 0.8306 0.3836
vn 0.3469 0.8646 0.3635
vn 0.2943 0.8932 0.3399
vn 0.3609 0.8422 0.4006
vn 0.9993 0.0343 0.0119
vn 0.9762 0.2167 0.0035
vn 0.9252 0.3795 -0.0068
vn 0.8603 0.5094 -0.0181
vn 0.7919 0.6100 -0.0295
vn 0.7280 0.6844 -0.0399
vn 0.6706 0.7402 -0.0495
vn 0.6194 0.7829 -0.0575
vn 0.5709 0.8185 -0.0641
vn 0.5965 0.8012 -0.0475
vn 0.6756 0.7341 -0.0682
vn 0.7729 0.5277 -0.3523
vn 0.8986 0.2213 -0.3789
vn 0.9842 0.1448 -0.1018
vn 0.9734 0.2283 0.0204
vn 0.8558 0.4631 -0.2303
vn 0.6086 0.6871 -0.3968
vn 0.5146 0.8024 -0.3022
vn 0.4919 0.8699 -0.0369
vn 0.4608 0.8721 0.1646
vn 0.4525 0.8260 0.3360
vn 0.4571 0.7710 0.4435
vn 0.4567 0.7547 0.4710
vn 0.5229 0.7720 0.3613
vn 0.4939 0.8271 0.2683
vn 0.4872 0.8523 0.1903
vn 0.5699 0.8003 0.1866
vn 0.6469 0.7349 0.2033
vn 0.7399 0.6332 0.2274
vn 0.8504 0.4619 0.2517
vn 0.9323 0.2307 0.2784
vn 0.9372 -0.0725 0.3410
vn -0.3019 0.2465 -0.9209
vn -0.1369 0.7711 -0.6219
vn 0.1285 0.9861 0.1050
vn 0.0744 0.9972 -0.0081
vn -0.1209 0.6129 -0.7808
vn 0.1963 0.6294 -0.7519
vn 0.1364 0.4395 -0.8878
vn -0.1095 0.8667 -0.4867
vn 0.1936 0.2789 -0.9406
vn 0.2058 0.5499 -0.8095
vn 0.0043 0.9979 -0.0653
vn -0.0354 0.9812 0.1896
vn 0.0857 0.5863 -0.8055
vn -0.0949 0.8187 -0.5663
vn -0.2154 0.6017 -0.7692
vn -0.0430 0.8999 -0.4340
vn 0.1100 0.3171 -0.9420
vn 0.0867 0.5713 -0.8161
vn 0.0669 0.6486 -0.7582
vn -0.0281 0.9986 0.0442
vn -0.0124 0.9520 -0.3058
vn -0.0688 0.0048 -0.9976
vn -0.1425 0.3749 -0.9161
vn -0.0902 0.9315 -0.3525
vn -0.2722 0.1725 -0.9467
vn -0.2532 0.5478 -0.7974
vn -0.2746 0.6769 -0.6829
vn -0.2336 0.8931 -0.3845
vn -0.1147 0.9934 0.0073
vn -0.5340 0.6924 -0.4852
vn -0.4948 0.6080 -0.6209
vn -0.1940 0.8938 -0.4043
vn -0.6921 0.1133 -0.7129
vn -0.6197 0.4439 -0.6472
vn -0.4964 0.6541 -0.5708
vn -0.3079 0.8035 -0.5095
vn -0.0452 0.8929 -0.4480
vn 0.1618 0.8921 -0.4219
vn 0.2179 0.8445 -0.4893
vn 0.1969 0.8015 -0.5646
vn -0.4737 0.1062 -0.8743
vn -0.3157 0.5690 -0.7593
vn -0.0337 0.8718 -0.4887
vn 0.1929 0.9444 -0.2661
vn 0.3141 0.9293 -0.1941
vn 0.3417 0.8904 -0.3007
vn 0.2898 0.8029 -0.5209
vn 0.1990 0.7383 -0.6445
vn 0.4330 0.1223 -0.8930
vn 0.4685 0.5906 -0.6570
vn 0.4323 0.8278 -0.3576
vn 0.3769 0.8895 -0.2584
vn 0.2800 0.9002 -0.3336
vn 0.1400 0.8592 -0.4922
vn 0.0991 0.7578 -0.6449
vn 0.1059 0.7214 -0.6844
vn 0.7585 0.0727 -0.6476
vn 0.6632 0.4608 -0.5898
vn 0.4618 0.7185 -0.5201
vn 0.2676 0.8027 -0.5329
vn 0.2250 0.7342 -0.6406
vn 0.2233 0.6235 -0.7492
vn 0.0412 0.6642 -0.7464
vn -0.0668 0.7598 -0.6467
vn 0.5947 0.0269 -0.8035
vn 0.4952 0.2069 -0.8438
vn 0.2700 0.4221 -0.8654
vn 0.0018 0.5509 -0.8346
vn -0.1828 0.6044 -0.7754
vn -0.2538 0.6260 -0.7373
vn -0.2322 0.7258 -0.6475
vn -0.1541 0.8436 -0.5144
vn -0.4866 0.0506 -0.8721
vn -0.4790 0.1836 -0.8584
vn -0.4648 0.3092 -0.8297
vn -0.4362 0.4402 -0.7848
vn -0.3867 0.5638 -0.7298
vn -0.2989 0.6999 -0.6487
vn -0.1830 0.8210 -0.5407
vn -0.0645 0.9043 -0.4221
vn -0.5373 0.0634 -0.8410
vn -0.5104 0.2271 -0.8294
vn -0.4566 0.3865 -0.8013
vn -0.3741 0.5449 -0.7504
vn -0.2546 0.7044 -0.6626
vn -0.1212 0.8287 -0.5464
vn -0.0040 0.9035 -0.4286
vn 0.0854 0.9416 -0.3258
vn -0.3111 0.1086 -0.9441
vn -0.2579 0.3855 -0.8859
vn -0.1659 0.5967 -0.7852
vn -0.0670 0.7429 -0.6660
vn 0.0337 0.8424 -0.5377
vn 0.1211 0.9018 -0.4148
vn 0.1831 0.9290 -0.3215
vn 0.2260 0.9420 -0.2483
vn 0.3812 0.1666 -0.9093
vn 0.3595 0.5437 -0.7584
vn 0.3546 0.7251 -0.5904
vn 0.3484 0.8151 -0.4628
vn 0.3498 0.8617 -0.3676
vn 0.3509 0.8921 -0.2846
vn 0.3561 0.9063 -0.2276
vn 0.3572 0.9159 -0.1831
vn 0.9334 0.1112 -0.3412
vn 0.8513 0.4212 -0.3130
vn 0.7526 0.6033 -0.2637
vn 0.6675 0.7105 -0.2230
vn 0.6034 0.7741 -0.1915
vn 0.5502 0.8193 -0.1613
vn 0.5167 0.8449 -0.1382
vn 0.4884 0.8643 -0.1203
vn -0.9436 0.2660 -0.1970
vn -0.6294 0.7714 -0.0931
vn 0.0275 0.9967 0.0758
vn 0.0579 0.9977 -0.0356
vn -0.4501 0.7337 -0.5091
vn -0.3929 0.7553 -0.5245
vn -0.0211 0.9713 -0.2369
vn -0.1189 0.9507 -0.2863
vn -0.0991 0.9934 -0.0577
vn -0.0446 0.9864 -0.1579
vn -0.0157 0.9665 -0.2561
vn -0.0574 0.9711 -0.2317
vn -0.1717 0.9422 -0.2879
vn 0.1321 0.7785 -0.6135
vn 0.1255 0.7243 -0.6779
vn 0.1422 0.7297 -0.6689
vn -0.0654 0.8583 -0.5089
vn -0.0747 0.9104 -0.4068
vn 0.0318 0.9464 -0.3216
vn 0.1485 0.9569 -0.2496
vn 0.2597 0.9459 -0.1943
vn 0.3625 0.9203 -0.1473
vn 0.4652 0.8789 -0.1052
vn 0.5433 0.8362 -0.0743
vn 0.5808 0.8107 -0.0740
vn 0.6243 0.7778 -0.0733
vn 0.6761 0.7331 -0.0737
vn 0.7381 0.6707 -0.0737
vn 0.8106 0.5811 -0.0729
vn 0.8874 0.4554 -0.0725
vn 0.9570 0.2810 -0.0725
vn 0.9959 0.0595 -0.0677
vn -0.9660 0.2493 -0.0683
vn 0.1456 0.3623 -0.9206
vn 0.9672 0.1416 0.2109
vn -0.1148 0.2116 0.9706
vn -0.0540 -0.9951 -0.0823
vn 0.8398 0.4956 0.2217
vn 0.0539 0.9951 0.0833
vn -0.8143 0.5804 -0.0006
vn -0.0673 0.5949 0.8010
vn 0.1452 0.3339 -0.9313
vn -0.7982 0.6024 0.0047
vn 0.8465 0.4843 0.2211
vn 0.9661 0.1480 0.2113
vn -0.9654 0.2517 -0.0680
vn -0.9647 0.2546 -0.0676
vn 0.8538 0.4716 0.2204
vn -0.8059 0.5920 0.0022
vn 0.0539 0.9951 0.0834
vn 0.9666 0.1451 0.2111
vn -0.9898 0.0645 -0.1274
vn 0.1452 0.3340 -0.9313
vn 0.9841 -0.0649 0.1654
vn -0.1321 -0.0118 0.9912
vn 0.1321 0.0118 -0.9912
vn 0.6272 0.3024 -0.7178
vn 0.5509 0.4945 0.6723
vn -0.7949 0.0609 0.6037
vn -0.6948 0.0625 -0.7165
vn 0.2465 -0.9664 0.0734
vn -0.7756 0.4144 0.4761
vn -0.2472 0.9661 -0.0741
vn 0.4297 0.6113 -0.6645
vn -0.6541 0.4649 -0.5967
vn 0.5636 0.4682 0.6806
vn 0.4122 0.6314 -0.6568
vn -0.7777 0.4031 0.4824
vn -0.7956 0.0672 0.6021
vn 0.6262 0.3047 -0.7176
vn 0.6250 0.3075 -0.7175
vn -0.7799 0.3903 0.4892
vn 0.4205 0.6219 -0.6605
vn -0.7953 0.0643 0.6028
vn 0.7149 0.1304 -0.6870
vn -0.2472 0.9661 -0.0742
vn -0.7401 -0.1365 0.6585
vn -0.6658 -0.1603 -0.7287
vn 0.6658 0.1603 0.7287
vn 0.9225 0.3567 0.1478
vn -0.2288 0.2355 0.9446
vn -0.9678 0.0447 -0.2477
vn 0.1268 0.3322 -0.9346
vn 0.1776 -0.9839 -0.0216
vn -0.8865 0.4106 -0.2136
vn -0.1774 0.9839 0.0205
vn 0.7326 0.6722 0.1075
vn 0.0237 0.6852 -0.7280
vn -0.2252 0.2064 0.9522
vn 0.7140 0.6925 0.1038
vn -0.8917 0.3985 -0.2146
vn -0.9676 0.0512 -0.2474
vn 0.9216 0.3590 0.1477
vn 0.9205 0.3618 0.1476
vn -0.8973 0.3851 -0.2157
vn 0.7228 0.6829 0.1056
vn -0.9677 0.0482 -0.2476
vn 0.9672 0.1707 0.1880
vn 0.1268 0.3323 -0.9346
vn -0.2288 0.2355 0.9445
vn -0.9600 -0.1661 -0.2255
vn 0.1735 0.1164 -0.9779
vn -0.1734 -0.1164 0.9779
vn 0.5886 0.3322 -0.7370
vn 0.6284 0.4020 0.6660
vn -0.7424 0.0483 0.6682
vn -0.7416 0.1635 -0.6506
vn 0.1930 -0.9807 -0.0296
vn -0.7115 0.4104 0.5704
vn -0.1938 0.9806 0.0289
vn 0.4145 0.6450 -0.6420
vn -0.6680 0.5507 -0.5005
vn 0.6400 0.3744 0.6709
vn 0.3989 0.6653 -0.6311
vn -0.1938 0.9806 0.0288
vn -0.7139 0.3986 0.5758
vn -0.7427 0.0548 0.6673
vn 0.5877 0.3345 -0.7366
vn 0.5867 0.3373 -0.7362
vn -0.7163 0.3855 0.5817
vn 0.4063 0.6557 -0.6363
vn -0.7426 0.0518 0.6678
vn 0.6679 0.1537 -0.7282
vn -0.1939 0.9806 0.0289
vn 0.6401 0.3744 0.6709
vn -0.6955 -0.1559 0.7015
vn -0.7269 -0.0585 -0.6842
vn 0.7269 0.0585 0.6842
vn 0.0265 0.3804 -0.9244
vn 0.9553 0.2682 0.1242
vn -0.1354 0.0157 0.9907
vn -0.9547 0.2974 -0.0104
vn -0.0055 -0.9803 -0.1977
vn -0.1245 0.3842 0.9148
vn 0.0044 0.9803 0.1976
vn -0.0031 0.6902 -0.7236
vn -0.7507 0.6562 0.0768
vn 0.9636 0.2394 0.1191
vn -0.0054 0.7100 -0.7042
vn -0.1245 0.3720 0.9198
vn -0.1353 0.0222 0.9905
vn 0.0265 0.3827 -0.9235
vn 0.0264 0.3855 -0.9223
vn -0.1244 0.3584 0.9252
vn -0.0043 0.7007 -0.7134
vn -0.1353 0.0193 0.9906
vn 0.0682 0.1971 -0.9780
vn 0.9636 0.2394 0.1190
vn -0.1064 -0.1938 0.9752
vn -0.9951 0.0810 -0.0569
vn 0.9951 -0.0810 0.0569
vn -0.2384 0.2423 0.9405
vn -0.9513 0.1536 -0.2674
vn 0.2940 0.1701 -0.9406
vn 0.8819 0.4171 0.2196
vn 0.1245 -0.9887 0.0839
vn 0.2137 0.5198 -0.8271
vn -0.1234 0.9888 -0.0836
vn -0.2242 0.5780 0.7846
vn 0.6421 0.7542 0.1371
vn -0.9557 0.1236 -0.2671
vn -0.2218 0.6004 0.7683
vn 0.2163 0.5086 -0.8334
vn 0.2929 0.1765 -0.9397
vn -0.2385 0.2447 0.9398
vn -0.2387 0.2476 0.9390
vn 0.2193 0.4960 -0.8402
vn -0.2229 0.5899 0.7761
vn 0.2934 0.1736 -0.9401
vn -0.2594 0.0494 0.9645
vn 0.6421 0.7542 0.1372
vn 0.2957 -0.0416 -0.9544
vn 0.9471 0.2036 0.2482
vn -0.9471 -0.2037 -0.2482
vn -0.9442 0.0468 0.3261
vn -0.3224 0.2051 -0.9241
vn 0.9043 0.3570 -0.2340
vn 0.2270 0.3635 0.9035
vn 0.1666 -0.9852 0.0399
vn 0.7080 0.6766 -0.2025
vn -0.1663 0.9853 -0.0389
vn -0.8653 0.4071 0.2923
vn 0.1074 0.7104 0.6955
vn -0.3199 0.1757 -0.9310
vn -0.8544 0.4323 0.2882
vn 0.7165 0.6668 -0.2049
vn 0.9020 0.3631 -0.2337
vn -0.9441 0.0493 0.3260
vn -0.9440 0.0523 0.3257
vn 0.7258 0.6559 -0.2074
vn -0.8596 0.4204 0.2902
vn 0.9030 0.3603 -0.2338
vn -0.9426 -0.1469 0.3000
vn -0.1662 0.9853 -0.0389
vn 0.1666 -0.9852 0.0400
vn -0.3223 0.2051 -0.9241
vn 0.9526 0.1526 -0.2632
vn 0.2751 0.1486 0.9499
vn -0.2751 -0.1486 -0.9499
vn -0.1133 0.2675 0.9569
vn -0.9758 0.1612 -0.1475
vn 0.1731 0.1439 -0.9743
vn 0.9075 0.4092 0.0948
vn 0.1228 -0.9882 0.0919
vn 0.1120 0.4973 -0.8603
vn -0.1218 0.9883 -0.0918
vn -0.1153 0.5993 0.7922
vn 0.6630 0.7478 0.0353
vn -0.9805 0.1312 -0.1459
vn -0.1147 0.6213 0.7752
vn 0.1138 0.4859 -0.8666
vn 0.1723 0.1503 -0.9735
vn -0.1135 0.2699 0.9562
vn -0.1137 0.2728 0.9553
vn 0.1157 0.4731 -0.8734
vn -0.1150 0.6109 0.7833
vn 0.1727 0.1474 -0.9739
vn -0.1333 0.0756 0.9882
vn -0.1217 0.9883 -0.0918
vn -0.9806 0.1313 -0.1459
vn 0.1707 -0.0680 -0.9830
vn 0.9733 0.1955 0.1202
vn -0.9733 -0.1955 -0.1202
vn 0.9118 0.2018 -0.3576
vn 0.3453 0.1449 0.9272
vn -0.9270 0.2112 0.3100
vn -0.3195 0.4258 -0.8466
vn -0.0463 -0.9885 -0.1439
vn -0.7734 0.5548 0.3067
vn 0.0460 0.9887 0.1429
vn 0.7913 0.5435 -0.2801
vn -0.2321 0.7610 -0.6059
vn 0.3469 0.1148 0.9308
vn 0.7776 0.5665 -0.2727
vn -0.7805 0.5439 0.3083
vn -0.9254 0.2176 0.3103
vn 0.9114 0.2043 -0.3571
vn 0.9110 0.2072 -0.3566
vn -0.7882 0.5316 0.3100
vn 0.7842 0.5556 -0.2763
vn 0.0459 0.9887 0.1429
vn -0.9261 0.2147 0.3102
vn 0.9354 0.0078 -0.3534
vn -0.9481 0.0003 0.3180
vn -0.3434 0.2127 -0.9148
vn 0.3434 -0.2127 0.9148
vn 0.1545 0.3698 -0.9162
vn 0.9385 0.2448 0.2434
vn -0.2602 0.0297 0.9651
vn -0.9372 0.3218 -0.1344
vn -0.0066 -0.9818 -0.1897
vn -0.2298 0.3969 0.8886
vn 0.0056 0.9819 0.1895
vn 0.1078 0.6824 -0.7230
vn -0.7364 0.6761 -0.0245
vn 0.9466 0.2158 0.2395
vn 0.1036 0.7024 -0.7042
vn -0.2307 0.3848 0.8937
vn -0.2599 0.0362 0.9649
vn 0.1544 0.3721 -0.9153
vn 0.1542 0.3749 -0.9141
vn -0.2317 0.3713 0.8992
vn 0.1056 0.6930 -0.7132
vn -0.2601 0.0332 0.9650
vn 0.1977 0.1849 -0.9627
vn -0.2352 -0.1807 0.9550
vn -0.9772 0.1060 -0.1842
vn 0.9772 -0.1060 0.1842
vn -0.6144 0.0412 0.7879
vn -0.7620 0.2622 -0.5921
vn 0.6481 0.3571 -0.6726
vn 0.6951 0.3080 0.6496
vn 0.1193 -0.9881 -0.0968
vn 0.5139 0.6771 -0.5267
vn -0.1185 0.9882 0.0974
vn -0.5511 0.4018 0.7313
vn 0.4970 0.6679 0.5540
vn -0.7650 0.2331 -0.6004
vn -0.5431 0.4271 0.7230
vn 0.5194 0.6674 -0.5337
vn 0.1193 -0.9881 -0.0967
vn 0.6466 0.3632 -0.6708
vn -0.6144 0.0438 0.7878
vn -0.6143 0.0468 0.7877
vn 0.5254 0.6564 -0.5414
vn -0.5469 0.4151 0.7270
vn -0.1185 0.9882 0.0975
vn 0.6473 0.3604 -0.6716
vn -0.6356 -0.1507 0.7572
vn 0.6641 0.1540 -0.7316
vn 0.7514 0.0901 0.6536
vn -0.7514 -0.0901 -0.6536
vn -0.5833 0.1735 0.7936
vn -0.7088 0.3870 -0.5898
vn 0.6927 0.2140 -0.6887
vn 0.7507 0.1867 0.6337
vn -0.0693 -0.9949 -0.0732
vn 0.6231 0.5567 -0.5494
vn 0.0701 0.9948 0.0739
vn -0.4544 0.5144 0.7272
vn 0.6220 0.5752 0.5313
vn -0.7173 0.3588 -0.5973
vn -0.4420 0.5375 0.7182
vn 0.6266 0.5459 -0.5562
vn 0.6924 0.2203 -0.6871
vn -0.5827 0.1759 0.7934
vn -0.5821 0.1789 0.7932
vn 0.6303 0.5339 -0.5636
vn -0.4479 0.5266 0.7225
vn 0.6925 0.2174 -0.6878
vn -0.6404 -0.0117 0.7679
vn 0.6695 0.0102 -0.7428
vn 0.7653 -0.0376 0.6425
vn -0.7653 0.0376 -0.6425
vn -0.8650 0.1871 0.4655
vn -0.3950 0.3520 -0.8485
vn 0.9178 0.2059 -0.3395
vn 0.4113 0.2236 0.8836
vn -0.0264 -0.9980 -0.0568
vn 0.7940 0.5514 -0.2561
vn 0.0269 0.9980 0.0578
vn -0.7221 0.5283 0.4466
vn 0.3359 0.6056 0.7214
vn -0.3994 0.3235 -0.8578
vn -0.7071 0.5514 0.4427
vn 0.8000 0.5405 -0.2603
vn 0.9167 0.2123 -0.3384
vn -0.8645 0.1896 0.4655
vn -0.8639 0.1925 0.4655
vn 0.8066 0.5283 -0.2651
vn -0.7143 0.5405 0.4446
vn 0.9172 0.2094 -0.3389
vn -0.9050 -0.0000 0.4254
vn -0.3993 0.3235 -0.8578
vn 0.3358 0.6056 0.7214
vn 0.4114 0.2236 0.8836
vn 0.9207 -0.0000 -0.3903
vn 0.4220 -0.0000 0.9066
vn -0.4220 -0.0000 -0.9066
vn -0.7799 0.1871 -0.5973
vn 0.6112 0.3520 -0.7089
vn 0.6867 0.2059 0.6972
vn -0.6365 0.2236 0.7382
vn 0.0409 -0.9980 -0.0474
vn 0.5598 0.5514 0.6186
vn -0.0416 0.9980 0.0483
vn -0.7039 0.5283 -0.4747
vn -0.5197 0.6056 0.6027
vn 0.6179 0.3234 -0.7166
vn -0.6942 0.5514 -0.4627
vn 0.5661 0.5405 0.6224
vn 0.6853 0.2123 0.6967
vn -0.7797 0.1896 -0.5968
vn -0.7794 0.1925 -0.5962
vn 0.5731 0.5283 0.6264
vn -0.6989 0.5405 -0.4684
vn -0.0416 0.9980 0.0482
vn 0.6859 0.2094 0.6969
vn -0.7598 -0.0000 -0.6502
vn 0.6112 0.3520 -0.7088
vn 0.7342 -0.0000 0.6789
vn -0.6530 -0.0000 0.7573
vn 0.6530 -0.0000 -0.7573
vn 0.3739 0.1642 0.9128
vn -0.9169 0.1783 0.3572
vn -0.3078 0.2466 -0.9189
vn 0.8623 0.3947 -0.3174
vn 0.0988 -0.9926 -0.0704
vn -0.2877 0.5860 -0.7575
vn -0.0977 0.9927 0.0700
vn 0.3109 0.5117 0.8010
vn 0.6377 0.7382 -0.2201
vn -0.9218 0.1484 0.3581
vn 0.3044 0.5353 0.7879
vn -0.0978 0.9927 0.0700
vn -0.2898 0.5753 -0.7649
vn -0.3078 0.2529 -0.9172
vn 0.3735 0.1667 0.9125
vn 0.3730 0.1696 0.9122
vn -0.2921 0.5633 -0.7729
vn 0.3075 0.5241 0.7942
vn -0.3078 0.2500 -0.9180
vn 0.3611 -0.0299 0.9321
vn -0.3254 0.0368 -0.9448
vn 0.9206 0.1793 -0.3469
vn -0.9206 -0.1793 0.3469
vn -0.9184 0.1871 0.3485
vn -0.2808 0.3520 -0.8929
vn 0.9543 0.2059 -0.2166
vn 0.2924 0.2236 0.9298
vn -0.0188 -0.9980 -0.0598
vn 0.8206 0.5514 -0.1501
vn 0.0191 0.9980 0.0608
vn -0.7742 0.5283 0.3484
vn 0.2387 0.6056 0.7591
vn -0.2838 0.3234 -0.9027
vn -0.7589 0.5514 0.3465
vn 0.8272 0.5405 -0.1536
vn 0.9531 0.2123 -0.2157
vn -0.9179 0.1896 0.3486
vn -0.9173 0.1925 0.3486
vn 0.8343 0.5283 -0.1574
vn -0.7662 0.5405 0.3475
vn 0.9537 0.2094 -0.2161
vn -0.9528 -0.0000 0.3035
vn -0.2838 0.3235 -0.9027
vn 0.9638 -0.0000 -0.2667
vn 0.3000 -0.0000 0.9540
vn -0.3000 -0.0000 -0.9540
vn 0.9463 0.2517 0.2029
vn -0.2659 0.3151 0.9111
vn -0.9343 0.1457 -0.3254
vn 0.2345 0.2604 -0.9366
vn 0.0557 -0.9976 0.0400
vn -0.8110 0.5006 -0.3026
vn -0.0555 0.9976 -0.0411
vn 0.8002 0.5848 0.1326
vn 0.1610 0.6345 -0.7560
vn -0.2665 0.2862 0.9204
vn 0.7846 0.6070 0.1265
vn -0.0554 0.9976 -0.0410
vn -0.8176 0.4893 -0.3034
vn -0.9333 0.1522 -0.3254
vn 0.9457 0.2542 0.2027
vn 0.9450 0.2571 0.2023
vn -0.8248 0.4766 -0.3043
vn 0.7921 0.5965 0.1294
vn -0.0555 0.9976 -0.0410
vn -0.9337 0.1493 -0.3254
vn 0.9647 0.0644 0.2555
vn -0.0554 0.9976 -0.0411
vn -0.2660 0.3151 0.9110
vn -0.2659 0.3151 0.9110
vn -0.9542 -0.0628 -0.2925
vn 0.2571 0.0384 -0.9656
vn -0.2571 -0.0384 0.9656
vn 0.9424 0.2899 0.1672
vn -0.2206 0.2110 0.9523
vn -0.9609 0.1173 -0.2507
vn 0.1553 0.3613 -0.9194
vn 0.1139 -0.9916 -0.0612
vn -0.8564 0.4755 -0.2010
vn -0.1137 0.9917 0.0602
vn 0.7735 0.6184 0.1390
vn 0.0735 0.7114 -0.6989
vn -0.2189 0.1814 0.9587
vn 0.7563 0.6400 0.1360
vn -0.8624 0.4639 -0.2026
vn -0.9603 0.1238 -0.2501
vn 0.9416 0.2923 0.1672
vn 0.9407 0.2951 0.1672
vn -0.8689 0.4509 -0.2043
vn 0.7645 0.6298 0.1374
vn -0.9606 0.1209 -0.2504
vn 0.9747 0.0999 0.1999
vn -0.9669 -0.0942 -0.2372
vn 0.1883 0.1448 -0.9714
vn -0.1883 -0.1448 0.9714
vn 0.8465 0.4842 0.2211
vn 0.8538 0.4716 0.2205
vn 0.0538 0.9951 0.0833
vn -0.4269 -0.6155 0.6625
vn -0.7972 -0.0897 -0.5970
vn 0.4235 0.6217 -0.6589
vn 0.7972 0.0897 0.5970
vn 0.0693 -0.9971 0.0307
vn -0.3918 0.8297 0.3977
vn 0.7362 0.0377 0.6757
vn 0.7538 0.0376 0.6560
vn 0.7742 0.0564 0.6304
vn 0.7891 0.0762 0.6095
vn 0.6791 0.0168 -0.7338
vn 0.6670 -0.0053 -0.7450
vn 0.6053 0.2589 -0.7527
vn 0.4622 0.5804 -0.6705
vn -0.7368 -0.0379 -0.6750
vn -0.7544 -0.0383 -0.6553
vn -0.7744 -0.0566 -0.6302
vn -0.7891 -0.0763 -0.6096
vn -0.6733 -0.0354 0.7385
vn -0.6607 0.0059 0.7507
vn -0.5986 -0.2707 0.7539
vn -0.4793 -0.5453 0.6877
vn 0.6346 0.4405 0.6350
vn 0.4744 0.5459 -0.6906
vn -0.8723 0.3883 -0.2973
vn -0.6476 0.1615 0.7447
vn -0.4243 0.8323 0.3567
vn 0.0610 0.8231 0.5646
vn -0.2895 0.9254 0.2446
vn -0.0681 0.9936 -0.0902
vn -0.5354 0.7980 0.2768
vn -0.6827 0.7269 0.0740
vn -0.3084 0.9140 0.2636
vn -0.5974 0.4475 0.6655
vn 0.7822 -0.6116 0.1190
vn -0.3967 -0.3416 0.8520
vn -0.7784 0.6172 -0.1149
vn 0.3967 0.3416 -0.8520
vn 0.0839 -0.9435 -0.3206
vn 0.4161 0.7601 0.4992
vn 0.4904 0.2871 -0.8229
vn 0.4674 0.2886 -0.8356
vn 0.4366 0.3083 -0.8452
vn 0.4117 0.3283 -0.8502
vn -0.8660 0.0824 -0.4932
vn -0.8726 0.0569 -0.4850
vn -0.8848 0.2970 -0.3591
vn -0.7953 0.5848 -0.1597
vn -0.4896 -0.2873 0.8232
vn -0.4665 -0.2893 0.8358
vn -0.4364 -0.3084 0.8452
vn -0.4117 -0.3283 0.8501
vn 0.8706 -0.0984 0.4821
vn 0.8767 -0.0541 0.4781
vn 0.8853 -0.3067 0.3496
vn 0.8134 -0.5527 0.1811
vn 0.4455 0.6479 -0.6179
vn -0.8152 0.5518 -0.1758
vn -0.1219 0.1393 0.9827
vn 0.8571 0.0984 0.5057
vn 0.3834 0.7502 0.5387
vn 0.4780 0.8776 0.0352
vn 0.2378 0.8573 0.4566
vn -0.1418 0.9331 0.3305
vn 0.3327 0.6819 0.6514
vn 0.1734 0.5549 0.8136
vn 0.2613 0.8443 0.4679
vn 0.7490 0.3765 0.5453
vn 0.4012 -0.5068 -0.7630
vn 0.9159 0.2089 0.3428
vn -0.4011 0.5134 0.7587
vn -0.9159 -0.2089 -0.3428
vn 0.2456 -0.9692 -0.0193
vn -0.0173 0.8743 -0.4850
vn -0.8656 -0.2459 -0.4362
vn -0.8761 -0.2497 -0.4123
vn -0.8936 -0.2361 -0.3818
vn -0.9076 -0.2202 -0.3573
vn -0.4203 -0.1325 0.8977
vn -0.3992 -0.1488 0.9047
vn -0.4251 0.1213 0.8970
vn -0.4199 0.4633 0.7804
vn 0.8660 0.2458 0.4354
vn 0.8767 0.2492 0.4115
vn 0.8937 0.2360 0.3815
vn 0.9077 0.2201 0.3574
vn 0.4196 0.1127 -0.9007
vn 0.3917 0.1470 -0.9083
vn 0.4224 -0.1346 -0.8964
vn 0.4195 -0.4262 -0.8015
vn -0.8902 0.1706 -0.4224
vn -0.4145 0.4285 0.8029
vn 0.7498 0.6605 0.0389
vn 0.3320 0.2910 -0.8973
vn 0.0226 0.8902 -0.4550
vn -0.4719 0.7154 -0.5153
vn -0.0985 0.9462 -0.3081
vn -0.2293 0.9703 0.0767
vn 0.1563 0.8983 -0.4106
vn 0.3682 0.8929 -0.2592
vn -0.0830 0.9397 -0.3318
vn 0.2173 0.5532 -0.8042
vn 0.8681 -0.4957 -0.0241
vn 0.1503 0.2163 0.9647
vn -0.8644 0.5024 0.0220
vn -0.1503 -0.2163 -0.9647
vn 0.1504 -0.9662 0.2096
vn 0.4022 0.8782 -0.2589
vn -0.0438 -0.2518 -0.9668
vn -0.0697 -0.2561 -0.9641
vn -0.1050 -0.2429 -0.9643
vn -0.1334 -0.2273 -0.9646
vn -0.9864 -0.1448 0.0774
vn -0.9820 -0.1609 0.0993
vn -0.9915 0.1089 0.0715
vn -0.8919 0.4519 0.0166
vn 0.0446 0.2518 0.9667
vn 0.0707 0.2555 0.9642
vn 0.1053 0.2428 0.9643
vn 0.1334 0.2273 0.9646
vn 0.9890 0.1250 -0.0794
vn 0.9814 0.1591 -0.1076
vn 0.9898 -0.1222 -0.0734
vn 0.9096 -0.4147 -0.0275
vn -0.0733 0.1641 -0.9837
vn -0.9083 0.4170 0.0326
vn 0.3270 0.6685 0.6679
vn 0.9405 0.3023 -0.1549
vn 0.3956 0.8942 -0.2096
vn 0.2067 0.7144 -0.6686
vn 0.2073 0.9476 -0.2429
vn -0.1922 0.9670 -0.1671
vn 0.4226 0.9035 -0.0714
vn 0.3955 0.8991 0.1877
vn 0.2357 0.9415 -0.2410
vn 0.7997 0.5624 -0.2103
vn 0.8681 -0.4958 -0.0241
vn -0.9915 0.1089 0.0714
vn -0.9083 0.4170 0.0325
vn 0.8681 -0.4957 -0.0240
vn 0.1503 0.2162 0.9647
vn -0.0438 -0.2519 -0.9668
vn 0.0447 0.2518 0.9667
vn 0.2358 0.9415 -0.2410
vn 0.8852 -0.4560 -0.0927
vn 0.0573 -0.0909 0.9942
vn -0.8815 0.4630 0.0931
vn -0.0573 0.0909 -0.9942
vn 0.1682 -0.9822 -0.0835
vn 0.3896 0.9189 0.0621
vn 0.0502 0.0587 -0.9970
vn 0.0243 0.0536 -0.9983
vn -0.0113 0.0658 -0.9978
vn -0.0402 0.0805 -0.9959
vn -0.9832 -0.1708 -0.0644
vn -0.9800 -0.1929 -0.0482
vn -0.9974 0.0722 0.0073
vn -0.9065 0.4163 0.0699
vn -0.0493 -0.0587 0.9971
vn -0.0234 -0.0541 0.9983
vn 0.0116 -0.0660 0.9978
vn 0.0401 -0.0806 0.9959
vn 0.9867 0.1526 0.0567
vn 0.9803 0.1937 0.0397
vn 0.9963 -0.0843 -0.0134
vn 0.9236 -0.3774 -0.0672
vn 0.0065 0.4592 -0.8883
vn -0.9229 0.3781 0.0728
vn 0.2419 0.4325 0.8685
vn 0.9383 0.3441 0.0349
vn 0.3780 0.9189 0.1132
vn 0.2368 0.8878 -0.3946
vn 0.1915 0.9782 0.0802
vn -0.2135 0.9695 0.1201
vn 0.3926 0.8852 0.2494
vn 0.3431 0.8008 0.4909
vn 0.2198 0.9720 0.0828
vn 0.7930 0.6073 0.0489
vn 0.8993 -0.4212 -0.1172
vn 0.0515 -0.1643 0.9851
vn -0.8959 0.4283 0.1183
vn -0.0515 0.1643 -0.9851
vn 0.1986 -0.9676 -0.1556
vn 0.3610 0.9227 0.1356
vn 0.0569 0.1355 -0.9891
vn 0.0312 0.1299 -0.9910
vn -0.0048 0.1409 -0.9900
vn -0.0340 0.1546 -0.9874
vn -0.9770 -0.1944 -0.0878
vn -0.9733 -0.2176 -0.0732
vn -0.9991 0.0419 0.0019
vn -0.9193 0.3828 0.0913
vn -0.0561 -0.1355 0.9892
vn -0.0303 -0.1303 0.9910
vn 0.0051 -0.1410 0.9900
vn 0.0340 -0.1546 0.9874
vn 0.9810 0.1770 0.0787
vn 0.9736 0.2190 0.0648
vn 0.9985 -0.0535 -0.0089
vn 0.9352 -0.3437 -0.0855
vn 0.0002 0.5253 -0.8509
vn -0.9345 0.3440 0.0911
vn 0.2213 0.3724 0.9013
vn 0.9271 0.3681 0.0710
vn 0.3490 0.9184 0.1863
vn 0.2131 0.9218 -0.3238
vn 0.1610 0.9746 0.1559
vn -0.2439 0.9509 0.1906
vn 0.3634 0.8750 0.3198
vn 0.3145 0.7711 0.5536
vn 0.1896 0.9690 0.1583
vn 0.7738 0.6250 0.1032
vn 0.8993 -0.4212 -0.1173
vn -0.8959 0.4283 0.1182
vn 0.0570 0.1355 -0.9891
vn 0.0312 0.1298 -0.9910
vn -0.0340 0.1545 -0.9874
vn 0.9811 0.1770 0.0788
vn 0.9736 0.2190 0.0649
vn 0.9985 -0.0535 -0.0090
vn 0.1895 0.9690 0.1583
vn 0.1986 -0.9676 -0.1557
vn 0.0313 0.1298 -0.9910
vn 0.9985 -0.0536 -0.0089
vn -0.9346 0.3440 0.0911
vn 0.7737 0.6250 0.1032
vn 0.7363 0.0378 0.6757
vn 0.6054 0.2589 -0.7527
vn -0.6733 -0.0354 0.7386
vn 0.0693 -0.9971 0.0306
vn 0.7362 0.0378 0.6757
vn 0.7742 0.0563 0.6304
vn -0.7368 -0.0380 -0.6750
vn -0.7891 -0.0763 -0.6095
vn -0.6476 0.1616 0.7447
vn -0.5354 0.7980 0.2767
vn 0.7664 -0.6155 0.1839
vn -0.2998 -0.0897 0.9498
vn -0.7619 0.6217 -0.1818
vn 0.2998 0.0897 -0.9498
vn 0.0060 -0.9971 -0.0755
vn 0.5049 0.8297 0.2383
vn 0.3942 0.0378 -0.9182
vn 0.3699 0.0376 -0.9283
vn 0.3390 0.0564 -0.9391
vn 0.3144 0.0762 -0.9462
vn -0.9171 0.0168 -0.3983
vn -0.9237 -0.0053 -0.3832
vn -0.9105 0.2589 -0.3224
vn -0.7856 0.5804 -0.2146
vn -0.3935 -0.0379 0.9186
vn -0.3691 -0.0383 0.9286
vn -0.3387 -0.0566 0.9392
vn -0.3144 -0.0763 0.9462
vn 0.9196 -0.0354 0.3912
vn 0.9269 0.0059 0.3753
vn 0.9094 -0.2706 0.3157
vn 0.8075 -0.5453 0.2250
vn 0.3895 0.4405 -0.8088
vn -0.8086 0.5459 -0.2194
vn 0.0078 0.3883 0.9215
vn 0.9169 0.1616 0.3650
vn 0.4769 0.8323 0.2825
vn 0.5127 0.8231 -0.2442
vn 0.3265 0.9254 0.1923
vn -0.0626 0.9936 0.0941
vn 0.4382 0.7980 0.4137
vn 0.2956 0.7269 0.6198
vn 0.3507 0.9140 0.2039
vn 0.8256 0.4475 0.3438
vn 0.7664 -0.6155 0.1838
vn 0.5048 0.8297 0.2383
vn 0.3943 0.0377 -0.9182
vn 0.3699 0.0377 -0.9283
vn -0.9105 0.2589 -0.3225
vn -0.7856 0.5804 -0.2145
vn 0.9269 0.0060 0.3753
vn 0.9094 -0.2707 0.3157
vn 0.8075 -0.5453 0.2249
vn 0.9169 0.1615 0.3650
vn 0.5126 0.8231 -0.2442
vn 0.4382 0.7980 0.4138
vn 0.3508 0.9140 0.2039
vn 0.6244 -0.4057 -0.6675
vn 0.5668 -0.3528 0.7445
vn -0.6201 0.4124 0.6674
vn -0.5668 0.3528 -0.7445
vn -0.0418 -0.9224 -0.3840
vn 0.4863 0.8727 0.0442
vn -0.4831 0.3236 -0.8135
vn -0.5061 0.3188 -0.8014
vn -0.5338 0.3301 -0.7785
vn -0.5549 0.3435 -0.7577
vn -0.8777 -0.1572 0.4528
vn -0.8694 -0.1828 0.4590
vn -0.8172 0.0577 0.5735
vn -0.6599 0.3734 0.6520
vn 0.4839 -0.3236 0.8131
vn 0.5068 -0.3193 0.8007
vn 0.5341 -0.3302 0.7783
vn 0.5548 -0.3435 0.7577
vn 0.8739 0.1418 -0.4650
vn 0.8652 0.1858 -0.4658
vn 0.8113 -0.0677 -0.5806
vn 0.6810 -0.3365 -0.6504
vn -0.4054 0.6801 -0.6108
vn -0.6774 0.3356 0.6546
vn 0.7266 0.1870 0.6612
vn 0.8487 0.3316 -0.4120
vn 0.5040 0.8589 0.0914
vn 0.1104 0.9633 -0.2446
vn 0.3392 0.9230 0.1817
vn 0.0217 0.8999 0.4355
vn 0.5842 0.7902 0.1850
vn 0.6604 0.6438 0.3866
vn 0.3633 0.9166 0.1666
vn 0.7719 0.5800 -0.2605
vn 0.8033 -0.4973 -0.3279
vn 0.1616 -0.3481 0.9234
vn -0.7987 0.5035 0.3295
vn -0.1616 0.3481 -0.9234
vn 0.0315 -0.9391 -0.3423
vn 0.5074 0.8317 0.2254
vn -0.0600 0.3078 -0.9496
vn -0.0863 0.3057 -0.9482
vn -0.1198 0.3206 -0.9396
vn -0.1462 0.3369 -0.9301
vn -0.9976 -0.0562 0.0398
vn -0.9954 -0.0819 0.0495
vn -0.9724 0.1605 0.1694
vn -0.8320 0.4670 0.2996
vn 0.0609 -0.3079 0.9495
vn 0.0872 -0.3063 0.9479
vn 0.1201 -0.3207 0.9395
vn 0.1461 -0.3370 0.9301
vn 0.9978 0.0404 -0.0521
vn 0.9947 0.0848 -0.0575
vn 0.9691 -0.1704 -0.1781
vn 0.8541 -0.4318 -0.2900
vn -0.0396 0.6693 -0.7420
vn -0.8526 0.4309 0.2954
vn 0.3949 0.1705 0.9027
vn 0.9719 0.2347 -0.0196
vn 0.5020 0.8196 0.2760
vn 0.2994 0.9333 -0.1981
vn 0.3219 0.9026 0.2859
vn -0.0735 0.9217 0.3809
vn 0.5280 0.7510 0.3965
vn 0.4970 0.6124 0.6148
vn 0.3494 0.8933 0.2827
vn 0.8637 0.4978 0.0786
vn -0.7859 -0.6105 0.0984
vn -0.1105 -0.0181 -0.9937
vn 0.7810 0.6167 -0.0980
vn 0.1105 0.0181 0.9937
vn 0.0078 -1.0000 0.0013
vn -0.5437 0.8381 0.0446
vn 0.0104 -0.0327 0.9994
vn 0.0368 -0.0332 0.9988
vn 0.0698 -0.0149 0.9975
vn 0.0955 0.0047 0.9954
vn 1.0000 -0.0000 -0.0056
vn 0.9995 -0.0208 -0.0236
vn 0.9675 0.2468 -0.0552
vn 0.8152 0.5735 -0.0806
vn -0.0113 0.0325 -0.9994
vn -0.0377 0.0325 -0.9988
vn -0.0700 0.0147 -0.9974
vn -0.0954 -0.0048 -0.9954
vn -0.9997 -0.0191 0.0118
vn -0.9993 0.0209 0.0321
vn -0.9640 -0.2590 0.0601
vn -0.8388 -0.5381 0.0824
vn -0.0224 0.3769 0.9260
vn 0.8377 0.5391 -0.0879
vn -0.3723 0.4528 -0.8102
vn -0.9833 0.1755 0.0485
vn -0.5360 0.8442 -0.0067
vn -0.3563 0.7971 0.4875
vn -0.3604 0.9325 0.0213
vn 0.0364 0.9985 -0.0413
vn -0.5541 0.8198 -0.1445
vn -0.5080 0.7654 -0.3951
vn -0.3874 0.9217 0.0197
vn -0.8863 0.4604 0.0510
vn 0.4725 -0.4574 -0.7534
vn 0.8684 0.0954 0.4867
vn -0.4713 0.4644 0.7499
vn -0.8684 -0.0954 -0.4867
vn 0.1793 -0.9792 -0.0955
vn 0.1130 0.9179 -0.3803
vn -0.8077 -0.1266 -0.5758
vn -0.8218 -0.1320 -0.5542
vn -0.8426 -0.1202 -0.5250
vn -0.8589 -0.1058 -0.5011
vn -0.5544 -0.1885 0.8106
vn -0.5357 -0.2071 0.8186
vn -0.5418 0.0635 0.8381
vn -0.4964 0.4140 0.7630
vn 0.8082 0.1266 0.5751
vn 0.8224 0.1315 0.5534
vn 0.8427 0.1201 0.5248
vn 0.8589 0.1057 0.5011
vn 0.5528 0.1693 -0.8160
vn 0.5287 0.2064 -0.8234
vn 0.5381 -0.0765 -0.8394
vn 0.5016 -0.3751 -0.7795
vn -0.8056 0.2868 -0.5183
vn -0.4967 0.3768 0.7819
vn 0.7794 0.5881 0.2162
vn 0.4779 0.3530 -0.8044
vn 0.1490 0.9272 -0.3435
vn -0.3422 0.8014 -0.4905
vn 0.0119 0.9778 -0.2092
vn -0.1714 0.9731 0.1542
vn 0.2751 0.9196 -0.2805
vn 0.4619 0.8809 -0.1032
vn 0.0303 0.9724 -0.2312
vn 0.3691 0.6129 -0.6987
vn 0.7810 0.6168 -0.0980
vn 0.9995 -0.0209 -0.0236
vn -0.5541 0.8198 -0.1446
vn -0.4016 -0.5459 0.7353
vn -0.7662 -0.2396 -0.5963
vn 0.3976 0.5523 -0.7327
vn 0.7662 0.2396 0.5963
vn 0.1448 -0.9732 0.1785
vn -0.4685 0.8438 0.2619
vn 0.7066 0.1948 0.6803
vn 0.7248 0.1933 0.6612
vn 0.7446 0.2098 0.6337
vn 0.7586 0.2275 0.6105
vn 0.7016 -0.0342 -0.7118
vn 0.6916 -0.0586 -0.7199
vn 0.6101 0.1958 -0.7678
vn 0.4398 0.5130 -0.7372
vn -0.7072 -0.1950 -0.6796
vn -0.7253 -0.1940 -0.6605
vn -0.7448 -0.2099 -0.6334
vn -0.7586 -0.2276 -0.6105
vn -0.6945 0.0171 0.7193
vn -0.6855 0.0606 0.7255
vn -0.6025 -0.2066 0.7709
vn -0.4601 -0.4774 0.7487
vn 0.5757 0.5779 0.5785
vn 0.4553 0.4771 -0.7517
vn -0.8884 0.2689 -0.3720
vn -0.6842 0.2143 0.6971
vn -0.4996 0.8378 0.2202
vn -0.0228 0.8983 0.4387
vn -0.3685 0.9244 0.0989
vn -0.1412 0.9612 -0.2368
vn -0.6048 0.7834 0.1435
vn -0.7389 0.6720 -0.0500
vn -0.3871 0.9143 0.1189
vn -0.6534 0.4889 0.5779
vn 0.7982 -0.5297 0.2867
vn -0.4829 -0.2784 0.8303
vn -0.7954 0.5361 -0.2829
vn 0.4829 0.2784 -0.8303
vn 0.1881 -0.9627 -0.1943
vn 0.2948 0.8408 0.4540
vn 0.5753 0.2351 -0.7834
vn 0.5541 0.2333 -0.7991
vn 0.5237 0.2493 -0.8146
vn 0.4983 0.2666 -0.8250
vn -0.7963 -0.0419 -0.6035
vn -0.8023 -0.0668 -0.5932
vn -0.8469 0.1838 -0.4990
vn -0.8041 0.4977 -0.3252
vn -0.5746 -0.2352 0.7839
vn -0.5533 -0.2340 0.7995
vn -0.5234 -0.2494 0.8147
vn -0.4984 -0.2666 0.8250
vn 0.8034 0.0252 0.5950
vn 0.8070 0.0691 0.5865
vn 0.8493 -0.1943 0.4908
vn 0.8170 -0.4622 0.3449
vn 0.4797 0.6111 -0.6296
vn -0.8194 0.4617 -0.3397
vn -0.2604 0.2345 0.9366
vn 0.7738 0.2217 0.5933
vn 0.2578 0.8327 0.4901
vn 0.4099 0.9121 -0.0092
vn 0.1176 0.9181 0.3784
vn -0.2460 0.9488 0.1980
vn 0.1972 0.7731 0.6028
vn 0.0265 0.6519 0.7578
vn 0.1402 0.9083 0.3940
vn 0.6432 0.4927 0.5861
vn -0.5533 -0.2340 0.7994
vn 0.8033 0.0252 0.5950
vn 0.4098 0.9121 -0.0092
vn 0.8944 -0.2097 -0.3950
vn 0.2320 -0.5376 0.8107
vn -0.8914 0.2162 0.3984
vn -0.2320 0.5376 -0.8107
vn 0.2398 -0.7858 -0.5701
vn 0.3098 0.8306 0.4628
vn -0.1240 0.5282 -0.8400
vn -0.1491 0.5203 -0.8409
vn -0.1852 0.5249 -0.8308
vn -0.2145 0.5321 -0.8190
vn -0.9605 -0.2758 -0.0374
vn -0.9526 -0.3021 -0.0345
vn -0.9843 -0.1010 0.1450
vn -0.9157 0.1826 0.3581
vn 0.1249 -0.5281 0.8399
vn 0.1501 -0.5206 0.8405
vn 0.1855 -0.5250 0.8307
vn 0.2145 -0.5322 0.8190
vn 0.9642 0.2643 0.0215
vn 0.9514 0.3068 0.0275
vn 0.9833 0.0933 -0.1561
vn 0.9294 -0.1474 -0.3384
vn -0.1848 0.8176 -0.5454
vn -0.9278 0.1454 0.3436
vn 0.3447 0.0053 0.9387
vn 0.8957 0.4329 0.1014
vn 0.3071 0.8046 0.5082
vn 0.0857 0.9940 0.0679
vn 0.1130 0.8417 0.5280
vn -0.2770 0.7503 0.6003
vn 0.3473 0.7137 0.6083
vn 0.3471 0.5189 0.7812
vn 0.1419 0.8396 0.5243
vn 0.7317 0.6312 0.2572
vn 0.4817 0.0027 -0.8763
vn 0.8614 -0.1854 0.4729
vn -0.4805 0.0051 0.8770
vn -0.8614 0.1854 -0.4729
vn 0.1764 -0.7840 -0.5952
vn 0.1227 0.9792 0.1617
vn -0.7995 0.2052 -0.5645
vn -0.8140 0.1894 -0.5492
vn -0.8351 0.1842 -0.5184
vn -0.8517 0.1841 -0.4906
vn -0.5673 -0.5808 0.5838
vn -0.5488 -0.6011 0.5809
vn -0.5540 -0.3813 0.7401
vn -0.5060 -0.0443 0.8614
vn 0.8000 -0.2048 0.5639
vn 0.8146 -0.1894 0.5482
vn 0.8353 -0.1842 0.5181
vn 0.8517 -0.1842 0.4905
vn 0.5657 0.5673 -0.5985
vn 0.5419 0.6030 -0.5855
vn 0.5503 0.3709 -0.7481
vn 0.5116 0.0860 -0.8549
vn -0.7965 0.5262 -0.2978
vn -0.5068 -0.0859 0.8578
vn 0.7786 0.3769 0.5017
vn 0.4915 0.7182 -0.4926
vn 0.1583 0.9673 0.1982
vn -0.3312 0.9435 0.0018
vn 0.0194 0.9411 0.3376
vn -0.1694 0.7477 0.6420
vn 0.2833 0.9261 0.2490
vn 0.4673 0.7977 0.3813
vn 0.0381 0.9479 0.3163
vn 0.3822 0.8847 -0.2670
vn 0.4313 0.0909 -0.8976
vn 0.8685 -0.3112 0.3858
vn -0.4293 -0.0834 0.8993
vn -0.8685 0.3112 -0.3857
vn 0.0799 -0.7034 -0.7062
vn 0.2095 0.9355 0.2845
vn -0.8104 0.3391 -0.4777
vn -0.8253 0.3223 -0.4637
vn -0.8450 0.3145 -0.4326
vn -0.8600 0.3117 -0.4040
vn -0.5789 -0.6147 0.5357
vn -0.5623 -0.6356 0.5289
vn -0.5411 -0.4405 0.7164
vn -0.4596 -0.1282 0.8788
vn 0.8109 -0.3387 0.4771
vn 0.8258 -0.3223 0.4628
vn 0.8451 -0.3144 0.4323
vn 0.8600 -0.3117 0.4040
vn 0.5754 0.6035 -0.5520
vn 0.5553 0.6387 -0.5327
vn 0.5361 0.4317 -0.7254
vn 0.4689 0.1681 -0.8671
vn -0.7670 0.6185 -0.1707
vn -0.4639 -0.1687 0.8697
vn 0.8328 0.2460 0.4959
vn 0.5195 0.7430 -0.4220
vn 0.2459 0.9161 0.3166
vn -0.2540 0.9553 0.1515
vn 0.1133 0.8807 0.4600
vn -0.0733 0.6606 0.7472
vn 0.3699 0.8594 0.3531
vn 0.5500 0.7008 0.4544
vn 0.1313 0.8890 0.4386
vn 0.4365 0.8836 -0.1692
vn -0.7071 0.7071 -0.0000
vn -0.0000 0.7071 -0.7071
vn 0.7071 0.7071 -0.0000
vn -0.0000 0.7071 0.7071
vn 0.3432 0.0438 0.9382
vn -0.8984 0.3229 0.2977
vn -0.3432 -0.0438 -0.9382
vn 0.8620 0.3914 -0.3221
vn 0.0836 -0.9962 0.0225
vn -0.2396 0.9703 0.0334
vn -0.4473 -0.0217 0.8941
vn -0.8172 0.3991 -0.4158
vn 0.4473 0.0217 -0.8941
vn 0.8405 0.3157 0.4402
vn -0.0016 -0.9998 -0.0182
vn -0.1468 0.9874 -0.0588
vn -0.9467 0.3222 -0.0000
vn -0.0000 0.3222 -0.9467
vn 0.9467 0.3222 -0.0000
vn -0.0000 0.3222 0.9467
vt 0.153731 0.182216
vt 0.174043 0.182216
vt 0.174043 0.202528
vt 0.153731 0.202528
vt 0.180386 0.208871
vt 0.172868 0.219140
vt 0.154907 0.219140
vt 0.147389 0.208871
vt 0.101371 0.129856
vt 0.120508 0.129856
vt 0.120508 0.147817
vt 0.101371 0.147817
vt 0.083584 0.236927
vt 0.120508 0.236927
vt 0.120508 0.254889
vt 0.083584 0.254889
vt 0.083584 0.183392
vt 0.120508 0.183392
vt 0.120508 0.201353
vt 0.083584 0.201353
vt 0.147389 0.175874
vt 0.154907 0.165604
vt 0.172868 0.165604
vt 0.180386 0.175874
vt 0.141047 0.208871
vt 0.141047 0.175874
vt 0.190655 0.183392
vt 0.190655 0.201353
vt 0.083584 0.076320
vt 0.120508 0.076320
vt 0.120508 0.094281
vt 0.083584 0.094281
vt 0.184726 0.213211
vt 0.184726 0.171534
vt 0.143049 0.213211
vt 0.143049 0.171534
vt 0.030048 0.183392
vt 0.047835 0.165604
vt 0.065796 0.165604
vt 0.083584 0.058533
vt 0.120508 0.058533
vt 0.065796 0.219140
vt 0.047835 0.219140
vt 0.030048 0.201353
vt 0.478878 0.309650
vt 0.484224 0.306544
vt 0.485829 0.325527
vt 0.479600 0.326424
vt 0.490453 0.302153
vt 0.492642 0.323085
vt 0.498208 0.298071
vt 0.500162 0.319550
vt 0.583281 0.264137
vt 0.593237 0.259302
vt 0.596918 0.281407
vt 0.587945 0.286081
vt 0.608313 0.254445
vt 0.609636 0.275248
vt 0.631446 0.252938
vt 0.628664 0.269616
vt 0.662342 0.254984
vt 0.655868 0.267738
vt 0.690498 0.246888
vt 0.685854 0.263725
vt 0.616896 0.728312
vt 0.592994 0.743163
vt 0.596686 0.724690
vt 0.622048 0.711998
vt 0.565820 0.740296
vt 0.568555 0.724979
vt 0.536633 0.726105
vt 0.538216 0.711686
vt 0.504769 0.708025
vt 0.508330 0.695083
vt 0.417204 0.771461
vt 0.389682 0.756882
vt 0.399252 0.744430
vt 0.424636 0.761235
vt 0.368060 0.747208
vt 0.376814 0.733202
vt 0.482554 0.343969
vt 0.476774 0.344885
vt 0.488995 0.343134
vt 0.497021 0.340840
vt 0.596967 0.304953
vt 0.586805 0.308280
vt 0.611068 0.299185
vt 0.629429 0.291235
vt 0.652738 0.284760
vt 0.681941 0.279663
vt 0.598378 0.707194
vt 0.626457 0.696548
vt 0.567931 0.707457
vt 0.539608 0.694020
vt 0.509293 0.677668
vt 0.411664 0.728267
vt 0.431076 0.746164
vt 0.381831 0.715529
vt 0.472053 0.364815
vt 0.467105 0.365904
vt 0.478034 0.361996
vt 0.485071 0.359427
vt 0.584738 0.324271
vt 0.574866 0.326647
vt 0.600792 0.320123
vt 0.622555 0.313811
vt 0.653992 0.305945
vt 0.681569 0.297227
vt 0.597985 0.688565
vt 0.627524 0.679397
vt 0.566160 0.686911
vt 0.535545 0.675263
vt 0.504727 0.659338
vt 0.410358 0.712448
vt 0.434461 0.728667
vt 0.381611 0.693789
vt 0.464130 0.383491
vt 0.459806 0.383701
vt 0.469110 0.382932
vt 0.475103 0.382846
vt 0.571016 0.345400
vt 0.561785 0.347687
vt 0.586364 0.341888
vt 0.610547 0.336814
vt 0.647159 0.331081
vt 0.680217 0.316310
vt 0.597772 0.668687
vt 0.629878 0.660721
vt 0.562875 0.664073
vt 0.528841 0.647828
vt 0.498215 0.637169
vt 0.406920 0.684840
vt 0.438068 0.706941
vt 0.371428 0.668844
vt 0.459654 0.397279
vt 0.455561 0.398143
vt 0.464240 0.396350
vt 0.469986 0.395201
vt 0.567683 0.357886
vt 0.559461 0.360944
vt 0.580258 0.355984
vt 0.599490 0.360545
vt 0.631676 0.354248
vt 0.677771 0.338554
vt 0.600652 0.649728
vt 0.633921 0.639344
vt 0.563489 0.642919
vt 0.525478 0.623718
vt 0.488223 0.610001
vt 0.397821 0.654465
vt 0.436242 0.679421
vt 0.366468 0.644335
vt 0.458782 0.413115
vt 0.454725 0.414637
vt 0.463440 0.411814
vt 0.468926 0.410621
vt 0.567941 0.373822
vt 0.560978 0.376640
vt 0.578696 0.379080
vt 0.593535 0.388383
vt 0.619086 0.374735
vt 0.670745 0.363115
vt 0.606120 0.631975
vt 0.644380 0.616385
vt 0.567200 0.625269
vt 0.526713 0.604277
vt 0.480411 0.590672
vt 0.392864 0.633306
vt 0.437582 0.659631
vt 0.357053 0.619247
vt 0.460758 0.429338
vt 0.456224 0.429989
vt 0.465971 0.428856
vt 0.472373 0.428801
vt 0.571266 0.396450
vt 0.564258 0.395066
vt 0.580772 0.401269
vt 0.595890 0.405687
vt 0.617436 0.393339
vt 0.664174 0.384590
vt 0.609784 0.610031
vt 0.653771 0.596537
vt 0.569937 0.602912
vt 0.527856 0.584329
vt 0.475537 0.577050
vt 0.393806 0.620729
vt 0.439311 0.645672
vt 0.351635 0.605314
vt 0.463883 0.445823
vt 0.457620 0.445886
vt 0.469867 0.445983
vt 0.476968 0.447203
vt 0.575760 0.417086
vt 0.567180 0.413949
vt 0.585996 0.419890
vt 0.602781 0.420533
vt 0.621354 0.408864
vt 0.666651 0.408543
vt 0.612030 0.583425
vt 0.656888 0.573762
vt 0.572557 0.575694
vt 0.528169 0.558740
vt 0.471996 0.564835
vt 0.393760 0.609944
vt 0.441977 0.633350
vt 0.349181 0.593943
vt 0.467471 0.461792
vt 0.457121 0.461317
vt 0.475394 0.463122
vt 0.485238 0.466076
vt 0.585839 0.438670
vt 0.573470 0.434466
vt 0.600171 0.437652
vt 0.614077 0.434935
vt 0.638161 0.434588
vt 0.672585 0.427970
vt 0.613909 0.559354
vt 0.654825 0.554087
vt 0.569608 0.548559
vt 0.528742 0.535891
vt 0.467004 0.553746
vt 0.392585 0.598774
vt 0.442877 0.621195
vt 0.343308 0.578954
vt 0.471050 0.476170
vt 0.455080 0.474004
vt 0.484871 0.482001
vt 0.497746 0.485880
vt 0.598944 0.455409
vt 0.582693 0.457563
vt 0.617377 0.452342
vt 0.634629 0.454413
vt 0.652413 0.453320
vt 0.680355 0.440763
vt 0.613428 0.541041
vt 0.649441 0.540979
vt 0.569864 0.528703
vt 0.527805 0.523878
vt 0.460228 0.538814
vt 0.389956 0.585465
vt 0.444281 0.605134
vt 0.341780 0.565620
vt 0.473127 0.488594
vt 0.453992 0.485649
vt 0.490481 0.494922
vt 0.505558 0.497774
vt 0.610834 0.464917
vt 0.593168 0.467964
vt 0.630044 0.466118
vt 0.647940 0.466575
vt 0.663556 0.461681
vt 0.690498 0.450169
vt 0.609526 0.526863
vt 0.641751 0.529707
vt 0.567674 0.515290
vt 0.527289 0.516630
vt 0.444703 0.515291
vt 0.388091 0.570850
vt 0.439819 0.577859
vt 0.344950 0.554839
vt 0.324835 0.951279
vt 0.306520 0.947841
vt 0.305246 0.937384
vt 0.322923 0.939898
vt 0.289719 0.941631
vt 0.288676 0.932864
vt 0.275045 0.939718
vt 0.273239 0.931112
vt 0.217358 0.654740
vt 0.212782 0.671098
vt 0.201821 0.666823
vt 0.208433 0.653222
vt 0.204575 0.687631
vt 0.192935 0.681195
vt 0.195191 0.701819
vt 0.183040 0.691694
vt 0.180489 0.707043
vt 0.169248 0.695237
vt 0.152559 0.709468
vt 0.146897 0.696333
vt 0.192311 0.246888
vt 0.197098 0.278254
vt 0.186428 0.284509
vt 0.179882 0.254109
vt 0.191797 0.319785
vt 0.184557 0.322993
vt 0.201089 0.358357
vt 0.193569 0.361573
vt 0.231795 0.437453
vt 0.211873 0.463052
vt 0.389124 0.342009
vt 0.365361 0.391633
vt 0.346169 0.381379
vt 0.356228 0.333719
vt 0.339291 0.432671
vt 0.332710 0.422718
vt 0.306139 0.926797
vt 0.319311 0.928786
vt 0.295337 0.923363
vt 0.284173 0.919396
vt 0.194682 0.649995
vt 0.203119 0.637837
vt 0.187300 0.663315
vt 0.177356 0.672429
vt 0.162366 0.678553
vt 0.140290 0.682765
vt 0.175833 0.290644
vt 0.166123 0.260701
vt 0.179898 0.324822
vt 0.183526 0.366677
vt 0.194530 0.470960
vt 0.327830 0.368659
vt 0.340824 0.320627
vt 0.325132 0.413086
vt 0.312440 0.918451
vt 0.320773 0.920067
vt 0.304257 0.915900
vt 0.296031 0.911608
vt 0.193374 0.630058
vt 0.202999 0.623441
vt 0.184301 0.642738
vt 0.175857 0.655596
vt 0.159791 0.663131
vt 0.133915 0.672334
vt 0.164627 0.296454
vt 0.156123 0.267607
vt 0.173654 0.327582
vt 0.174586 0.372208
vt 0.179680 0.477625
vt 0.317992 0.360232
vt 0.327225 0.309360
vt 0.318845 0.403069
vt 0.264805 0.784762
vt 0.260069 0.788756
vt 0.262398 0.771882
vt 0.267732 0.772244
vt 0.253846 0.793255
vt 0.255948 0.773855
vt 0.245651 0.797492
vt 0.248208 0.776944
vt 0.235775 0.800181
vt 0.238933 0.779359
vt 0.594968 0.758352
vt 0.598801 0.769528
vt 0.580341 0.770738
vt 0.576191 0.761124
vt 0.600231 0.787416
vt 0.584348 0.785169
vt 0.595246 0.814479
vt 0.584428 0.807112
vt 0.588098 0.846901
vt 0.578675 0.836769
vt 0.600665 0.874077
vt 0.581326 0.866072
vt 0.555296 0.948955
vt 0.534758 0.930384
vt 0.554773 0.929090
vt 0.575770 0.947711
vt 0.535438 0.901786
vt 0.549833 0.902248
vt 0.543458 0.868618
vt 0.554931 0.870063
vt 0.551038 0.829024
vt 0.563788 0.834752
vt 0.727813 0.529913
vt 0.706233 0.559099
vt 0.699794 0.542056
vt 0.723366 0.515290
vt 0.691475 0.578028
vt 0.682961 0.563199
vt 0.680348 0.587805
vt 0.670126 0.581999
vt 0.348965 0.740845
vt 0.352273 0.726329
vt 0.352274 0.706880
vt 0.346714 0.685736
vt 0.340185 0.663655
vt 0.337477 0.637506
vt 0.331623 0.619017
vt 0.331000 0.607828
vt 0.324765 0.588775
vt 0.318966 0.573492
vt 0.314256 0.556339
vt 0.314854 0.543133
vt 0.319424 0.461356
vt 0.312065 0.451575
vt 0.307415 0.439873
vt 0.305869 0.427475
vt 0.305031 0.415682
vt 0.313903 0.393313
vt 0.313158 0.356244
vt 0.317721 0.305881
vt 0.172192 0.484771
vt 0.167402 0.378048
vt 0.164744 0.331187
vt 0.154736 0.301870
vt 0.146371 0.272130
vt 0.129804 0.662244
vt 0.158576 0.650255
vt 0.175169 0.638219
vt 0.186386 0.623943
vt 0.196318 0.616964
vt 0.205859 0.612039
vt 0.306758 0.907070
vt 0.315651 0.909443
vt 0.322330 0.910710
vt 0.326872 0.911802
vt 0.329298 0.920684
vt 0.330539 0.913299
vt 0.332846 0.930270
vt 0.338799 0.941792
vt 0.341933 0.953510
vt 0.435703 0.473221
vt 0.436231 0.485065
vt 0.441114 0.460672
vt 0.448481 0.445859
vt 0.450974 0.430485
vt 0.450582 0.416042
vt 0.451350 0.399000
vt 0.455697 0.383235
vt 0.462901 0.365122
vt 0.471540 0.344147
vt 0.473657 0.325176
vt 0.474013 0.310350
vt 0.391905 0.825788
vt 0.386043 0.823169
vt 0.384801 0.813780
vt 0.390617 0.814746
vt 0.380673 0.826766
vt 0.380082 0.816742
vt 0.375073 0.833045
vt 0.375091 0.823001
vt 0.368941 0.842909
vt 0.369434 0.831921
vt 0.362009 0.855604
vt 0.362877 0.844794
vt 0.354109 0.870471
vt 0.354874 0.861345
vt 0.345364 0.886795
vt 0.345180 0.880422
vt 0.336273 0.901402
vt 0.334464 0.898052
vt 0.383275 0.807837
vt 0.389149 0.807607
vt 0.378769 0.810766
vt 0.373387 0.817015
vt 0.367131 0.826514
vt 0.360155 0.840395
vt 0.351800 0.858452
vt 0.341471 0.878850
vt 0.329432 0.897615
vt 0.380648 0.800643
vt 0.387404 0.799390
vt 0.374875 0.804350
vt 0.367648 0.812513
vt 0.360250 0.825478
vt 0.353010 0.841733
vt 0.344248 0.861087
vt 0.333446 0.881978
vt 0.320499 0.898562
vt 0.205363 0.479189
vt 0.211817 0.481902
vt 0.204246 0.490600
vt 0.197869 0.488778
vt 0.215603 0.487923
vt 0.207544 0.496085
vt 0.217358 0.498995
vt 0.208499 0.507101
vt 0.216598 0.514125
vt 0.207751 0.523782
vt 0.214864 0.531655
vt 0.206796 0.541633
vt 0.212654 0.552079
vt 0.205254 0.562660
vt 0.210617 0.574862
vt 0.203410 0.584705
vt 0.208982 0.595928
vt 0.200753 0.604068
vt 0.189818 0.510709
vt 0.182891 0.509541
vt 0.193834 0.516302
vt 0.195081 0.527870
vt 0.194858 0.544682
vt 0.195555 0.560480
vt 0.195293 0.578450
vt 0.194249 0.596398
vt 0.190759 0.611285
vt 0.167069 0.544892
vt 0.160407 0.541978
vt 0.172077 0.550236
vt 0.175533 0.559370
vt 0.177106 0.572575
vt 0.180401 0.582413
vt 0.181388 0.594449
vt 0.180138 0.608122
vt 0.177608 0.621887
vt 0.140301 0.570504
vt 0.135574 0.565542
vt 0.144824 0.575825
vt 0.148095 0.583199
vt 0.149194 0.593738
vt 0.154468 0.601173
vt 0.156964 0.611447
vt 0.157907 0.624002
vt 0.157943 0.638050
vt 0.098090 0.599543
vt 0.094796 0.593908
vt 0.104263 0.603516
vt 0.108717 0.609580
vt 0.110937 0.618631
vt 0.118325 0.625094
vt 0.122524 0.632408
vt 0.125420 0.641190
vt 0.127542 0.651400
vt 0.076341 0.301632
vt 0.082528 0.300137
vt 0.095530 0.338880
vt 0.089066 0.340337
vt 0.087352 0.295026
vt 0.102551 0.336323
vt 0.093689 0.291458
vt 0.109861 0.333744
vt 0.102698 0.290061
vt 0.117257 0.331008
vt 0.109514 0.283233
vt 0.123394 0.323780
vt 0.116806 0.279405
vt 0.130454 0.317338
vt 0.125513 0.276563
vt 0.138800 0.311788
vt 0.135605 0.274481
vt 0.146479 0.306813
vt 0.088215 0.383382
vt 0.081702 0.384889
vt 0.097719 0.379169
vt 0.109452 0.374077
vt 0.120831 0.369294
vt 0.129272 0.358370
vt 0.136643 0.349900
vt 0.144802 0.342171
vt 0.154669 0.335688
vt 0.096937 0.433259
vt 0.090809 0.433600
vt 0.104222 0.432468
vt 0.112333 0.430589
vt 0.119514 0.433057
vt 0.130064 0.418939
vt 0.138440 0.407543
vt 0.147359 0.396425
vt 0.157883 0.386289
vt 0.082675 0.535365
vt 0.076341 0.534840
vt 0.091392 0.534222
vt 0.103870 0.526727
vt 0.119345 0.515827
vt 0.132335 0.504052
vt 0.145147 0.497435
vt 0.155262 0.494947
vt 0.164463 0.490686
vt 0.232216 0.246888
vt 0.238073 0.248310
vt 0.252678 0.313023
vt 0.245676 0.309082
vt 0.243790 0.254522
vt 0.261827 0.322517
vt 0.254111 0.263075
vt 0.270724 0.336896
vt 0.268142 0.272766
vt 0.279833 0.350627
vt 0.283223 0.279409
vt 0.284692 0.352751
vt 0.294161 0.288219
vt 0.290353 0.353897
vt 0.300872 0.296250
vt 0.297270 0.353927
vt 0.308715 0.302721
vt 0.305978 0.354434
vt 0.256973 0.378187
vt 0.250707 0.373861
vt 0.263196 0.384425
vt 0.268693 0.393188
vt 0.273481 0.400679
vt 0.281356 0.400976
vt 0.289831 0.399888
vt 0.298719 0.397572
vt 0.307463 0.395211
vt 0.393162 0.844068
vt 0.386965 0.842321
vt 0.380931 0.845305
vt 0.374442 0.852023
vt 0.367293 0.861551
vt 0.359601 0.872732
vt 0.351702 0.884776
vt 0.344191 0.896903
vt 0.337019 0.906706
vt 0.296283 0.422608
vt 0.286507 0.429334
vt 0.276106 0.435238
vt 0.267792 0.437637
vt 0.260856 0.437917
vt 0.255541 0.435347
vt 0.250647 0.429714
vt 0.245543 0.424191
vt 0.240306 0.419206
vt 0.233952 0.453364
vt 0.238621 0.455521
vt 0.238196 0.481966
vt 0.232216 0.479632
vt 0.242527 0.455687
vt 0.243211 0.483102
vt 0.246747 0.454797
vt 0.247713 0.481262
vt 0.251934 0.451922
vt 0.252709 0.474210
vt 0.258797 0.448881
vt 0.259701 0.466971
vt 0.267167 0.448286
vt 0.266795 0.463864
vt 0.277979 0.449986
vt 0.275441 0.463283
vt 0.290756 0.443190
vt 0.288760 0.458745
vt 0.241696 0.498051
vt 0.235961 0.498952
vt 0.246907 0.496841
vt 0.252395 0.493851
vt 0.258734 0.486773
vt 0.265686 0.479048
vt 0.272119 0.476472
vt 0.281028 0.475612
vt 0.291983 0.470004
vt 0.249646 0.512868
vt 0.243474 0.514869
vt 0.255802 0.510740
vt 0.261927 0.507727
vt 0.268597 0.503558
vt 0.275999 0.500197
vt 0.284687 0.497323
vt 0.294948 0.492121
vt 0.305313 0.479150
vt 0.232216 0.515728
vt 0.238072 0.515290
vt 0.240767 0.533485
vt 0.235052 0.534622
vt 0.243947 0.516195
vt 0.245488 0.534217
vt 0.250218 0.517505
vt 0.249371 0.535526
vt 0.257510 0.519233
vt 0.253336 0.538241
vt 0.264505 0.522798
vt 0.258838 0.543326
vt 0.271123 0.528303
vt 0.269370 0.550396
vt 0.280323 0.533135
vt 0.283132 0.554900
vt 0.295366 0.535568
vt 0.297030 0.553069
vt 0.245262 0.552390
vt 0.239725 0.554485
vt 0.250329 0.552117
vt 0.254737 0.552255
vt 0.260007 0.554641
vt 0.268189 0.559536
vt 0.279121 0.564688
vt 0.289113 0.565532
vt 0.299879 0.566156
vt 0.251547 0.571249
vt 0.245961 0.574578
vt 0.257551 0.570475
vt 0.263766 0.570500
vt 0.270574 0.572463
vt 0.278066 0.575326
vt 0.285641 0.576738
vt 0.293945 0.578184
vt 0.305534 0.581834
vt 0.257111 0.592715
vt 0.251970 0.594520
vt 0.263116 0.594233
vt 0.269674 0.596412
vt 0.276889 0.598381
vt 0.284636 0.598624
vt 0.292846 0.597108
vt 0.301852 0.596751
vt 0.313701 0.600885
vt 0.262554 0.608947
vt 0.257140 0.611005
vt 0.268399 0.609034
vt 0.275228 0.610100
vt 0.282776 0.610511
vt 0.290807 0.610352
vt 0.298861 0.611278
vt 0.307002 0.615377
vt 0.317014 0.619385
vt 0.267148 0.624374
vt 0.261166 0.627688
vt 0.273464 0.622303
vt 0.280374 0.622149
vt 0.287663 0.623396
vt 0.294921 0.625306
vt 0.302089 0.627811
vt 0.309307 0.630542
vt 0.318727 0.633876
vt 0.271010 0.644363
vt 0.264916 0.647575
vt 0.277388 0.642282
vt 0.284126 0.641808
vt 0.291203 0.643020
vt 0.298528 0.646083
vt 0.306170 0.649999
vt 0.314601 0.654287
vt 0.324143 0.659070
vt 0.273894 0.669372
vt 0.267396 0.671802
vt 0.280536 0.667306
vt 0.287499 0.667220
vt 0.294639 0.667659
vt 0.302429 0.671220
vt 0.310037 0.675775
vt 0.317285 0.680258
vt 0.326210 0.683886
vt 0.274658 0.697318
vt 0.267964 0.698792
vt 0.281761 0.695189
vt 0.288962 0.695080
vt 0.296395 0.695595
vt 0.303780 0.696650
vt 0.311175 0.700071
vt 0.319375 0.702670
vt 0.330837 0.704017
vt 0.267622 0.735620
vt 0.261113 0.736386
vt 0.274695 0.733397
vt 0.281824 0.732225
vt 0.289505 0.730765
vt 0.298317 0.727626
vt 0.308460 0.724130
vt 0.320202 0.722360
vt 0.333709 0.722776
vt 0.256602 0.770677
vt 0.251334 0.771461
vt 0.262961 0.767780
vt 0.270651 0.765015
vt 0.279839 0.762538
vt 0.290160 0.757339
vt 0.301769 0.750466
vt 0.315021 0.744645
vt 0.330713 0.741496
vt 0.663775 0.601717
vt 0.678864 0.605735
vt 0.659148 0.619296
vt 0.677310 0.626006
vt 0.657309 0.635322
vt 0.677277 0.645552
vt 0.657744 0.649990
vt 0.675742 0.663626
vt 0.658603 0.662262
vt 0.674196 0.680384
vt 0.658425 0.672261
vt 0.677458 0.691053
vt 0.658169 0.680942
vt 0.682471 0.698543
vt 0.658411 0.688598
vt 0.683475 0.704455
vt 0.657309 0.694250
vt 0.682162 0.710255
vt 0.429823 0.249989
vt 0.435557 0.251092
vt 0.431344 0.274933
vt 0.425528 0.273869
vt 0.440765 0.255761
vt 0.436665 0.279270
vt 0.445807 0.262204
vt 0.441841 0.285166
vt 0.450804 0.269750
vt 0.447038 0.291784
vt 0.455783 0.277977
vt 0.452306 0.298758
vt 0.460558 0.287133
vt 0.457542 0.306315
vt 0.465056 0.296627
vt 0.462655 0.314453
vt 0.469547 0.304554
vt 0.467998 0.321028
vt 0.426812 0.301113
vt 0.420845 0.299952
vt 0.432351 0.305164
vt 0.437790 0.310572
vt 0.443342 0.316323
vt 0.449063 0.322116
vt 0.454864 0.328301
vt 0.460605 0.335379
vt 0.466383 0.340846
vt 0.420687 0.331192
vt 0.414467 0.329947
vt 0.426499 0.334822
vt 0.432308 0.339418
vt 0.438459 0.343750
vt 0.444931 0.347735
vt 0.450817 0.352034
vt 0.455230 0.357613
vt 0.459102 0.362242
vt 0.411025 0.365053
vt 0.404683 0.363325
vt 0.417136 0.368095
vt 0.423364 0.371453
vt 0.429762 0.373880
vt 0.436079 0.375531
vt 0.441929 0.377384
vt 0.446787 0.380232
vt 0.451389 0.382094
vt 0.399177 0.393263
vt 0.393021 0.390475
vt 0.405581 0.396167
vt 0.412506 0.398810
vt 0.420514 0.400234
vt 0.428669 0.400121
vt 0.435787 0.399692
vt 0.441650 0.400018
vt 0.446773 0.399690
vt 0.385270 0.413384
vt 0.379570 0.410030
vt 0.391623 0.416151
vt 0.398760 0.418330
vt 0.407606 0.419012
vt 0.419204 0.417568
vt 0.430732 0.416735
vt 0.439313 0.417046
vt 0.445717 0.416929
vt 0.368968 0.433909
vt 0.363466 0.430570
vt 0.375498 0.436144
vt 0.383026 0.437567
vt 0.392441 0.437422
vt 0.403679 0.435979
vt 0.416132 0.433895
vt 0.430977 0.431792
vt 0.443159 0.430875
vt 0.353999 0.453712
vt 0.348398 0.450860
vt 0.360735 0.455120
vt 0.368687 0.455618
vt 0.378602 0.454751
vt 0.390513 0.452682
vt 0.402963 0.450855
vt 0.416008 0.449119
vt 0.433365 0.446745
vt 0.344453 0.470272
vt 0.338546 0.468640
vt 0.351100 0.470728
vt 0.359060 0.470551
vt 0.369047 0.469432
vt 0.381195 0.467206
vt 0.394027 0.465385
vt 0.407516 0.463646
vt 0.422441 0.461480
vt 0.341897 0.482389
vt 0.336063 0.482237
vt 0.348407 0.482457
vt 0.356330 0.482399
vt 0.366263 0.481689
vt 0.378180 0.479753
vt 0.391027 0.478220
vt 0.404581 0.476516
vt 0.418816 0.474239
vt 0.346608 0.497077
vt 0.340325 0.497774
vt 0.353643 0.496508
vt 0.361998 0.495821
vt 0.371948 0.494491
vt 0.383043 0.491932
vt 0.395339 0.490268
vt 0.408063 0.488346
vt 0.420949 0.486062
vt 0.436619 0.960952
vt 0.430581 0.962816
vt 0.418583 0.941983
vt 0.424765 0.940481
vt 0.423587 0.963582
vt 0.411904 0.943327
vt 0.415318 0.963337
vt 0.404402 0.944181
vt 0.405516 0.962402
vt 0.395755 0.944604
vt 0.394320 0.961596
vt 0.386255 0.945657
vt 0.382253 0.959294
vt 0.375441 0.944255
vt 0.369664 0.957118
vt 0.364220 0.943574
vt 0.356804 0.955589
vt 0.352668 0.943188
vt 0.403257 0.904431
vt 0.410071 0.905075
vt 0.397002 0.905875
vt 0.390514 0.908730
vt 0.383163 0.912763
vt 0.374890 0.917873
vt 0.365459 0.921088
vt 0.355642 0.925296
vt 0.345206 0.929274
vt 0.389171 0.862432
vt 0.395847 0.863484
vt 0.382960 0.865553
vt 0.376430 0.871882
vt 0.369210 0.881195
vt 0.361354 0.890418
vt 0.353531 0.899803
vt 0.345919 0.908805
vt 0.337854 0.916279
vt 0.291866 0.868287
vt 0.286607 0.865307
vt 0.296768 0.843477
vt 0.302293 0.846148
vt 0.282971 0.858731
vt 0.292599 0.837348
vt 0.279732 0.850388
vt 0.288829 0.829425
vt 0.276603 0.840640
vt 0.285125 0.820347
vt 0.273479 0.829830
vt 0.281382 0.810549
vt 0.270840 0.817368
vt 0.277893 0.799797
vt 0.268500 0.804586
vt 0.274723 0.788736
vt 0.266467 0.793673
vt 0.271353 0.779361
vt 0.702185 0.712319
vt 0.701082 0.706699
vt 0.716595 0.694268
vt 0.720098 0.699132
vt 0.699955 0.700295
vt 0.714708 0.687363
vt 0.696212 0.689985
vt 0.710868 0.675689
vt 0.692348 0.677222
vt 0.708710 0.661276
vt 0.691835 0.661407
vt 0.707299 0.640885
vt 0.691703 0.641334
vt 0.705736 0.618673
vt 0.690542 0.618515
vt 0.707696 0.598707
vt 0.692999 0.598571
vt 0.708475 0.579595
vt 0.733481 0.664927
vt 0.736578 0.669259
vt 0.731089 0.656607
vt 0.732258 0.645525
vt 0.730875 0.628305
vt 0.728901 0.605948
vt 0.729981 0.583849
vt 0.730907 0.566112
vt 0.729370 0.547988
vt 0.444703 0.743584
vt 0.449911 0.744430
vt 0.465257 0.795180
vt 0.459400 0.793689
vt 0.457259 0.748447
vt 0.471685 0.800583
vt 0.465287 0.756017
vt 0.479595 0.809586
vt 0.478666 0.766163
vt 0.490628 0.823867
vt 0.497050 0.781713
vt 0.504304 0.834872
vt 0.515696 0.796397
vt 0.513195 0.844702
vt 0.525475 0.809333
vt 0.523474 0.856430
vt 0.537811 0.819123
vt 0.533303 0.863196
vt 0.465720 0.872621
vt 0.459324 0.870652
vt 0.472404 0.877221
vt 0.479329 0.882753
vt 0.485566 0.889861
vt 0.491304 0.896250
vt 0.499575 0.898327
vt 0.509894 0.899453
vt 0.522435 0.900045
vt 0.453979 0.918065
vt 0.448261 0.916971
vt 0.458981 0.920284
vt 0.464076 0.922415
vt 0.469811 0.925561
vt 0.477393 0.929507
vt 0.487728 0.932041
vt 0.500377 0.932325
vt 0.516203 0.931213
vt 0.449758 0.948075
vt 0.444703 0.947701
vt 0.455034 0.948834
vt 0.461867 0.950271
vt 0.471023 0.952885
vt 0.482682 0.955973
vt 0.496645 0.957353
vt 0.513013 0.955205
vt 0.532985 0.951613
vt 0.690421 0.926323
vt 0.685755 0.926834
vt 0.684992 0.900065
vt 0.688360 0.899725
vt 0.681422 0.924615
vt 0.681236 0.897854
vt 0.677146 0.920142
vt 0.675662 0.892607
vt 0.672081 0.913355
vt 0.667400 0.885896
vt 0.665006 0.904936
vt 0.655235 0.878015
vt 0.654755 0.896670
vt 0.638371 0.869930
vt 0.640414 0.889501
vt 0.618857 0.862669
vt 0.621707 0.882208
vt 0.600511 0.856066
vt 0.670986 0.867247
vt 0.675065 0.867085
vt 0.665308 0.865386
vt 0.656179 0.861136
vt 0.643111 0.855067
vt 0.629310 0.848049
vt 0.618202 0.840070
vt 0.610137 0.830841
vt 0.603156 0.822963
vt 0.658909 0.831776
vt 0.665691 0.832632
vt 0.652061 0.829614
vt 0.645340 0.825689
vt 0.639715 0.817818
vt 0.634819 0.808894
vt 0.629289 0.801313
vt 0.622295 0.795054
vt 0.612727 0.790742
vt 0.672151 0.782776
vt 0.678301 0.784379
vt 0.666219 0.780158
vt 0.660075 0.777808
vt 0.654172 0.773921
vt 0.647506 0.770313
vt 0.639054 0.768488
vt 0.628352 0.767946
vt 0.614910 0.768457
vt 0.684264 0.744460
vt 0.690421 0.745516
vt 0.677813 0.743584
vt 0.670522 0.743991
vt 0.662276 0.745084
vt 0.652736 0.746203
vt 0.641287 0.748632
vt 0.627869 0.751723
vt 0.612375 0.755115
vt 0.235200 0.906139
vt 0.234522 0.899519
vt 0.255577 0.899874
vt 0.257542 0.905842
vt 0.234196 0.892640
vt 0.253832 0.893595
vt 0.233153 0.884902
vt 0.251475 0.886186
vt 0.232216 0.875911
vt 0.248745 0.877041
vt 0.232292 0.865395
vt 0.246716 0.865532
vt 0.232216 0.852578
vt 0.245085 0.851537
vt 0.232523 0.837350
vt 0.244245 0.835392
vt 0.233661 0.819738
vt 0.244365 0.817258
vt 0.266469 0.895363
vt 0.269738 0.900207
vt 0.264202 0.888911
vt 0.261785 0.880971
vt 0.259145 0.871216
vt 0.256703 0.859283
vt 0.254888 0.844887
vt 0.253624 0.828959
vt 0.253161 0.811760
vt 0.276203 0.883946
vt 0.280833 0.887781
vt 0.273280 0.877171
vt 0.270569 0.868730
vt 0.267865 0.858655
vt 0.265141 0.847148
vt 0.263194 0.833124
vt 0.261517 0.818463
vt 0.260399 0.803566
vt 0.871877 0.125736
vt 0.859750 0.047105
vt 0.869200 0.046210
vt 0.893772 0.125736
vt 0.944870 0.190057
vt 0.967232 0.190057
vt 0.965122 0.218937
vt 0.943869 0.218937
vt 0.846650 0.048347
vt 0.834173 0.049529
vt 0.854639 0.022557
vt 0.857560 0.022528
vt 0.860626 0.022497
vt 0.862838 0.022475
vt 0.946680 0.137856
vt 0.971045 0.137856
vt 0.969447 0.159732
vt 0.945922 0.159732
vt 0.812619 0.125736
vt 0.841525 0.125736
vt 0.898815 0.159732
vt 0.922377 0.159732
vt 0.922491 0.190057
vt 0.900094 0.190057
vt 0.905892 0.024690
vt 0.936114 0.022475
vt 0.936114 0.068825
vt 0.905892 0.071040
vt 0.897892 0.137856
vt 0.922296 0.137856
vt 0.922599 0.218937
vt 0.901312 0.218937
vt 0.861406 0.241144
vt 0.854034 0.159608
vt 0.866638 0.159608
vt 0.885772 0.241144
vt 0.771541 0.126474
vt 0.767028 0.049355
vt 0.779496 0.050636
vt 0.800498 0.126474
vt 0.761725 0.244987
vt 0.757208 0.167131
vt 0.768983 0.167131
vt 0.783012 0.244987
vt 0.753936 0.048010
vt 0.744493 0.047040
vt 0.751258 0.022475
vt 0.753467 0.022529
vt 0.946839 0.085937
vt 0.946839 0.083174
vt 0.949762 0.083182
vt 0.949762 0.085939
vt 0.745442 0.167131
vt 0.733685 0.167131
vt 0.747200 0.138595
vt 0.749954 0.138595
vt 0.841419 0.159608
vt 0.828795 0.159608
vt 0.843562 0.137856
vt 0.846334 0.137856
vt 0.941557 0.085932
vt 0.941557 0.083160
vt 0.943771 0.083166
vt 0.943771 0.085934
vt 0.756530 0.022604
vt 0.719202 0.126474
vt 0.741135 0.126474
vt 0.759446 0.022676
vt 0.943771 0.091465
vt 0.943771 0.088701
vt 0.946839 0.088698
vt 0.946839 0.091457
vt 0.941557 0.091470
vt 0.941557 0.088702
vt 0.849104 0.137856
vt 0.851872 0.137856
vt 0.752710 0.138595
vt 0.755468 0.138595
vt 0.949762 0.088695
vt 0.949762 0.091449
vt 0.719202 0.244987
vt 0.740455 0.244987
vt 0.812619 0.241144
vt 0.837022 0.241144
vt 0.905892 0.083160
vt 0.929436 0.083160
vt 0.928385 0.113485
vt 0.906006 0.113485
vt 0.897892 0.231058
vt 0.928130 0.233400
vt 0.928130 0.278306
vt 0.897892 0.275964
vt 0.940251 0.231058
vt 0.962630 0.231058
vt 0.962630 0.277928
vt 0.940251 0.277928
vt 0.948235 0.022475
vt 0.971779 0.022475
vt 0.971779 0.067959
vt 0.948235 0.067959
vt 0.352390 0.065905
vt 0.351750 0.030994
vt 0.386914 0.030532
vt 0.386158 0.065332
vt 0.422209 0.031876
vt 0.421465 0.064422
vt 0.456859 0.034305
vt 0.455992 0.066948
vt 0.316658 0.065086
vt 0.315976 0.031880
vt 0.000214 0.857050
vt 0.000214 0.718537
vt 0.136520 0.718779
vt 0.136446 0.856731
vt 0.315976 0.245032
vt 0.315976 0.210357
vt 0.350099 0.210417
vt 0.350080 0.244952
vt 0.315976 0.210114
vt 0.318001 0.169783
vt 0.353517 0.168362
vt 0.352300 0.209227
vt 0.319339 0.131426
vt 0.355350 0.131646
vt 0.320012 0.097045
vt 0.354577 0.099417
vt 0.423999 0.210249
vt 0.422167 0.170050
vt 0.458565 0.168896
vt 0.460129 0.209042
vt 0.420715 0.131616
vt 0.457018 0.131305
vt 0.419917 0.096709
vt 0.455910 0.097976
vt 0.388394 0.208934
vt 0.386918 0.168297
vt 0.383992 0.131371
vt 0.384509 0.098351
vt 0.512570 0.117596
vt 0.565978 0.111320
vt 0.558636 0.153083
vt 0.524767 0.157254
vt 0.522922 0.032770
vt 0.556973 0.030532
vt 0.566209 0.055416
vt 0.512570 0.058942
vt 0.421037 0.170836
vt 0.419125 0.208791
vt 0.386433 0.207947
vt 0.385650 0.170321
vt 0.354367 0.206840
vt 0.351385 0.168961
vt 0.322002 0.209328
vt 0.318898 0.171497
vt 0.455571 0.170911
vt 0.451604 0.208824
vt 0.000212 0.851653
vt 0.000212 0.714853
vt 0.134829 0.715091
vt 0.134756 0.851332
vt 0.349782 0.243136
vt 0.349782 0.209435
vt 0.383484 0.209434
vt 0.383484 0.243136
vt 0.449317 0.032367
vt 0.452004 0.064230
vt 0.418677 0.064999
vt 0.417374 0.034369
vt 0.458446 0.096450
vt 0.421793 0.096604
vt 0.461444 0.132606
vt 0.422458 0.132206
vt 0.352620 0.031866
vt 0.350798 0.064740
vt 0.318111 0.063064
vt 0.320368 0.030531
vt 0.347756 0.097860
vt 0.315975 0.097240
vt 0.346801 0.131994
vt 0.315975 0.133246
vt 0.385282 0.033220
vt 0.385061 0.064137
vt 0.384039 0.096579
vt 0.384716 0.132102
vt 0.461550 0.133212
vt 0.513129 0.132810
vt 0.505464 0.168159
vt 0.471783 0.169338
vt 0.513235 0.116515
vt 0.565980 0.110318
vt 0.558729 0.151563
vt 0.525280 0.155682
vt 0.556447 0.198386
vt 0.508974 0.193276
vt 0.518555 0.169445
vt 0.551926 0.174152
vt 0.508868 0.203132
vt 0.461550 0.194285
vt 0.468219 0.169445
vt 0.501479 0.174883
vt 0.471813 0.030531
vt 0.505479 0.032099
vt 0.513129 0.064237
vt 0.461568 0.062153
vt 0.523459 0.032741
vt 0.557088 0.030531
vt 0.566209 0.055107
vt 0.513235 0.058589
vt 0.550939 0.266890
vt 0.517251 0.265938
vt 0.508974 0.240996
vt 0.556724 0.242350
vt 0.501182 0.270273
vt 0.468113 0.263772
vt 0.461721 0.238549
vt 0.508868 0.247593
vt 0.384331 0.244481
vt 0.350206 0.244481
vt 0.350206 0.210357
vt 0.384331 0.210357
vt 0.180386 0.175874
vt 0.205077 0.013667
vt 0.240236 0.013667
vt 0.240236 0.048826
vt 0.205077 0.048826
vt 0.240236 0.083984
vt 0.205077 0.083984
vt 0.240236 0.119143
vt 0.205077 0.119143
vt 0.240236 0.154302
vt 0.205077 0.154302
vt 0.169918 0.083984
vt 0.169918 0.119143
vt 0.275394 0.083984
vt 0.275394 0.119143
vt 0.913712 0.480301
vt 0.926543 0.480301
vt 0.926543 0.522570
vt 0.913712 0.522570
vt 0.851465 0.469048
vt 0.861768 0.469048
vt 0.861768 0.533823
vt 0.851465 0.533823
vt 0.851465 0.339499
vt 0.861768 0.339499
vt 0.861768 0.404274
vt 0.851465 0.404274
vt 0.798419 0.469048
vt 0.808247 0.469048
vt 0.808247 0.533823
vt 0.798419 0.533823
vt 0.851465 0.459220
vt 0.861768 0.459220
vt 0.937796 0.469048
vt 0.937796 0.533823
vt 0.890688 0.480301
vt 0.884275 0.480301
vt 0.873021 0.469048
vt 0.882850 0.469048
vt 0.884275 0.522570
vt 0.918134 0.533823
vt 0.851465 0.578935
vt 0.861768 0.578935
vt 0.861768 0.598598
vt 0.851465 0.598598
vt 0.861768 0.543651
vt 0.851465 0.543651
vt 0.890688 0.522570
vt 0.882850 0.533823
vt 0.873021 0.533823
vt 0.918134 0.469048
vt 0.851465 0.423936
vt 0.861768 0.423936
vt 0.763134 0.469048
vt 0.763134 0.533823
vt 0.743472 0.469048
vt 0.743472 0.533823
vt 0.808247 0.543651
vt 0.808247 0.578935
vt 0.808247 0.404274
vt 0.808247 0.423936
vt 0.808247 0.598598
vt 0.808247 0.459220
vt 0.808247 0.339499
vt 0.955663 0.634908
vt 0.976954 0.634908
vt 0.976954 0.656199
vt 0.955663 0.656199
vt 0.976954 0.677490
vt 0.955663 0.677490
vt 0.976954 0.698781
vt 0.955663 0.698781
vt 0.976954 0.720072
vt 0.955663 0.720072
vt 0.934372 0.677490
vt 0.934372 0.698781
vt 0.998245 0.677490
vt 0.998245 0.698781
vt 0.837370 0.650260
vt 0.908724 0.650260
vt 0.908724 0.721614
vt 0.837370 0.721614
vt 0.908724 0.792969
vt 0.837370 0.792969
vt 0.908724 0.864323
vt 0.837370 0.864323
vt 0.908724 0.935677
vt 0.837370 0.935677
vt 0.766015 0.792969
vt 0.766015 0.864323
vt 0.980078 0.792969
vt 0.980078 0.864323
s 0
usemtl land_text
f 4/1/1 2/2/1 1/3/1 3/4/1
f 3/4/2 1/3/2 15/5/2 14/6/2 19/7/2 21/8/2
f 7/9/3 16/10/3 23/11/3 11/12/3
f 10/13/4 19/14/4 14/15/4 5/16/4
f 12/17/5 22/18/5 20/19/5 9/20/5
f 2/2/6 4/1/6 24/21/6 23/22/6 16/23/6 18/24/6
f 4/1/7 3/4/7 21/25/7 20/19/7 22/18/7 24/26/7
f 1/3/8 2/2/8 18/24/8 17/27/8 13/28/8 15/5/8
f 6/29/9 13/30/9 17/31/9 8/32/9
f 13/28/10 14/33/10 15/5/10
f 16/34/11 17/27/11 18/24/11
f 19/7/12 20/35/12 21/8/12
f 22/36/13 23/22/13 24/21/13
f 12/17/14 8/37/14 7/38/14 11/39/14
f 9/20/15 20/19/15 19/14/15 10/13/15
f 13/30/16 6/29/16 5/40/16 14/41/16
f 16/10/17 7/9/17 8/32/17 17/31/17
f 22/18/18 12/17/18 11/12/18 23/11/18
f 8/37/19 12/17/19 9/20/19 10/42/19 5/43/19 6/44/19
f 125/45/20 126/46/20 141/47/20 140/48/20
f 126/46/21 127/49/21 142/50/21 141/47/21
f 127/49/22 128/51/22 143/52/22 142/50/22
f 128/53/23 129/54/23 144/55/23 143/56/23
f 129/54/24 130/57/24 145/58/24 144/55/24
f 130/57/25 131/59/25 146/60/25 145/58/25
f 131/59/26 132/61/26 147/62/26 146/60/26
f 132/61/27 133/63/27 148/64/27 147/62/27
f 133/65/28 134/66/28 149/67/28 148/68/28
f 134/66/29 135/69/29 150/70/29 149/67/29
f 135/69/30 136/71/30 151/72/30 150/70/30
f 136/71/31 137/73/31 152/74/31 151/72/31
f 137/75/32 138/76/32 153/77/32 152/78/32
f 138/76/33 139/79/33 154/80/33 153/77/33
f 140/48/34 141/47/34 156/81/34 155/82/34
f 141/47/35 142/50/35 157/83/35 156/81/35
f 142/50/36 143/52/36 158/84/36 157/83/36
f 143/56/37 144/55/37 159/85/37 158/86/37
f 144/55/38 145/58/38 160/87/38 159/85/38
f 145/58/39 146/60/39 161/88/39 160/87/39
f 146/60/40 147/62/40 162/89/40 161/88/40
f 147/62/41 148/64/41 163/90/41 162/89/41
f 148/68/42 149/67/42 164/91/42 163/92/42
f 149/67/43 150/70/43 165/93/43 164/91/43
f 150/70/44 151/72/44 166/94/44 165/93/44
f 151/72/45 152/74/45 167/95/45 166/94/45
f 152/78/46 153/77/46 168/96/46 167/97/46
f 153/77/47 154/80/47 169/98/47 168/96/47
f 155/82/48 156/81/48 171/99/48 170/100/48
f 156/81/49 157/83/49 172/101/49 171/99/49
f 157/83/50 158/84/50 173/102/50 172/101/50
f 158/86/51 159/85/51 174/103/51 173/104/51
f 159/85/52 160/87/52 175/105/52 174/103/52
f 160/87/53 161/88/53 176/106/53 175/105/53
f 161/88/54 162/89/54 177/107/54 176/106/54
f 162/89/55 163/90/55 178/108/55 177/107/55
f 163/92/56 164/91/56 179/109/56 178/110/56
f 164/91/57 165/93/57 180/111/57 179/109/57
f 165/93/58 166/94/58 181/112/58 180/111/58
f 166/94/59 167/95/59 182/113/59 181/112/59
f 167/97/60 168/96/60 183/114/60 182/115/60
f 168/96/61 169/98/61 184/116/61 183/114/61
f 170/100/62 171/99/62 186/117/62 185/118/62
f 171/99/63 172/101/63 187/119/63 186/117/63
f 172/101/64 173/102/64 188/120/64 187/119/64
f 173/104/65 174/103/65 189/121/65 188/122/65
f 174/103/66 175/105/66 190/123/66 189/121/66
f 175/105/67 176/106/67 191/124/67 190/123/67
f 176/106/68 177/107/68 192/125/68 191/124/68
f 177/107/69 178/108/69 193/126/69 192/125/69
f 178/110/70 179/109/70 194/127/70 193/128/70
f 179/109/71 180/111/71 195/129/71 194/127/71
f 180/111/72 181/112/72 196/130/72 195/129/72
f 181/112/73 182/113/73 197/131/73 196/130/73
f 182/115/74 183/114/74 198/132/74 197/133/74
f 183/114/75 184/116/75 199/134/75 198/132/75
f 185/118/76 186/117/76 201/135/76 200/136/76
f 186/117/77 187/119/77 202/137/77 201/135/77
f 187/119/78 188/120/78 203/138/78 202/137/78
f 188/122/79 189/121/79 204/139/79 203/140/79
f 189/121/80 190/123/80 205/141/80 204/139/80
f 190/123/81 191/124/81 206/142/81 205/141/81
f 191/124/82 192/125/82 207/143/82 206/142/82
f 192/125/83 193/126/83 208/144/83 207/143/83
f 193/128/84 194/127/84 209/145/84 208/146/84
f 194/127/85 195/129/85 210/147/85 209/145/85
f 195/129/86 196/130/86 211/148/86 210/147/86
f 196/130/87 197/131/87 212/149/87 211/148/87
f 197/133/88 198/132/88 213/150/88 212/151/88
f 198/132/89 199/134/89 214/152/89 213/150/89
f 200/136/90 201/135/90 216/153/90 215/154/90
f 201/135/91 202/137/91 217/155/91 216/153/91
f 202/137/92 203/138/92 218/156/92 217/155/92
f 203/140/93 204/139/93 219/157/93 218/158/93
f 204/139/94 205/141/94 220/159/94 219/157/94
f 205/141/95 206/142/95 221/160/95 220/159/95
f 206/142/96 207/143/96 222/161/96 221/160/96
f 207/143/97 208/144/97 223/162/97 222/161/97
f 208/146/98 209/145/98 224/163/98 223/164/98
f 209/145/99 210/147/99 225/165/99 224/163/99
f 210/147/100 211/148/100 226/166/100 225/165/100
f 211/148/101 212/149/101 227/167/101 226/166/101
f 212/151/102 213/150/102 228/168/102 227/169/102
f 213/150/103 214/152/103 229/170/103 228/168/103
f 215/154/104 216/153/104 231/171/104 230/172/104
f 216/153/105 217/155/105 232/173/105 231/171/105
f 217/155/106 218/156/106 233/174/106 232/173/106
f 218/158/107 219/157/107 234/175/107 233/176/107
f 219/157/108 220/159/108 235/177/108 234/175/108
f 220/159/109 221/160/109 236/178/109 235/177/109
f 221/160/110 222/161/110 237/179/110 236/178/110
f 222/161/111 223/162/111 238/180/111 237/179/111
f 223/164/112 224/163/112 239/181/112 238/182/112
f 224/163/113 225/165/113 240/183/113 239/181/113
f 225/165/114 226/166/114 241/184/114 240/183/114
f 226/166/115 227/167/115 242/185/115 241/184/115
f 227/169/116 228/168/116 243/186/116 242/187/116
f 228/168/117 229/170/117 244/188/117 243/186/117
f 230/172/118 231/171/118 246/189/118 245/190/118
f 231/171/119 232/173/119 247/191/119 246/189/119
f 232/173/120 233/174/120 248/192/120 247/191/120
f 233/176/121 234/175/121 249/193/121 248/194/121
f 234/175/122 235/177/122 250/195/122 249/193/122
f 235/177/123 236/178/123 251/196/123 250/195/123
f 236/178/124 237/179/124 252/197/124 251/196/124
f 237/179/125 238/180/125 253/198/125 252/197/125
f 238/182/126 239/181/126 254/199/126 253/200/126
f 239/181/127 240/183/127 255/201/127 254/199/127
f 240/183/128 241/184/128 256/202/128 255/201/128
f 241/184/129 242/185/129 257/203/129 256/202/129
f 242/187/130 243/186/130 258/204/130 257/205/130
f 243/186/131 244/188/131 259/206/131 258/204/131
f 245/190/132 246/189/132 261/207/132 260/208/132
f 246/189/133 247/191/133 262/209/133 261/207/133
f 247/191/134 248/192/134 263/210/134 262/209/134
f 248/194/135 249/193/135 264/211/135 263/212/135
f 249/193/136 250/195/136 265/213/136 264/211/136
f 250/195/137 251/196/137 266/214/137 265/213/137
f 251/196/138 252/197/138 267/215/138 266/214/138
f 252/197/139 253/198/139 268/216/139 267/215/139
f 253/200/140 254/199/140 269/217/140 268/218/140
f 254/199/141 255/201/141 270/219/141 269/217/141
f 255/201/142 256/202/142 271/220/142 270/219/142
f 256/202/143 257/203/143 272/221/143 271/220/143
f 257/205/144 258/204/144 273/222/144 272/223/144
f 258/204/145 259/206/145 274/224/145 273/222/145
f 260/208/146 261/207/146 276/225/146 275/226/146
f 261/207/147 262/209/147 277/227/147 276/225/147
f 262/209/148 263/210/148 278/228/148 277/227/148
f 263/212/149 264/211/149 279/229/149 278/230/149
f 264/211/150 265/213/150 280/231/150 279/229/150
f 265/213/151 266/214/151 281/232/151 280/231/151
f 266/214/152 267/215/152 282/233/152 281/232/152
f 267/215/153 268/216/153 283/234/153 282/233/153
f 268/218/154 269/217/154 284/235/154 283/236/154
f 269/217/155 270/219/155 285/237/155 284/235/155
f 270/219/156 271/220/156 286/238/156 285/237/156
f 271/220/157 272/221/157 287/239/157 286/238/157
f 272/223/158 273/222/158 288/240/158 287/241/158
f 273/222/159 274/224/159 289/242/159 288/240/159
f 275/226/160 276/225/160 291/243/160 290/244/160
f 276/225/161 277/227/161 292/245/161 291/243/161
f 277/227/162 278/228/162 293/246/162 292/245/162
f 278/230/163 279/229/163 294/247/163 293/248/163
f 279/229/164 280/231/164 295/249/164 294/247/164
f 280/231/165 281/232/165 296/250/165 295/249/165
f 281/232/166 282/233/166 297/251/166 296/250/166
f 282/233/167 283/234/167 298/252/167 297/251/167
f 283/236/168 284/235/168 299/253/168 298/254/168
f 284/235/169 285/237/169 300/255/169 299/253/169
f 285/237/170 286/238/170 301/256/170 300/255/170
f 286/238/171 287/239/171 302/257/171 301/256/171
f 287/241/172 288/240/172 303/258/172 302/259/172
f 288/240/173 289/242/173 304/260/173 303/258/173
f 290/261/174 291/262/174 306/263/174 305/264/174
f 291/262/175 292/265/175 307/266/175 306/263/175
f 292/265/176 293/267/176 308/268/176 307/266/176
f 293/269/177 294/270/177 309/271/177 308/272/177
f 294/270/178 295/273/178 310/274/178 309/271/178
f 295/273/179 296/275/179 311/276/179 310/274/179
f 296/275/180 297/277/180 312/278/180 311/276/180
f 297/277/181 298/279/181 313/280/181 312/278/181
f 298/281/182 299/282/182 314/283/182 313/284/182
f 299/282/183 300/285/183 315/286/183 314/283/183
f 300/285/184 301/287/184 316/288/184 315/286/184
f 301/287/185 302/289/185 317/290/185 316/288/185
f 302/291/186 303/292/186 318/293/186 317/294/186
f 303/292/187 304/295/187 319/296/187 318/293/187
f 305/264/188 306/263/188 321/297/188 320/298/188
f 306/263/189 307/266/189 322/299/189 321/297/189
f 307/266/190 308/268/190 323/300/190 322/299/190
f 308/272/191 309/271/191 324/301/191 323/302/191
f 309/271/192 310/274/192 325/303/192 324/301/192
f 310/274/193 311/276/193 326/304/193 325/303/193
f 311/276/194 312/278/194 327/305/194 326/304/194
f 312/278/195 313/280/195 328/306/195 327/305/195
f 313/284/196 314/283/196 329/307/196 328/308/196
f 314/283/197 315/286/197 330/309/197 329/307/197
f 315/286/198 316/288/198 331/310/198 330/309/198
f 316/288/199 317/290/199 332/311/199 331/310/199
f 317/294/200 318/293/200 333/312/200 332/313/200
f 318/293/201 319/296/201 334/314/201 333/312/201
f 320/298/202 321/297/202 336/315/202 335/316/202
f 321/297/203 322/299/203 337/317/203 336/315/203
f 322/299/204 323/300/204 338/318/204 337/317/204
f 323/302/205 324/301/205 339/319/205 338/320/205
f 324/301/206 325/303/206 340/321/206 339/319/206
f 325/303/207 326/304/207 341/322/207 340/321/207
f 326/304/208 327/305/208 342/323/208 341/322/208
f 327/305/209 328/306/209 343/324/209 342/323/209
f 328/308/210 329/307/210 344/325/210 343/326/210
f 329/307/211 330/309/211 345/327/211 344/325/211
f 330/309/212 331/310/212 346/328/212 345/327/212
f 331/310/213 332/311/213 347/329/213 346/328/213
f 332/313/214 333/312/214 348/330/214 347/331/214
f 333/312/215 334/314/215 349/332/215 348/330/215
f 25/333/216 124/334/216 125/335/216 80/336/216
f 124/334/217 123/337/217 126/338/217 125/335/217
f 123/337/218 122/339/218 127/340/218 126/338/218
f 122/339/219 121/341/219 128/342/219 127/340/219
f 121/343/220 120/344/220 129/345/220 128/346/220
f 120/344/221 119/347/221 130/348/221 129/345/221
f 119/347/222 118/349/222 131/350/222 130/348/222
f 118/349/223 117/351/223 132/352/223 131/350/223
f 117/351/224 116/353/224 133/354/224 132/352/224
f 116/355/225 115/356/225 134/357/225 133/358/225
f 115/356/226 114/359/226 135/360/226 134/357/226
f 114/359/227 113/361/227 136/362/227 135/360/227
f 113/361/228 112/363/228 137/364/228 136/362/228
f 112/365/229 111/366/229 138/367/229 137/368/229
f 111/366/230 110/369/230 139/370/230 138/367/230
f 110/369/231 27/371/231 109/372/231 139/370/231
f 139/79/232 109/373/232 108/374/232 154/80/232
f 154/80/233 108/374/233 107/375/233 169/98/233
f 169/98/234 107/375/234 106/376/234 184/116/234
f 184/116/235 106/376/235 105/377/235 199/134/235
f 199/134/236 105/377/236 104/378/236 214/152/236
f 214/152/237 104/378/237 103/379/237 229/170/237
f 229/170/238 103/379/238 102/380/238 244/188/238
f 244/188/239 102/380/239 101/381/239 259/206/239
f 259/206/240 101/381/240 100/382/240 274/224/240
f 274/224/241 100/382/241 99/383/241 289/242/241
f 289/242/242 99/383/242 98/384/242 304/260/242
f 304/295/243 98/385/243 97/386/243 319/296/243
f 319/296/244 97/386/244 96/387/244 334/314/244
f 334/314/245 96/387/245 95/388/245 349/332/245
f 349/332/246 95/388/246 28/389/246 79/390/246
f 348/330/247 349/332/247 79/390/247 78/391/247
f 347/331/248 348/330/248 78/391/248 77/392/248
f 346/328/249 347/329/249 77/393/249 76/394/249
f 345/327/250 346/328/250 76/394/250 75/395/250
f 344/325/251 345/327/251 75/395/251 74/396/251
f 343/326/252 344/325/252 74/396/252 73/397/252
f 342/323/253 343/324/253 73/398/253 72/399/253
f 341/322/254 342/323/254 72/399/254 71/400/254
f 340/321/255 341/322/255 71/400/255 70/401/255
f 339/319/256 340/321/256 70/401/256 69/402/256
f 338/320/257 339/319/257 69/402/257 68/403/257
f 337/317/258 338/318/258 68/404/258 67/405/258
f 336/315/259 337/317/259 67/405/259 66/406/259
f 335/316/260 336/315/260 66/406/260 65/407/260
f 94/408/261 335/316/261 65/407/261 26/409/261
f 93/410/262 320/298/262 335/316/262 94/408/262
f 92/411/263 305/264/263 320/298/263 93/410/263
f 91/412/264 290/261/264 305/264/264 92/411/264
f 90/413/265 275/226/265 290/244/265 91/414/265
f 89/415/266 260/208/266 275/226/266 90/413/266
f 88/416/267 245/190/267 260/208/267 89/415/267
f 87/417/268 230/172/268 245/190/268 88/416/268
f 86/418/269 215/154/269 230/172/269 87/417/269
f 85/419/270 200/136/270 215/154/270 86/418/270
f 84/420/271 185/118/271 200/136/271 85/419/271
f 83/421/272 170/100/272 185/118/272 84/420/272
f 82/422/273 155/82/273 170/100/273 83/421/273
f 81/423/274 140/48/274 155/82/274 82/422/274
f 80/424/275 125/45/275 140/48/275 81/423/275
f 350/425/276 351/426/276 360/427/276 359/428/276
f 351/426/277 352/429/277 361/430/277 360/427/277
f 352/429/278 353/431/278 362/432/278 361/430/278
f 353/431/279 354/433/279 363/434/279 362/432/279
f 354/433/280 355/435/280 364/436/280 363/434/280
f 355/435/281 356/437/281 365/438/281 364/436/281
f 356/437/282 357/439/282 366/440/282 365/438/282
f 357/439/283 358/441/283 367/442/283 366/440/283
f 359/428/284 360/427/284 369/443/284 368/444/284
f 360/427/285 361/430/285 370/445/285 369/443/285
f 361/430/286 362/432/286 371/446/286 370/445/286
f 362/432/287 363/434/287 372/447/287 371/446/287
f 363/434/288 364/436/288 373/448/288 372/447/288
f 364/436/289 365/438/289 374/449/289 373/448/289
f 365/438/290 366/440/290 375/450/290 374/449/290
f 366/440/291 367/442/291 376/451/291 375/450/291
f 368/444/292 369/443/292 378/452/292 377/453/292
f 369/443/293 370/445/293 379/454/293 378/452/293
f 370/445/294 371/446/294 380/455/294 379/454/294
f 371/446/295 372/447/295 381/456/295 380/455/295
f 372/447/296 373/448/296 382/457/296 381/456/296
f 373/448/297 374/449/297 383/458/297 382/457/297
f 374/449/298 375/450/298 384/459/298 383/458/298
f 375/450/299 376/451/299 385/460/299 384/459/299
f 377/461/300 378/462/300 387/463/300 386/464/300
f 378/462/301 379/465/301 388/466/301 387/463/301
f 379/465/302 380/467/302 389/468/302 388/466/302
f 380/467/303 381/469/303 390/470/303 389/468/303
f 381/469/304 382/471/304 391/472/304 390/470/304
f 382/471/305 383/473/305 392/474/305 391/472/305
f 383/473/306 384/475/306 393/476/306 392/474/306
f 384/475/307 385/477/307 394/478/307 393/476/307
f 386/464/308 387/463/308 396/479/308 395/480/308
f 387/463/309 388/466/309 397/481/309 396/479/309
f 388/466/310 389/468/310 398/482/310 397/481/310
f 389/468/311 390/470/311 399/483/311 398/482/311
f 390/470/312 391/472/312 400/484/312 399/483/312
f 391/472/313 392/474/313 401/485/313 400/484/313
f 392/474/314 393/476/314 402/486/314 401/485/314
f 393/476/315 394/478/315 403/487/315 402/486/315
f 395/480/316 396/479/316 405/488/316 404/489/316
f 396/479/317 397/481/317 406/490/317 405/488/317
f 397/481/318 398/482/318 407/491/318 406/490/318
f 398/482/319 399/483/319 408/492/319 407/491/319
f 399/483/320 400/484/320 409/493/320 408/492/320
f 400/484/321 401/485/321 410/494/321 409/493/321
f 401/485/322 402/486/322 411/495/322 410/494/322
f 402/486/323 403/487/323 412/496/323 411/495/323
f 404/489/324 405/488/324 414/497/324 413/498/324
f 405/488/325 406/490/325 415/499/325 414/497/325
f 406/490/326 407/491/326 416/500/326 415/499/326
f 407/491/327 408/492/327 417/501/327 416/500/327
f 408/492/328 409/493/328 418/502/328 417/501/328
f 409/493/329 410/494/329 419/503/329 418/502/329
f 410/494/330 411/495/330 420/504/330 419/503/330
f 411/495/331 412/496/331 421/505/331 420/504/331
f 413/498/332 414/497/332 423/506/332 422/507/332
f 414/497/333 415/499/333 424/508/333 423/506/333
f 415/499/334 416/500/334 425/509/334 424/508/334
f 416/500/335 417/501/335 426/510/335 425/509/335
f 417/501/336 418/502/336 427/511/336 426/510/336
f 418/502/337 419/503/337 428/512/337 427/511/337
f 419/503/338 420/504/338 429/513/338 428/512/338
f 420/504/339 421/505/339 430/514/339 429/513/339
f 422/515/340 423/516/340 432/517/340 431/518/340
f 423/516/341 424/519/341 433/520/341 432/517/341
f 424/519/342 425/521/342 434/522/342 433/520/342
f 425/521/343 426/523/343 435/524/343 434/522/343
f 426/523/344 427/525/344 436/526/344 435/524/344
f 427/525/345 428/527/345 437/528/345 436/526/345
f 428/527/346 429/529/346 438/530/346 437/528/346
f 429/529/347 430/531/347 439/532/347 438/530/347
f 431/518/348 432/517/348 441/533/348 440/534/348
f 432/517/349 433/520/349 442/535/349 441/533/349
f 433/520/350 434/522/350 443/536/350 442/535/350
f 434/522/351 435/524/351 444/537/351 443/536/351
f 435/524/352 436/526/352 445/538/352 444/537/352
f 436/526/353 437/528/353 446/539/353 445/538/353
f 437/528/354 438/530/354 447/540/354 446/539/354
f 438/530/355 439/532/355 448/541/355 447/540/355
f 440/534/356 441/533/356 450/542/356 449/543/356
f 441/533/357 442/535/357 451/544/357 450/542/357
f 442/535/358 443/536/358 452/545/358 451/544/358
f 443/536/359 444/537/359 453/546/359 452/545/359
f 444/537/360 445/538/360 454/547/360 453/546/360
f 445/538/361 446/539/361 455/548/361 454/547/361
f 446/539/362 447/540/362 456/549/362 455/548/362
f 447/540/363 448/541/363 457/550/363 456/549/363
f 449/543/364 450/542/364 459/551/364 458/552/364
f 450/542/365 451/544/365 460/553/365 459/551/365
f 451/544/366 452/545/366 461/554/366 460/553/366
f 452/545/367 453/546/367 462/555/367 461/554/367
f 453/546/368 454/547/368 463/556/368 462/555/368
f 454/547/369 455/548/369 464/557/369 463/556/369
f 455/548/370 456/549/370 465/558/370 464/557/370
f 456/549/371 457/550/371 466/559/371 465/558/371
f 458/560/372 459/561/372 468/562/372 467/563/372
f 459/561/373 460/564/373 469/565/373 468/562/373
f 460/564/374 461/566/374 470/567/374 469/565/374
f 461/566/375 462/568/375 471/569/375 470/567/375
f 462/568/376 463/570/376 472/571/376 471/569/376
f 463/570/377 464/572/377 473/573/377 472/571/377
f 464/572/378 465/574/378 474/575/378 473/573/378
f 465/574/379 466/576/379 475/577/379 474/575/379
f 467/563/380 468/562/380 477/578/380 476/579/380
f 468/562/381 469/565/381 478/580/381 477/578/381
f 469/565/382 470/567/382 479/581/382 478/580/382
f 470/567/383 471/569/383 480/582/383 479/581/383
f 471/569/384 472/571/384 481/583/384 480/582/384
f 472/571/385 473/573/385 482/584/385 481/583/385
f 473/573/386 474/575/386 483/585/386 482/584/386
f 474/575/387 475/577/387 484/586/387 483/585/387
f 55/587/388 54/588/388 351/426/388 350/425/388
f 54/588/389 53/589/389 352/429/389 351/426/389
f 53/589/390 52/590/390 353/431/390 352/429/390
f 52/590/391 51/591/391 354/433/391 353/431/391
f 51/591/392 50/592/392 355/435/392 354/433/392
f 50/592/393 49/593/393 356/437/393 355/435/393
f 49/593/394 48/594/394 357/439/394 356/437/394
f 48/594/395 47/595/395 358/441/395 357/439/395
f 47/595/396 26/409/396 65/407/396 358/441/396
f 358/441/397 65/407/397 66/406/397 367/442/397
f 367/442/398 66/406/398 67/405/398 376/451/398
f 376/451/399 67/405/399 68/404/399 385/460/399
f 385/477/400 68/403/400 69/402/400 394/478/400
f 394/478/401 69/402/401 70/401/401 403/487/401
f 403/487/402 70/401/402 71/400/402 412/496/402
f 412/496/403 71/400/403 72/399/403 421/505/403
f 421/505/404 72/399/404 73/398/404 430/514/404
f 430/531/405 73/397/405 74/396/405 439/532/405
f 439/532/406 74/396/406 75/395/406 448/541/406
f 448/541/407 75/395/407 76/394/407 457/550/407
f 457/550/408 76/394/408 77/393/408 466/559/408
f 466/576/409 77/392/409 78/391/409 475/577/409
f 475/577/410 78/391/410 79/390/410 484/586/410
f 484/586/411 79/390/411 28/389/411 46/596/411
f 483/585/412 484/586/412 46/596/412 45/597/412
f 482/584/413 483/585/413 45/597/413 44/598/413
f 481/583/414 482/584/414 44/598/414 43/599/414
f 480/582/415 481/583/415 43/599/415 42/600/415
f 479/581/416 480/582/416 42/600/416 41/601/416
f 478/580/417 479/581/417 41/601/417 40/602/417
f 477/578/418 478/580/418 40/602/418 39/603/418
f 476/579/419 477/578/419 39/603/419 38/604/419
f 485/605/420 486/606/420 495/607/420 494/608/420
f 486/606/421 487/609/421 496/610/421 495/607/421
f 487/609/422 488/611/422 497/612/422 496/610/422
f 488/611/423 489/613/423 498/614/423 497/612/423
f 489/613/424 490/615/424 499/616/424 498/614/424
f 490/615/425 491/617/425 500/618/425 499/616/425
f 491/617/426 492/619/426 501/620/426 500/618/426
f 492/619/427 493/621/427 502/622/427 501/620/427
f 494/608/428 495/607/428 504/623/428 503/624/428
f 495/607/429 496/610/429 505/625/429 504/623/429
f 496/610/430 497/612/430 506/626/430 505/625/430
f 497/612/431 498/614/431 507/627/431 506/626/431
f 498/614/432 499/616/432 508/628/432 507/627/432
f 499/616/433 500/618/433 509/629/433 508/628/433
f 500/618/434 501/620/434 510/630/434 509/629/434
f 501/620/435 502/622/435 511/631/435 510/630/435
f 503/624/436 504/623/436 513/632/436 512/633/436
f 504/623/437 505/625/437 514/634/437 513/632/437
f 505/625/438 506/626/438 515/635/438 514/634/438
f 506/626/439 507/627/439 516/636/439 515/635/439
f 507/627/440 508/628/440 517/637/440 516/636/440
f 508/628/441 509/629/441 518/638/441 517/637/441
f 509/629/442 510/630/442 519/639/442 518/638/442
f 510/630/443 511/631/443 520/640/443 519/639/443
f 512/641/444 513/642/444 522/643/444 521/644/444
f 513/642/445 514/645/445 523/646/445 522/643/445
f 514/645/446 515/647/446 524/648/446 523/646/446
f 515/647/447 516/649/447 525/650/447 524/648/447
f 516/649/448 517/651/448 526/652/448 525/650/448
f 517/651/449 518/653/449 527/654/449 526/652/449
f 518/653/450 519/655/450 528/656/450 527/654/450
f 519/655/451 520/657/451 529/658/451 528/656/451
f 521/644/452 522/643/452 531/659/452 530/660/452
f 522/643/453 523/646/453 532/661/453 531/659/453
f 523/646/454 524/648/454 533/662/454 532/661/454
f 524/648/455 525/650/455 534/663/455 533/662/455
f 525/650/456 526/652/456 535/664/456 534/663/456
f 526/652/457 527/654/457 536/665/457 535/664/457
f 527/654/458 528/656/458 537/666/458 536/665/458
f 528/656/459 529/658/459 538/667/459 537/666/459
f 530/660/460 531/659/460 540/668/460 539/669/460
f 531/659/461 532/661/461 541/670/461 540/668/461
f 532/661/462 533/662/462 542/671/462 541/670/462
f 533/662/463 534/663/463 543/672/463 542/671/463
f 534/663/464 535/664/464 544/673/464 543/672/464
f 535/664/465 536/665/465 545/674/465 544/673/465
f 536/665/466 537/666/466 546/675/466 545/674/466
f 537/666/467 538/667/467 547/676/467 546/675/467
f 539/669/468 540/668/468 549/677/468 548/678/468
f 540/668/469 541/670/469 550/679/469 549/677/469
f 541/670/470 542/671/470 551/680/470 550/679/470
f 542/671/471 543/672/471 552/681/471 551/680/471
f 543/672/472 544/673/472 553/682/472 552/681/472
f 544/673/473 545/674/473 554/683/473 553/682/473
f 545/674/474 546/675/474 555/684/474 554/683/474
f 546/675/475 547/676/475 556/685/475 555/684/475
f 548/678/476 549/677/476 558/686/476 557/687/476
f 549/677/477 550/679/477 559/688/477 558/686/477
f 550/679/478 551/680/478 560/689/478 559/688/478
f 551/680/479 552/681/479 561/690/479 560/689/479
f 552/681/480 553/682/480 562/691/480 561/690/480
f 553/682/481 554/683/481 563/692/481 562/691/481
f 554/683/482 555/684/482 564/693/482 563/692/482
f 555/684/483 556/685/483 565/694/483 564/693/483
f 557/687/484 558/686/484 567/695/484 566/696/484
f 558/686/485 559/688/485 568/697/485 567/695/485
f 559/688/486 560/689/486 569/698/486 568/697/486
f 560/689/487 561/690/487 570/699/487 569/698/487
f 561/690/488 562/691/488 571/700/488 570/699/488
f 562/691/489 563/692/489 572/701/489 571/700/489
f 563/692/490 564/693/490 573/702/490 572/701/490
f 564/693/491 565/694/491 574/703/491 573/702/491
f 566/696/492 567/695/492 576/704/492 575/705/492
f 567/695/493 568/697/493 577/706/493 576/704/493
f 568/697/494 569/698/494 578/707/494 577/706/494
f 569/698/495 570/699/495 579/708/495 578/707/495
f 570/699/496 571/700/496 580/709/496 579/708/496
f 571/700/497 572/701/497 581/710/497 580/709/497
f 572/701/498 573/702/498 582/711/498 581/710/498
f 573/702/499 574/703/499 583/712/499 582/711/499
f 575/705/500 576/704/500 585/713/500 584/714/500
f 576/704/501 577/706/501 586/715/501 585/713/501
f 577/706/502 578/707/502 587/716/502 586/715/502
f 578/707/503 579/708/503 588/717/503 587/716/503
f 579/708/504 580/709/504 589/718/504 588/717/504
f 580/709/505 581/710/505 590/719/505 589/718/505
f 581/710/506 582/711/506 591/720/506 590/719/506
f 582/711/507 583/712/507 592/721/507 591/720/507
f 584/714/508 585/713/508 594/722/508 593/723/508
f 585/713/509 586/715/509 595/724/509 594/722/509
f 586/715/510 587/716/510 596/725/510 595/724/510
f 587/716/511 588/717/511 597/726/511 596/725/511
f 588/717/512 589/718/512 598/727/512 597/726/512
f 589/718/513 590/719/513 599/728/513 598/727/513
f 590/719/514 591/720/514 600/729/514 599/728/514
f 591/720/515 592/721/515 601/730/515 600/729/515
f 593/723/516 594/722/516 603/731/516 602/732/516
f 594/722/517 595/724/517 604/733/517 603/731/517
f 595/724/518 596/725/518 605/734/518 604/733/518
f 596/725/519 597/726/519 606/735/519 605/734/519
f 597/726/520 598/727/520 607/736/520 606/735/520
f 598/727/521 599/728/521 608/737/521 607/736/521
f 599/728/522 600/729/522 609/738/522 608/737/522
f 600/729/523 601/730/523 610/739/523 609/738/523
f 602/732/524 603/731/524 612/740/524 611/741/524
f 603/731/525 604/733/525 613/742/525 612/740/525
f 604/733/526 605/734/526 614/743/526 613/742/526
f 605/734/527 606/735/527 615/744/527 614/743/527
f 606/735/528 607/736/528 616/745/528 615/744/528
f 607/736/529 608/737/529 617/746/529 616/745/529
f 608/737/530 609/738/530 618/747/530 617/746/530
f 609/738/531 610/739/531 619/748/531 618/747/531
f 38/604/532 39/603/532 486/606/532 485/605/532
f 39/603/533 40/602/533 487/609/533 486/606/533
f 40/602/534 41/601/534 488/611/534 487/609/534
f 41/601/535 42/600/535 489/613/535 488/611/535
f 42/600/536 43/599/536 490/615/536 489/613/536
f 43/599/537 44/598/537 491/617/537 490/615/537
f 44/598/538 45/597/538 492/619/538 491/617/538
f 45/597/539 46/596/539 493/621/539 492/619/539
f 46/596/540 28/389/540 95/388/540 493/621/540
f 493/621/541 95/388/541 96/387/541 502/622/541
f 502/622/542 96/387/542 97/386/542 511/631/542
f 511/631/543 97/386/543 98/385/543 520/640/543
f 520/657/544 98/384/544 99/383/544 529/658/544
f 529/658/545 99/383/545 100/382/545 538/667/545
f 538/667/546 100/382/546 101/381/546 547/676/546
f 547/676/547 101/381/547 102/380/547 556/685/547
f 556/685/548 102/380/548 103/379/548 565/694/548
f 565/694/549 103/379/549 104/378/549 574/703/549
f 574/703/550 104/378/550 105/377/550 583/712/550
f 583/712/551 105/377/551 106/376/551 592/721/551
f 592/721/552 106/376/552 107/375/552 601/730/552
f 601/730/553 107/375/553 108/374/553 610/739/553
f 610/739/554 108/374/554 109/373/554 619/748/554
f 619/749/555 109/372/555 27/371/555 56/750/555
f 618/751/556 619/749/556 56/750/556 57/752/556
f 617/753/557 618/751/557 57/752/557 58/754/557
f 616/755/558 617/753/558 58/754/558 59/756/558
f 615/757/559 616/755/559 59/756/559 60/758/559
f 614/759/560 615/757/560 60/758/560 61/760/560
f 613/761/561 614/759/561 61/760/561 62/762/561
f 612/763/562 613/761/562 62/762/562 63/764/562
f 611/765/563 612/763/563 63/764/563 64/766/563
f 620/767/564 621/768/564 630/769/564 629/770/564
f 621/768/565 622/771/565 631/772/565 630/769/565
f 622/771/566 623/773/566 632/774/566 631/772/566
f 623/773/567 624/775/567 633/776/567 632/774/567
f 624/775/568 625/777/568 634/778/568 633/776/568
f 625/777/569 626/779/569 635/780/569 634/778/569
f 626/779/570 627/781/570 636/782/570 635/780/570
f 627/781/571 628/783/571 637/784/571 636/782/571
f 629/770/572 630/769/572 639/785/572 638/786/572
f 630/769/573 631/772/573 640/787/573 639/785/573
f 631/772/574 632/774/574 641/788/574 640/787/574
f 632/774/575 633/776/575 642/789/575 641/788/575
f 633/776/576 634/778/576 643/790/576 642/789/576
f 634/778/577 635/780/577 644/791/577 643/790/577
f 635/780/578 636/782/578 645/792/578 644/791/578
f 636/782/579 637/784/579 646/793/579 645/792/579
f 638/786/580 639/785/580 648/794/580 647/795/580
f 639/785/581 640/787/581 649/796/581 648/794/581
f 640/787/582 641/788/582 650/797/582 649/796/582
f 641/788/583 642/789/583 651/798/583 650/797/583
f 642/789/584 643/790/584 652/799/584 651/798/584
f 643/790/585 644/791/585 653/800/585 652/799/585
f 644/791/586 645/792/586 654/801/586 653/800/586
f 645/792/587 646/793/587 655/802/587 654/801/587
f 647/795/588 648/794/588 657/803/588 656/804/588
f 648/794/589 649/796/589 658/805/589 657/803/589
f 649/796/590 650/797/590 659/806/590 658/805/590
f 650/797/591 651/798/591 660/807/591 659/806/591
f 651/798/592 652/799/592 661/808/592 660/807/592
f 652/799/593 653/800/593 662/809/593 661/808/593
f 653/800/594 654/801/594 663/810/594 662/809/594
f 654/801/595 655/802/595 664/811/595 663/810/595
f 656/804/596 657/803/596 666/812/596 665/813/596
f 657/803/597 658/805/597 667/814/597 666/812/597
f 658/805/598 659/806/598 668/815/598 667/814/598
f 659/806/599 660/807/599 669/816/599 668/815/599
f 660/807/600 661/808/600 670/817/600 669/816/600
f 661/808/601 662/809/601 671/818/601 670/817/601
f 662/809/602 663/810/602 672/819/602 671/818/602
f 663/810/603 664/811/603 673/820/603 672/819/603
f 665/813/604 666/812/604 675/821/604 674/822/604
f 666/812/605 667/814/605 676/823/605 675/821/605
f 667/814/606 668/815/606 677/824/606 676/823/606
f 668/815/607 669/816/607 678/825/607 677/824/607
f 669/816/608 670/817/608 679/826/608 678/825/608
f 670/817/609 671/818/609 680/827/609 679/826/609
f 671/818/610 672/819/610 681/828/610 680/827/610
f 672/819/611 673/820/611 682/829/611 681/828/611
f 674/822/612 675/821/612 684/830/612 683/831/612
f 675/821/613 676/823/613 685/832/613 684/830/613
f 676/823/614 677/824/614 686/833/614 685/832/614
f 677/824/615 678/825/615 687/834/615 686/833/615
f 678/825/616 679/826/616 688/835/616 687/834/616
f 679/826/617 680/827/617 689/836/617 688/835/617
f 680/827/618 681/828/618 690/837/618 689/836/618
f 681/828/619 682/829/619 691/838/619 690/837/619
f 683/831/620 684/830/620 693/839/620 692/840/620
f 684/830/621 685/832/621 694/841/621 693/839/621
f 685/832/622 686/833/622 695/842/622 694/841/622
f 686/833/623 687/834/623 696/843/623 695/842/623
f 687/834/624 688/835/624 697/844/624 696/843/624
f 688/835/625 689/836/625 698/845/625 697/844/625
f 689/836/626 690/837/626 699/846/626 698/845/626
f 690/837/627 691/838/627 700/847/627 699/846/627
f 692/840/628 693/839/628 702/848/628 701/849/628
f 693/839/629 694/841/629 703/850/629 702/848/629
f 694/841/630 695/842/630 704/851/630 703/850/630
f 695/842/631 696/843/631 705/852/631 704/851/631
f 696/843/632 697/844/632 706/853/632 705/852/632
f 697/844/633 698/845/633 707/854/633 706/853/633
f 698/845/634 699/846/634 708/855/634 707/854/634
f 699/846/635 700/847/635 709/856/635 708/855/635
f 701/849/636 702/848/636 711/857/636 710/858/636
f 702/848/637 703/850/637 712/859/637 711/857/637
f 703/850/638 704/851/638 713/860/638 712/859/638
f 704/851/639 705/852/639 714/861/639 713/860/639
f 705/852/640 706/853/640 715/862/640 714/861/640
f 706/853/641 707/854/641 716/863/641 715/862/641
f 707/854/642 708/855/642 717/864/642 716/863/642
f 708/855/643 709/856/643 718/865/643 717/864/643
f 710/858/644 711/857/644 720/866/644 719/867/644
f 711/857/645 712/859/645 721/868/645 720/866/645
f 712/859/646 713/860/646 722/869/646 721/868/646
f 713/860/647 714/861/647 723/870/647 722/869/647
f 714/861/648 715/862/648 724/871/648 723/870/648
f 715/862/649 716/863/649 725/872/649 724/871/649
f 716/863/650 717/864/650 726/873/650 725/872/650
f 717/864/651 718/865/651 727/874/651 726/873/651
f 719/875/652 720/876/652 729/877/652 728/878/652
f 720/876/653 721/879/653 730/880/653 729/877/653
f 721/879/654 722/881/654 731/882/654 730/880/654
f 722/881/655 723/883/655 732/884/655 731/882/655
f 723/883/656 724/885/656 733/886/656 732/884/656
f 724/885/657 725/887/657 734/888/657 733/886/657
f 725/887/658 726/889/658 735/890/658 734/888/658
f 726/889/659 727/891/659 736/892/659 735/890/659
f 728/878/660 729/877/660 738/893/660 737/894/660
f 729/877/661 730/880/661 739/895/661 738/893/661
f 730/880/662 731/882/662 740/896/662 739/895/662
f 731/882/663 732/884/663 741/897/663 740/896/663
f 732/884/664 733/886/664 742/898/664 741/897/664
f 733/886/665 734/888/665 743/899/665 742/898/665
f 734/888/666 735/890/666 744/900/666 743/899/666
f 735/890/667 736/892/667 745/901/667 744/900/667
f 737/894/668 738/893/668 747/902/668 746/903/668
f 738/893/669 739/895/669 748/904/669 747/902/669
f 739/895/670 740/896/670 749/905/670 748/904/670
f 740/896/671 741/897/671 750/906/671 749/905/671
f 741/897/672 742/898/672 751/907/672 750/906/672
f 742/898/673 743/899/673 752/908/673 751/907/673
f 743/899/674 744/900/674 753/909/674 752/908/674
f 744/900/675 745/901/675 754/910/675 753/909/675
f 37/911/676 36/912/676 621/913/676 620/914/676
f 36/912/677 35/915/677 622/916/677 621/913/677
f 35/915/678 34/917/678 623/918/678 622/916/678
f 34/917/679 33/919/679 624/920/679 623/918/679
f 33/919/680 32/921/680 625/922/680 624/920/680
f 32/921/681 31/923/681 626/924/681 625/922/681
f 31/923/682 30/925/682 627/926/682 626/924/682
f 30/925/683 29/927/683 628/928/683 627/926/683
f 29/927/684 25/333/684 80/336/684 628/928/684
f 628/783/685 80/424/685 81/423/685 637/784/685
f 637/784/686 81/423/686 82/422/686 646/793/686
f 646/793/687 82/422/687 83/421/687 655/802/687
f 655/802/688 83/421/688 84/420/688 664/811/688
f 664/811/689 84/420/689 85/419/689 673/820/689
f 673/820/690 85/419/690 86/418/690 682/829/690
f 682/829/691 86/418/691 87/417/691 691/838/691
f 691/838/692 87/417/692 88/416/692 700/847/692
f 700/847/693 88/416/693 89/415/693 709/856/693
f 709/856/694 89/415/694 90/413/694 718/865/694
f 718/865/695 90/413/695 91/414/695 727/874/695
f 727/891/696 91/412/696 92/411/696 736/892/696
f 736/892/697 92/411/697 93/410/697 745/901/697
f 745/901/698 93/410/698 94/408/698 754/910/698
f 754/910/699 94/408/699 26/409/699 47/595/699
f 753/909/700 754/910/700 47/595/700 48/594/700
f 752/908/701 753/909/701 48/594/701 49/593/701
f 751/907/702 752/908/702 49/593/702 50/592/702
f 750/906/703 751/907/703 50/592/703 51/591/703
f 749/905/704 750/906/704 51/591/704 52/590/704
f 748/904/705 749/905/705 52/590/705 53/589/705
f 747/902/706 748/904/706 53/589/706 54/588/706
f 746/903/707 747/902/707 54/588/707 55/587/707
f 755/929/708 756/930/708 765/931/708 764/932/708
f 756/930/709 757/933/709 766/934/709 765/931/709
f 757/933/710 758/935/710 767/936/710 766/934/710
f 758/935/711 759/937/711 768/938/711 767/936/711
f 759/937/712 760/939/712 769/940/712 768/938/712
f 760/939/713 761/941/713 770/942/713 769/940/713
f 761/941/714 762/943/714 771/944/714 770/942/714
f 762/943/715 763/945/715 772/946/715 771/944/715
f 764/932/716 765/931/716 774/947/716 773/948/716
f 765/931/717 766/934/717 775/949/717 774/947/717
f 766/934/718 767/936/718 776/950/718 775/949/718
f 767/936/719 768/938/719 777/951/719 776/950/719
f 768/938/720 769/940/720 778/952/720 777/951/720
f 769/940/721 770/942/721 779/953/721 778/952/721
f 770/942/722 771/944/722 780/954/722 779/953/722
f 771/944/723 772/946/723 781/955/723 780/954/723
f 773/956/724 774/957/724 783/958/724 782/959/724
f 774/957/725 775/960/725 784/961/725 783/958/725
f 775/960/726 776/962/726 785/963/726 784/961/726
f 776/962/727 777/964/727 786/965/727 785/963/727
f 777/964/728 778/966/728 787/967/728 786/965/728
f 778/966/729 779/968/729 788/969/729 787/967/729
f 779/968/730 780/970/730 789/971/730 788/969/730
f 780/970/731 781/972/731 790/973/731 789/971/731
f 782/959/732 783/958/732 792/974/732 791/975/732
f 783/958/733 784/961/733 793/976/733 792/974/733
f 784/961/734 785/963/734 794/977/734 793/976/734
f 785/963/735 786/965/735 795/978/735 794/977/735
f 786/965/736 787/967/736 796/979/736 795/978/736
f 787/967/737 788/969/737 797/980/737 796/979/737
f 788/969/738 789/971/738 798/981/738 797/980/738
f 789/971/739 790/973/739 799/982/739 798/981/739
f 791/975/740 792/974/740 801/983/740 800/984/740
f 792/974/741 793/976/741 802/985/741 801/983/741
f 793/976/742 794/977/742 803/986/742 802/985/742
f 794/977/743 795/978/743 804/987/743 803/986/743
f 795/978/744 796/979/744 805/988/744 804/987/744
f 796/979/745 797/980/745 806/989/745 805/988/745
f 797/980/746 798/981/746 807/990/746 806/989/746
f 798/981/747 799/982/747 808/991/747 807/990/747
f 800/984/748 801/983/748 810/992/748 809/993/748
f 801/983/749 802/985/749 811/994/749 810/992/749
f 802/985/750 803/986/750 812/995/750 811/994/750
f 803/986/751 804/987/751 813/996/751 812/995/751
f 804/987/752 805/988/752 814/997/752 813/996/752
f 805/988/753 806/989/753 815/998/753 814/997/753
f 806/989/754 807/990/754 816/999/754 815/998/754
f 807/990/755 808/991/755 817/1000/755 816/999/755
f 809/1001/756 810/1002/756 819/1003/756 818/1004/756
f 810/1002/757 811/1005/757 820/1006/757 819/1003/757
f 811/1005/758 812/1007/758 821/1008/758 820/1006/758
f 812/1007/759 813/1009/759 822/1010/759 821/1008/759
f 813/1009/760 814/1011/760 823/1012/760 822/1010/760
f 814/1011/761 815/1013/761 824/1014/761 823/1012/761
f 815/1013/762 816/1015/762 825/1016/762 824/1014/762
f 816/1015/763 817/1017/763 826/1018/763 825/1016/763
f 818/1004/764 819/1003/764 828/1019/764 827/1020/764
f 819/1003/765 820/1006/765 829/1021/765 828/1019/765
f 820/1006/766 821/1008/766 830/1022/766 829/1021/766
f 821/1008/767 822/1010/767 831/1023/767 830/1022/767
f 822/1010/768 823/1012/768 832/1024/768 831/1023/768
f 823/1012/769 824/1014/769 833/1025/769 832/1024/769
f 824/1014/770 825/1016/770 834/1026/770 833/1025/770
f 825/1016/771 826/1018/771 835/1027/771 834/1026/771
f 827/1020/772 828/1019/772 837/1028/772 836/1029/772
f 828/1019/773 829/1021/773 838/1030/773 837/1028/773
f 829/1021/774 830/1022/774 839/1031/774 838/1030/774
f 830/1022/775 831/1023/775 840/1032/775 839/1031/775
f 831/1023/776 832/1024/776 841/1033/776 840/1032/776
f 832/1024/777 833/1025/777 842/1034/777 841/1033/777
f 833/1025/778 834/1026/778 843/1035/778 842/1034/778
f 834/1026/779 835/1027/779 844/1036/779 843/1035/779
f 836/1029/780 837/1028/780 846/1037/780 845/1038/780
f 837/1028/781 838/1030/781 847/1039/781 846/1037/781
f 838/1030/782 839/1031/782 848/1040/782 847/1039/782
f 839/1031/783 840/1032/783 849/1041/783 848/1040/783
f 840/1032/784 841/1033/784 850/1042/784 849/1041/784
f 841/1033/785 842/1034/785 851/1043/785 850/1042/785
f 842/1034/786 843/1035/786 852/1044/786 851/1043/786
f 843/1035/787 844/1036/787 853/1045/787 852/1044/787
f 845/1038/788 846/1037/788 855/1046/788 854/1047/788
f 846/1037/789 847/1039/789 856/1048/789 855/1046/789
f 847/1039/790 848/1040/790 857/1049/790 856/1048/790
f 848/1040/791 849/1041/791 858/1050/791 857/1049/791
f 849/1041/792 850/1042/792 859/1051/792 858/1050/792
f 850/1042/793 851/1043/793 860/1052/793 859/1051/793
f 851/1043/794 852/1044/794 861/1053/794 860/1052/794
f 852/1044/795 853/1045/795 862/1054/795 861/1053/795
f 854/1055/796 855/1056/796 864/1057/796 863/1058/796
f 855/1056/797 856/1059/797 865/1060/797 864/1057/797
f 856/1059/798 857/1061/798 866/1062/798 865/1060/798
f 857/1061/799 858/1063/799 867/1064/799 866/1062/799
f 858/1063/800 859/1065/800 868/1066/800 867/1064/800
f 859/1065/801 860/1067/801 869/1068/801 868/1066/801
f 860/1067/802 861/1069/802 870/1070/802 869/1068/802
f 861/1069/803 862/1071/803 871/1072/803 870/1070/803
f 863/1058/804 864/1057/804 873/1073/804 872/1074/804
f 864/1057/805 865/1060/805 874/1075/805 873/1073/805
f 865/1060/806 866/1062/806 875/1076/806 874/1075/806
f 866/1062/807 867/1064/807 876/1077/807 875/1076/807
f 867/1064/808 868/1066/808 877/1078/808 876/1077/808
f 868/1066/809 869/1068/809 878/1079/809 877/1078/809
f 869/1068/810 870/1070/810 879/1080/810 878/1079/810
f 870/1070/811 871/1072/811 880/1081/811 879/1080/811
f 872/1074/812 873/1073/812 882/1082/812 881/1083/812
f 873/1073/813 874/1075/813 883/1084/813 882/1082/813
f 874/1075/814 875/1076/814 884/1085/814 883/1084/814
f 875/1076/815 876/1077/815 885/1086/815 884/1085/815
f 876/1077/816 877/1078/816 886/1087/816 885/1086/816
f 877/1078/817 878/1079/817 887/1088/817 886/1087/817
f 878/1079/818 879/1080/818 888/1089/818 887/1088/818
f 879/1080/819 880/1081/819 889/1090/819 888/1089/819
f 64/766/820 63/764/820 756/930/820 755/929/820
f 63/764/821 62/762/821 757/933/821 756/930/821
f 62/762/822 61/760/822 758/935/822 757/933/822
f 61/760/823 60/758/823 759/937/823 758/935/823
f 60/758/824 59/756/824 760/939/824 759/937/824
f 59/756/825 58/754/825 761/941/825 760/939/825
f 58/754/826 57/752/826 762/943/826 761/941/826
f 57/752/827 56/750/827 763/945/827 762/943/827
f 56/750/828 27/371/828 110/369/828 763/945/828
f 763/945/829 110/369/829 111/366/829 772/946/829
f 772/946/830 111/366/830 112/365/830 781/955/830
f 781/972/831 112/363/831 113/361/831 790/973/831
f 790/973/832 113/361/832 114/359/832 799/982/832
f 799/982/833 114/359/833 115/356/833 808/991/833
f 808/991/834 115/356/834 116/355/834 817/1000/834
f 817/1017/835 116/353/835 117/351/835 826/1018/835
f 826/1018/836 117/351/836 118/349/836 835/1027/836
f 835/1027/837 118/349/837 119/347/837 844/1036/837
f 844/1036/838 119/347/838 120/344/838 853/1045/838
f 853/1045/839 120/344/839 121/343/839 862/1054/839
f 862/1071/840 121/341/840 122/339/840 871/1072/840
f 871/1072/841 122/339/841 123/337/841 880/1081/841
f 880/1081/842 123/337/842 124/334/842 889/1090/842
f 889/1090/843 124/334/843 25/333/843 29/927/843
f 888/1089/844 889/1090/844 29/927/844 30/925/844
f 887/1088/845 888/1089/845 30/925/845 31/923/845
f 886/1087/846 887/1088/846 31/923/846 32/921/846
f 885/1086/847 886/1087/847 32/921/847 33/919/847
f 884/1085/848 885/1086/848 33/919/848 34/917/848
f 883/1084/849 884/1085/849 34/917/849 35/915/849
f 882/1082/850 883/1084/850 35/915/850 36/912/850
f 881/1083/851 882/1082/851 36/912/851 37/911/851
f 902/1091/852 903/1092/852 893/1093/852 892/1094/852
f 914/1091/853 917/1092/853 897/1093/853 896/1094/853
f 912/1091/854 909/1092/854 895/1093/854 894/1094/854
f 918/1091/855 921/1092/855 891/1093/855 890/1094/855
f 932/1095/856 912/1096/856 894/1097/856 919/1098/856
f 905/1099/857 897/1100/857 900/1101/857 907/1102/857
f 930/1095/858 913/1096/858 898/1097/858 925/1098/858
f 911/1099/859 891/1100/859 898/1101/859 913/1102/859
f 920/1099/860 895/1100/860 901/1101/860 924/1102/860
f 916/1099/861 893/1100/861 899/1101/861 922/1102/861
f 893/1093/862 903/1092/862 906/1103/862 899/1104/862
f 922/1105/858 899/1106/858 906/1107/858 926/1108/858
f 909/1092/863 905/1099/863 907/1102/863 910/1103/863
f 914/1105/856 896/1106/856 904/1107/856 928/1108/856
f 896/1109/864 897/1100/864 905/1099/864 904/1110/864
f 908/1110/865 911/1099/865 903/1092/865 902/1091/865
f 890/1109/866 891/1100/866 911/1099/866 908/1110/866
f 895/1093/867 909/1092/867 910/1103/867 901/1104/867
f 903/1092/868 911/1099/868 913/1102/868 906/1103/868
f 926/1108/869 906/1107/869 913/1096/869 930/1095/869
f 928/1108/856 904/1107/856 912/1096/856 932/1095/856
f 904/1110/870 905/1099/870 909/1092/870 912/1091/870
f 902/1111/856 929/1112/856 933/1113/856 908/1114/856
f 933/1115/871 929/1116/871 935/1117/871 937/1118/871
f 907/1111/858 927/1112/858 931/1113/858 910/1114/858
f 927/1112/858 926/1108/858 930/1095/858 931/1113/858
f 892/1119/856 915/1120/856 929/1112/856 902/1111/856
f 915/1120/856 914/1105/856 928/1108/856 929/1112/856
f 900/1119/858 923/1120/858 927/1112/858 907/1111/858
f 923/1120/858 922/1105/858 926/1108/858 927/1112/858
f 897/1093/861 917/1092/861 923/1103/861 900/1104/861
f 917/1092/872 916/1099/872 922/1102/872 923/1103/872
f 891/1093/860 921/1092/860 925/1103/860 898/1104/860
f 921/1092/860 920/1099/860 924/1102/860 925/1103/860
f 910/1114/858 931/1113/858 924/1121/858 901/1122/858
f 931/1113/858 930/1095/858 925/1098/858 924/1121/858
f 908/1114/856 933/1113/856 918/1121/856 890/1122/856
f 933/1113/856 932/1095/856 919/1098/856 918/1121/856
f 894/1109/855 895/1100/855 920/1099/855 919/1110/855
f 919/1110/855 920/1099/855 921/1092/855 918/1091/855
f 892/1109/853 893/1100/853 916/1099/853 915/1110/853
f 915/1110/853 916/1099/853 917/1092/853 914/1091/853
f 935/1115/856 934/1116/856 936/1117/856 937/1118/856
f 928/1115/873 932/1116/873 936/1117/873 934/1118/873
f 932/1115/874 933/1116/874 937/1117/874 936/1118/874
f 929/1115/875 928/1116/875 934/1117/875 935/1118/875
f 950/1091/852 951/1092/852 941/1093/852 940/1094/852
f 962/1091/853 965/1092/853 945/1093/853 944/1094/853
f 960/1091/854 957/1092/854 943/1093/854 942/1094/854
f 966/1091/855 969/1092/855 939/1093/855 938/1094/855
f 980/1095/856 960/1096/856 942/1097/856 967/1098/856
f 953/1099/857 945/1100/857 948/1101/857 955/1102/857
f 978/1095/858 961/1096/858 946/1097/858 973/1098/858
f 959/1099/859 939/1100/859 946/1101/859 961/1102/859
f 968/1099/860 943/1100/860 949/1101/860 972/1102/860
f 964/1099/861 941/1100/861 947/1101/861 970/1102/861
f 941/1093/862 951/1092/862 954/1103/862 947/1104/862
f 970/1105/858 947/1106/858 954/1107/858 974/1108/858
f 957/1092/863 953/1099/863 955/1102/863 958/1103/863
f 962/1105/856 944/1106/856 952/1107/856 976/1108/856
f 944/1109/864 945/1100/864 953/1099/864 952/1110/864
f 956/1110/865 959/1099/865 951/1092/865 950/1091/865
f 938/1109/866 939/1100/866 959/1099/866 956/1110/866
f 943/1093/867 957/1092/867 958/1103/867 949/1104/867
f 951/1092/868 959/1099/868 961/1102/868 954/1103/868
f 974/1108/858 954/1107/858 961/1096/858 978/1095/858
f 976/1108/856 952/1107/856 960/1096/856 980/1095/856
f 952/1110/870 953/1099/870 957/1092/870 960/1091/870
f 950/1111/856 977/1112/856 981/1113/856 956/1114/856
f 981/1115/871 977/1116/871 983/1117/871 985/1118/871
f 955/1111/858 975/1112/858 979/1113/858 958/1114/858
f 975/1112/858 974/1108/858 978/1095/858 979/1113/858
f 940/1119/856 963/1120/856 977/1112/856 950/1111/856
f 963/1120/856 962/1105/856 976/1108/856 977/1112/856
f 948/1119/858 971/1120/858 975/1112/858 955/1111/858
f 971/1120/858 970/1105/858 974/1108/858 975/1112/858
f 945/1093/861 965/1092/861 971/1103/861 948/1104/861
f 965/1092/861 964/1099/861 970/1102/861 971/1103/861
f 939/1093/860 969/1092/860 973/1103/860 946/1104/860
f 969/1092/860 968/1099/860 972/1102/860 973/1103/860
f 958/1114/858 979/1113/858 972/1121/858 949/1122/858
f 979/1113/858 978/1095/858 973/1098/858 972/1121/858
f 956/1114/856 981/1113/856 966/1121/856 938/1122/856
f 981/1113/856 980/1095/856 967/1098/856 966/1121/856
f 942/1109/855 943/1100/855 968/1099/855 967/1110/855
f 967/1110/855 968/1099/855 969/1092/855 966/1091/855
f 940/1109/853 941/1100/853 964/1099/853 963/1110/853
f 963/1110/853 964/1099/853 965/1092/853 962/1091/853
f 983/1115/856 982/1116/856 984/1117/856 985/1118/856
f 976/1115/873 980/1116/873 984/1117/873 982/1118/873
f 980/1115/874 981/1116/874 985/1117/874 984/1118/874
f 977/1115/875 976/1116/875 982/1117/875 983/1118/875
f 998/1091/852 999/1092/852 989/1093/852 988/1094/852
f 1010/1091/853 1013/1092/853 993/1093/853 992/1094/853
f 1008/1091/854 1005/1092/854 991/1093/854 990/1094/854
f 1014/1091/855 1017/1092/855 987/1093/855 986/1094/855
f 1028/1095/856 1008/1096/856 990/1097/856 1015/1098/856
f 1001/1099/857 993/1100/857 996/1101/857 1003/1102/857
f 1026/1095/858 1009/1096/858 994/1097/858 1021/1098/858
f 1007/1099/859 987/1100/859 994/1101/859 1009/1102/859
f 1016/1099/860 991/1100/860 997/1101/860 1020/1102/860
f 1012/1099/861 989/1100/861 995/1101/861 1018/1102/861
f 989/1093/862 999/1092/862 1002/1103/862 995/1104/862
f 1018/1105/858 995/1106/858 1002/1107/858 1022/1108/858
f 1005/1092/863 1001/1099/863 1003/1102/863 1006/1103/863
f 1010/1105/856 992/1106/856 1000/1107/856 1024/1108/856
f 992/1109/864 993/1100/864 1001/1099/864 1000/1110/864
f 1004/1110/865 1007/1099/865 999/1092/865 998/1091/865
f 986/1109/866 987/1100/866 1007/1099/866 1004/1110/866
f 991/1093/867 1005/1092/867 1006/1103/867 997/1104/867
f 999/1092/868 1007/1099/868 1009/1102/868 1002/1103/868
f 1022/1108/858 1002/1107/858 1009/1096/858 1026/1095/858
f 1024/1108/856 1000/1107/856 1008/1096/856 1028/1095/856
f 1000/1110/870 1001/1099/870 1005/1092/870 1008/1091/870
f 998/1111/856 1025/1112/856 1029/1113/856 1004/1114/856
f 1029/1115/871 1025/1116/871 1031/1117/871 1033/1118/871
f 1003/1111/858 1023/1112/858 1027/1113/858 1006/1114/858
f 1023/1112/858 1022/1108/858 1026/1095/858 1027/1113/858
f 988/1119/856 1011/1120/856 1025/1112/856 998/1111/856
f 1011/1120/856 1010/1105/856 1024/1108/856 1025/1112/856
f 996/1119/869 1019/1120/869 1023/1112/869 1003/1111/869
f 1019/1120/858 1018/1105/858 1022/1108/858 1023/1112/858
f 993/1093/861 1013/1092/861 1019/1103/861 996/1104/861
f 1013/1092/861 1012/1099/861 1018/1102/861 1019/1103/861
f 987/1093/860 1017/1092/860 1021/1103/860 994/1104/860
f 1017/1092/860 1016/1099/860 1020/1102/860 1021/1103/860
f 1006/1114/858 1027/1113/858 1020/1121/858 997/1122/858
f 1027/1113/858 1026/1095/858 1021/1098/858 1020/1121/858
f 1004/1114/856 1029/1113/856 1014/1121/856 986/1122/856
f 1029/1113/856 1028/1095/856 1015/1098/856 1014/1121/856
f 990/1109/855 991/1100/855 1016/1099/855 1015/1110/855
f 1015/1110/855 1016/1099/855 1017/1092/855 1014/1091/855
f 988/1109/853 989/1100/853 1012/1099/853 1011/1110/853
f 1011/1110/853 1012/1099/853 1013/1092/853 1010/1091/853
f 1031/1115/856 1030/1116/856 1032/1117/856 1033/1118/856
f 1024/1115/873 1028/1116/873 1032/1117/873 1030/1118/873
f 1028/1115/874 1029/1116/874 1033/1117/874 1032/1118/874
f 1025/1115/875 1024/1116/875 1030/1117/875 1031/1118/875
f 1046/1091/852 1047/1092/852 1037/1093/852 1036/1094/852
f 1058/1091/853 1061/1092/853 1041/1093/853 1040/1094/853
f 1056/1091/854 1053/1092/854 1039/1093/854 1038/1094/854
f 1062/1091/855 1065/1092/855 1035/1093/855 1034/1094/855
f 1076/1095/856 1056/1096/856 1038/1097/856 1063/1098/856
f 1049/1099/857 1041/1100/857 1044/1101/857 1051/1102/857
f 1074/1095/858 1057/1096/858 1042/1097/858 1069/1098/858
f 1055/1099/859 1035/1100/859 1042/1101/859 1057/1102/859
f 1064/1099/860 1039/1100/860 1045/1101/860 1068/1102/860
f 1060/1099/872 1037/1100/872 1043/1101/872 1066/1102/872
f 1037/1093/862 1047/1092/862 1050/1103/862 1043/1104/862
f 1066/1105/858 1043/1106/858 1050/1107/858 1070/1108/858
f 1053/1092/863 1049/1099/863 1051/1102/863 1054/1103/863
f 1058/1105/856 1040/1106/856 1048/1107/856 1072/1108/856
f 1040/1109/864 1041/1100/864 1049/1099/864 1048/1110/864
f 1052/1110/865 1055/1099/865 1047/1092/865 1046/1091/865
f 1034/1109/866 1035/1100/866 1055/1099/866 1052/1110/866
f 1039/1093/867 1053/1092/867 1054/1103/867 1045/1104/867
f 1047/1092/868 1055/1099/868 1057/1102/868 1050/1103/868
f 1070/1108/858 1050/1107/858 1057/1096/858 1074/1095/858
f 1072/1108/856 1048/1107/856 1056/1096/856 1076/1095/856
f 1048/1110/870 1049/1099/870 1053/1092/870 1056/1091/870
f 1046/1111/856 1073/1112/856 1077/1113/856 1052/1114/856
f 1077/1115/871 1073/1116/871 1079/1117/871 1081/1118/871
f 1051/1111/858 1071/1112/858 1075/1113/858 1054/1114/858
f 1071/1112/858 1070/1108/858 1074/1095/858 1075/1113/858
f 1036/1119/856 1059/1120/856 1073/1112/856 1046/1111/856
f 1059/1120/856 1058/1105/856 1072/1108/856 1073/1112/856
f 1044/1119/858 1067/1120/858 1071/1112/858 1051/1111/858
f 1067/1120/858 1066/1105/858 1070/1108/858 1071/1112/858
f 1041/1093/872 1061/1092/872 1067/1103/872 1044/1104/872
f 1061/1092/872 1060/1099/872 1066/1102/872 1067/1103/872
f 1035/1093/860 1065/1092/860 1069/1103/860 1042/1104/860
f 1065/1092/860 1064/1099/860 1068/1102/860 1069/1103/860
f 1054/1114/858 1075/1113/858 1068/1121/858 1045/1122/858
f 1075/1113/858 1074/1095/858 1069/1098/858 1068/1121/858
f 1052/1114/856 1077/1113/856 1062/1121/856 1034/1122/856
f 1077/1113/856 1076/1095/856 1063/1098/856 1062/1121/856
f 1038/1109/855 1039/1100/855 1064/1099/855 1063/1110/855
f 1063/1110/855 1064/1099/855 1065/1092/855 1062/1091/855
f 1036/1109/853 1037/1100/853 1060/1099/853 1059/1110/853
f 1059/1110/853 1060/1099/853 1061/1092/853 1058/1091/853
f 1079/1115/856 1078/1116/856 1080/1117/856 1081/1118/856
f 1072/1115/873 1076/1116/873 1080/1117/873 1078/1118/873
f 1076/1115/874 1077/1116/874 1081/1117/874 1080/1118/874
f 1073/1115/875 1072/1116/875 1078/1117/875 1079/1118/875
f 1094/1091/876 1095/1092/876 1085/1093/876 1084/1094/876
f 1106/1091/877 1109/1092/877 1089/1093/877 1088/1094/877
f 1104/1091/878 1101/1092/878 1087/1093/878 1086/1094/878
f 1110/1091/879 1113/1092/879 1083/1093/879 1082/1094/879
f 1124/1095/880 1104/1096/880 1086/1097/880 1111/1098/880
f 1097/1099/881 1089/1100/881 1092/1101/881 1099/1102/881
f 1122/1095/882 1105/1096/882 1090/1097/882 1117/1098/882
f 1103/1099/883 1083/1100/883 1090/1101/883 1105/1102/883
f 1112/1099/884 1087/1100/884 1093/1101/884 1116/1102/884
f 1108/1099/885 1085/1100/885 1091/1101/885 1114/1102/885
f 1085/1093/886 1095/1092/886 1098/1103/886 1091/1104/886
f 1114/1105/882 1091/1106/882 1098/1107/882 1118/1108/882
f 1101/1092/887 1097/1099/887 1099/1102/887 1102/1103/887
f 1106/1105/880 1088/1106/880 1096/1107/880 1120/1108/880
f 1088/1109/888 1089/1100/888 1097/1099/888 1096/1110/888
f 1100/1110/889 1103/1099/889 1095/1092/889 1094/1091/889
f 1082/1109/890 1083/1100/890 1103/1099/890 1100/1110/890
f 1087/1093/891 1101/1092/891 1102/1103/891 1093/1104/891
f 1095/1092/892 1103/1099/892 1105/1102/892 1098/1103/892
f 1118/1108/882 1098/1107/882 1105/1096/882 1122/1095/882
f 1120/1108/880 1096/1107/880 1104/1096/880 1124/1095/880
f 1096/1110/893 1097/1099/893 1101/1092/893 1104/1091/893
f 1094/1111/880 1121/1112/880 1125/1113/880 1100/1114/880
f 1125/1115/894 1121/1116/894 1127/1117/894 1129/1118/894
f 1099/1111/882 1119/1112/882 1123/1113/882 1102/1114/882
f 1119/1112/882 1118/1108/882 1122/1095/882 1123/1113/882
f 1084/1119/880 1107/1120/880 1121/1112/880 1094/1111/880
f 1107/1120/880 1106/1105/880 1120/1108/880 1121/1112/880
f 1092/1119/895 1115/1120/895 1119/1112/895 1099/1111/895
f 1115/1120/895 1114/1105/895 1118/1108/895 1119/1112/895
f 1089/1093/885 1109/1092/885 1115/1103/885 1092/1104/885
f 1109/1092/885 1108/1099/885 1114/1102/885 1115/1103/885
f 1083/1093/884 1113/1092/884 1117/1103/884 1090/1104/884
f 1113/1092/884 1112/1099/884 1116/1102/884 1117/1103/884
f 1102/1114/895 1123/1113/895 1116/1121/895 1093/1122/895
f 1123/1113/895 1122/1095/895 1117/1098/895 1116/1121/895
f 1100/1114/880 1125/1113/880 1110/1121/880 1082/1122/880
f 1125/1113/880 1124/1095/880 1111/1098/880 1110/1121/880
f 1086/1109/879 1087/1100/879 1112/1099/879 1111/1110/879
f 1111/1110/879 1112/1099/879 1113/1092/879 1110/1091/879
f 1084/1109/877 1085/1100/877 1108/1099/877 1107/1110/877
f 1107/1110/877 1108/1099/877 1109/1092/877 1106/1091/877
f 1127/1115/880 1126/1116/880 1128/1117/880 1129/1118/880
f 1120/1115/896 1124/1116/896 1128/1117/896 1126/1118/896
f 1124/1115/897 1125/1116/897 1129/1117/897 1128/1118/897
f 1121/1115/898 1120/1116/898 1126/1117/898 1127/1118/898
f 1142/1091/899 1143/1092/899 1133/1093/899 1132/1094/899
f 1154/1091/900 1157/1092/900 1137/1093/900 1136/1094/900
f 1152/1091/901 1149/1092/901 1135/1093/901 1134/1094/901
f 1158/1091/902 1161/1092/902 1131/1093/902 1130/1094/902
f 1172/1095/903 1152/1096/903 1134/1097/903 1159/1098/903
f 1145/1099/904 1137/1100/904 1140/1101/904 1147/1102/904
f 1170/1095/905 1153/1096/905 1138/1097/905 1165/1098/905
f 1151/1099/906 1131/1100/906 1138/1101/906 1153/1102/906
f 1160/1099/907 1135/1100/907 1141/1101/907 1164/1102/907
f 1156/1099/908 1133/1100/908 1139/1101/908 1162/1102/908
f 1133/1093/909 1143/1092/909 1146/1103/909 1139/1104/909
f 1162/1105/905 1139/1106/905 1146/1107/905 1166/1108/905
f 1149/1092/910 1145/1099/910 1147/1102/910 1150/1103/910
f 1154/1105/903 1136/1106/903 1144/1107/903 1168/1108/903
f 1136/1109/911 1137/1100/911 1145/1099/911 1144/1110/911
f 1148/1110/912 1151/1099/912 1143/1092/912 1142/1091/912
f 1130/1109/913 1131/1100/913 1151/1099/913 1148/1110/913
f 1135/1093/914 1149/1092/914 1150/1103/914 1141/1104/914
f 1143/1092/915 1151/1099/915 1153/1102/915 1146/1103/915
f 1166/1108/905 1146/1107/905 1153/1096/905 1170/1095/905
f 1168/1108/903 1144/1107/903 1152/1096/903 1172/1095/903
f 1144/1110/916 1145/1099/916 1149/1092/916 1152/1091/916
f 1142/1111/903 1169/1112/903 1173/1113/903 1148/1114/903
f 1173/1115/917 1169/1116/917 1175/1117/917 1177/1118/917
f 1147/1111/905 1167/1112/905 1171/1113/905 1150/1114/905
f 1167/1112/905 1166/1108/905 1170/1095/905 1171/1113/905
f 1132/1119/903 1155/1120/903 1169/1112/903 1142/1111/903
f 1155/1120/903 1154/1105/903 1168/1108/903 1169/1112/903
f 1140/1119/905 1163/1120/905 1167/1112/905 1147/1111/905
f 1163/1120/905 1162/1105/905 1166/1108/905 1167/1112/905
f 1137/1093/908 1157/1092/908 1163/1103/908 1140/1104/908
f 1157/1092/908 1156/1099/908 1162/1102/908 1163/1103/908
f 1131/1093/907 1161/1092/907 1165/1103/907 1138/1104/907
f 1161/1092/907 1160/1099/907 1164/1102/907 1165/1103/907
f 1150/1114/905 1171/1113/905 1164/1121/905 1141/1122/905
f 1171/1113/905 1170/1095/905 1165/1098/905 1164/1121/905
f 1148/1114/903 1173/1113/903 1158/1121/903 1130/1122/903
f 1173/1113/903 1172/1095/903 1159/1098/903 1158/1121/903
f 1134/1109/918 1135/1100/918 1160/1099/918 1159/1110/918
f 1159/1110/902 1160/1099/902 1161/1092/902 1158/1091/902
f 1132/1109/900 1133/1100/900 1156/1099/900 1155/1110/900
f 1155/1110/919 1156/1099/919 1157/1092/919 1154/1091/919
f 1175/1115/903 1174/1116/903 1176/1117/903 1177/1118/903
f 1168/1115/920 1172/1116/920 1176/1117/920 1174/1118/920
f 1172/1115/921 1173/1116/921 1177/1117/921 1176/1118/921
f 1169/1115/922 1168/1116/922 1174/1117/922 1175/1118/922
f 1190/1091/923 1191/1092/923 1181/1093/923 1180/1094/923
f 1202/1091/924 1205/1092/924 1185/1093/924 1184/1094/924
f 1200/1091/925 1197/1092/925 1183/1093/925 1182/1094/925
f 1206/1091/926 1209/1092/926 1179/1093/926 1178/1094/926
f 1220/1095/927 1200/1096/927 1182/1097/927 1207/1098/927
f 1193/1099/928 1185/1100/928 1188/1101/928 1195/1102/928
f 1218/1095/929 1201/1096/929 1186/1097/929 1213/1098/929
f 1199/1099/930 1179/1100/930 1186/1101/930 1201/1102/930
f 1208/1099/931 1183/1100/931 1189/1101/931 1212/1102/931
f 1204/1099/932 1181/1100/932 1187/1101/932 1210/1102/932
f 1181/1093/933 1191/1092/933 1194/1103/933 1187/1104/933
f 1210/1105/934 1187/1106/934 1194/1107/934 1214/1108/934
f 1197/1092/935 1193/1099/935 1195/1102/935 1198/1103/935
f 1202/1105/927 1184/1106/927 1192/1107/927 1216/1108/927
f 1184/1109/936 1185/1100/936 1193/1099/936 1192/1110/936
f 1196/1110/937 1199/1099/937 1191/1092/937 1190/1091/937
f 1178/1109/938 1179/1100/938 1199/1099/938 1196/1110/938
f 1183/1093/939 1197/1092/939 1198/1103/939 1189/1104/939
f 1191/1092/940 1199/1099/940 1201/1102/940 1194/1103/940
f 1214/1108/929 1194/1107/929 1201/1096/929 1218/1095/929
f 1216/1108/927 1192/1107/927 1200/1096/927 1220/1095/927
f 1192/1110/941 1193/1099/941 1197/1092/941 1200/1091/941
f 1190/1111/927 1217/1112/927 1221/1113/927 1196/1114/927
f 1221/1115/942 1217/1116/942 1223/1117/942 1225/1118/942
f 1195/1111/929 1215/1112/929 1219/1113/929 1198/1114/929
f 1215/1112/929 1214/1108/929 1218/1095/929 1219/1113/929
f 1180/1119/927 1203/1120/927 1217/1112/927 1190/1111/927
f 1203/1120/927 1202/1105/927 1216/1108/927 1217/1112/927
f 1188/1119/929 1211/1120/929 1215/1112/929 1195/1111/929
f 1211/1120/943 1210/1105/943 1214/1108/943 1215/1112/943
f 1185/1093/932 1205/1092/932 1211/1103/932 1188/1104/932
f 1205/1092/944 1204/1099/944 1210/1102/944 1211/1103/944
f 1179/1093/931 1209/1092/931 1213/1103/931 1186/1104/931
f 1209/1092/931 1208/1099/931 1212/1102/931 1213/1103/931
f 1198/1114/929 1219/1113/929 1212/1121/929 1189/1122/929
f 1219/1113/929 1218/1095/929 1213/1098/929 1212/1121/929
f 1196/1114/927 1221/1113/927 1206/1121/927 1178/1122/927
f 1221/1113/927 1220/1095/927 1207/1098/927 1206/1121/927
f 1182/1109/926 1183/1100/926 1208/1099/926 1207/1110/926
f 1207/1110/926 1208/1099/926 1209/1092/926 1206/1091/926
f 1180/1109/924 1181/1100/924 1204/1099/924 1203/1110/924
f 1203/1110/924 1204/1099/924 1205/1092/924 1202/1091/924
f 1223/1115/927 1222/1116/927 1224/1117/927 1225/1118/927
f 1216/1115/945 1220/1116/945 1224/1117/945 1222/1118/945
f 1220/1115/946 1221/1116/946 1225/1117/946 1224/1118/946
f 1217/1115/947 1216/1116/947 1222/1117/947 1223/1118/947
f 1238/1091/948 1239/1092/948 1229/1093/948 1228/1094/948
f 1250/1091/949 1253/1092/949 1233/1093/949 1232/1094/949
f 1248/1091/950 1245/1092/950 1231/1093/950 1230/1094/950
f 1254/1091/951 1257/1092/951 1227/1093/951 1226/1094/951
f 1268/1095/952 1248/1096/952 1230/1097/952 1255/1098/952
f 1241/1099/953 1233/1100/953 1236/1101/953 1243/1102/953
f 1266/1095/954 1249/1096/954 1234/1097/954 1261/1098/954
f 1247/1099/955 1227/1100/955 1234/1101/955 1249/1102/955
f 1256/1099/956 1231/1100/956 1237/1101/956 1260/1102/956
f 1252/1099/957 1229/1100/957 1235/1101/957 1258/1102/957
f 1229/1093/958 1239/1092/958 1242/1103/958 1235/1104/958
f 1258/1105/954 1235/1106/954 1242/1107/954 1262/1108/954
f 1245/1092/959 1241/1099/959 1243/1102/959 1246/1103/959
f 1250/1105/952 1232/1106/952 1240/1107/952 1264/1108/952
f 1232/1109/960 1233/1100/960 1241/1099/960 1240/1110/960
f 1244/1110/961 1247/1099/961 1239/1092/961 1238/1091/961
f 1226/1109/962 1227/1100/962 1247/1099/962 1244/1110/962
f 1231/1093/963 1245/1092/963 1246/1103/963 1237/1104/963
f 1239/1092/964 1247/1099/964 1249/1102/964 1242/1103/964
f 1262/1108/954 1242/1107/954 1249/1096/954 1266/1095/954
f 1264/1108/952 1240/1107/952 1248/1096/952 1268/1095/952
f 1240/1110/965 1241/1099/965 1245/1092/965 1248/1091/965
f 1238/1111/952 1265/1112/952 1269/1113/952 1244/1114/952
f 1269/1115/966 1265/1116/966 1271/1117/966 1273/1118/966
f 1243/1111/954 1263/1112/954 1267/1113/954 1246/1114/954
f 1263/1112/954 1262/1108/954 1266/1095/954 1267/1113/954
f 1228/1119/952 1251/1120/952 1265/1112/952 1238/1111/952
f 1251/1120/952 1250/1105/952 1264/1108/952 1265/1112/952
f 1236/1119/954 1259/1120/954 1263/1112/954 1243/1111/954
f 1259/1120/954 1258/1105/954 1262/1108/954 1263/1112/954
f 1233/1093/957 1253/1092/957 1259/1103/957 1236/1104/957
f 1253/1092/967 1252/1099/967 1258/1102/967 1259/1103/967
f 1227/1093/956 1257/1092/956 1261/1103/956 1234/1104/956
f 1257/1092/956 1256/1099/956 1260/1102/956 1261/1103/956
f 1246/1114/954 1267/1113/954 1260/1121/954 1237/1122/954
f 1267/1113/954 1266/1095/954 1261/1098/954 1260/1121/954
f 1244/1114/952 1269/1113/952 1254/1121/952 1226/1122/952
f 1269/1113/952 1268/1095/952 1255/1098/952 1254/1121/952
f 1230/1109/951 1231/1100/951 1256/1099/951 1255/1110/951
f 1255/1110/951 1256/1099/951 1257/1092/951 1254/1091/951
f 1228/1109/949 1229/1100/949 1252/1099/949 1251/1110/949
f 1251/1110/949 1252/1099/949 1253/1092/949 1250/1091/949
f 1271/1115/952 1270/1116/952 1272/1117/952 1273/1118/952
f 1264/1115/968 1268/1116/968 1272/1117/968 1270/1118/968
f 1268/1115/969 1269/1116/969 1273/1117/969 1272/1118/969
f 1265/1115/970 1264/1116/970 1270/1117/970 1271/1118/970
f 1286/1091/971 1287/1092/971 1277/1093/971 1276/1094/971
f 1298/1091/972 1301/1092/972 1281/1093/972 1280/1094/972
f 1296/1091/973 1293/1092/973 1279/1093/973 1278/1094/973
f 1302/1091/974 1305/1092/974 1275/1093/974 1274/1094/974
f 1316/1095/975 1296/1096/975 1278/1097/975 1303/1098/975
f 1289/1099/976 1281/1100/976 1284/1101/976 1291/1102/976
f 1314/1095/977 1297/1096/977 1282/1097/977 1309/1098/977
f 1295/1099/978 1275/1100/978 1282/1101/978 1297/1102/978
f 1304/1099/979 1279/1100/979 1285/1101/979 1308/1102/979
f 1300/1099/980 1277/1100/980 1283/1101/980 1306/1102/980
f 1277/1093/981 1287/1092/981 1290/1103/981 1283/1104/981
f 1306/1105/977 1283/1106/977 1290/1107/977 1310/1108/977
f 1293/1092/982 1289/1099/982 1291/1102/982 1294/1103/982
f 1298/1105/975 1280/1106/975 1288/1107/975 1312/1108/975
f 1280/1109/983 1281/1100/983 1289/1099/983 1288/1110/983
f 1292/1110/984 1295/1099/984 1287/1092/984 1286/1091/984
f 1274/1109/985 1275/1100/985 1295/1099/985 1292/1110/985
f 1279/1093/986 1293/1092/986 1294/1103/986 1285/1104/986
f 1287/1092/987 1295/1099/987 1297/1102/987 1290/1103/987
f 1310/1108/977 1290/1107/977 1297/1096/977 1314/1095/977
f 1312/1108/975 1288/1107/975 1296/1096/975 1316/1095/975
f 1288/1110/988 1289/1099/988 1293/1092/988 1296/1091/988
f 1286/1111/975 1313/1112/975 1317/1113/975 1292/1114/975
f 1317/1115/989 1313/1116/989 1319/1117/989 1321/1118/989
f 1291/1111/977 1311/1112/977 1315/1113/977 1294/1114/977
f 1311/1112/977 1310/1108/977 1314/1095/977 1315/1113/977
f 1276/1119/975 1299/1120/975 1313/1112/975 1286/1111/975
f 1299/1120/975 1298/1105/975 1312/1108/975 1313/1112/975
f 1284/1119/977 1307/1120/977 1311/1112/977 1291/1111/977
f 1307/1120/977 1306/1105/977 1310/1108/977 1311/1112/977
f 1281/1093/980 1301/1092/980 1307/1103/980 1284/1104/980
f 1301/1092/980 1300/1099/980 1306/1102/980 1307/1103/980
f 1275/1093/990 1305/1092/990 1309/1103/990 1282/1104/990
f 1305/1092/990 1304/1099/990 1308/1102/990 1309/1103/990
f 1294/1114/977 1315/1113/977 1308/1121/977 1285/1122/977
f 1315/1113/977 1314/1095/977 1309/1098/977 1308/1121/977
f 1292/1114/975 1317/1113/975 1302/1121/975 1274/1122/975
f 1317/1113/975 1316/1095/975 1303/1098/975 1302/1121/975
f 1278/1109/974 1279/1100/974 1304/1099/974 1303/1110/974
f 1303/1110/974 1304/1099/974 1305/1092/974 1302/1091/974
f 1276/1109/972 1277/1100/972 1300/1099/972 1299/1110/972
f 1299/1110/972 1300/1099/972 1301/1092/972 1298/1091/972
f 1319/1115/975 1318/1116/975 1320/1117/975 1321/1118/975
f 1312/1115/991 1316/1116/991 1320/1117/991 1318/1118/991
f 1316/1115/992 1317/1116/992 1321/1117/992 1320/1118/992
f 1313/1115/993 1312/1116/993 1318/1117/993 1319/1118/993
f 1334/1091/994 1335/1092/994 1325/1093/994 1324/1094/994
f 1346/1091/995 1349/1092/995 1329/1093/995 1328/1094/995
f 1344/1091/996 1341/1092/996 1327/1093/996 1326/1094/996
f 1350/1091/997 1353/1092/997 1323/1093/997 1322/1094/997
f 1364/1095/998 1344/1096/998 1326/1097/998 1351/1098/998
f 1337/1099/999 1329/1100/999 1332/1101/999 1339/1102/999
f 1362/1095/1000 1345/1096/1000 1330/1097/1000 1357/1098/1000
f 1343/1099/1001 1323/1100/1001 1330/1101/1001 1345/1102/1001
f 1352/1099/1002 1327/1100/1002 1333/1101/1002 1356/1102/1002
f 1348/1099/1003 1325/1100/1003 1331/1101/1003 1354/1102/1003
f 1325/1093/1004 1335/1092/1004 1338/1103/1004 1331/1104/1004
f 1354/1105/1000 1331/1106/1000 1338/1107/1000 1358/1108/1000
f 1341/1092/1005 1337/1099/1005 1339/1102/1005 1342/1103/1005
f 1346/1105/998 1328/1106/998 1336/1107/998 1360/1108/998
f 1328/1109/1006 1329/1100/1006 1337/1099/1006 1336/1110/1006
f 1340/1110/1007 1343/1099/1007 1335/1092/1007 1334/1091/1007
f 1322/1109/1008 1323/1100/1008 1343/1099/1008 1340/1110/1008
f 1327/1093/1009 1341/1092/1009 1342/1103/1009 1333/1104/1009
f 1335/1092/1010 1343/1099/1010 1345/1102/1010 1338/1103/1010
f 1358/1108/1000 1338/1107/1000 1345/1096/1000 1362/1095/1000
f 1360/1108/998 1336/1107/998 1344/1096/998 1364/1095/998
f 1336/1110/1011 1337/1099/1011 1341/1092/1011 1344/1091/1011
f 1334/1111/998 1361/1112/998 1365/1113/998 1340/1114/998
f 1365/1115/1012 1361/1116/1012 1367/1117/1012 1369/1118/1012
f 1339/1111/1013 1359/1112/1013 1363/1113/1013 1342/1114/1013
f 1359/1112/1013 1358/1108/1013 1362/1095/1013 1363/1113/1013
f 1324/1119/998 1347/1120/998 1361/1112/998 1334/1111/998
f 1347/1120/1014 1346/1105/1014 1360/1108/1014 1361/1112/1014
f 1332/1119/1013 1355/1120/1013 1359/1112/1013 1339/1111/1013
f 1355/1120/1013 1354/1105/1013 1358/1108/1013 1359/1112/1013
f 1329/1093/1003 1349/1092/1003 1355/1103/1003 1332/1104/1003
f 1349/1092/1003 1348/1099/1003 1354/1102/1003 1355/1103/1003
f 1323/1093/1002 1353/1092/1002 1357/1103/1002 1330/1104/1002
f 1353/1092/1002 1352/1099/1002 1356/1102/1002 1357/1103/1002
f 1342/1114/1013 1363/1113/1013 1356/1121/1013 1333/1122/1013
f 1363/1113/1013 1362/1095/1013 1357/1098/1013 1356/1121/1013
f 1340/1114/998 1365/1113/998 1350/1121/998 1322/1122/998
f 1365/1113/998 1364/1095/998 1351/1098/998 1350/1121/998
f 1326/1109/997 1327/1100/997 1352/1099/997 1351/1110/997
f 1351/1110/997 1352/1099/997 1353/1092/997 1350/1091/997
f 1324/1109/1015 1325/1100/1015 1348/1099/1015 1347/1110/1015
f 1347/1110/1015 1348/1099/1015 1349/1092/1015 1346/1091/1015
f 1367/1115/998 1366/1116/998 1368/1117/998 1369/1118/998
f 1360/1115/1016 1364/1116/1016 1368/1117/1016 1366/1118/1016
f 1364/1115/1017 1365/1116/1017 1369/1117/1017 1368/1118/1017
f 1361/1115/1018 1360/1116/1018 1366/1117/1018 1367/1118/1018
f 1382/1091/1019 1383/1092/1019 1373/1093/1019 1372/1094/1019
f 1394/1091/1020 1397/1092/1020 1377/1093/1020 1376/1094/1020
f 1392/1091/1021 1389/1092/1021 1375/1093/1021 1374/1094/1021
f 1398/1091/1022 1401/1092/1022 1371/1093/1022 1370/1094/1022
f 1412/1095/1023 1392/1096/1023 1374/1097/1023 1399/1098/1023
f 1385/1099/1024 1377/1100/1024 1380/1101/1024 1387/1102/1024
f 1410/1095/1025 1393/1096/1025 1378/1097/1025 1405/1098/1025
f 1391/1099/1026 1371/1100/1026 1378/1101/1026 1393/1102/1026
f 1400/1099/1027 1375/1100/1027 1381/1101/1027 1404/1102/1027
f 1396/1099/1028 1373/1100/1028 1379/1101/1028 1402/1102/1028
f 1373/1093/1029 1383/1092/1029 1386/1103/1029 1379/1104/1029
f 1402/1105/1025 1379/1106/1025 1386/1107/1025 1406/1108/1025
f 1389/1092/1030 1385/1099/1030 1387/1102/1030 1390/1103/1030
f 1394/1105/1023 1376/1106/1023 1384/1107/1023 1408/1108/1023
f 1376/1109/1031 1377/1100/1031 1385/1099/1031 1384/1110/1031
f 1388/1110/1032 1391/1099/1032 1383/1092/1032 1382/1091/1032
f 1370/1109/1033 1371/1100/1033 1391/1099/1033 1388/1110/1033
f 1375/1093/1034 1389/1092/1034 1390/1103/1034 1381/1104/1034
f 1383/1092/1035 1391/1099/1035 1393/1102/1035 1386/1103/1035
f 1406/1108/1025 1386/1107/1025 1393/1096/1025 1410/1095/1025
f 1408/1108/1023 1384/1107/1023 1392/1096/1023 1412/1095/1023
f 1384/1110/1036 1385/1099/1036 1389/1092/1036 1392/1091/1036
f 1382/1111/1023 1409/1112/1023 1413/1113/1023 1388/1114/1023
f 1413/1115/1037 1409/1116/1037 1415/1117/1037 1417/1118/1037
f 1387/1111/1025 1407/1112/1025 1411/1113/1025 1390/1114/1025
f 1407/1112/1038 1406/1108/1038 1410/1095/1038 1411/1113/1038
f 1372/1119/1023 1395/1120/1023 1409/1112/1023 1382/1111/1023
f 1395/1120/1023 1394/1105/1023 1408/1108/1023 1409/1112/1023
f 1380/1119/1038 1403/1120/1038 1407/1112/1038 1387/1111/1038
f 1403/1120/1025 1402/1105/1025 1406/1108/1025 1407/1112/1025
f 1377/1093/1039 1397/1092/1039 1403/1103/1039 1380/1104/1039
f 1397/1092/1039 1396/1099/1039 1402/1102/1039 1403/1103/1039
f 1371/1093/1027 1401/1092/1027 1405/1103/1027 1378/1104/1027
f 1401/1092/1027 1400/1099/1027 1404/1102/1027 1405/1103/1027
f 1390/1114/1038 1411/1113/1038 1404/1121/1038 1381/1122/1038
f 1411/1113/1025 1410/1095/1025 1405/1098/1025 1404/1121/1025
f 1388/1114/1023 1413/1113/1023 1398/1121/1023 1370/1122/1023
f 1413/1113/1023 1412/1095/1023 1399/1098/1023 1398/1121/1023
f 1374/1109/1022 1375/1100/1022 1400/1099/1022 1399/1110/1022
f 1399/1110/1022 1400/1099/1022 1401/1092/1022 1398/1091/1022
f 1372/1109/1020 1373/1100/1020 1396/1099/1020 1395/1110/1020
f 1395/1110/1020 1396/1099/1020 1397/1092/1020 1394/1091/1020
f 1415/1115/1023 1414/1116/1023 1416/1117/1023 1417/1118/1023
f 1408/1115/1040 1412/1116/1040 1416/1117/1040 1414/1118/1040
f 1412/1115/1041 1413/1116/1041 1417/1117/1041 1416/1118/1041
f 1409/1115/1042 1408/1116/1042 1414/1117/1042 1415/1118/1042
f 1430/1091/1043 1431/1092/1043 1421/1093/1043 1420/1094/1043
f 1442/1091/1044 1445/1092/1044 1425/1093/1044 1424/1094/1044
f 1440/1091/1045 1437/1092/1045 1423/1093/1045 1422/1094/1045
f 1446/1091/1046 1449/1092/1046 1419/1093/1046 1418/1094/1046
f 1460/1095/1047 1440/1096/1047 1422/1097/1047 1447/1098/1047
f 1433/1099/1048 1425/1100/1048 1428/1101/1048 1435/1102/1048
f 1458/1095/1049 1441/1096/1049 1426/1097/1049 1453/1098/1049
f 1439/1099/1050 1419/1100/1050 1426/1101/1050 1441/1102/1050
f 1448/1099/1051 1423/1100/1051 1429/1101/1051 1452/1102/1051
f 1444/1099/1052 1421/1100/1052 1427/1101/1052 1450/1102/1052
f 1421/1093/1053 1431/1092/1053 1434/1103/1053 1427/1104/1053
f 1450/1105/1049 1427/1106/1049 1434/1107/1049 1454/1108/1049
f 1437/1092/1054 1433/1099/1054 1435/1102/1054 1438/1103/1054
f 1442/1105/1047 1424/1106/1047 1432/1107/1047 1456/1108/1047
f 1424/1109/1055 1425/1100/1055 1433/1099/1055 1432/1110/1055
f 1436/1110/1056 1439/1099/1056 1431/1092/1056 1430/1091/1056
f 1418/1109/1057 1419/1100/1057 1439/1099/1057 1436/1110/1057
f 1423/1093/1058 1437/1092/1058 1438/1103/1058 1429/1104/1058
f 1431/1092/1059 1439/1099/1059 1441/1102/1059 1434/1103/1059
f 1454/1108/1060 1434/1107/1060 1441/1096/1060 1458/1095/1060
f 1456/1108/1047 1432/1107/1047 1440/1096/1047 1460/1095/1047
f 1432/1110/1061 1433/1099/1061 1437/1092/1061 1440/1091/1061
f 1430/1111/1047 1457/1112/1047 1461/1113/1047 1436/1114/1047
f 1461/1115/1062 1457/1116/1062 1463/1117/1062 1465/1118/1062
f 1435/1111/1049 1455/1112/1049 1459/1113/1049 1438/1114/1049
f 1455/1112/1049 1454/1108/1049 1458/1095/1049 1459/1113/1049
f 1420/1119/1047 1443/1120/1047 1457/1112/1047 1430/1111/1047
f 1443/1120/1047 1442/1105/1047 1456/1108/1047 1457/1112/1047
f 1428/1119/1049 1451/1120/1049 1455/1112/1049 1435/1111/1049
f 1451/1120/1049 1450/1105/1049 1454/1108/1049 1455/1112/1049
f 1425/1093/1052 1445/1092/1052 1451/1103/1052 1428/1104/1052
f 1445/1092/1052 1444/1099/1052 1450/1102/1052 1451/1103/1052
f 1419/1093/1051 1449/1092/1051 1453/1103/1051 1426/1104/1051
f 1449/1092/1051 1448/1099/1051 1452/1102/1051 1453/1103/1051
f 1438/1114/1049 1459/1113/1049 1452/1121/1049 1429/1122/1049
f 1459/1113/1049 1458/1095/1049 1453/1098/1049 1452/1121/1049
f 1436/1114/1047 1461/1113/1047 1446/1121/1047 1418/1122/1047
f 1461/1113/1047 1460/1095/1047 1447/1098/1047 1446/1121/1047
f 1422/1109/1046 1423/1100/1046 1448/1099/1046 1447/1110/1046
f 1447/1110/1046 1448/1099/1046 1449/1092/1046 1446/1091/1046
f 1420/1109/1044 1421/1100/1044 1444/1099/1044 1443/1110/1044
f 1443/1110/1044 1444/1099/1044 1445/1092/1044 1442/1091/1044
f 1463/1115/1047 1462/1116/1047 1464/1117/1047 1465/1118/1047
f 1456/1115/1063 1460/1116/1063 1464/1117/1063 1462/1118/1063
f 1460/1115/1064 1461/1116/1064 1465/1117/1064 1464/1118/1064
f 1457/1115/1065 1456/1116/1065 1462/1117/1065 1463/1118/1065
f 1478/1091/1066 1479/1092/1066 1469/1093/1066 1468/1094/1066
f 1490/1091/1067 1493/1092/1067 1473/1093/1067 1472/1094/1067
f 1488/1091/1068 1485/1092/1068 1471/1093/1068 1470/1094/1068
f 1494/1091/1069 1497/1092/1069 1467/1093/1069 1466/1094/1069
f 1508/1095/1070 1488/1096/1070 1470/1097/1070 1495/1098/1070
f 1481/1099/1071 1473/1100/1071 1476/1101/1071 1483/1102/1071
f 1506/1095/1072 1489/1096/1072 1474/1097/1072 1501/1098/1072
f 1487/1099/1073 1467/1100/1073 1474/1101/1073 1489/1102/1073
f 1496/1099/1074 1471/1100/1074 1477/1101/1074 1500/1102/1074
f 1492/1099/1075 1469/1100/1075 1475/1101/1075 1498/1102/1075
f 1469/1093/1076 1479/1092/1076 1482/1103/1076 1475/1104/1076
f 1498/1105/1072 1475/1106/1072 1482/1107/1072 1502/1108/1072
f 1485/1092/1077 1481/1099/1077 1483/1102/1077 1486/1103/1077
f 1490/1105/1070 1472/1106/1070 1480/1107/1070 1504/1108/1070
f 1472/1109/1078 1473/1100/1078 1481/1099/1078 1480/1110/1078
f 1484/1110/1079 1487/1099/1079 1479/1092/1079 1478/1091/1079
f 1466/1109/1080 1467/1100/1080 1487/1099/1080 1484/1110/1080
f 1471/1093/1081 1485/1092/1081 1486/1103/1081 1477/1104/1081
f 1479/1092/1082 1487/1099/1082 1489/1102/1082 1482/1103/1082
f 1502/1108/1072 1482/1107/1072 1489/1096/1072 1506/1095/1072
f 1504/1108/1070 1480/1107/1070 1488/1096/1070 1508/1095/1070
f 1480/1110/1083 1481/1099/1083 1485/1092/1083 1488/1091/1083
f 1478/1111/1070 1505/1112/1070 1509/1113/1070 1484/1114/1070
f 1509/1115/1084 1505/1116/1084 1511/1117/1084 1513/1118/1084
f 1483/1111/1072 1503/1112/1072 1507/1113/1072 1486/1114/1072
f 1503/1112/1072 1502/1108/1072 1506/1095/1072 1507/1113/1072
f 1468/1119/1070 1491/1120/1070 1505/1112/1070 1478/1111/1070
f 1491/1120/1070 1490/1105/1070 1504/1108/1070 1505/1112/1070
f 1476/1119/1072 1499/1120/1072 1503/1112/1072 1483/1111/1072
f 1499/1120/1072 1498/1105/1072 1502/1108/1072 1503/1112/1072
f 1473/1093/1075 1493/1092/1075 1499/1103/1075 1476/1104/1075
f 1493/1092/1075 1492/1099/1075 1498/1102/1075 1499/1103/1075
f 1467/1093/1074 1497/1092/1074 1501/1103/1074 1474/1104/1074
f 1497/1092/1074 1496/1099/1074 1500/1102/1074 1501/1103/1074
f 1486/1114/1072 1507/1113/1072 1500/1121/1072 1477/1122/1072
f 1507/1113/1072 1506/1095/1072 1501/1098/1072 1500/1121/1072
f 1484/1114/1070 1509/1113/1070 1494/1121/1070 1466/1122/1070
f 1509/1113/1070 1508/1095/1070 1495/1098/1070 1494/1121/1070
f 1470/1109/1069 1471/1100/1069 1496/1099/1069 1495/1110/1069
f 1495/1110/1069 1496/1099/1069 1497/1092/1069 1494/1091/1069
f 1468/1109/1067 1469/1100/1067 1492/1099/1067 1491/1110/1067
f 1491/1110/1067 1492/1099/1067 1493/1092/1067 1490/1091/1067
f 1511/1115/1070 1510/1116/1070 1512/1117/1070 1513/1118/1070
f 1504/1115/1085 1508/1116/1085 1512/1117/1085 1510/1118/1085
f 1508/1115/1086 1509/1116/1086 1513/1117/1086 1512/1118/1086
f 1505/1115/1087 1504/1116/1087 1510/1117/1087 1511/1118/1087
f 1526/1091/1088 1527/1092/1088 1517/1093/1088 1516/1094/1088
f 1538/1091/1089 1541/1092/1089 1521/1093/1089 1520/1094/1089
f 1536/1091/1090 1533/1092/1090 1519/1093/1090 1518/1094/1090
f 1542/1091/1091 1545/1092/1091 1515/1093/1091 1514/1094/1091
f 1556/1095/1092 1536/1096/1092 1518/1097/1092 1543/1098/1092
f 1529/1099/1093 1521/1100/1093 1524/1101/1093 1531/1102/1093
f 1554/1095/1094 1537/1096/1094 1522/1097/1094 1549/1098/1094
f 1535/1099/1095 1515/1100/1095 1522/1101/1095 1537/1102/1095
f 1544/1099/1096 1519/1100/1096 1525/1101/1096 1548/1102/1096
f 1540/1099/1097 1517/1100/1097 1523/1101/1097 1546/1102/1097
f 1517/1093/1098 1527/1092/1098 1530/1103/1098 1523/1104/1098
f 1546/1105/1094 1523/1106/1094 1530/1107/1094 1550/1108/1094
f 1533/1092/1099 1529/1099/1099 1531/1102/1099 1534/1103/1099
f 1538/1105/1100 1520/1106/1100 1528/1107/1100 1552/1108/1100
f 1520/1109/1101 1521/1100/1101 1529/1099/1101 1528/1110/1101
f 1532/1110/1102 1535/1099/1102 1527/1092/1102 1526/1091/1102
f 1514/1109/1103 1515/1100/1103 1535/1099/1103 1532/1110/1103
f 1519/1093/1104 1533/1092/1104 1534/1103/1104 1525/1104/1104
f 1527/1092/1105 1535/1099/1105 1537/1102/1105 1530/1103/1105
f 1550/1108/1106 1530/1107/1106 1537/1096/1106 1554/1095/1106
f 1552/1108/1100 1528/1107/1100 1536/1096/1100 1556/1095/1100
f 1528/1110/1107 1529/1099/1107 1533/1092/1107 1536/1091/1107
f 1526/1111/1092 1553/1112/1092 1557/1113/1092 1532/1114/1092
f 1557/1115/1108 1553/1116/1108 1559/1117/1108 1561/1118/1108
f 1531/1111/1094 1551/1112/1094 1555/1113/1094 1534/1114/1094
f 1551/1112/1106 1550/1108/1106 1554/1095/1106 1555/1113/1106
f 1516/1119/1092 1539/1120/1092 1553/1112/1092 1526/1111/1092
f 1539/1120/1092 1538/1105/1092 1552/1108/1092 1553/1112/1092
f 1524/1119/1094 1547/1120/1094 1551/1112/1094 1531/1111/1094
f 1547/1120/1106 1546/1105/1106 1550/1108/1106 1551/1112/1106
f 1521/1093/1097 1541/1092/1097 1547/1103/1097 1524/1104/1097
f 1541/1092/1097 1540/1099/1097 1546/1102/1097 1547/1103/1097
f 1515/1093/1096 1545/1092/1096 1549/1103/1096 1522/1104/1096
f 1545/1092/1096 1544/1099/1096 1548/1102/1096 1549/1103/1096
f 1534/1114/1094 1555/1113/1094 1548/1121/1094 1525/1122/1094
f 1555/1113/1106 1554/1095/1106 1549/1098/1106 1548/1121/1106
f 1532/1114/1100 1557/1113/1100 1542/1121/1100 1514/1122/1100
f 1557/1113/1100 1556/1095/1100 1543/1098/1100 1542/1121/1100
f 1518/1109/1091 1519/1100/1091 1544/1099/1091 1543/1110/1091
f 1543/1110/1091 1544/1099/1091 1545/1092/1091 1542/1091/1091
f 1516/1109/1089 1517/1100/1089 1540/1099/1089 1539/1110/1089
f 1539/1110/1089 1540/1099/1089 1541/1092/1089 1538/1091/1089
f 1559/1115/1092 1558/1116/1092 1560/1117/1092 1561/1118/1092
f 1552/1115/1109 1556/1116/1109 1560/1117/1109 1558/1118/1109
f 1556/1115/1110 1557/1116/1110 1561/1117/1110 1560/1118/1110
f 1553/1115/1111 1552/1116/1111 1558/1117/1111 1559/1118/1111
f 1574/1091/1112 1575/1092/1112 1565/1093/1112 1564/1094/1112
f 1586/1091/1113 1589/1092/1113 1569/1093/1113 1568/1094/1113
f 1584/1091/1114 1581/1092/1114 1567/1093/1114 1566/1094/1114
f 1590/1091/1115 1593/1092/1115 1563/1093/1115 1562/1094/1115
f 1604/1095/1116 1584/1096/1116 1566/1097/1116 1591/1098/1116
f 1577/1099/1117 1569/1100/1117 1572/1101/1117 1579/1102/1117
f 1602/1095/1118 1585/1096/1118 1570/1097/1118 1597/1098/1118
f 1583/1099/1119 1563/1100/1119 1570/1101/1119 1585/1102/1119
f 1592/1099/1120 1567/1100/1120 1573/1101/1120 1596/1102/1120
f 1588/1099/1121 1565/1100/1121 1571/1101/1121 1594/1102/1121
f 1565/1093/1122 1575/1092/1122 1578/1103/1122 1571/1104/1122
f 1594/1105/1118 1571/1106/1118 1578/1107/1118 1598/1108/1118
f 1581/1092/1123 1577/1099/1123 1579/1102/1123 1582/1103/1123
f 1586/1105/1116 1568/1106/1116 1576/1107/1116 1600/1108/1116
f 1568/1109/1124 1569/1100/1124 1577/1099/1124 1576/1110/1124
f 1580/1110/1125 1583/1099/1125 1575/1092/1125 1574/1091/1125
f 1562/1109/1126 1563/1100/1126 1583/1099/1126 1580/1110/1126
f 1567/1093/1127 1581/1092/1127 1582/1103/1127 1573/1104/1127
f 1575/1092/1128 1583/1099/1128 1585/1102/1128 1578/1103/1128
f 1598/1108/1118 1578/1107/1118 1585/1096/1118 1602/1095/1118
f 1600/1108/1116 1576/1107/1116 1584/1096/1116 1604/1095/1116
f 1576/1110/1129 1577/1099/1129 1581/1092/1129 1584/1091/1129
f 1574/1111/1116 1601/1112/1116 1605/1113/1116 1580/1114/1116
f 1605/1115/1130 1601/1116/1130 1607/1117/1130 1609/1118/1130
f 1579/1111/1118 1599/1112/1118 1603/1113/1118 1582/1114/1118
f 1599/1112/1118 1598/1108/1118 1602/1095/1118 1603/1113/1118
f 1564/1119/1116 1587/1120/1116 1601/1112/1116 1574/1111/1116
f 1587/1120/1116 1586/1105/1116 1600/1108/1116 1601/1112/1116
f 1572/1119/1118 1595/1120/1118 1599/1112/1118 1579/1111/1118
f 1595/1120/1118 1594/1105/1118 1598/1108/1118 1599/1112/1118
f 1569/1093/1121 1589/1092/1121 1595/1103/1121 1572/1104/1121
f 1589/1092/1121 1588/1099/1121 1594/1102/1121 1595/1103/1121
f 1563/1093/1120 1593/1092/1120 1597/1103/1120 1570/1104/1120
f 1593/1092/1120 1592/1099/1120 1596/1102/1120 1597/1103/1120
f 1582/1114/1118 1603/1113/1118 1596/1121/1118 1573/1122/1118
f 1603/1113/1118 1602/1095/1118 1597/1098/1118 1596/1121/1118
f 1580/1114/1116 1605/1113/1116 1590/1121/1116 1562/1122/1116
f 1605/1113/1116 1604/1095/1116 1591/1098/1116 1590/1121/1116
f 1566/1109/1115 1567/1100/1115 1592/1099/1115 1591/1110/1115
f 1591/1110/1115 1592/1099/1115 1593/1092/1115 1590/1091/1115
f 1564/1109/1113 1565/1100/1113 1588/1099/1113 1587/1110/1113
f 1587/1110/1113 1588/1099/1113 1589/1092/1113 1586/1091/1113
f 1607/1115/1116 1606/1116/1116 1608/1117/1116 1609/1118/1116
f 1600/1115/1131 1604/1116/1131 1608/1117/1131 1606/1118/1131
f 1604/1115/1132 1605/1116/1132 1609/1117/1132 1608/1118/1132
f 1601/1115/1133 1600/1116/1133 1606/1117/1133 1607/1118/1133
f 1622/1091/1134 1623/1092/1134 1613/1093/1134 1612/1094/1134
f 1634/1091/1135 1637/1092/1135 1617/1093/1135 1616/1094/1135
f 1632/1091/1136 1629/1092/1136 1615/1093/1136 1614/1094/1136
f 1638/1091/1137 1641/1092/1137 1611/1093/1137 1610/1094/1137
f 1652/1095/1138 1632/1096/1138 1614/1097/1138 1639/1098/1138
f 1625/1099/1139 1617/1100/1139 1620/1101/1139 1627/1102/1139
f 1650/1095/1140 1633/1096/1140 1618/1097/1140 1645/1098/1140
f 1631/1099/1141 1611/1100/1141 1618/1101/1141 1633/1102/1141
f 1640/1099/1142 1615/1100/1142 1621/1101/1142 1644/1102/1142
f 1636/1099/1143 1613/1100/1143 1619/1101/1143 1642/1102/1143
f 1613/1093/1144 1623/1092/1144 1626/1103/1144 1619/1104/1144
f 1642/1105/1140 1619/1106/1140 1626/1107/1140 1646/1108/1140
f 1629/1092/1145 1625/1099/1145 1627/1102/1145 1630/1103/1145
f 1634/1105/1138 1616/1106/1138 1624/1107/1138 1648/1108/1138
f 1616/1109/1146 1617/1100/1146 1625/1099/1146 1624/1110/1146
f 1628/1110/1147 1631/1099/1147 1623/1092/1147 1622/1091/1147
f 1610/1109/1148 1611/1100/1148 1631/1099/1148 1628/1110/1148
f 1615/1093/1149 1629/1092/1149 1630/1103/1149 1621/1104/1149
f 1623/1092/1150 1631/1099/1150 1633/1102/1150 1626/1103/1150
f 1646/1108/1140 1626/1107/1140 1633/1096/1140 1650/1095/1140
f 1648/1108/1138 1624/1107/1138 1632/1096/1138 1652/1095/1138
f 1624/1110/1151 1625/1099/1151 1629/1092/1151 1632/1091/1151
f 1622/1111/1138 1649/1112/1138 1653/1113/1138 1628/1114/1138
f 1653/1115/1152 1649/1116/1152 1655/1117/1152 1657/1118/1152
f 1627/1111/1140 1647/1112/1140 1651/1113/1140 1630/1114/1140
f 1647/1112/1140 1646/1108/1140 1650/1095/1140 1651/1113/1140
f 1612/1119/1138 1635/1120/1138 1649/1112/1138 1622/1111/1138
f 1635/1120/1138 1634/1105/1138 1648/1108/1138 1649/1112/1138
f 1620/1119/1140 1643/1120/1140 1647/1112/1140 1627/1111/1140
f 1643/1120/1140 1642/1105/1140 1646/1108/1140 1647/1112/1140
f 1617/1093/1153 1637/1092/1153 1643/1103/1153 1620/1104/1153
f 1637/1092/1143 1636/1099/1143 1642/1102/1143 1643/1103/1143
f 1611/1093/1154 1641/1092/1154 1645/1103/1154 1618/1104/1154
f 1641/1092/1154 1640/1099/1154 1644/1102/1154 1645/1103/1154
f 1630/1114/1140 1651/1113/1140 1644/1121/1140 1621/1122/1140
f 1651/1113/1140 1650/1095/1140 1645/1098/1140 1644/1121/1140
f 1628/1114/1138 1653/1113/1138 1638/1121/1138 1610/1122/1138
f 1653/1113/1138 1652/1095/1138 1639/1098/1138 1638/1121/1138
f 1614/1109/1155 1615/1100/1155 1640/1099/1155 1639/1110/1155
f 1639/1110/1137 1640/1099/1137 1641/1092/1137 1638/1091/1137
f 1612/1109/1135 1613/1100/1135 1636/1099/1135 1635/1110/1135
f 1635/1110/1135 1636/1099/1135 1637/1092/1135 1634/1091/1135
f 1655/1115/1138 1654/1116/1138 1656/1117/1138 1657/1118/1138
f 1648/1115/1156 1652/1116/1156 1656/1117/1156 1654/1118/1156
f 1652/1115/1157 1653/1116/1157 1657/1117/1157 1656/1118/1157
f 1649/1115/1158 1648/1116/1158 1654/1117/1158 1655/1118/1158
f 1670/1091/1159 1671/1092/1159 1661/1093/1159 1660/1094/1159
f 1682/1091/1160 1685/1092/1160 1665/1093/1160 1664/1094/1160
f 1680/1091/1161 1677/1092/1161 1663/1093/1161 1662/1094/1161
f 1686/1091/1162 1689/1092/1162 1659/1093/1162 1658/1094/1162
f 1700/1095/1163 1680/1096/1163 1662/1097/1163 1687/1098/1163
f 1673/1099/1164 1665/1100/1164 1668/1101/1164 1675/1102/1164
f 1698/1095/1165 1681/1096/1165 1666/1097/1165 1693/1098/1165
f 1679/1099/1166 1659/1100/1166 1666/1101/1166 1681/1102/1166
f 1688/1099/1167 1663/1100/1167 1669/1101/1167 1692/1102/1167
f 1684/1099/1168 1661/1100/1168 1667/1101/1168 1690/1102/1168
f 1661/1093/1169 1671/1092/1169 1674/1103/1169 1667/1104/1169
f 1690/1105/1165 1667/1106/1165 1674/1107/1165 1694/1108/1165
f 1677/1092/1170 1673/1099/1170 1675/1102/1170 1678/1103/1170
f 1682/1105/1163 1664/1106/1163 1672/1107/1163 1696/1108/1163
f 1664/1109/1171 1665/1100/1171 1673/1099/1171 1672/1110/1171
f 1676/1110/1172 1679/1099/1172 1671/1092/1172 1670/1091/1172
f 1658/1109/1173 1659/1100/1173 1679/1099/1173 1676/1110/1173
f 1663/1093/1174 1677/1092/1174 1678/1103/1174 1669/1104/1174
f 1671/1092/1175 1679/1099/1175 1681/1102/1175 1674/1103/1175
f 1694/1108/1176 1674/1107/1176 1681/1096/1176 1698/1095/1176
f 1696/1108/1163 1672/1107/1163 1680/1096/1163 1700/1095/1163
f 1672/1110/1177 1673/1099/1177 1677/1092/1177 1680/1091/1177
f 1670/1111/1163 1697/1112/1163 1701/1113/1163 1676/1114/1163
f 1701/1115/1178 1697/1116/1178 1703/1117/1178 1705/1118/1178
f 1675/1111/1165 1695/1112/1165 1699/1113/1165 1678/1114/1165
f 1695/1112/1176 1694/1108/1176 1698/1095/1176 1699/1113/1176
f 1660/1119/1163 1683/1120/1163 1697/1112/1163 1670/1111/1163
f 1683/1120/1163 1682/1105/1163 1696/1108/1163 1697/1112/1163
f 1668/1119/1176 1691/1120/1176 1695/1112/1176 1675/1111/1176
f 1691/1120/1165 1690/1105/1165 1694/1108/1165 1695/1112/1165
f 1665/1093/1168 1685/1092/1168 1691/1103/1168 1668/1104/1168
f 1685/1092/1168 1684/1099/1168 1690/1102/1168 1691/1103/1168
f 1659/1093/1167 1689/1092/1167 1693/1103/1167 1666/1104/1167
f 1689/1092/1167 1688/1099/1167 1692/1102/1167 1693/1103/1167
f 1678/1114/1165 1699/1113/1165 1692/1121/1165 1669/1122/1165
f 1699/1113/1165 1698/1095/1165 1693/1098/1165 1692/1121/1165
f 1676/1114/1163 1701/1113/1163 1686/1121/1163 1658/1122/1163
f 1701/1113/1163 1700/1095/1163 1687/1098/1163 1686/1121/1163
f 1662/1109/1162 1663/1100/1162 1688/1099/1162 1687/1110/1162
f 1687/1110/1162 1688/1099/1162 1689/1092/1162 1686/1091/1162
f 1660/1109/1179 1661/1100/1179 1684/1099/1179 1683/1110/1179
f 1683/1110/1160 1684/1099/1160 1685/1092/1160 1682/1091/1160
f 1703/1115/1163 1702/1116/1163 1704/1117/1163 1705/1118/1163
f 1696/1115/1180 1700/1116/1180 1704/1117/1180 1702/1118/1180
f 1700/1115/1181 1701/1116/1181 1705/1117/1181 1704/1118/1181
f 1697/1115/1182 1696/1116/1182 1702/1117/1182 1703/1118/1182
f 1718/1091/1183 1719/1092/1183 1709/1093/1183 1708/1094/1183
f 1730/1091/1184 1733/1092/1184 1713/1093/1184 1712/1094/1184
f 1728/1091/1185 1725/1092/1185 1711/1093/1185 1710/1094/1185
f 1734/1091/1186 1737/1092/1186 1707/1093/1186 1706/1094/1186
f 1748/1095/1187 1728/1096/1187 1710/1097/1187 1735/1098/1187
f 1721/1099/1188 1713/1100/1188 1716/1101/1188 1723/1102/1188
f 1746/1095/1189 1729/1096/1189 1714/1097/1189 1741/1098/1189
f 1727/1099/1190 1707/1100/1190 1714/1101/1190 1729/1102/1190
f 1736/1099/1191 1711/1100/1191 1717/1101/1191 1740/1102/1191
f 1732/1099/1192 1709/1100/1192 1715/1101/1192 1738/1102/1192
f 1709/1093/1193 1719/1092/1193 1722/1103/1193 1715/1104/1193
f 1738/1105/1194 1715/1106/1194 1722/1107/1194 1742/1108/1194
f 1725/1092/1195 1721/1099/1195 1723/1102/1195 1726/1103/1195
f 1730/1105/1187 1712/1106/1187 1720/1107/1187 1744/1108/1187
f 1712/1109/1196 1713/1100/1196 1721/1099/1196 1720/1110/1196
f 1724/1110/1197 1727/1099/1197 1719/1092/1197 1718/1091/1197
f 1706/1109/1198 1707/1100/1198 1727/1099/1198 1724/1110/1198
f 1711/1093/1199 1725/1092/1199 1726/1103/1199 1717/1104/1199
f 1719/1092/1200 1727/1099/1200 1729/1102/1200 1722/1103/1200
f 1742/1108/1194 1722/1107/1194 1729/1096/1194 1746/1095/1194
f 1744/1108/1187 1720/1107/1187 1728/1096/1187 1748/1095/1187
f 1720/1110/1201 1721/1099/1201 1725/1092/1201 1728/1091/1201
f 1718/1111/1187 1745/1112/1187 1749/1113/1187 1724/1114/1187
f 1749/1115/1202 1745/1116/1202 1751/1117/1202 1753/1118/1202
f 1723/1111/1189 1743/1112/1189 1747/1113/1189 1726/1114/1189
f 1743/1112/1194 1742/1108/1194 1746/1095/1194 1747/1113/1194
f 1708/1119/1187 1731/1120/1187 1745/1112/1187 1718/1111/1187
f 1731/1120/1187 1730/1105/1187 1744/1108/1187 1745/1112/1187
f 1716/1119/1194 1739/1120/1194 1743/1112/1194 1723/1111/1194
f 1739/1120/1194 1738/1105/1194 1742/1108/1194 1743/1112/1194
f 1713/1093/1192 1733/1092/1192 1739/1103/1192 1716/1104/1192
f 1733/1092/1192 1732/1099/1192 1738/1102/1192 1739/1103/1192
f 1707/1093/1191 1737/1092/1191 1741/1103/1191 1714/1104/1191
f 1737/1092/1191 1736/1099/1191 1740/1102/1191 1741/1103/1191
f 1726/1114/1194 1747/1113/1194 1740/1121/1194 1717/1122/1194
f 1747/1113/1194 1746/1095/1194 1741/1098/1194 1740/1121/1194
f 1724/1114/1187 1749/1113/1187 1734/1121/1187 1706/1122/1187
f 1749/1113/1187 1748/1095/1187 1735/1098/1187 1734/1121/1187
f 1710/1109/1186 1711/1100/1186 1736/1099/1186 1735/1110/1186
f 1735/1110/1186 1736/1099/1186 1737/1092/1186 1734/1091/1186
f 1708/1109/1184 1709/1100/1184 1732/1099/1184 1731/1110/1184
f 1731/1110/1184 1732/1099/1184 1733/1092/1184 1730/1091/1184
f 1751/1115/1187 1750/1116/1187 1752/1117/1187 1753/1118/1187
f 1744/1115/1203 1748/1116/1203 1752/1117/1203 1750/1118/1203
f 1748/1115/1204 1749/1116/1204 1753/1117/1204 1752/1118/1204
f 1745/1115/1205 1744/1116/1205 1750/1117/1205 1751/1118/1205
f 1766/1091/1206 1767/1092/1206 1757/1093/1206 1756/1094/1206
f 1778/1091/1207 1781/1092/1207 1761/1093/1207 1760/1094/1207
f 1776/1091/1208 1773/1092/1208 1759/1093/1208 1758/1094/1208
f 1782/1091/1209 1785/1092/1209 1755/1093/1209 1754/1094/1209
f 1796/1095/1210 1776/1096/1210 1758/1097/1210 1783/1098/1210
f 1769/1099/1211 1761/1100/1211 1764/1101/1211 1771/1102/1211
f 1794/1095/1212 1777/1096/1212 1762/1097/1212 1789/1098/1212
f 1775/1099/1213 1755/1100/1213 1762/1101/1213 1777/1102/1213
f 1784/1099/1214 1759/1100/1214 1765/1101/1214 1788/1102/1214
f 1780/1099/1215 1757/1100/1215 1763/1101/1215 1786/1102/1215
f 1757/1093/1216 1767/1092/1216 1770/1103/1216 1763/1104/1216
f 1786/1105/1212 1763/1106/1212 1770/1107/1212 1790/1108/1212
f 1773/1092/1217 1769/1099/1217 1771/1102/1217 1774/1103/1217
f 1778/1105/1210 1760/1106/1210 1768/1107/1210 1792/1108/1210
f 1760/1109/1218 1761/1100/1218 1769/1099/1218 1768/1110/1218
f 1772/1110/1219 1775/1099/1219 1767/1092/1219 1766/1091/1219
f 1754/1109/1220 1755/1100/1220 1775/1099/1220 1772/1110/1220
f 1759/1093/1221 1773/1092/1221 1774/1103/1221 1765/1104/1221
f 1767/1092/1222 1775/1099/1222 1777/1102/1222 1770/1103/1222
f 1790/1108/1212 1770/1107/1212 1777/1096/1212 1794/1095/1212
f 1792/1108/1210 1768/1107/1210 1776/1096/1210 1796/1095/1210
f 1768/1110/1223 1769/1099/1223 1773/1092/1223 1776/1091/1223
f 1766/1111/1210 1793/1112/1210 1797/1113/1210 1772/1114/1210
f 1797/1115/1224 1793/1116/1224 1799/1117/1224 1801/1118/1224
f 1771/1111/1212 1791/1112/1212 1795/1113/1212 1774/1114/1212
f 1791/1112/1212 1790/1108/1212 1794/1095/1212 1795/1113/1212
f 1756/1119/1210 1779/1120/1210 1793/1112/1210 1766/1111/1210
f 1779/1120/1210 1778/1105/1210 1792/1108/1210 1793/1112/1210
f 1764/1119/1212 1787/1120/1212 1791/1112/1212 1771/1111/1212
f 1787/1120/1212 1786/1105/1212 1790/1108/1212 1791/1112/1212
f 1761/1093/1225 1781/1092/1225 1787/1103/1225 1764/1104/1225
f 1781/1092/1225 1780/1099/1225 1786/1102/1225 1787/1103/1225
f 1755/1093/1214 1785/1092/1214 1789/1103/1214 1762/1104/1214
f 1785/1092/1214 1784/1099/1214 1788/1102/1214 1789/1103/1214
f 1774/1114/1212 1795/1113/1212 1788/1121/1212 1765/1122/1212
f 1795/1113/1212 1794/1095/1212 1789/1098/1212 1788/1121/1212
f 1772/1114/1210 1797/1113/1210 1782/1121/1210 1754/1122/1210
f 1797/1113/1210 1796/1095/1210 1783/1098/1210 1782/1121/1210
f 1758/1109/1209 1759/1100/1209 1784/1099/1209 1783/1110/1209
f 1783/1110/1209 1784/1099/1209 1785/1092/1209 1782/1091/1209
f 1756/1109/1207 1757/1100/1207 1780/1099/1207 1779/1110/1207
f 1779/1110/1207 1780/1099/1207 1781/1092/1207 1778/1091/1207
f 1799/1115/1210 1798/1116/1210 1800/1117/1210 1801/1118/1210
f 1792/1115/1226 1796/1116/1226 1800/1117/1226 1798/1118/1226
f 1796/1115/1227 1797/1116/1227 1801/1117/1227 1800/1118/1227
f 1793/1115/1228 1792/1116/1228 1798/1117/1228 1799/1118/1228
f 1814/1091/1229 1815/1092/1229 1805/1093/1229 1804/1094/1229
f 1826/1123/1230 1829/1124/1230 1809/1125/1230 1808/1126/1230
f 1824/1127/1231 1821/1128/1231 1807/1129/1231 1806/1130/1231
f 1830/1131/1232 1833/1132/1232 1803/1133/1232 1802/1134/1232
f 1844/1095/1233 1824/1096/1233 1806/1097/1233 1831/1098/1233
f 1817/1135/1234 1809/1136/1234 1812/1137/1234 1819/1138/1234
f 1842/1139/1235 1825/1140/1235 1810/1141/1235 1837/1142/1235
f 1823/1099/1236 1803/1100/1236 1810/1101/1236 1825/1102/1236
f 1832/1143/1237 1807/1144/1237 1813/1145/1237 1836/1146/1237
f 1828/1147/1238 1805/1148/1238 1811/1149/1238 1834/1150/1238
f 1805/1093/1239 1815/1092/1239 1818/1103/1239 1811/1104/1239
f 1834/1151/1240 1811/1152/1240 1818/1153/1240 1838/1154/1240
f 1821/1128/1241 1817/1135/1241 1819/1138/1241 1822/1155/1241
f 1826/1105/1233 1808/1106/1233 1816/1107/1233 1840/1108/1233
f 1808/1156/1242 1809/1136/1242 1817/1135/1242 1816/1157/1242
f 1820/1110/1243 1823/1099/1243 1815/1092/1243 1814/1091/1243
f 1802/1109/1244 1803/1100/1244 1823/1099/1244 1820/1110/1244
f 1807/1129/1245 1821/1128/1245 1822/1155/1245 1813/1158/1245
f 1815/1092/1246 1823/1099/1246 1825/1102/1246 1818/1103/1246
f 1838/1154/1247 1818/1153/1247 1825/1140/1247 1842/1139/1247
f 1840/1108/1233 1816/1107/1233 1824/1096/1233 1844/1095/1233
f 1816/1157/1248 1817/1135/1248 1821/1128/1248 1824/1127/1248
f 1814/1111/1233 1841/1112/1233 1845/1113/1233 1820/1114/1233
f 1845/1115/1249 1841/1116/1249 1847/1117/1249 1849/1118/1249
f 1819/1159/1247 1839/1160/1247 1843/1161/1247 1822/1162/1247
f 1839/1160/1247 1838/1154/1247 1842/1139/1247 1843/1161/1247
f 1804/1119/1233 1827/1120/1233 1841/1112/1233 1814/1111/1233
f 1827/1120/1233 1826/1105/1233 1840/1108/1233 1841/1112/1233
f 1812/1163/1240 1835/1164/1240 1839/1160/1240 1819/1159/1240
f 1835/1164/1247 1834/1151/1247 1838/1154/1247 1839/1160/1247
f 1809/1125/1238 1829/1124/1238 1835/1165/1238 1812/1166/1238
f 1829/1124/1238 1828/1147/1238 1834/1150/1238 1835/1165/1238
f 1803/1133/1237 1833/1132/1237 1837/1167/1237 1810/1168/1237
f 1833/1132/1237 1832/1143/1237 1836/1146/1237 1837/1167/1237
f 1822/1162/1240 1843/1161/1240 1836/1169/1240 1813/1170/1240
f 1843/1161/1250 1842/1139/1250 1837/1142/1250 1836/1169/1250
f 1820/1114/1233 1845/1113/1233 1830/1121/1233 1802/1122/1233
f 1845/1113/1233 1844/1095/1233 1831/1098/1233 1830/1121/1233
f 1806/1171/1232 1807/1144/1232 1832/1143/1232 1831/1172/1232
f 1831/1172/1232 1832/1143/1232 1833/1132/1232 1830/1131/1232
f 1804/1173/1251 1805/1148/1251 1828/1147/1251 1827/1174/1251
f 1827/1174/1252 1828/1147/1252 1829/1124/1252 1826/1123/1252
f 1847/1175/1233 1846/1176/1233 1848/1177/1233 1849/1178/1233
f 1840/1179/1253 1844/1180/1253 1848/1181/1253 1846/1182/1253
f 1844/1183/1254 1845/1184/1254 1849/1185/1254 1848/1186/1254
f 1841/1187/1255 1840/1188/1255 1846/1189/1255 1847/1190/1255
f 1862/1091/1256 1863/1092/1256 1853/1093/1256 1852/1094/1256
f 1874/1091/1257 1877/1092/1257 1857/1093/1257 1856/1094/1257
f 1872/1091/1258 1869/1092/1258 1855/1093/1258 1854/1094/1258
f 1878/1091/1259 1881/1092/1259 1851/1093/1259 1850/1094/1259
f 1892/1095/1260 1872/1096/1260 1854/1097/1260 1879/1098/1260
f 1865/1099/1261 1857/1100/1261 1860/1101/1261 1867/1102/1261
f 1890/1095/1262 1873/1096/1262 1858/1097/1262 1885/1098/1262
f 1871/1099/1263 1851/1100/1263 1858/1101/1263 1873/1102/1263
f 1880/1099/1264 1855/1100/1264 1861/1101/1264 1884/1102/1264
f 1876/1099/1265 1853/1100/1265 1859/1101/1265 1882/1102/1265
f 1853/1093/1266 1863/1092/1266 1866/1103/1266 1859/1104/1266
f 1882/1105/1262 1859/1106/1262 1866/1107/1262 1886/1108/1262
f 1869/1092/1267 1865/1099/1267 1867/1102/1267 1870/1103/1267
f 1874/1105/1260 1856/1106/1260 1864/1107/1260 1888/1108/1260
f 1856/1109/1268 1857/1100/1268 1865/1099/1268 1864/1110/1268
f 1868/1110/1269 1871/1099/1269 1863/1092/1269 1862/1091/1269
f 1850/1109/1270 1851/1100/1270 1871/1099/1270 1868/1110/1270
f 1855/1093/1271 1869/1092/1271 1870/1103/1271 1861/1104/1271
f 1863/1092/1272 1871/1099/1272 1873/1102/1272 1866/1103/1272
f 1886/1108/1262 1866/1107/1262 1873/1096/1262 1890/1095/1262
f 1888/1108/1260 1864/1107/1260 1872/1096/1260 1892/1095/1260
f 1864/1110/1273 1865/1099/1273 1869/1092/1273 1872/1091/1273
f 1862/1111/1260 1889/1112/1260 1893/1113/1260 1868/1114/1260
f 1893/1115/1274 1889/1116/1274 1895/1117/1274 1897/1118/1274
f 1867/1111/1262 1887/1112/1262 1891/1113/1262 1870/1114/1262
f 1887/1112/1262 1886/1108/1262 1890/1095/1262 1891/1113/1262
f 1852/1119/1260 1875/1120/1260 1889/1112/1260 1862/1111/1260
f 1875/1120/1260 1874/1105/1260 1888/1108/1260 1889/1112/1260
f 1860/1119/1262 1883/1120/1262 1887/1112/1262 1867/1111/1262
f 1883/1120/1262 1882/1105/1262 1886/1108/1262 1887/1112/1262
f 1857/1093/1265 1877/1092/1265 1883/1103/1265 1860/1104/1265
f 1877/1092/1265 1876/1099/1265 1882/1102/1265 1883/1103/1265
f 1851/1093/1264 1881/1092/1264 1885/1103/1264 1858/1104/1264
f 1881/1092/1264 1880/1099/1264 1884/1102/1264 1885/1103/1264
f 1870/1114/1262 1891/1113/1262 1884/1121/1262 1861/1122/1262
f 1891/1113/1262 1890/1095/1262 1885/1098/1262 1884/1121/1262
f 1868/1114/1260 1893/1113/1260 1878/1121/1260 1850/1122/1260
f 1893/1113/1260 1892/1095/1260 1879/1098/1260 1878/1121/1260
f 1854/1109/1259 1855/1100/1259 1880/1099/1259 1879/1110/1259
f 1879/1110/1259 1880/1099/1259 1881/1092/1259 1878/1091/1259
f 1852/1109/1257 1853/1100/1257 1876/1099/1257 1875/1110/1257
f 1875/1110/1257 1876/1099/1257 1877/1092/1257 1874/1091/1257
f 1895/1115/1260 1894/1116/1260 1896/1117/1260 1897/1118/1260
f 1888/1115/1275 1892/1116/1275 1896/1117/1275 1894/1118/1275
f 1892/1115/1276 1893/1116/1276 1897/1117/1276 1896/1118/1276
f 1889/1115/1277 1888/1116/1277 1894/1117/1277 1895/1118/1277
f 1910/1091/852 1911/1092/852 1901/1093/852 1900/1094/852
f 1922/1091/853 1925/1092/853 1905/1093/853 1904/1094/853
f 1920/1091/854 1917/1092/854 1903/1093/854 1902/1094/854
f 1926/1091/855 1929/1092/855 1899/1093/855 1898/1094/855
f 1940/1095/856 1920/1096/856 1902/1097/856 1927/1098/856
f 1913/1099/857 1905/1100/857 1908/1101/857 1915/1102/857
f 1938/1095/858 1921/1096/858 1906/1097/858 1933/1098/858
f 1919/1099/859 1899/1100/859 1906/1101/859 1921/1102/859
f 1928/1099/860 1903/1100/860 1909/1101/860 1932/1102/860
f 1924/1099/861 1901/1100/861 1907/1101/861 1930/1102/861
f 1901/1093/862 1911/1092/862 1914/1103/862 1907/1104/862
f 1930/1105/858 1907/1106/858 1914/1107/858 1934/1108/858
f 1917/1092/1278 1913/1099/1278 1915/1102/1278 1918/1103/1278
f 1922/1105/856 1904/1106/856 1912/1107/856 1936/1108/856
f 1904/1109/864 1905/1100/864 1913/1099/864 1912/1110/864
f 1916/1110/865 1919/1099/865 1911/1092/865 1910/1091/865
f 1898/1109/866 1899/1100/866 1919/1099/866 1916/1110/866
f 1903/1093/1279 1917/1092/1279 1918/1103/1279 1909/1104/1279
f 1911/1092/868 1919/1099/868 1921/1102/868 1914/1103/868
f 1934/1108/858 1914/1107/858 1921/1096/858 1938/1095/858
f 1936/1108/856 1912/1107/856 1920/1096/856 1940/1095/856
f 1912/1110/870 1913/1099/870 1917/1092/870 1920/1091/870
f 1910/1111/856 1937/1112/856 1941/1113/856 1916/1114/856
f 1941/1115/871 1937/1116/871 1943/1117/871 1945/1118/871
f 1915/1111/1280 1935/1112/1280 1939/1113/1280 1918/1114/1280
f 1935/1112/858 1934/1108/858 1938/1095/858 1939/1113/858
f 1900/1119/856 1923/1120/856 1937/1112/856 1910/1111/856
f 1923/1120/856 1922/1105/856 1936/1108/856 1937/1112/856
f 1908/1119/1280 1931/1120/1280 1935/1112/1280 1915/1111/1280
f 1931/1120/858 1930/1105/858 1934/1108/858 1935/1112/858
f 1905/1093/872 1925/1092/872 1931/1103/872 1908/1104/872
f 1925/1092/861 1924/1099/861 1930/1102/861 1931/1103/861
f 1899/1093/860 1929/1092/860 1933/1103/860 1906/1104/860
f 1929/1092/860 1928/1099/860 1932/1102/860 1933/1103/860
f 1918/1114/858 1939/1113/858 1932/1121/858 1909/1122/858
f 1939/1113/858 1938/1095/858 1933/1098/858 1932/1121/858
f 1916/1114/856 1941/1113/856 1926/1121/856 1898/1122/856
f 1941/1113/856 1940/1095/856 1927/1098/856 1926/1121/856
f 1902/1109/855 1903/1100/855 1928/1099/855 1927/1110/855
f 1927/1110/855 1928/1099/855 1929/1092/855 1926/1091/855
f 1900/1109/853 1901/1100/853 1924/1099/853 1923/1110/853
f 1923/1110/853 1924/1099/853 1925/1092/853 1922/1091/853
f 1943/1115/856 1942/1116/856 1944/1117/856 1945/1118/856
f 1936/1115/873 1940/1116/873 1944/1117/873 1942/1118/873
f 1940/1115/874 1941/1116/874 1945/1117/874 1944/1118/874
f 1937/1115/875 1936/1116/875 1942/1117/875 1943/1118/875
f 1957/1191/1281 1947/1192/1281 1949/1193/1281 1958/1194/1281
f 1958/1194/1282 1949/1193/1282 1953/1195/1282 1962/1196/1282
f 1962/1196/1283 1953/1195/1283 1951/1197/1283 1966/1198/1283
f 1966/1199/1284 1951/1200/1284 1947/1192/1284 1957/1191/1284
f 1948/1201/1285 1952/1202/1285 1950/1203/1285 1946/1204/1285
f 1953/1205/1286 1949/1206/1286 1947/1207/1286 1951/1208/1286
f 1950/1209/1287 1969/1210/1287 1954/1211/1287 1946/1212/1287
f 1969/1210/1288 1968/1213/1288 1955/1214/1288 1954/1211/1288
f 1968/1213/1289 1967/1215/1289 1956/1216/1289 1955/1214/1289
f 1967/1215/1290 1966/1199/1290 1957/1191/1290 1956/1216/1290
f 1952/1217/1291 1965/1218/1291 1969/1219/1291 1950/1220/1291
f 1965/1218/1292 1964/1221/1292 1968/1222/1292 1969/1219/1292
f 1964/1221/1293 1963/1223/1293 1967/1224/1293 1968/1222/1293
f 1963/1223/1294 1962/1196/1294 1966/1198/1294 1967/1224/1294
f 1948/1225/1295 1961/1226/1295 1965/1218/1295 1952/1217/1295
f 1961/1226/1296 1960/1227/1296 1964/1221/1296 1965/1218/1296
f 1960/1227/1297 1959/1228/1297 1963/1223/1297 1964/1221/1297
f 1959/1228/1298 1958/1194/1298 1962/1196/1298 1963/1223/1298
f 1946/1212/1299 1954/1211/1299 1961/1226/1299 1948/1225/1299
f 1954/1211/1300 1955/1214/1300 1960/1227/1300 1961/1226/1300
f 1955/1214/1301 1956/1216/1301 1959/1228/1301 1960/1227/1301
f 1956/1216/1302 1957/1191/1302 1958/1194/1302 1959/1228/1302
f 1978/1229/1303 1981/1230/1303 1970/1231/1303 1971/1232/1303
f 1982/1229/1304 1985/1230/1304 1972/1231/1304 1973/1232/1304
f 1986/1229/1305 1989/1230/1305 1975/1231/1305 1974/1232/1305
f 1990/1229/1306 1993/1230/1306 1977/1231/1306 1976/1232/1306
f 1951/1233/1307 1947/1234/1307 1980/1235/1307 1979/1236/1307
f 1979/1236/1308 1980/1235/1308 1981/1230/1308 1978/1229/1308
f 1953/1233/1309 1951/1234/1309 1984/1235/1309 1983/1236/1309
f 1983/1236/1310 1984/1235/1310 1985/1230/1310 1982/1229/1310
f 1949/1233/1311 1953/1234/1311 1988/1235/1311 1987/1236/1311
f 1987/1236/1312 1988/1235/1312 1989/1230/1312 1986/1229/1312
f 1947/1233/1313 1949/1234/1313 1992/1235/1313 1991/1236/1313
f 1991/1236/1314 1992/1235/1314 1993/1230/1314 1990/1229/1314
f 2005/1219/1315 1995/1220/1315 1997/1217/1315 2006/1218/1315
f 2006/1218/1316 1997/1217/1316 2001/1225/1316 2010/1226/1316
f 2010/1226/1317 2001/1225/1317 1999/1212/1317 2014/1211/1317
f 2014/1211/1318 1999/1212/1318 1995/1209/1318 2005/1210/1318
f 1996/1201/1319 2000/1202/1319 1998/1203/1319 1994/1204/1319
f 2001/1205/1320 1997/1206/1320 1995/1207/1320 1999/1208/1320
f 1998/1192/1321 2017/1191/1321 2002/1199/1321 1994/1200/1321
f 2017/1191/1322 2016/1216/1322 2003/1215/1322 2002/1199/1322
f 2016/1216/1323 2015/1214/1323 2004/1213/1323 2003/1215/1323
f 2015/1214/1324 2014/1211/1324 2005/1210/1324 2004/1213/1324
f 2000/1193/1325 2013/1194/1325 2017/1191/1325 1998/1192/1325
f 2013/1194/1326 2012/1228/1326 2016/1216/1326 2017/1191/1326
f 2012/1228/1327 2011/1227/1327 2015/1214/1327 2016/1216/1327
f 2011/1227/1328 2010/1226/1328 2014/1211/1328 2015/1214/1328
f 1996/1195/1329 2009/1196/1329 2013/1194/1329 2000/1193/1329
f 2009/1196/1330 2008/1223/1330 2012/1228/1330 2013/1194/1330
f 2008/1223/1331 2007/1221/1331 2011/1227/1331 2012/1228/1331
f 2007/1221/1332 2006/1218/1332 2010/1226/1332 2011/1227/1332
f 1994/1197/1333 2002/1198/1333 2009/1196/1333 1996/1195/1333
f 2002/1198/1334 2003/1224/1334 2008/1223/1334 2009/1196/1334
f 2003/1224/1335 2004/1222/1335 2007/1221/1335 2008/1223/1335
f 2004/1222/1336 2005/1219/1336 2006/1218/1336 2007/1221/1336
f 2026/1229/1337 2029/1230/1337 2018/1231/1337 2019/1232/1337
f 2030/1229/1338 2033/1230/1338 2020/1231/1338 2021/1232/1338
f 2034/1229/1339 2037/1230/1339 2023/1231/1339 2022/1232/1339
f 2038/1229/1340 2041/1230/1340 2025/1231/1340 2024/1232/1340
f 1999/1233/1341 1995/1234/1341 2028/1235/1341 2027/1236/1341
f 2027/1236/1342 2028/1235/1342 2029/1230/1342 2026/1229/1342
f 2001/1233/1343 1999/1234/1343 2032/1235/1343 2031/1236/1343
f 2031/1236/1344 2032/1235/1344 2033/1230/1344 2030/1229/1344
f 1997/1233/1345 2001/1234/1345 2036/1235/1345 2035/1236/1345
f 2035/1236/1346 2036/1235/1346 2037/1230/1346 2034/1229/1346
f 1995/1233/1347 1997/1234/1347 2040/1235/1347 2039/1236/1347
f 2039/1236/1348 2040/1235/1348 2041/1230/1348 2038/1229/1348
f 2053/1218/1349 2043/1217/1349 2045/1220/1349 2054/1219/1349
f 2054/1210/1350 2045/1209/1350 2049/1212/1350 2058/1211/1350
f 2058/1211/1351 2049/1212/1351 2047/1225/1351 2062/1226/1351
f 2062/1226/1352 2047/1225/1352 2043/1217/1352 2053/1218/1352
f 2044/1201/1353 2048/1202/1353 2046/1203/1353 2042/1204/1353
f 2049/1205/1354 2045/1206/1354 2043/1207/1354 2047/1208/1354
f 2046/1193/1355 2065/1194/1355 2050/1196/1355 2042/1195/1355
f 2065/1194/1356 2064/1228/1356 2051/1223/1356 2050/1196/1356
f 2064/1228/1357 2063/1227/1357 2052/1221/1357 2051/1223/1357
f 2063/1227/1358 2062/1226/1358 2053/1218/1358 2052/1221/1358
f 2048/1192/1359 2061/1191/1359 2065/1194/1359 2046/1193/1359
f 2061/1191/1360 2060/1216/1360 2064/1228/1360 2065/1194/1360
f 2060/1216/1361 2059/1214/1361 2063/1227/1361 2064/1228/1361
f 2059/1214/1362 2058/1211/1362 2062/1226/1362 2063/1227/1362
f 2044/1200/1363 2057/1199/1363 2061/1191/1363 2048/1192/1363
f 2057/1199/1364 2056/1215/1364 2060/1216/1364 2061/1191/1364
f 2056/1215/1365 2055/1213/1365 2059/1214/1365 2060/1216/1365
f 2055/1213/1366 2054/1210/1366 2058/1211/1366 2059/1214/1366
f 2042/1195/1367 2050/1196/1367 2057/1198/1367 2044/1197/1367
f 2050/1196/1368 2051/1223/1368 2056/1224/1368 2057/1198/1368
f 2051/1223/1369 2052/1221/1369 2055/1222/1369 2056/1224/1369
f 2052/1221/1370 2053/1218/1370 2054/1219/1370 2055/1222/1370
f 2074/1229/1371 2077/1230/1371 2066/1231/1371 2067/1232/1371
f 2078/1229/1372 2081/1230/1372 2068/1231/1372 2069/1232/1372
f 2082/1229/1373 2085/1230/1373 2071/1231/1373 2070/1232/1373
f 2086/1229/1374 2089/1230/1374 2073/1231/1374 2072/1232/1374
f 2047/1233/1375 2043/1234/1375 2076/1235/1375 2075/1236/1375
f 2075/1236/1376 2076/1235/1376 2077/1230/1376 2074/1229/1376
f 2049/1233/1377 2047/1234/1377 2080/1235/1377 2079/1236/1377
f 2079/1236/1378 2080/1235/1378 2081/1230/1378 2078/1229/1378
f 2045/1233/1379 2049/1234/1379 2084/1235/1379 2083/1236/1379
f 2083/1236/1380 2084/1235/1380 2085/1230/1380 2082/1229/1380
f 2043/1233/1381 2045/1234/1381 2088/1235/1381 2087/1236/1381
f 2087/1236/1382 2088/1235/1382 2089/1230/1382 2086/1229/1382
f 2101/1219/1383 2091/1220/1383 2093/1217/1383 2102/1218/1383
f 2102/1218/1384 2093/1217/1384 2097/1225/1384 2106/1226/1384
f 2106/1226/1385 2097/1225/1385 2095/1212/1385 2110/1211/1385
f 2110/1211/1386 2095/1212/1386 2091/1209/1386 2101/1210/1386
f 2092/1201/1387 2096/1202/1387 2094/1203/1387 2090/1204/1387
f 2097/1205/1388 2093/1206/1388 2091/1207/1388 2095/1208/1388
f 2094/1192/1389 2113/1191/1389 2098/1199/1389 2090/1200/1389
f 2113/1191/1390 2112/1216/1390 2099/1215/1390 2098/1199/1390
f 2112/1216/1391 2111/1214/1391 2100/1213/1391 2099/1215/1391
f 2111/1214/1392 2110/1211/1392 2101/1210/1392 2100/1213/1392
f 2096/1193/1393 2109/1194/1393 2113/1191/1393 2094/1192/1393
f 2109/1194/1394 2108/1228/1394 2112/1216/1394 2113/1191/1394
f 2108/1228/1395 2107/1227/1395 2111/1214/1395 2112/1216/1395
f 2107/1227/1396 2106/1226/1396 2110/1211/1396 2111/1214/1396
f 2092/1195/1397 2105/1196/1397 2109/1194/1397 2096/1193/1397
f 2105/1196/1398 2104/1223/1398 2108/1228/1398 2109/1194/1398
f 2104/1223/1399 2103/1221/1399 2107/1227/1399 2108/1228/1399
f 2103/1221/1400 2102/1218/1400 2106/1226/1400 2107/1227/1400
f 2090/1197/1401 2098/1198/1401 2105/1196/1401 2092/1195/1401
f 2098/1198/1402 2099/1224/1402 2104/1223/1402 2105/1196/1402
f 2099/1224/1403 2100/1222/1403 2103/1221/1403 2104/1223/1403
f 2100/1222/1404 2101/1219/1404 2102/1218/1404 2103/1221/1404
f 2122/1229/1405 2125/1230/1405 2114/1231/1405 2115/1232/1405
f 2126/1229/1406 2129/1230/1406 2116/1231/1406 2117/1232/1406
f 2130/1229/1407 2133/1230/1407 2119/1231/1407 2118/1232/1407
f 2134/1229/1408 2137/1230/1408 2121/1231/1408 2120/1232/1408
f 2095/1233/1409 2091/1234/1409 2124/1235/1409 2123/1236/1409
f 2123/1236/1410 2124/1235/1410 2125/1230/1410 2122/1229/1410
f 2097/1233/1411 2095/1234/1411 2128/1235/1411 2127/1236/1411
f 2127/1236/1412 2128/1235/1412 2129/1230/1412 2126/1229/1412
f 2093/1233/1413 2097/1234/1413 2132/1235/1413 2131/1236/1413
f 2131/1236/1414 2132/1235/1414 2133/1230/1414 2130/1229/1414
f 2091/1233/1415 2093/1234/1415 2136/1235/1415 2135/1236/1415
f 2135/1236/1416 2136/1235/1416 2137/1230/1416 2134/1229/1416
f 2149/1219/1417 2139/1220/1417 2141/1217/1417 2150/1218/1417
f 2150/1218/1384 2141/1217/1384 2145/1225/1384 2154/1226/1384
f 2154/1226/1385 2145/1225/1385 2143/1212/1385 2158/1211/1385
f 2158/1211/1386 2143/1212/1386 2139/1209/1386 2149/1210/1386
f 2140/1201/1387 2144/1202/1387 2142/1203/1387 2138/1204/1387
f 2145/1205/1388 2141/1206/1388 2139/1207/1388 2143/1208/1388
f 2142/1192/1389 2161/1191/1389 2146/1199/1389 2138/1200/1389
f 2161/1191/1390 2160/1216/1390 2147/1215/1390 2146/1199/1390
f 2160/1216/1391 2159/1214/1391 2148/1213/1391 2147/1215/1391
f 2159/1214/1392 2158/1211/1392 2149/1210/1392 2148/1213/1392
f 2144/1193/1393 2157/1194/1393 2161/1191/1393 2142/1192/1393
f 2157/1194/1394 2156/1228/1394 2160/1216/1394 2161/1191/1394
f 2156/1228/1418 2155/1227/1418 2159/1214/1418 2160/1216/1418
f 2155/1227/1396 2154/1226/1396 2158/1211/1396 2159/1214/1396
f 2140/1195/1397 2153/1196/1397 2157/1194/1397 2144/1193/1397
f 2153/1196/1398 2152/1223/1398 2156/1228/1398 2157/1194/1398
f 2152/1223/1399 2151/1221/1399 2155/1227/1399 2156/1228/1399
f 2151/1221/1400 2150/1218/1400 2154/1226/1400 2155/1227/1400
f 2138/1197/1401 2146/1198/1401 2153/1196/1401 2140/1195/1401
f 2146/1198/1402 2147/1224/1402 2152/1223/1402 2153/1196/1402
f 2147/1224/1403 2148/1222/1403 2151/1221/1403 2152/1223/1403
f 2148/1222/1404 2149/1219/1404 2150/1218/1404 2151/1221/1404
f 2170/1229/1405 2173/1230/1405 2162/1231/1405 2163/1232/1405
f 2174/1229/1419 2177/1230/1419 2164/1231/1419 2165/1232/1419
f 2178/1229/1407 2181/1230/1407 2167/1231/1407 2166/1232/1407
f 2182/1229/1408 2185/1230/1408 2169/1231/1408 2168/1232/1408
f 2143/1233/1409 2139/1234/1409 2172/1235/1409 2171/1236/1409
f 2171/1236/1410 2172/1235/1410 2173/1230/1410 2170/1229/1410
f 2145/1233/1411 2143/1234/1411 2176/1235/1411 2175/1236/1411
f 2175/1236/1412 2176/1235/1412 2177/1230/1412 2174/1229/1412
f 2141/1233/1413 2145/1234/1413 2180/1235/1413 2179/1236/1413
f 2179/1236/1414 2180/1235/1414 2181/1230/1414 2178/1229/1414
f 2139/1233/1415 2141/1234/1415 2184/1235/1415 2183/1236/1415
f 2183/1236/1416 2184/1235/1416 2185/1230/1416 2182/1229/1416
f 2197/1219/1420 2187/1220/1420 2189/1217/1420 2198/1218/1420
f 2198/1218/1421 2189/1217/1421 2193/1225/1421 2202/1226/1421
f 2202/1226/1385 2193/1225/1385 2191/1212/1385 2206/1211/1385
f 2206/1211/1386 2191/1212/1386 2187/1209/1386 2197/1210/1386
f 2188/1201/1387 2192/1202/1387 2190/1203/1387 2186/1204/1387
f 2193/1205/1388 2189/1206/1388 2187/1207/1388 2191/1208/1388
f 2190/1192/1422 2209/1191/1422 2194/1199/1422 2186/1200/1422
f 2209/1191/1390 2208/1216/1390 2195/1215/1390 2194/1199/1390
f 2208/1216/1391 2207/1214/1391 2196/1213/1391 2195/1215/1391
f 2207/1214/1392 2206/1211/1392 2197/1210/1392 2196/1213/1392
f 2192/1193/1393 2205/1194/1393 2209/1191/1393 2190/1192/1393
f 2205/1194/1394 2204/1228/1394 2208/1216/1394 2209/1191/1394
f 2204/1228/1418 2203/1227/1418 2207/1214/1418 2208/1216/1418
f 2203/1227/1396 2202/1226/1396 2206/1211/1396 2207/1214/1396
f 2188/1195/1423 2201/1196/1423 2205/1194/1423 2192/1193/1423
f 2201/1196/1398 2200/1223/1398 2204/1228/1398 2205/1194/1398
f 2200/1223/1399 2199/1221/1399 2203/1227/1399 2204/1228/1399
f 2199/1221/1400 2198/1218/1400 2202/1226/1400 2203/1227/1400
f 2186/1197/1401 2194/1198/1401 2201/1196/1401 2188/1195/1401
f 2194/1198/1402 2195/1224/1402 2200/1223/1402 2201/1196/1402
f 2195/1224/1403 2196/1222/1403 2199/1221/1403 2200/1223/1403
f 2196/1222/1404 2197/1219/1404 2198/1218/1404 2199/1221/1404
f 2218/1229/1405 2221/1230/1405 2210/1231/1405 2211/1232/1405
f 2222/1229/1419 2225/1230/1419 2212/1231/1419 2213/1232/1419
f 2226/1229/1407 2229/1230/1407 2215/1231/1407 2214/1232/1407
f 2230/1229/1408 2233/1230/1408 2217/1231/1408 2216/1232/1408
f 2191/1233/1409 2187/1234/1409 2220/1235/1409 2219/1236/1409
f 2219/1236/1410 2220/1235/1410 2221/1230/1410 2218/1229/1410
f 2193/1233/1411 2191/1234/1411 2224/1235/1411 2223/1236/1411
f 2223/1236/1412 2224/1235/1412 2225/1230/1412 2222/1229/1412
f 2189/1233/1413 2193/1234/1413 2228/1235/1413 2227/1236/1413
f 2227/1236/1414 2228/1235/1414 2229/1230/1414 2226/1229/1414
f 2187/1233/1424 2189/1234/1424 2232/1235/1424 2231/1236/1424
f 2231/1236/1416 2232/1235/1416 2233/1230/1416 2230/1229/1416
f 2245/1219/1425 2235/1220/1425 2237/1217/1425 2246/1218/1425
f 2246/1218/1426 2237/1217/1426 2241/1225/1426 2250/1226/1426
f 2250/1226/1427 2241/1225/1427 2239/1212/1427 2254/1211/1427
f 2254/1211/1428 2239/1212/1428 2235/1209/1428 2245/1210/1428
f 2236/1201/1429 2240/1202/1429 2238/1203/1429 2234/1204/1429
f 2241/1205/1430 2237/1206/1430 2235/1207/1430 2239/1208/1430
f 2238/1192/1431 2257/1191/1431 2242/1199/1431 2234/1200/1431
f 2257/1191/1432 2256/1216/1432 2243/1215/1432 2242/1199/1432
f 2256/1216/1433 2255/1214/1433 2244/1213/1433 2243/1215/1433
f 2255/1214/1434 2254/1211/1434 2245/1210/1434 2244/1213/1434
f 2240/1193/1435 2253/1194/1435 2257/1191/1435 2238/1192/1435
f 2253/1194/1436 2252/1228/1436 2256/1216/1436 2257/1191/1436
f 2252/1228/1437 2251/1227/1437 2255/1214/1437 2256/1216/1437
f 2251/1227/1438 2250/1226/1438 2254/1211/1438 2255/1214/1438
f 2236/1195/1439 2249/1196/1439 2253/1194/1439 2240/1193/1439
f 2249/1196/1440 2248/1223/1440 2252/1228/1440 2253/1194/1440
f 2248/1223/1441 2247/1221/1441 2251/1227/1441 2252/1228/1441
f 2247/1221/1442 2246/1218/1442 2250/1226/1442 2251/1227/1442
f 2234/1197/1443 2242/1198/1443 2249/1196/1443 2236/1195/1443
f 2242/1198/1444 2243/1224/1444 2248/1223/1444 2249/1196/1444
f 2243/1224/1445 2244/1222/1445 2247/1221/1445 2248/1223/1445
f 2244/1222/1446 2245/1219/1446 2246/1218/1446 2247/1221/1446
f 2266/1229/1447 2269/1230/1447 2258/1231/1447 2259/1232/1447
f 2270/1229/1448 2273/1230/1448 2260/1231/1448 2261/1232/1448
f 2274/1229/1449 2277/1230/1449 2263/1231/1449 2262/1232/1449
f 2278/1229/1450 2281/1230/1450 2265/1231/1450 2264/1232/1450
f 2239/1233/1451 2235/1234/1451 2268/1235/1451 2267/1236/1451
f 2267/1236/1452 2268/1235/1452 2269/1230/1452 2266/1229/1452
f 2241/1233/1453 2239/1234/1453 2272/1235/1453 2271/1236/1453
f 2271/1236/1454 2272/1235/1454 2273/1230/1454 2270/1229/1454
f 2237/1233/1455 2241/1234/1455 2276/1235/1455 2275/1236/1455
f 2275/1236/1456 2276/1235/1456 2277/1230/1456 2274/1229/1456
f 2235/1233/1457 2237/1234/1457 2280/1235/1457 2279/1236/1457
f 2279/1236/1458 2280/1235/1458 2281/1230/1458 2278/1229/1458
f 2293/1219/1459 2283/1220/1459 2285/1217/1459 2294/1218/1459
f 2294/1218/1460 2285/1217/1460 2289/1225/1460 2298/1226/1460
f 2298/1226/1461 2289/1225/1461 2287/1212/1461 2302/1211/1461
f 2302/1211/1462 2287/1212/1462 2283/1209/1462 2293/1210/1462
f 2284/1201/1463 2288/1202/1463 2286/1203/1463 2282/1204/1463
f 2289/1205/1464 2285/1206/1464 2283/1207/1464 2287/1208/1464
f 2286/1192/1465 2305/1191/1465 2290/1199/1465 2282/1200/1465
f 2305/1191/1466 2304/1216/1466 2291/1215/1466 2290/1199/1466
f 2304/1216/1467 2303/1214/1467 2292/1213/1467 2291/1215/1467
f 2303/1214/1468 2302/1211/1468 2293/1210/1468 2292/1213/1468
f 2288/1193/1469 2301/1194/1469 2305/1191/1469 2286/1192/1469
f 2301/1194/1470 2300/1228/1470 2304/1216/1470 2305/1191/1470
f 2300/1228/1471 2299/1227/1471 2303/1214/1471 2304/1216/1471
f 2299/1227/1472 2298/1226/1472 2302/1211/1472 2303/1214/1472
f 2284/1195/1473 2297/1196/1473 2301/1194/1473 2288/1193/1473
f 2297/1196/1474 2296/1223/1474 2300/1228/1474 2301/1194/1474
f 2296/1223/1475 2295/1221/1475 2299/1227/1475 2300/1228/1475
f 2295/1221/1476 2294/1218/1476 2298/1226/1476 2299/1227/1476
f 2282/1197/1477 2290/1198/1477 2297/1196/1477 2284/1195/1477
f 2290/1198/1478 2291/1224/1478 2296/1223/1478 2297/1196/1478
f 2291/1224/1479 2292/1222/1479 2295/1221/1479 2296/1223/1479
f 2292/1222/1480 2293/1219/1480 2294/1218/1480 2295/1221/1480
f 2314/1229/1481 2317/1230/1481 2306/1231/1481 2307/1232/1481
f 2318/1229/1482 2321/1230/1482 2308/1231/1482 2309/1232/1482
f 2322/1229/1483 2325/1230/1483 2311/1231/1483 2310/1232/1483
f 2326/1229/1484 2329/1230/1484 2313/1231/1484 2312/1232/1484
f 2287/1233/1485 2283/1234/1485 2316/1235/1485 2315/1236/1485
f 2315/1236/1486 2316/1235/1486 2317/1230/1486 2314/1229/1486
f 2289/1233/1487 2287/1234/1487 2320/1235/1487 2319/1236/1487
f 2319/1236/1488 2320/1235/1488 2321/1230/1488 2318/1229/1488
f 2285/1233/1489 2289/1234/1489 2324/1235/1489 2323/1236/1489
f 2323/1236/1490 2324/1235/1490 2325/1230/1490 2322/1229/1490
f 2283/1233/1491 2285/1234/1491 2328/1235/1491 2327/1236/1491
f 2327/1236/1492 2328/1235/1492 2329/1230/1492 2326/1229/1492
f 2341/1219/1493 2331/1220/1493 2333/1217/1493 2342/1218/1493
f 2342/1218/1460 2333/1217/1460 2337/1225/1460 2346/1226/1460
f 2346/1226/1494 2337/1225/1494 2335/1212/1494 2350/1211/1494
f 2350/1211/1462 2335/1212/1462 2331/1209/1462 2341/1210/1462
f 2332/1201/1463 2336/1202/1463 2334/1203/1463 2330/1204/1463
f 2337/1205/1464 2333/1206/1464 2331/1207/1464 2335/1208/1464
f 2334/1192/1495 2353/1191/1495 2338/1199/1495 2330/1200/1495
f 2353/1191/1496 2352/1216/1496 2339/1215/1496 2338/1199/1496
f 2352/1216/1467 2351/1214/1467 2340/1213/1467 2339/1215/1467
f 2351/1214/1497 2350/1211/1497 2341/1210/1497 2340/1213/1497
f 2336/1193/1469 2349/1194/1469 2353/1191/1469 2334/1192/1469
f 2349/1194/1470 2348/1228/1470 2352/1216/1470 2353/1191/1470
f 2348/1228/1471 2347/1227/1471 2351/1214/1471 2352/1216/1471
f 2347/1227/1472 2346/1226/1472 2350/1211/1472 2351/1214/1472
f 2332/1195/1473 2345/1196/1473 2349/1194/1473 2336/1193/1473
f 2345/1196/1474 2344/1223/1474 2348/1228/1474 2349/1194/1474
f 2344/1223/1475 2343/1221/1475 2347/1227/1475 2348/1228/1475
f 2343/1221/1476 2342/1218/1476 2346/1226/1476 2347/1227/1476
f 2330/1197/1498 2338/1198/1498 2345/1196/1498 2332/1195/1498
f 2338/1198/1499 2339/1224/1499 2344/1223/1499 2345/1196/1499
f 2339/1224/1500 2340/1222/1500 2343/1221/1500 2344/1223/1500
f 2340/1222/1480 2341/1219/1480 2342/1218/1480 2343/1221/1480
f 2362/1229/1481 2365/1230/1481 2354/1231/1481 2355/1232/1481
f 2366/1229/1482 2369/1230/1482 2356/1231/1482 2357/1232/1482
f 2370/1229/1483 2373/1230/1483 2359/1231/1483 2358/1232/1483
f 2374/1229/1484 2377/1230/1484 2361/1231/1484 2360/1232/1484
f 2335/1233/1485 2331/1234/1485 2364/1235/1485 2363/1236/1485
f 2363/1236/1486 2364/1235/1486 2365/1230/1486 2362/1229/1486
f 2337/1233/1487 2335/1234/1487 2368/1235/1487 2367/1236/1487
f 2367/1236/1488 2368/1235/1488 2369/1230/1488 2366/1229/1488
f 2333/1233/1489 2337/1234/1489 2372/1235/1489 2371/1236/1489
f 2371/1236/1490 2372/1235/1490 2373/1230/1490 2370/1229/1490
f 2331/1233/1501 2333/1234/1501 2376/1235/1501 2375/1236/1501
f 2375/1236/1492 2376/1235/1492 2377/1230/1492 2374/1229/1492
f 2389/1219/1493 2379/1220/1493 2381/1217/1493 2390/1218/1493
f 2390/1218/1460 2381/1217/1460 2385/1225/1460 2394/1226/1460
f 2394/1226/1461 2385/1225/1461 2383/1212/1461 2398/1211/1461
f 2398/1211/1462 2383/1212/1462 2379/1209/1462 2389/1210/1462
f 2380/1201/1502 2384/1202/1502 2382/1203/1502 2378/1204/1502
f 2385/1205/1464 2381/1206/1464 2379/1207/1464 2383/1208/1464
f 2382/1192/1465 2401/1191/1465 2386/1199/1465 2378/1200/1465
f 2401/1191/1503 2400/1216/1503 2387/1215/1503 2386/1199/1503
f 2400/1216/1467 2399/1214/1467 2388/1213/1467 2387/1215/1467
f 2399/1214/1497 2398/1211/1497 2389/1210/1497 2388/1213/1497
f 2384/1193/1469 2397/1194/1469 2401/1191/1469 2382/1192/1469
f 2397/1194/1470 2396/1228/1470 2400/1216/1470 2401/1191/1470
f 2396/1228/1471 2395/1227/1471 2399/1214/1471 2400/1216/1471
f 2395/1227/1472 2394/1226/1472 2398/1211/1472 2399/1214/1472
f 2380/1195/1473 2393/1196/1473 2397/1194/1473 2384/1193/1473
f 2393/1196/1474 2392/1223/1474 2396/1228/1474 2397/1194/1474
f 2392/1223/1475 2391/1221/1475 2395/1227/1475 2396/1228/1475
f 2391/1221/1476 2390/1218/1476 2394/1226/1476 2395/1227/1476
f 2378/1197/1498 2386/1198/1498 2393/1196/1498 2380/1195/1498
f 2386/1198/1499 2387/1224/1499 2392/1223/1499 2393/1196/1499
f 2387/1224/1504 2388/1222/1504 2391/1221/1504 2392/1223/1504
f 2388/1222/1480 2389/1219/1480 2390/1218/1480 2391/1221/1480
f 2410/1229/1481 2413/1230/1481 2402/1231/1481 2403/1232/1481
f 2414/1229/1505 2417/1230/1505 2404/1231/1505 2405/1232/1505
f 2418/1229/1483 2421/1230/1483 2407/1231/1483 2406/1232/1483
f 2422/1229/1484 2425/1230/1484 2409/1231/1484 2408/1232/1484
f 2383/1233/1485 2379/1234/1485 2412/1235/1485 2411/1236/1485
f 2411/1236/1486 2412/1235/1486 2413/1230/1486 2410/1229/1486
f 2385/1233/1487 2383/1234/1487 2416/1235/1487 2415/1236/1487
f 2415/1236/1488 2416/1235/1488 2417/1230/1488 2414/1229/1488
f 2381/1233/1489 2385/1234/1489 2420/1235/1489 2419/1236/1489
f 2419/1236/1490 2420/1235/1490 2421/1230/1490 2418/1229/1490
f 2379/1233/1491 2381/1234/1491 2424/1235/1491 2423/1236/1491
f 2423/1236/1506 2424/1235/1506 2425/1230/1506 2422/1229/1506
f 2437/1191/1281 2427/1192/1281 2429/1193/1281 2438/1194/1281
f 2438/1194/1282 2429/1193/1282 2433/1195/1282 2442/1196/1282
f 2442/1196/1283 2433/1195/1283 2431/1197/1283 2446/1198/1283
f 2446/1199/1284 2431/1200/1284 2427/1192/1284 2437/1191/1284
f 2428/1201/1285 2432/1202/1285 2430/1203/1285 2426/1204/1285
f 2433/1205/1286 2429/1206/1286 2427/1207/1286 2431/1208/1286
f 2430/1209/1507 2449/1210/1507 2434/1211/1507 2426/1212/1507
f 2449/1210/1288 2448/1213/1288 2435/1214/1288 2434/1211/1288
f 2448/1213/1289 2447/1215/1289 2436/1216/1289 2435/1214/1289
f 2447/1215/1290 2446/1199/1290 2437/1191/1290 2436/1216/1290
f 2432/1217/1291 2445/1218/1291 2449/1219/1291 2430/1220/1291
f 2445/1218/1292 2444/1221/1292 2448/1222/1292 2449/1219/1292
f 2444/1221/1508 2443/1223/1508 2447/1224/1508 2448/1222/1508
f 2443/1223/1294 2442/1196/1294 2446/1198/1294 2447/1224/1294
f 2428/1225/1295 2441/1226/1295 2445/1218/1295 2432/1217/1295
f 2441/1226/1296 2440/1227/1296 2444/1221/1296 2445/1218/1296
f 2440/1227/1297 2439/1228/1297 2443/1223/1297 2444/1221/1297
f 2439/1228/1298 2438/1194/1298 2442/1196/1298 2443/1223/1298
f 2426/1212/1509 2434/1211/1509 2441/1226/1509 2428/1225/1509
f 2434/1211/1300 2435/1214/1300 2440/1227/1300 2441/1226/1300
f 2435/1214/1301 2436/1216/1301 2439/1228/1301 2440/1227/1301
f 2436/1216/1302 2437/1191/1302 2438/1194/1302 2439/1228/1302
f 2458/1229/1303 2461/1230/1303 2450/1231/1303 2451/1232/1303
f 2462/1229/1304 2465/1230/1304 2452/1231/1304 2453/1232/1304
f 2466/1229/1305 2469/1230/1305 2455/1231/1305 2454/1232/1305
f 2470/1229/1306 2473/1230/1306 2457/1231/1306 2456/1232/1306
f 2431/1233/1307 2427/1234/1307 2460/1235/1307 2459/1236/1307
f 2459/1236/1308 2460/1235/1308 2461/1230/1308 2458/1229/1308
f 2433/1233/1309 2431/1234/1309 2464/1235/1309 2463/1236/1309
f 2463/1236/1310 2464/1235/1310 2465/1230/1310 2462/1229/1310
f 2429/1233/1311 2433/1234/1311 2468/1235/1311 2467/1236/1311
f 2467/1236/1312 2468/1235/1312 2469/1230/1312 2466/1229/1312
f 2427/1233/1313 2429/1234/1313 2472/1235/1313 2471/1236/1313
f 2471/1236/1314 2472/1235/1314 2473/1230/1314 2470/1229/1314
f 2485/1191/1281 2475/1192/1281 2477/1193/1281 2486/1194/1281
f 2486/1194/1282 2477/1193/1282 2481/1195/1282 2490/1196/1282
f 2490/1196/1283 2481/1195/1283 2479/1197/1283 2494/1198/1283
f 2494/1199/1284 2479/1200/1284 2475/1192/1284 2485/1191/1284
f 2476/1201/1510 2480/1202/1510 2478/1203/1510 2474/1204/1510
f 2481/1205/1286 2477/1206/1286 2475/1207/1286 2479/1208/1286
f 2478/1209/1511 2497/1210/1511 2482/1211/1511 2474/1212/1511
f 2497/1210/1288 2496/1213/1288 2483/1214/1288 2482/1211/1288
f 2496/1213/1512 2495/1215/1512 2484/1216/1512 2483/1214/1512
f 2495/1215/1290 2494/1199/1290 2485/1191/1290 2484/1216/1290
f 2480/1217/1291 2493/1218/1291 2497/1219/1291 2478/1220/1291
f 2493/1218/1292 2492/1221/1292 2496/1222/1292 2497/1219/1292
f 2492/1221/1293 2491/1223/1293 2495/1224/1293 2496/1222/1293
f 2491/1223/1294 2490/1196/1294 2494/1198/1294 2495/1224/1294
f 2476/1225/1513 2489/1226/1513 2493/1218/1513 2480/1217/1513
f 2489/1226/1296 2488/1227/1296 2492/1221/1296 2493/1218/1296
f 2488/1227/1297 2487/1228/1297 2491/1223/1297 2492/1221/1297
f 2487/1228/1514 2486/1194/1514 2490/1196/1514 2491/1223/1514
f 2474/1212/1509 2482/1211/1509 2489/1226/1509 2476/1225/1509
f 2482/1211/1300 2483/1214/1300 2488/1227/1300 2489/1226/1300
f 2483/1214/1301 2484/1216/1301 2487/1228/1301 2488/1227/1301
f 2484/1216/1302 2485/1191/1302 2486/1194/1302 2487/1228/1302
f 2506/1229/1303 2509/1230/1303 2498/1231/1303 2499/1232/1303
f 2510/1229/1304 2513/1230/1304 2500/1231/1304 2501/1232/1304
f 2514/1229/1305 2517/1230/1305 2503/1231/1305 2502/1232/1305
f 2518/1229/1515 2521/1230/1515 2505/1231/1515 2504/1232/1515
f 2479/1233/1307 2475/1234/1307 2508/1235/1307 2507/1236/1307
f 2507/1236/1308 2508/1235/1308 2509/1230/1308 2506/1229/1308
f 2481/1233/1309 2479/1234/1309 2512/1235/1309 2511/1236/1309
f 2511/1236/1310 2512/1235/1310 2513/1230/1310 2510/1229/1310
f 2477/1233/1516 2481/1234/1516 2516/1235/1516 2515/1236/1516
f 2515/1236/1312 2516/1235/1312 2517/1230/1312 2514/1229/1312
f 2475/1233/1313 2477/1234/1313 2520/1235/1313 2519/1236/1313
f 2519/1236/1314 2520/1235/1314 2521/1230/1314 2518/1229/1314
f 2533/1237/1517 2523/1238/1517 2525/1239/1517 2534/1240/1517
f 2534/1240/1518 2525/1239/1518 2529/1241/1518 2538/1242/1518
f 2538/1242/1519 2529/1241/1519 2527/1243/1519 2542/1244/1519
f 2542/1245/1520 2527/1246/1520 2523/1238/1520 2533/1237/1520
f 2524/1247/1521 2528/1248/1521 2526/1249/1521 2522/1250/1521
f 2529/1251/1522 2525/1252/1522 2523/1253/1522 2527/1254/1522
f 2526/1255/1523 2545/1256/1523 2530/1257/1523 2522/1258/1523
f 2545/1256/1524 2544/1259/1524 2531/1260/1524 2530/1257/1524
f 2544/1259/1525 2543/1261/1525 2532/1262/1525 2531/1260/1525
f 2543/1261/1526 2542/1245/1526 2533/1237/1526 2532/1262/1526
f 2528/1263/1527 2541/1264/1527 2545/1265/1527 2526/1266/1527
f 2541/1264/1528 2540/1267/1528 2544/1268/1528 2545/1265/1528
f 2540/1267/1529 2539/1269/1529 2543/1270/1529 2544/1268/1529
f 2539/1269/1530 2538/1242/1530 2542/1244/1530 2543/1270/1530
f 2524/1271/1531 2537/1272/1531 2541/1264/1531 2528/1263/1531
f 2537/1272/1532 2536/1273/1532 2540/1267/1532 2541/1264/1532
f 2536/1273/1533 2535/1274/1533 2539/1269/1533 2540/1267/1533
f 2535/1274/1534 2534/1240/1534 2538/1242/1534 2539/1269/1534
f 2522/1258/1535 2530/1257/1535 2537/1272/1535 2524/1271/1535
f 2530/1257/1536 2531/1260/1536 2536/1273/1536 2537/1272/1536
f 2531/1260/1537 2532/1262/1537 2535/1274/1537 2536/1273/1537
f 2532/1262/1538 2533/1237/1538 2534/1240/1538 2535/1274/1538
f 2554/1275/1539 2557/1276/1539 2546/1277/1539 2547/1278/1539
f 2558/1279/1540 2561/1280/1540 2548/1281/1540 2549/1282/1540
f 2562/1283/1541 2565/1284/1541 2551/1285/1541 2550/1286/1541
f 2566/1287/1542 2569/1288/1542 2553/1289/1542 2552/1290/1542
f 2527/1291/1543 2523/1292/1543 2556/1293/1543 2555/1294/1543
f 2555/1294/1544 2556/1293/1544 2557/1276/1544 2554/1275/1544
f 2529/1295/1545 2527/1296/1545 2560/1297/1545 2559/1298/1545
f 2559/1298/1546 2560/1297/1546 2561/1280/1546 2558/1279/1546
f 2525/1299/1547 2529/1300/1547 2564/1301/1547 2563/1302/1547
f 2563/1302/1548 2564/1301/1548 2565/1284/1548 2562/1283/1548
f 2523/1303/1549 2525/1304/1549 2568/1305/1549 2567/1306/1549
f 2567/1306/1550 2568/1305/1550 2569/1288/1550 2566/1287/1550
f 2581/1219/1551 2571/1220/1551 2573/1217/1551 2582/1218/1551
f 2582/1218/1518 2573/1217/1518 2577/1225/1518 2586/1226/1518
f 2586/1226/1519 2577/1225/1519 2575/1212/1519 2590/1211/1519
f 2590/1211/1520 2575/1212/1520 2571/1209/1520 2581/1210/1520
f 2572/1201/1521 2576/1202/1521 2574/1203/1521 2570/1204/1521
f 2577/1205/1552 2573/1206/1552 2571/1207/1552 2575/1208/1552
f 2574/1192/1553 2593/1191/1553 2578/1199/1553 2570/1200/1553
f 2593/1191/1554 2592/1216/1554 2579/1215/1554 2578/1199/1554
f 2592/1216/1525 2591/1214/1525 2580/1213/1525 2579/1215/1525
f 2591/1214/1526 2590/1211/1526 2581/1210/1526 2580/1213/1526
f 2576/1193/1527 2589/1194/1527 2593/1191/1527 2574/1192/1527
f 2589/1194/1528 2588/1228/1528 2592/1216/1528 2593/1191/1528
f 2588/1228/1555 2587/1227/1555 2591/1214/1555 2592/1216/1555
f 2587/1227/1556 2586/1226/1556 2590/1211/1556 2591/1214/1556
f 2572/1195/1531 2585/1196/1531 2589/1194/1531 2576/1193/1531
f 2585/1196/1532 2584/1223/1532 2588/1228/1532 2589/1194/1532
f 2584/1223/1533 2583/1221/1533 2587/1227/1533 2588/1228/1533
f 2583/1221/1534 2582/1218/1534 2586/1226/1534 2587/1227/1534
f 2570/1197/1535 2578/1198/1535 2585/1196/1535 2572/1195/1535
f 2578/1198/1557 2579/1224/1557 2584/1223/1557 2585/1196/1557
f 2579/1224/1558 2580/1222/1558 2583/1221/1558 2584/1223/1558
f 2580/1222/1559 2581/1219/1559 2582/1218/1559 2583/1221/1559
f 2602/1229/1539 2605/1230/1539 2594/1231/1539 2595/1232/1539
f 2606/1229/1540 2609/1230/1540 2596/1231/1540 2597/1232/1540
f 2610/1229/1541 2613/1230/1541 2599/1231/1541 2598/1232/1541
f 2614/1229/1560 2617/1230/1560 2601/1231/1560 2600/1232/1560
f 2575/1233/1543 2571/1234/1543 2604/1235/1543 2603/1236/1543
f 2603/1236/1561 2604/1235/1561 2605/1230/1561 2602/1229/1561
f 2577/1233/1545 2575/1234/1545 2608/1235/1545 2607/1236/1545
f 2607/1236/1546 2608/1235/1546 2609/1230/1546 2606/1229/1546
f 2573/1233/1562 2577/1234/1562 2612/1235/1562 2611/1236/1562
f 2611/1236/1548 2612/1235/1548 2613/1230/1548 2610/1229/1548
f 2571/1233/1563 2573/1234/1563 2616/1235/1563 2615/1236/1563
f 2615/1236/1550 2616/1235/1550 2617/1230/1550 2614/1229/1550
f 2629/1219/1564 2619/1220/1564 2621/1217/1564 2630/1218/1564
f 2630/1218/1565 2621/1217/1565 2625/1225/1565 2634/1226/1565
f 2634/1226/1566 2625/1225/1566 2623/1212/1566 2638/1211/1566
f 2638/1211/1567 2623/1212/1567 2619/1209/1567 2629/1210/1567
f 2620/1201/1568 2624/1202/1568 2622/1203/1568 2618/1204/1568
f 2625/1307/1569 2621/1308/1569 2619/1309/1569 2623/1310/1569
f 2622/1192/1570 2641/1191/1570 2626/1199/1570 2618/1200/1570
f 2641/1191/1571 2640/1216/1571 2627/1215/1571 2626/1199/1571
f 2640/1216/1572 2639/1214/1572 2628/1213/1572 2627/1215/1572
f 2639/1214/1573 2638/1211/1573 2629/1210/1573 2628/1213/1573
f 2624/1193/1574 2637/1194/1574 2641/1191/1574 2622/1192/1574
f 2637/1194/1575 2636/1228/1575 2640/1216/1575 2641/1191/1575
f 2636/1228/1576 2635/1227/1576 2639/1214/1576 2640/1216/1576
f 2635/1227/1577 2634/1226/1577 2638/1211/1577 2639/1214/1577
f 2620/1195/1578 2633/1196/1578 2637/1194/1578 2624/1193/1578
f 2633/1196/1579 2632/1223/1579 2636/1228/1579 2637/1194/1579
f 2632/1223/1580 2631/1221/1580 2635/1227/1580 2636/1228/1580
f 2631/1221/1581 2630/1218/1581 2634/1226/1581 2635/1227/1581
f 2618/1197/1582 2626/1198/1582 2633/1196/1582 2620/1195/1582
f 2626/1198/1583 2627/1224/1583 2632/1223/1583 2633/1196/1583
f 2627/1224/1584 2628/1222/1584 2631/1221/1584 2632/1223/1584
f 2628/1222/1585 2629/1219/1585 2630/1218/1585 2631/1221/1585
f 2650/1229/1586 2653/1230/1586 2642/1231/1586 2643/1232/1586
f 2654/1229/1587 2657/1230/1587 2644/1231/1587 2645/1232/1587
f 2658/1229/1588 2661/1230/1588 2647/1231/1588 2646/1232/1588
f 2662/1229/1589 2665/1230/1589 2649/1231/1589 2648/1232/1589
f 2623/1233/1590 2619/1234/1590 2652/1235/1590 2651/1236/1590
f 2651/1236/1591 2652/1235/1591 2653/1230/1591 2650/1229/1591
f 2625/1233/1592 2623/1234/1592 2656/1235/1592 2655/1236/1592
f 2655/1236/1593 2656/1235/1593 2657/1230/1593 2654/1229/1593
f 2621/1233/1594 2625/1234/1594 2660/1235/1594 2659/1236/1594
f 2659/1236/1595 2660/1235/1595 2661/1230/1595 2658/1229/1595
f 2619/1233/1596 2621/1234/1596 2664/1235/1596 2663/1236/1596
f 2663/1236/1597 2664/1235/1597 2665/1230/1597 2662/1229/1597
f 2677/1226/1598 2667/1225/1598 2669/1212/1598 2678/1211/1598
f 2678/1211/1599 2669/1212/1599 2673/1209/1599 2682/1210/1599
f 2682/1219/1600 2673/1220/1600 2671/1217/1600 2686/1218/1600
f 2686/1218/1601 2671/1217/1601 2667/1225/1601 2677/1226/1601
f 2668/1201/1602 2672/1202/1602 2670/1203/1602 2666/1204/1602
f 2673/1205/1603 2669/1206/1603 2667/1207/1603 2671/1208/1603
f 2670/1195/1604 2689/1196/1604 2674/1194/1604 2666/1193/1604
f 2689/1196/1605 2688/1223/1605 2675/1228/1605 2674/1194/1605
f 2688/1223/1606 2687/1221/1606 2676/1227/1606 2675/1228/1606
f 2687/1221/1607 2686/1218/1607 2677/1226/1607 2676/1227/1607
f 2672/1197/1608 2685/1198/1608 2689/1196/1608 2670/1195/1608
f 2685/1198/1609 2684/1224/1609 2688/1223/1609 2689/1196/1609
f 2684/1224/1610 2683/1222/1610 2687/1221/1610 2688/1223/1610
f 2683/1222/1611 2682/1219/1611 2686/1218/1611 2687/1221/1611
f 2668/1192/1612 2681/1191/1612 2685/1199/1612 2672/1200/1612
f 2681/1191/1613 2680/1216/1613 2684/1215/1613 2685/1199/1613
f 2680/1216/1614 2679/1214/1614 2683/1213/1614 2684/1215/1614
f 2679/1214/1615 2678/1211/1615 2682/1210/1615 2683/1213/1615
f 2666/1193/1616 2674/1194/1616 2681/1191/1616 2668/1192/1616
f 2674/1194/1617 2675/1228/1617 2680/1216/1617 2681/1191/1617
f 2675/1228/1618 2676/1227/1618 2679/1214/1618 2680/1216/1618
f 2676/1227/1619 2677/1226/1619 2678/1211/1619 2679/1214/1619
f 2698/1229/1620 2701/1230/1620 2690/1231/1620 2691/1232/1620
f 2702/1229/1621 2705/1230/1621 2692/1231/1621 2693/1232/1621
f 2706/1229/1622 2709/1230/1622 2695/1231/1622 2694/1232/1622
f 2710/1229/1623 2713/1230/1623 2697/1231/1623 2696/1232/1623
f 2671/1233/1624 2667/1234/1624 2700/1235/1624 2699/1236/1624
f 2699/1236/1625 2700/1235/1625 2701/1230/1625 2698/1229/1625
f 2673/1233/1626 2671/1234/1626 2704/1235/1626 2703/1236/1626
f 2703/1236/1627 2704/1235/1627 2705/1230/1627 2702/1229/1627
f 2669/1233/1628 2673/1234/1628 2708/1235/1628 2707/1236/1628
f 2707/1236/1629 2708/1235/1629 2709/1230/1629 2706/1229/1629
f 2667/1233/1630 2669/1234/1630 2712/1235/1630 2711/1236/1630
f 2711/1236/1631 2712/1235/1631 2713/1230/1631 2710/1229/1631
f 2725/1191/1632 2715/1192/1632 2717/1193/1632 2726/1194/1632
f 2726/1194/1633 2717/1193/1633 2721/1195/1633 2730/1196/1633
f 2730/1196/1634 2721/1195/1634 2719/1197/1634 2734/1198/1634
f 2734/1199/1635 2719/1200/1635 2715/1192/1635 2725/1191/1635
f 2716/1201/1636 2720/1202/1636 2718/1203/1636 2714/1204/1636
f 2721/1205/1637 2717/1206/1637 2715/1207/1637 2719/1208/1637
f 2718/1209/1638 2737/1210/1638 2722/1211/1638 2714/1212/1638
f 2737/1210/1639 2736/1213/1639 2723/1214/1639 2722/1211/1639
f 2736/1213/1640 2735/1215/1640 2724/1216/1640 2723/1214/1640
f 2735/1215/1641 2734/1199/1641 2725/1191/1641 2724/1216/1641
f 2720/1217/1642 2733/1218/1642 2737/1219/1642 2718/1220/1642
f 2733/1218/1643 2732/1221/1643 2736/1222/1643 2737/1219/1643
f 2732/1221/1644 2731/1223/1644 2735/1224/1644 2736/1222/1644
f 2731/1223/1645 2730/1196/1645 2734/1198/1645 2735/1224/1645
f 2716/1225/1646 2729/1226/1646 2733/1218/1646 2720/1217/1646
f 2729/1226/1647 2728/1227/1647 2732/1221/1647 2733/1218/1647
f 2728/1227/1648 2727/1228/1648 2731/1223/1648 2732/1221/1648
f 2727/1228/1649 2726/1194/1649 2730/1196/1649 2731/1223/1649
f 2714/1212/1650 2722/1211/1650 2729/1226/1650 2716/1225/1650
f 2722/1211/1651 2723/1214/1651 2728/1227/1651 2729/1226/1651
f 2723/1214/1652 2724/1216/1652 2727/1228/1652 2728/1227/1652
f 2724/1216/1653 2725/1191/1653 2726/1194/1653 2727/1228/1653
f 2746/1229/1654 2749/1230/1654 2738/1231/1654 2739/1232/1654
f 2750/1229/1655 2753/1230/1655 2740/1231/1655 2741/1232/1655
f 2754/1229/1656 2757/1230/1656 2743/1231/1656 2742/1232/1656
f 2758/1229/1657 2761/1230/1657 2745/1231/1657 2744/1232/1657
f 2719/1233/1658 2715/1234/1658 2748/1235/1658 2747/1236/1658
f 2747/1236/1659 2748/1235/1659 2749/1230/1659 2746/1229/1659
f 2721/1233/1660 2719/1234/1660 2752/1235/1660 2751/1236/1660
f 2751/1236/1661 2752/1235/1661 2753/1230/1661 2750/1229/1661
f 2717/1233/1662 2721/1234/1662 2756/1235/1662 2755/1236/1662
f 2755/1236/1663 2756/1235/1663 2757/1230/1663 2754/1229/1663
f 2715/1233/1664 2717/1234/1664 2760/1235/1664 2759/1236/1664
f 2759/1236/1665 2760/1235/1665 2761/1230/1665 2758/1229/1665
f 2773/1191/1666 2763/1192/1666 2765/1193/1666 2774/1194/1666
f 2774/1194/1667 2765/1193/1667 2769/1195/1667 2778/1196/1667
f 2778/1196/1668 2769/1195/1668 2767/1197/1668 2782/1198/1668
f 2782/1199/1669 2767/1200/1669 2763/1192/1669 2773/1191/1669
f 2764/1201/1670 2768/1202/1670 2766/1203/1670 2762/1204/1670
f 2769/1205/1671 2765/1206/1671 2763/1207/1671 2767/1208/1671
f 2766/1209/1672 2785/1210/1672 2770/1211/1672 2762/1212/1672
f 2785/1210/1673 2784/1213/1673 2771/1214/1673 2770/1211/1673
f 2784/1213/1674 2783/1215/1674 2772/1216/1674 2771/1214/1674
f 2783/1215/1675 2782/1199/1675 2773/1191/1675 2772/1216/1675
f 2768/1217/1676 2781/1218/1676 2785/1219/1676 2766/1220/1676
f 2781/1218/1677 2780/1221/1677 2784/1222/1677 2785/1219/1677
f 2780/1221/1678 2779/1223/1678 2783/1224/1678 2784/1222/1678
f 2779/1223/1679 2778/1196/1679 2782/1198/1679 2783/1224/1679
f 2764/1225/1680 2777/1226/1680 2781/1218/1680 2768/1217/1680
f 2777/1226/1681 2776/1227/1681 2780/1221/1681 2781/1218/1681
f 2776/1227/1682 2775/1228/1682 2779/1223/1682 2780/1221/1682
f 2775/1228/1683 2774/1194/1683 2778/1196/1683 2779/1223/1683
f 2762/1212/1684 2770/1211/1684 2777/1226/1684 2764/1225/1684
f 2770/1211/1685 2771/1214/1685 2776/1227/1685 2777/1226/1685
f 2771/1214/1686 2772/1216/1686 2775/1228/1686 2776/1227/1686
f 2772/1216/1687 2773/1191/1687 2774/1194/1687 2775/1228/1687
f 2794/1229/1688 2797/1230/1688 2786/1231/1688 2787/1232/1688
f 2798/1229/1689 2801/1230/1689 2788/1231/1689 2789/1232/1689
f 2802/1229/1690 2805/1230/1690 2791/1231/1690 2790/1232/1690
f 2806/1229/1691 2809/1230/1691 2793/1231/1691 2792/1232/1691
f 2767/1233/1692 2763/1234/1692 2796/1235/1692 2795/1236/1692
f 2795/1236/1693 2796/1235/1693 2797/1230/1693 2794/1229/1693
f 2769/1233/1694 2767/1234/1694 2800/1235/1694 2799/1236/1694
f 2799/1236/1695 2800/1235/1695 2801/1230/1695 2798/1229/1695
f 2765/1233/1696 2769/1234/1696 2804/1235/1696 2803/1236/1696
f 2803/1236/1697 2804/1235/1697 2805/1230/1697 2802/1229/1697
f 2763/1233/1698 2765/1234/1698 2808/1235/1698 2807/1236/1698
f 2807/1236/1699 2808/1235/1699 2809/1230/1699 2806/1229/1699
f 2821/1219/1281 2811/1220/1281 2813/1217/1281 2822/1218/1281
f 2822/1218/1282 2813/1217/1282 2817/1225/1282 2826/1226/1282
f 2826/1226/1283 2817/1225/1283 2815/1212/1283 2830/1211/1283
f 2830/1211/1284 2815/1212/1284 2811/1209/1284 2821/1210/1284
f 2812/1201/1510 2816/1202/1510 2814/1203/1510 2810/1204/1510
f 2817/1205/1286 2813/1206/1286 2811/1207/1286 2815/1208/1286
f 2814/1192/1287 2833/1191/1287 2818/1199/1287 2810/1200/1287
f 2833/1191/1288 2832/1216/1288 2819/1215/1288 2818/1199/1288
f 2832/1216/1289 2831/1214/1289 2820/1213/1289 2819/1215/1289
f 2831/1214/1290 2830/1211/1290 2821/1210/1290 2820/1213/1290
f 2816/1193/1291 2829/1194/1291 2833/1191/1291 2814/1192/1291
f 2829/1194/1292 2828/1228/1292 2832/1216/1292 2833/1191/1292
f 2828/1228/1293 2827/1227/1293 2831/1214/1293 2832/1216/1293
f 2827/1227/1294 2826/1226/1294 2830/1211/1294 2831/1214/1294
f 2812/1195/1295 2825/1196/1295 2829/1194/1295 2816/1193/1295
f 2825/1196/1296 2824/1223/1296 2828/1228/1296 2829/1194/1296
f 2824/1223/1297 2823/1221/1297 2827/1227/1297 2828/1228/1297
f 2823/1221/1298 2822/1218/1298 2826/1226/1298 2827/1227/1298
f 2810/1197/1299 2818/1198/1299 2825/1196/1299 2812/1195/1299
f 2818/1198/1300 2819/1224/1300 2824/1223/1300 2825/1196/1300
f 2819/1224/1301 2820/1222/1301 2823/1221/1301 2824/1223/1301
f 2820/1222/1302 2821/1219/1302 2822/1218/1302 2823/1221/1302
f 2842/1229/1303 2845/1230/1303 2834/1231/1303 2835/1232/1303
f 2846/1229/1304 2849/1230/1304 2836/1231/1304 2837/1232/1304
f 2850/1229/1305 2853/1230/1305 2839/1231/1305 2838/1232/1305
f 2854/1229/1306 2857/1230/1306 2841/1231/1306 2840/1232/1306
f 2815/1233/1307 2811/1234/1307 2844/1235/1307 2843/1236/1307
f 2843/1236/1308 2844/1235/1308 2845/1230/1308 2842/1229/1308
f 2817/1233/1309 2815/1234/1309 2848/1235/1309 2847/1236/1309
f 2847/1236/1310 2848/1235/1310 2849/1230/1310 2846/1229/1310
f 2813/1233/1311 2817/1234/1311 2852/1235/1311 2851/1236/1311
f 2851/1236/1312 2852/1235/1312 2853/1230/1312 2850/1229/1312
f 2811/1233/1313 2813/1234/1313 2856/1235/1313 2855/1236/1313
f 2855/1236/1314 2856/1235/1314 2857/1230/1314 2854/1229/1314
f 2869/1191/1632 2859/1192/1632 2861/1193/1632 2870/1194/1632
f 2870/1194/1633 2861/1193/1633 2865/1195/1633 2874/1196/1633
f 2874/1196/1700 2865/1195/1700 2863/1197/1700 2878/1198/1700
f 2878/1199/1635 2863/1200/1635 2859/1192/1635 2869/1191/1635
f 2860/1201/1636 2864/1202/1636 2862/1203/1636 2858/1204/1636
f 2865/1205/1637 2861/1206/1637 2859/1207/1637 2863/1208/1637
f 2862/1209/1638 2881/1210/1638 2866/1211/1638 2858/1212/1638
f 2881/1210/1639 2880/1213/1639 2867/1214/1639 2866/1211/1639
f 2880/1213/1640 2879/1215/1640 2868/1216/1640 2867/1214/1640
f 2879/1215/1641 2878/1199/1641 2869/1191/1641 2868/1216/1641
f 2864/1217/1642 2877/1218/1642 2881/1219/1642 2862/1220/1642
f 2877/1218/1701 2876/1221/1701 2880/1222/1701 2881/1219/1701
f 2876/1221/1644 2875/1223/1644 2879/1224/1644 2880/1222/1644
f 2875/1223/1645 2874/1196/1645 2878/1198/1645 2879/1224/1645
f 2860/1225/1646 2873/1226/1646 2877/1218/1646 2864/1217/1646
f 2873/1226/1647 2872/1227/1647 2876/1221/1647 2877/1218/1647
f 2872/1227/1648 2871/1228/1648 2875/1223/1648 2876/1221/1648
f 2871/1228/1649 2870/1194/1649 2874/1196/1649 2875/1223/1649
f 2858/1212/1650 2866/1211/1650 2873/1226/1650 2860/1225/1650
f 2866/1211/1651 2867/1214/1651 2872/1227/1651 2873/1226/1651
f 2867/1214/1652 2868/1216/1652 2871/1228/1652 2872/1227/1652
f 2868/1216/1653 2869/1191/1653 2870/1194/1653 2871/1228/1653
f 2890/1229/1654 2893/1230/1654 2882/1231/1654 2883/1232/1654
f 2894/1229/1655 2897/1230/1655 2884/1231/1655 2885/1232/1655
f 2898/1229/1656 2901/1230/1656 2887/1231/1656 2886/1232/1656
f 2902/1229/1657 2905/1230/1657 2889/1231/1657 2888/1232/1657
f 2863/1233/1658 2859/1234/1658 2892/1235/1658 2891/1236/1658
f 2891/1236/1659 2892/1235/1659 2893/1230/1659 2890/1229/1659
f 2865/1233/1660 2863/1234/1660 2896/1235/1660 2895/1236/1660
f 2895/1236/1661 2896/1235/1661 2897/1230/1661 2894/1229/1661
f 2861/1233/1702 2865/1234/1702 2900/1235/1702 2899/1236/1702
f 2899/1236/1663 2900/1235/1663 2901/1230/1663 2898/1229/1663
f 2859/1233/1664 2861/1234/1664 2904/1235/1664 2903/1236/1664
f 2903/1236/1665 2904/1235/1665 2905/1230/1665 2902/1229/1665
f 2917/1219/1703 2907/1220/1703 2909/1217/1703 2918/1218/1703
f 2918/1218/1704 2909/1217/1704 2913/1225/1704 2922/1226/1704
f 2922/1226/1705 2913/1225/1705 2911/1212/1705 2926/1211/1705
f 2926/1211/1706 2911/1212/1706 2907/1209/1706 2917/1210/1706
f 2908/1201/1707 2912/1202/1707 2910/1203/1707 2906/1204/1707
f 2913/1205/1708 2909/1206/1708 2907/1207/1708 2911/1208/1708
f 2910/1192/1709 2929/1191/1709 2914/1199/1709 2906/1200/1709
f 2929/1191/1710 2928/1216/1710 2915/1215/1710 2914/1199/1710
f 2928/1216/1711 2927/1214/1711 2916/1213/1711 2915/1215/1711
f 2927/1214/1712 2926/1211/1712 2917/1210/1712 2916/1213/1712
f 2912/1193/1713 2925/1194/1713 2929/1191/1713 2910/1192/1713
f 2925/1194/1714 2924/1228/1714 2928/1216/1714 2929/1191/1714
f 2924/1228/1715 2923/1227/1715 2927/1214/1715 2928/1216/1715
f 2923/1227/1716 2922/1226/1716 2926/1211/1716 2927/1214/1716
f 2908/1195/1717 2921/1196/1717 2925/1194/1717 2912/1193/1717
f 2921/1196/1718 2920/1223/1718 2924/1228/1718 2925/1194/1718
f 2920/1223/1719 2919/1221/1719 2923/1227/1719 2924/1228/1719
f 2919/1221/1720 2918/1218/1720 2922/1226/1720 2923/1227/1720
f 2906/1197/1721 2914/1198/1721 2921/1196/1721 2908/1195/1721
f 2914/1198/1722 2915/1224/1722 2920/1223/1722 2921/1196/1722
f 2915/1224/1723 2916/1222/1723 2919/1221/1723 2920/1223/1723
f 2916/1222/1724 2917/1219/1724 2918/1218/1724 2919/1221/1724
f 2938/1229/1725 2941/1230/1725 2930/1231/1725 2931/1232/1725
f 2942/1229/1726 2945/1230/1726 2932/1231/1726 2933/1232/1726
f 2946/1229/1727 2949/1230/1727 2935/1231/1727 2934/1232/1727
f 2950/1229/1728 2953/1230/1728 2937/1231/1728 2936/1232/1728
f 2911/1233/1729 2907/1234/1729 2940/1235/1729 2939/1236/1729
f 2939/1236/1730 2940/1235/1730 2941/1230/1730 2938/1229/1730
f 2913/1233/1731 2911/1234/1731 2944/1235/1731 2943/1236/1731
f 2943/1236/1732 2944/1235/1732 2945/1230/1732 2942/1229/1732
f 2909/1233/1733 2913/1234/1733 2948/1235/1733 2947/1236/1733
f 2947/1236/1734 2948/1235/1734 2949/1230/1734 2946/1229/1734
f 2907/1233/1735 2909/1234/1735 2952/1235/1735 2951/1236/1735
f 2951/1236/1736 2952/1235/1736 2953/1230/1736 2950/1229/1736
f 2965/1218/1737 2955/1217/1737 2957/1220/1737 2966/1219/1737
f 2966/1210/1738 2957/1209/1738 2961/1212/1738 2970/1211/1738
f 2970/1211/1739 2961/1212/1739 2959/1225/1739 2974/1226/1739
f 2974/1226/1740 2959/1225/1740 2955/1217/1740 2965/1218/1740
f 2956/1201/1741 2960/1202/1741 2958/1203/1741 2954/1204/1741
f 2961/1205/1742 2957/1206/1742 2955/1207/1742 2959/1208/1742
f 2958/1193/1743 2977/1194/1743 2962/1196/1743 2954/1195/1743
f 2977/1194/1744 2976/1228/1744 2963/1223/1744 2962/1196/1744
f 2976/1228/1745 2975/1227/1745 2964/1221/1745 2963/1223/1745
f 2975/1227/1746 2974/1226/1746 2965/1218/1746 2964/1221/1746
f 2960/1192/1747 2973/1191/1747 2977/1194/1747 2958/1193/1747
f 2973/1191/1748 2972/1216/1748 2976/1228/1748 2977/1194/1748
f 2972/1216/1749 2971/1214/1749 2975/1227/1749 2976/1228/1749
f 2971/1214/1750 2970/1211/1750 2974/1226/1750 2975/1227/1750
f 2956/1200/1751 2969/1199/1751 2973/1191/1751 2960/1192/1751
f 2969/1199/1752 2968/1215/1752 2972/1216/1752 2973/1191/1752
f 2968/1215/1753 2967/1213/1753 2971/1214/1753 2972/1216/1753
f 2967/1213/1754 2966/1210/1754 2970/1211/1754 2971/1214/1754
f 2954/1195/1755 2962/1196/1755 2969/1198/1755 2956/1197/1755
f 2962/1196/1756 2963/1223/1756 2968/1224/1756 2969/1198/1756
f 2963/1223/1757 2964/1221/1757 2967/1222/1757 2968/1224/1757
f 2964/1221/1758 2965/1218/1758 2966/1219/1758 2967/1222/1758
f 2986/1229/1759 2989/1230/1759 2978/1231/1759 2979/1232/1759
f 2990/1229/1760 2993/1230/1760 2980/1231/1760 2981/1232/1760
f 2994/1229/1761 2997/1230/1761 2983/1231/1761 2982/1232/1761
f 2998/1229/1762 3001/1230/1762 2985/1231/1762 2984/1232/1762
f 2959/1233/1763 2955/1234/1763 2988/1235/1763 2987/1236/1763
f 2987/1236/1764 2988/1235/1764 2989/1230/1764 2986/1229/1764
f 2961/1233/1765 2959/1234/1765 2992/1235/1765 2991/1236/1765
f 2991/1236/1766 2992/1235/1766 2993/1230/1766 2990/1229/1766
f 2957/1233/1767 2961/1234/1767 2996/1235/1767 2995/1236/1767
f 2995/1236/1768 2996/1235/1768 2997/1230/1768 2994/1229/1768
f 2955/1233/1769 2957/1234/1769 3000/1235/1769 2999/1236/1769
f 2999/1236/1770 3000/1235/1770 3001/1230/1770 2998/1229/1770
f 3013/1218/1737 3003/1217/1737 3005/1220/1737 3014/1219/1737
f 3014/1210/1738 3005/1209/1738 3009/1212/1738 3018/1211/1738
f 3018/1211/1739 3009/1212/1739 3007/1225/1739 3022/1226/1739
f 3022/1226/1740 3007/1225/1740 3003/1217/1740 3013/1218/1740
f 3004/1201/1741 3008/1202/1741 3006/1203/1741 3002/1204/1741
f 3009/1205/1742 3005/1206/1742 3003/1207/1742 3007/1208/1742
f 3006/1193/1743 3025/1194/1743 3010/1196/1743 3002/1195/1743
f 3025/1194/1744 3024/1228/1744 3011/1223/1744 3010/1196/1744
f 3024/1228/1745 3023/1227/1745 3012/1221/1745 3011/1223/1745
f 3023/1227/1746 3022/1226/1746 3013/1218/1746 3012/1221/1746
f 3008/1192/1747 3021/1191/1747 3025/1194/1747 3006/1193/1747
f 3021/1191/1748 3020/1216/1748 3024/1228/1748 3025/1194/1748
f 3020/1216/1749 3019/1214/1749 3023/1227/1749 3024/1228/1749
f 3019/1214/1750 3018/1211/1750 3022/1226/1750 3023/1227/1750
f 3004/1200/1751 3017/1199/1751 3021/1191/1751 3008/1192/1751
f 3017/1199/1771 3016/1215/1771 3020/1216/1771 3021/1191/1771
f 3016/1215/1753 3015/1213/1753 3019/1214/1753 3020/1216/1753
f 3015/1213/1754 3014/1210/1754 3018/1211/1754 3019/1214/1754
f 3002/1195/1772 3010/1196/1772 3017/1198/1772 3004/1197/1772
f 3010/1196/1756 3011/1223/1756 3016/1224/1756 3017/1198/1756
f 3011/1223/1757 3012/1221/1757 3015/1222/1757 3016/1224/1757
f 3012/1221/1758 3013/1218/1758 3014/1219/1758 3015/1222/1758
f 3034/1229/1759 3037/1230/1759 3026/1231/1759 3027/1232/1759
f 3038/1229/1760 3041/1230/1760 3028/1231/1760 3029/1232/1760
f 3042/1229/1761 3045/1230/1761 3031/1231/1761 3030/1232/1761
f 3046/1229/1762 3049/1230/1762 3033/1231/1762 3032/1232/1762
f 3007/1233/1763 3003/1234/1763 3036/1235/1763 3035/1236/1763
f 3035/1236/1773 3036/1235/1773 3037/1230/1773 3034/1229/1773
f 3009/1233/1765 3007/1234/1765 3040/1235/1765 3039/1236/1765
f 3039/1236/1766 3040/1235/1766 3041/1230/1766 3038/1229/1766
f 3005/1233/1767 3009/1234/1767 3044/1235/1767 3043/1236/1767
f 3043/1236/1768 3044/1235/1768 3045/1230/1768 3042/1229/1768
f 3003/1233/1769 3005/1234/1769 3048/1235/1769 3047/1236/1769
f 3047/1236/1770 3048/1235/1770 3049/1230/1770 3046/1229/1770
f 3061/1218/1774 3051/1217/1774 3053/1220/1774 3062/1219/1774
f 3062/1210/1775 3053/1209/1775 3057/1212/1775 3066/1211/1775
f 3066/1211/1776 3057/1212/1776 3055/1225/1776 3070/1226/1776
f 3070/1226/1777 3055/1225/1777 3051/1217/1777 3061/1218/1777
f 3052/1201/1778 3056/1202/1778 3054/1203/1778 3050/1204/1778
f 3057/1205/1779 3053/1206/1779 3051/1207/1779 3055/1208/1779
f 3054/1193/1780 3073/1194/1780 3058/1196/1780 3050/1195/1780
f 3073/1194/1781 3072/1228/1781 3059/1223/1781 3058/1196/1781
f 3072/1228/1782 3071/1227/1782 3060/1221/1782 3059/1223/1782
f 3071/1227/1783 3070/1226/1783 3061/1218/1783 3060/1221/1783
f 3056/1192/1784 3069/1191/1784 3073/1194/1784 3054/1193/1784
f 3069/1191/1785 3068/1216/1785 3072/1228/1785 3073/1194/1785
f 3068/1216/1786 3067/1214/1786 3071/1227/1786 3072/1228/1786
f 3067/1214/1787 3066/1211/1787 3070/1226/1787 3071/1227/1787
f 3052/1200/1788 3065/1199/1788 3069/1191/1788 3056/1192/1788
f 3065/1199/1789 3064/1215/1789 3068/1216/1789 3069/1191/1789
f 3064/1215/1790 3063/1213/1790 3067/1214/1790 3068/1216/1790
f 3063/1213/1791 3062/1210/1791 3066/1211/1791 3067/1214/1791
f 3050/1195/1792 3058/1196/1792 3065/1198/1792 3052/1197/1792
f 3058/1196/1793 3059/1223/1793 3064/1224/1793 3065/1198/1793
f 3059/1223/1794 3060/1221/1794 3063/1222/1794 3064/1224/1794
f 3060/1221/1795 3061/1218/1795 3062/1219/1795 3063/1222/1795
f 3082/1229/1796 3085/1230/1796 3074/1231/1796 3075/1232/1796
f 3086/1229/1797 3089/1230/1797 3076/1231/1797 3077/1232/1797
f 3090/1229/1798 3093/1230/1798 3079/1231/1798 3078/1232/1798
f 3094/1229/1799 3097/1230/1799 3081/1231/1799 3080/1232/1799
f 3055/1233/1800 3051/1234/1800 3084/1235/1800 3083/1236/1800
f 3083/1236/1801 3084/1235/1801 3085/1230/1801 3082/1229/1801
f 3057/1233/1802 3055/1234/1802 3088/1235/1802 3087/1236/1802
f 3087/1236/1803 3088/1235/1803 3089/1230/1803 3086/1229/1803
f 3053/1233/1804 3057/1234/1804 3092/1235/1804 3091/1236/1804
f 3091/1236/1805 3092/1235/1805 3093/1230/1805 3090/1229/1805
f 3051/1233/1806 3053/1234/1806 3096/1235/1806 3095/1236/1806
f 3095/1236/1807 3096/1235/1807 3097/1230/1807 3094/1229/1807
f 3109/1226/1808 3099/1225/1808 3101/1212/1808 3110/1211/1808
f 3110/1211/1809 3101/1212/1809 3105/1209/1809 3114/1210/1809
f 3114/1219/1810 3105/1220/1810 3103/1217/1810 3118/1218/1810
f 3118/1218/1811 3103/1217/1811 3099/1225/1811 3109/1226/1811
f 3100/1201/1812 3104/1202/1812 3102/1203/1812 3098/1204/1812
f 3105/1205/1813 3101/1206/1813 3099/1207/1813 3103/1208/1813
f 3102/1195/1814 3121/1196/1814 3106/1194/1814 3098/1193/1814
f 3121/1196/1815 3120/1223/1815 3107/1228/1815 3106/1194/1815
f 3120/1223/1816 3119/1221/1816 3108/1227/1816 3107/1228/1816
f 3119/1221/1817 3118/1218/1817 3109/1226/1817 3108/1227/1817
f 3104/1197/1818 3117/1198/1818 3121/1196/1818 3102/1195/1818
f 3117/1198/1819 3116/1224/1819 3120/1223/1819 3121/1196/1819
f 3116/1224/1820 3115/1222/1820 3119/1221/1820 3120/1223/1820
f 3115/1222/1821 3114/1219/1821 3118/1218/1821 3119/1221/1821
f 3100/1192/1822 3113/1191/1822 3117/1199/1822 3104/1200/1822
f 3113/1191/1823 3112/1216/1823 3116/1215/1823 3117/1199/1823
f 3112/1216/1824 3111/1214/1824 3115/1213/1824 3116/1215/1824
f 3111/1214/1825 3110/1211/1825 3114/1210/1825 3115/1213/1825
f 3098/1193/1826 3106/1194/1826 3113/1191/1826 3100/1192/1826
f 3106/1194/1827 3107/1228/1827 3112/1216/1827 3113/1191/1827
f 3107/1228/1828 3108/1227/1828 3111/1214/1828 3112/1216/1828
f 3108/1227/1829 3109/1226/1829 3110/1211/1829 3111/1214/1829
f 3130/1229/1830 3133/1230/1830 3122/1231/1830 3123/1232/1830
f 3134/1229/1831 3137/1230/1831 3124/1231/1831 3125/1232/1831
f 3138/1229/1832 3141/1230/1832 3127/1231/1832 3126/1232/1832
f 3142/1229/1833 3145/1230/1833 3129/1231/1833 3128/1232/1833
f 3103/1233/1834 3099/1234/1834 3132/1235/1834 3131/1236/1834
f 3131/1236/1835 3132/1235/1835 3133/1230/1835 3130/1229/1835
f 3105/1233/1836 3103/1234/1836 3136/1235/1836 3135/1236/1836
f 3135/1236/1837 3136/1235/1837 3137/1230/1837 3134/1229/1837
f 3101/1233/1838 3105/1234/1838 3140/1235/1838 3139/1236/1838
f 3139/1236/1839 3140/1235/1839 3141/1230/1839 3138/1229/1839
f 3099/1233/1840 3101/1234/1840 3144/1235/1840 3143/1236/1840
f 3143/1236/1841 3144/1235/1841 3145/1230/1841 3142/1229/1841
f 3157/1226/1842 3147/1225/1842 3149/1212/1842 3158/1211/1842
f 3158/1211/1843 3149/1212/1843 3153/1209/1843 3162/1210/1843
f 3162/1219/1844 3153/1220/1844 3151/1217/1844 3166/1218/1844
f 3166/1218/1845 3151/1217/1845 3147/1225/1845 3157/1226/1845
f 3148/1201/1846 3152/1202/1846 3150/1203/1846 3146/1204/1846
f 3153/1205/1847 3149/1206/1847 3147/1207/1847 3151/1208/1847
f 3150/1195/1848 3169/1196/1848 3154/1194/1848 3146/1193/1848
f 3169/1196/1849 3168/1223/1849 3155/1228/1849 3154/1194/1849
f 3168/1223/1850 3167/1221/1850 3156/1227/1850 3155/1228/1850
f 3167/1221/1851 3166/1218/1851 3157/1226/1851 3156/1227/1851
f 3152/1197/1852 3165/1198/1852 3169/1196/1852 3150/1195/1852
f 3165/1198/1853 3164/1224/1853 3168/1223/1853 3169/1196/1853
f 3164/1224/1854 3163/1222/1854 3167/1221/1854 3168/1223/1854
f 3163/1222/1855 3162/1219/1855 3166/1218/1855 3167/1221/1855
f 3148/1192/1856 3161/1191/1856 3165/1199/1856 3152/1200/1856
f 3161/1191/1857 3160/1216/1857 3164/1215/1857 3165/1199/1857
f 3160/1216/1858 3159/1214/1858 3163/1213/1858 3164/1215/1858
f 3159/1214/1859 3158/1211/1859 3162/1210/1859 3163/1213/1859
f 3146/1193/1860 3154/1194/1860 3161/1191/1860 3148/1192/1860
f 3154/1194/1861 3155/1228/1861 3160/1216/1861 3161/1191/1861
f 3155/1228/1862 3156/1227/1862 3159/1214/1862 3160/1216/1862
f 3156/1227/1863 3157/1226/1863 3158/1211/1863 3159/1214/1863
f 3178/1229/1864 3181/1230/1864 3170/1231/1864 3171/1232/1864
f 3182/1229/1865 3185/1230/1865 3172/1231/1865 3173/1232/1865
f 3186/1229/1866 3189/1230/1866 3175/1231/1866 3174/1232/1866
f 3190/1229/1867 3193/1230/1867 3177/1231/1867 3176/1232/1867
f 3151/1233/1868 3147/1234/1868 3180/1235/1868 3179/1236/1868
f 3179/1236/1869 3180/1235/1869 3181/1230/1869 3178/1229/1869
f 3153/1233/1870 3151/1234/1870 3184/1235/1870 3183/1236/1870
f 3183/1236/1871 3184/1235/1871 3185/1230/1871 3182/1229/1871
f 3149/1233/1872 3153/1234/1872 3188/1235/1872 3187/1236/1872
f 3187/1236/1873 3188/1235/1873 3189/1230/1873 3186/1229/1873
f 3147/1233/1874 3149/1234/1874 3192/1235/1874 3191/1236/1874
f 3191/1236/1875 3192/1235/1875 3193/1230/1875 3190/1229/1875
f 3197/1/1 3195/2/1 3194/3/1 3196/4/1
f 3196/4/2 3194/3/2 3208/5/2 3207/6/2 3212/7/2 3214/8/2
f 3200/9/3 3209/10/3 3216/11/3 3204/12/3
f 3203/13/4 3212/14/4 3207/15/4 3198/16/4
f 3205/17/5 3215/18/5 3213/19/5 3202/20/5
f 3195/2/6 3197/1/6 3217/21/6 3216/22/6 3209/23/6 3211/24/6
f 3197/1/7 3196/4/7 3214/25/7 3213/19/7 3215/18/7 3217/26/7
f 3194/3/8 3195/2/8 3211/1311/8 3210/27/8 3206/28/8 3208/5/8
f 3199/29/9 3206/30/9 3210/31/9 3201/32/9
f 3206/28/10 3207/33/10 3208/5/10
f 3209/34/11 3210/27/11 3211/1311/11
f 3212/7/12 3213/35/12 3214/8/12
f 3215/36/13 3216/22/13 3217/21/13
f 3205/17/14 3201/37/14 3200/38/14 3204/39/14
f 3202/20/15 3213/19/15 3212/14/15 3203/13/15
f 3206/30/16 3199/29/16 3198/40/16 3207/41/16
f 3209/10/17 3200/9/17 3201/32/17 3210/31/17
f 3215/18/18 3205/17/18 3204/12/18 3216/11/18
f 3201/37/19 3205/17/19 3202/20/19 3203/42/19 3198/43/19 3199/44/19
f 3218/1312/9 3219/1313/9 3221/1314/9 3220/1315/9
f 3220/1315/3 3221/1314/3 3225/1316/3 3224/1317/3
f 3224/1317/5 3225/1316/5 3223/1318/5 3222/1319/5
f 3222/1319/4 3223/1318/4 3219/1320/4 3218/1321/4
f 3220/1322/19 3224/1317/19 3222/1319/19 3218/1323/19
f 3225/1316/1 3221/1324/1 3219/1325/1 3223/1318/1
f 3229/1/1 3227/2/1 3226/3/1 3228/4/1
f 3228/4/2 3226/3/2 3240/5/2 3239/6/2 3244/7/2 3246/8/2
f 3232/9/3 3241/10/3 3248/11/3 3236/12/3
f 3235/13/4 3244/14/4 3239/15/4 3230/16/4
f 3237/17/5 3247/18/5 3245/19/5 3234/20/5
f 3227/2/6 3229/1/6 3249/21/6 3248/22/6 3241/23/6 3243/24/6
f 3229/1/7 3228/4/7 3246/25/7 3245/19/7 3247/18/7 3249/26/7
f 3226/3/8 3227/2/8 3243/24/8 3242/27/8 3238/28/8 3240/5/8
f 3231/29/9 3238/30/9 3242/31/9 3233/32/9
f 3238/28/10 3239/33/10 3240/5/10
f 3241/34/11 3242/27/11 3243/24/11
f 3244/7/12 3245/35/12 3246/8/12
f 3247/36/13 3248/22/13 3249/21/13
f 3237/17/14 3233/37/14 3232/38/14 3236/39/14
f 3234/20/15 3245/19/15 3244/14/15 3235/13/15
f 3238/30/16 3231/29/16 3230/40/16 3239/41/16
f 3241/10/17 3232/9/17 3233/32/17 3242/31/17
f 3247/18/18 3237/17/18 3236/12/18 3248/11/18
f 3233/37/19 3237/17/19 3234/20/19 3235/42/19 3230/43/19 3231/44/19
f 3253/1/1 3251/2/1 3250/3/1 3252/4/1
f 3252/4/2 3250/3/2 3264/5/2 3263/6/2 3268/7/2 3270/8/2
f 3256/9/3 3265/10/3 3272/11/3 3260/12/3
f 3259/13/4 3268/14/4 3263/15/4 3254/16/4
f 3261/17/5 3271/18/5 3269/19/5 3258/20/5
f 3251/2/6 3253/1/6 3273/21/6 3272/22/6 3265/23/6 3267/24/6
f 3253/1/7 3252/4/7 3270/25/7 3269/19/7 3271/18/7 3273/26/7
f 3250/3/8 3251/2/8 3267/24/8 3266/27/8 3262/28/8 3264/5/8
f 3255/29/9 3262/30/9 3266/31/9 3257/32/9
f 3262/28/10 3263/33/10 3264/5/10
f 3265/34/11 3266/27/11 3267/24/11
f 3268/7/12 3269/35/12 3270/8/12
f 3271/36/13 3272/22/13 3273/21/13
f 3261/17/14 3257/37/14 3256/38/14 3260/39/14
f 3258/20/15 3269/19/15 3268/14/15 3259/13/15
f 3262/30/16 3255/29/16 3254/40/16 3263/41/16
f 3265/10/17 3256/9/17 3257/32/17 3266/31/17
f 3271/18/18 3261/17/18 3260/12/18 3272/11/18
f 3257/37/19 3261/17/19 3258/20/19 3259/42/19 3254/43/19 3255/44/19
f 3296/1326/1 3280/1327/1 3278/1328/1 3294/1329/1
f 3301/1330/5 3285/1331/5 3283/1332/5 3298/1333/5
f 3299/1334/9 3279/1335/9 3281/1336/9 3300/1337/9
f 3286/1338/19 3277/1339/19 3276/1340/19 3287/1341/19
f 3303/1342/3 3289/1343/3 3285/1331/3 3301/1330/3
f 3278/1328/1876 3280/1327/1876 3281/1344/1876 3279/1345/1876
f 3288/1346/1877 3284/1347/1877 3285/1348/1877 3289/1349/1877
f 3284/1347/1878 3282/1350/1878 3283/1332/1878 3285/1331/1878
f 3294/1329/1879 3278/1328/1879 3279/1345/1879 3297/1351/1879
f 3305/1352/4 3297/1353/4 3279/1354/4 3299/1355/4
f 3298/1333/4 3283/1332/4 3291/1356/4 3302/1357/4
f 3282/1350/1879 3290/1358/1879 3291/1359/1879 3283/1360/1879
f 3296/1326/1877 3288/1346/1877 3289/1349/1877 3293/1361/1877
f 3304/1362/3 3293/1363/3 3289/1343/3 3303/1342/3
f 3292/1364/19 3286/1338/19 3287/1341/19 3295/1365/19
f 3284/1347/1 3288/1346/1 3290/1358/1 3282/1350/1
f 3275/1366/19 3292/1364/19 3295/1365/19 3274/1367/19
f 3300/1337/3 3281/1336/3 3293/1363/3 3304/1362/3
f 3280/1327/1877 3296/1326/1877 3293/1361/1877 3281/1344/1877
f 3302/1357/4 3291/1356/4 3297/1353/4 3305/1352/4
f 3290/1358/1879 3294/1329/1879 3297/1351/1879 3291/1359/1879
f 3288/1346/1 3296/1326/1 3294/1329/1 3290/1358/1
f 3287/1368/4 3302/1357/4 3305/1352/4 3295/1369/4
f 3275/1370/3 3300/1337/3 3304/1362/3 3292/1371/3
f 3292/1371/9 3304/1362/9 3309/1362/9 3308/1371/9
f 3276/1340/4 3298/1333/4 3302/1357/4 3287/1368/4
f 3295/1369/4 3305/1352/4 3299/1355/4 3274/1372/4
f 3286/1373/3 3303/1342/3 3301/1330/3 3277/1339/3
f 3274/1374/9 3299/1334/9 3300/1337/9 3275/1370/9
f 3277/1339/5 3301/1330/5 3298/1333/5 3276/1340/5
f 3308/1371/3 3309/1362/3 3306/1342/3 3307/1373/3
f 3303/1342/5 3286/1373/5 3307/1373/5 3306/1342/5
f 3286/1338/19 3292/1364/19 3308/1364/19 3307/1338/19
f 3304/1362/1 3303/1342/1 3306/1342/1 3309/1362/1
f 3310/1375/1880 3311/1376/1880 3313/1377/1880 3312/1378/1880
f 3312/1378/1881 3313/1377/1881 3317/1379/1881 3316/1380/1881
f 3316/1380/1882 3317/1379/1882 3315/1381/1882 3314/1382/1882
f 3314/1382/1883 3315/1381/1883 3311/1383/1883 3310/1384/1883
f 3312/1385/1884 3316/1380/1884 3314/1382/1884 3310/1386/1884
f 3317/1379/1885 3313/1387/1885 3311/1388/1885 3315/1381/1885
f 3318/1375/1886 3319/1376/1886 3321/1377/1886 3320/1378/1886
f 3320/1378/1887 3321/1377/1887 3325/1379/1887 3324/1380/1887
f 3324/1380/1888 3325/1379/1888 3323/1381/1888 3322/1382/1888
f 3322/1382/1889 3323/1381/1889 3319/1383/1889 3318/1384/1889
f 3320/1385/1890 3324/1380/1890 3322/1382/1890 3318/1386/1890
f 3325/1379/1891 3321/1387/1891 3319/1388/1891 3323/1381/1891
f 3326/1389/1892 3327/1390/1892 3329/1391/1892 3328/1392/1892
f 3328/1392/1893 3329/1391/1893 3333/1393/1893 3332/1394/1893
f 3332/1394/1894 3333/1393/1894 3331/1395/1894 3330/1396/1894
f 3330/1396/1895 3331/1395/1895 3327/1397/1895 3326/1398/1895
f 3328/1399/19 3332/1394/19 3330/1396/19 3326/1400/19
f 3333/1393/1 3329/1401/1 3327/1402/1 3331/1395/1
