# Blender 5.1.1
# www.blender.org
mtllib office.mtl
o Plane
v -21.457981 7.793351 -24.007292
v -35.563232 7.793351 -23.836662
v -42.265587 7.793351 -2.816768
v -42.217728 7.793351 -17.352795
v -42.217728 -0.044405 -17.352795
v -42.265587 -0.044405 -2.816768
v -35.563232 -0.044405 -23.836662
v -21.457981 -0.044405 -24.007292
v -14.291603 -0.044405 -31.287420
v -14.177851 -0.044405 -45.051418
v -7.125224 -0.044405 -52.274670
v 6.695649 -0.044405 -52.331547
v 13.862027 -0.044405 -45.108292
v 14.032655 -0.044405 -31.230543
v 16.250820 -0.044405 -28.955505
v -35.326710 -0.044405 4.065230
v -28.160334 -0.044405 4.178982
v -28.217209 -0.044405 11.060980
v -21.221458 -0.044405 18.284233
v -14.396336 -0.044405 18.227358
v -14.396336 -0.044405 24.995605
v -6.945577 -0.044405 32.218861
v 6.818418 -0.044405 32.161983
v 14.041673 -0.044405 25.393738
v 14.098549 -0.044405 18.284233
v 20.753044 -0.044405 18.284233
v 28.090050 -0.044405 11.117856
v 27.976297 -0.044405 4.065229
v 34.744541 -0.044405 4.235857
v 42.024677 -0.044405 -2.759893
v 42.081551 -0.044405 -17.035774
v 35.085800 -0.044405 -23.974648
v 20.923672 -0.044405 -24.088400
v 18.000877 -0.044405 -26.971697
v -14.291603 7.793351 -31.287420
v -14.177851 7.793351 -45.051418
v -7.125224 7.793351 -52.274670
v 6.695649 7.793351 -52.331547
v 13.862027 7.793351 -45.108292
v 14.032655 7.793351 -31.230543
v 16.250820 7.793351 -28.955505
v -35.326710 7.793351 4.065230
v -28.160334 7.793351 4.178982
v -28.217209 7.793351 11.060980
v -21.221458 7.793351 18.284233
v -14.396336 7.793351 18.227358
v -14.396336 7.793351 24.995605
v -6.945577 7.793351 32.218861
v 6.818418 7.793351 32.161983
v 14.041673 7.793351 25.393738
v 14.098549 7.793351 18.284233
v 20.753044 7.793351 18.284233
v 28.090050 7.793351 11.117856
v 27.976297 7.793351 4.065229
v 34.744541 7.793351 4.235857
v 42.024677 7.793351 -2.759893
v 42.081551 7.793351 -17.035774
v 35.085800 7.793351 -23.974648
v 20.923672 7.793351 -24.088400
v 18.000877 7.793351 -26.971697
v -6.945577 1.523146 32.218861
v -6.529380 3.131801 30.140223
v -6.529380 4.617144 30.140223
v -6.945577 6.225800 32.218861
v -14.396336 6.225800 24.995605
v -13.589396 4.617144 23.295782
v -13.589396 3.131801 23.295782
v -14.396336 1.523146 24.995605
v -21.457981 1.523146 -24.007292
v -20.280704 3.131801 -23.137239
v -20.280704 4.617144 -23.137239
v -21.457981 6.225800 -24.007292
v -14.291603 6.225800 -31.287420
v -13.490155 4.617144 -30.035578
v -13.490155 3.131801 -30.035578
v -14.291603 1.523146 -31.287420
v 6.818418 1.523146 32.161983
v 6.512787 3.131801 30.086330
v 6.512787 4.617144 30.086330
v 6.818418 6.225800 32.161983
v -14.177851 6.225800 -45.051418
v -13.382368 4.617144 -43.077747
v -13.382368 3.131801 -43.077747
v -14.177851 1.523146 -45.051418
v 14.041673 1.523146 25.393738
v 13.357231 3.131801 23.673033
v 13.357231 4.617144 23.673033
v 14.041673 6.225800 25.393738
v -7.125224 6.225800 -52.274670
v -6.699606 4.617144 -49.922188
v -6.699606 3.131801 -49.922188
v -7.125224 1.523146 -52.274670
v 14.098549 1.523146 18.284233
v 13.411124 3.131801 16.936377
v 13.411124 4.617144 16.936377
v 14.098549 6.225800 18.284233
v 6.695649 6.225800 -52.331547
v 6.396456 4.617144 -49.976082
v 6.396456 3.131801 -49.976082
v 6.695649 1.523146 -52.331547
v 20.753044 1.523146 18.284233
v 19.716635 3.131801 16.936377
v 19.716635 4.617144 16.936377
v 20.753044 6.225800 18.284233
v 13.862027 6.225800 -45.108292
v 13.187006 4.617144 -43.131638
v 13.187006 3.131801 -43.131638
v 13.862027 1.523146 -45.108292
v 28.090050 1.523146 11.117856
v 26.668865 3.131801 10.145828
v 26.668865 4.617144 10.145828
v 28.090050 6.225800 11.117856
v 14.032655 6.225800 -31.230543
v 13.348685 4.617144 -29.981684
v 13.348685 3.131801 -29.981684
v 14.032655 1.523146 -31.230543
v 27.976297 1.523146 4.065229
v 26.561077 3.131801 3.463066
v 26.561077 4.617144 3.463066
v 27.976297 6.225800 4.065229
v 16.250820 6.225800 -28.955505
v 15.450521 4.617144 -27.825954
v 15.450521 3.131801 -27.825954
v 16.250820 1.523146 -28.955505
v 34.744541 1.523146 4.235857
v 32.974377 3.131801 3.624745
v 32.974377 4.617144 3.624745
v 34.744541 6.225800 4.235857
v -35.326710 1.523146 4.065230
v -33.422115 3.131801 3.463066
v -33.422115 4.617144 3.463066
v -35.326710 6.225800 4.065230
v -42.265587 6.225800 -2.816768
v -39.997093 4.617144 -3.058017
v -39.997093 3.131801 -3.058017
v -42.265587 1.523146 -2.816768
v 42.024677 1.523146 -2.759893
v 39.872715 3.131801 -3.004125
v 39.872715 4.617144 -3.004125
v 42.024677 6.225800 -2.759893
v -28.160334 1.523146 4.178982
v -26.631565 3.131801 3.570853
v -26.631565 4.617144 3.570853
v -28.160334 6.225800 4.178982
v 42.081551 1.523146 -17.035774
v 39.926605 3.131801 -16.531334
v 39.926605 4.617144 -16.531334
v 42.081551 6.225800 -17.035774
v -28.217209 1.523146 11.060980
v -26.685457 3.131801 10.091936
v -26.685457 4.617144 10.091936
v -28.217209 6.225800 11.060980
v 35.085800 1.523146 -23.974648
v 33.297737 3.131801 -23.106308
v 33.297737 4.617144 -23.106308
v 35.085800 6.225800 -23.974648
v -21.221458 1.523146 18.284233
v -20.056587 3.131801 16.936377
v -20.056587 4.617144 16.936377
v -21.221458 6.225800 18.284233
v -42.217728 6.225800 -17.352795
v -39.951744 4.617144 -16.831728
v -39.951744 3.131801 -16.831728
v -42.217728 1.523146 -17.352795
v 20.923672 1.523146 -24.088400
v 19.878315 3.131801 -23.214094
v 19.878315 4.617144 -23.214094
v 20.923672 6.225800 -24.088400
v -14.396336 1.523146 18.227358
v -13.589396 3.131801 16.882483
v -13.589396 4.617144 16.882483
v -14.396336 6.225800 18.227358
v -35.563232 6.225800 -23.836662
v -33.646229 4.617144 -22.975561
v -33.646229 3.131801 -22.975561
v -35.563232 1.523146 -23.836662
v 18.000877 1.523146 -26.971697
v 17.108803 3.131801 -25.946182
v 17.108803 4.617144 -25.946182
v 18.000877 6.225800 -26.971697
v -26.192419 6.721556 -15.915729
v -18.847092 6.688757 -16.240906
v -18.835709 6.688757 -15.725033
v -21.589708 6.688667 -12.115835
v -21.589708 6.688667 -7.165750
v -18.427477 6.721556 -4.191101
v -18.692898 6.721556 -3.581576
v -26.178844 6.721556 -3.935089
v -18.510107 6.688757 -15.725033
v -15.299947 6.721557 -4.463997
v -14.093085 6.721557 -4.491424
v -14.010800 6.721557 -15.545163
v -15.245089 6.721557 -15.572591
v -18.755953 6.721557 -11.924584
v -18.865669 6.721557 -8.358862
v -14.138800 6.721557 -2.685705
v -7.281642 6.721557 3.942880
v -5.681639 6.721557 4.240024
v -5.681639 6.721557 2.708592
v -1.361629 6.721557 -1.542845
v 1.655520 6.721557 -1.474273
v 5.426957 6.721557 2.411449
v 5.404100 6.721557 5.337170
v 1.906950 6.721557 8.857177
v -2.184488 6.721557 8.880034
v -5.590210 6.721557 5.680027
v 19.346621 6.721557 -8.565855
v 19.346621 6.721557 -11.346814
v 15.041850 6.721557 -15.765870
v 13.670418 6.721557 -15.803966
v 13.626106 6.721557 -3.062575
v 13.780131 6.721557 -17.175398
v 7.142403 6.721557 -23.703413
v -6.709057 6.721557 -23.813129
v -14.059931 6.721557 -16.763969
v -3.885063 6.721557 9.126891
v -6.051925 6.721557 9.099463
v -6.024496 6.721557 16.669765
v 4.727528 6.721557 16.642336
v 4.727528 6.721557 7.947459
v 2.560666 6.721557 10.388607
v -2.787917 6.721557 10.416037
v -14.616699 6.721557 18.375397
v -6.352028 6.721557 18.756144
v -6.189068 6.721557 33.201008
v 8.484884 6.721557 6.427294
v 17.585047 6.721557 -2.909853
v -5.655798 6.721557 -27.565367
v -1.936475 6.721557 -31.087204
v 1.980334 6.721557 -31.120119
v 5.074284 6.721557 -27.861597
v 5.600914 6.721557 -28.223656
v 5.666742 6.721557 -36.583900
v -5.688713 6.721557 -36.616814
v 7.016231 6.721557 -36.616814
v 13.105387 6.721557 -36.583900
v 6.950402 6.721557 -34.246983
v 7.049145 6.721557 -25.919649
v 7.937833 6.721557 -24.800560
v 13.105387 6.721557 -30.297258
v 5.666742 6.721557 -36.583900
v 7.016231 6.721557 -36.616814
v -26.192419 -0.011536 -15.915729
v -18.847092 -0.044336 -16.240906
v -18.835709 -0.044336 -15.725033
v -21.589708 -0.044426 -12.115835
v -21.589708 -0.044426 -7.165750
v -18.427477 -0.011536 -4.191101
v -18.692898 -0.011536 -3.581576
v -26.178844 -0.011536 -3.935089
v -15.299947 -0.011537 -4.463997
v -14.093085 -0.011537 -4.491424
v -14.010800 -0.011537 -15.545163
v -15.245089 -0.011537 -15.572591
v -18.755953 -0.011537 -11.924584
v -18.865669 -0.011537 -8.358862
v -14.138800 -0.011537 -2.685705
v -7.281642 -0.011537 3.942880
v -5.681639 -0.011537 4.240024
v -5.681639 -0.011537 2.708592
v -1.361629 -0.011537 -1.542845
v 1.655520 -0.011537 -1.474273
v 5.426957 -0.011537 2.411449
v 5.404100 -0.011537 5.337170
v 1.906950 -0.011537 8.857177
v -2.184488 -0.011537 8.880034
v -5.590210 -0.011537 5.680027
v 19.346621 -0.011537 -8.565855
v 19.346621 -0.011537 -11.346814
v 15.041850 -0.011537 -15.765870
v 13.670418 -0.011537 -15.803966
v 13.626106 -0.011537 -3.062575
v 13.780131 -0.011537 -17.175398
v 7.142403 -0.011537 -23.703413
v -6.709057 -0.011537 -23.813129
v -14.059931 -0.011537 -16.763969
v -3.885063 -0.011537 9.126891
v -6.051925 -0.011537 9.099463
v -6.024496 -0.011537 16.669765
v 4.727528 -0.011537 16.642336
v 4.727528 -0.011537 7.947459
v 2.560666 -0.011537 10.388607
v -2.787917 -0.011537 10.416037
v -14.616699 -0.011537 18.375397
v -6.352028 -0.011537 18.756144
v -6.189068 -0.011537 33.201008
v 8.484884 -0.011537 6.427294
v 17.585047 -0.011537 -2.909853
v -5.655798 -0.011537 -27.565367
v -1.936475 -0.011537 -31.087204
v 1.980334 -0.011537 -31.120119
v 5.074284 -0.011537 -27.861597
v 5.600914 -0.011537 -28.223656
v 5.666742 -0.011537 -36.583900
v -5.688713 -0.011537 -36.616814
v 7.016231 -0.011537 -36.616814
v 13.105387 -0.011537 -36.583900
v 6.950402 -0.011537 -34.246983
v 7.049145 -0.011537 -25.919649
v 7.937833 -0.011537 -24.800560
v 13.105387 -0.011537 -30.297258
v 5.666742 -0.011537 -36.583900
v 7.016231 -0.011537 -36.616814
v 8.484884 6.721557 6.427294
v 17.585047 6.721557 -2.909853
v 8.484884 -0.011537 6.427294
v 17.585047 -0.011537 -2.909853
v 8.484884 6.721557 6.427294
v 17.585047 6.721557 -2.909853
v 8.484884 -0.011537 6.427294
v 17.585047 -0.011537 -2.909853
v 9.554048 6.721557 7.469321
v 18.654211 6.721557 -1.867825
v 9.554048 -0.011537 7.469321
v 18.654211 -0.011537 -1.867825
v -26.178844 6.721556 -3.935089
v -26.192419 6.721556 -15.915729
v -18.847092 6.688757 -16.240906
v -18.835709 6.688757 -15.725033
v -21.589708 6.688667 -12.115835
v -21.589708 6.688667 -7.165750
v -18.427477 6.721556 -4.191101
v -18.692898 6.721556 -3.581576
v -26.178844 -0.011536 -3.935089
v -26.192419 -0.011536 -15.915729
v -18.847092 -0.044336 -16.240906
v -18.835709 -0.044336 -15.725033
v -21.589708 -0.044426 -12.115835
v -21.589708 -0.044426 -7.165750
v -18.427477 -0.011536 -4.191101
v -18.692898 -0.011536 -3.581576
v -26.178844 6.721556 -3.935089
v -26.192419 6.721556 -15.915729
v -18.847092 6.688757 -16.240906
v -18.835709 6.688757 -15.725033
v -21.589708 6.688667 -12.115835
v -21.589708 6.688667 -7.165750
v -18.427477 6.721556 -4.191101
v -18.692898 6.721556 -3.581576
v -26.178844 -0.011536 -3.935089
v -26.192419 -0.011536 -15.915729
v -18.847092 -0.044336 -16.240906
v -18.835709 -0.044336 -15.725033
v -21.589708 -0.044426 -12.115835
v -21.589708 -0.044426 -7.165750
v -18.427477 -0.011536 -4.191101
v -18.692898 -0.011536 -3.581576
v -26.178844 6.721556 -3.935089
v -26.192419 6.721556 -15.915729
v -26.178844 -0.011536 -3.935089
v -26.192419 -0.011536 -15.915729
v -26.178844 6.721556 -3.935089
v -26.192419 6.721556 -15.915729
v -26.178844 -0.011536 -3.935089
v -26.192419 -0.011536 -15.915729
v -26.178844 6.721556 -3.935089
v -26.192419 6.721556 -15.915729
v -18.847092 6.688757 -16.240906
v -18.835709 6.688757 -15.725033
v -21.589708 6.688667 -12.115835
v -21.589708 6.688667 -7.165750
v -18.427477 6.721556 -4.191101
v -18.692898 6.721556 -3.581576
v -26.178844 -0.011536 -3.935089
v -26.192419 -0.011536 -15.915729
v -18.847092 -0.044336 -16.240906
v -18.835709 -0.044336 -15.725033
v -21.589708 -0.044426 -12.115835
v -21.589708 -0.044426 -7.165750
v -18.427477 -0.011536 -4.191101
v -18.692898 -0.011536 -3.581576
v -26.178844 6.721556 -3.935089
v -26.192419 6.721556 -15.915729
v -26.178844 -0.011536 -3.935089
v -26.192419 -0.011536 -15.915729
v -26.178844 6.721556 -3.935089
v -26.192419 6.721556 -15.915729
v -26.178844 -0.011536 -3.935089
v -26.192419 -0.011536 -15.915729
v -26.178844 6.721556 -3.935089
v -26.192419 6.721556 -15.915729
v -18.847092 6.688757 -16.240906
v -18.835709 6.688757 -15.725033
v -21.589708 6.688667 -12.115835
v -21.589708 6.688667 -7.165750
v -18.427477 6.721556 -4.191101
v -18.692898 6.721556 -3.581576
v -26.178844 -0.011536 -3.935089
v -26.192419 -0.011536 -15.915729
v -18.847092 -0.044336 -16.240906
v -18.835709 -0.044336 -15.725033
v -21.589708 -0.044426 -12.115835
v -21.589708 -0.044426 -7.165750
v -18.427477 -0.011536 -4.191101
v -18.692898 -0.011536 -3.581576
v -25.441870 6.721556 -3.944568
v -25.455446 6.721556 -15.925208
v -25.441870 -0.011536 -3.944568
v -25.455446 -0.011536 -15.925208
v -26.178844 6.721556 -3.935089
v -26.192419 6.721556 -15.915729
v -26.178844 -0.011536 -3.935089
v -26.192419 -0.011536 -15.915729
v -26.697470 6.721556 -3.371371
v -26.721153 6.721556 -16.468458
v -18.336750 6.688757 -16.813313
v -18.155338 6.688757 -15.419983
v -20.915466 6.688667 -11.795407
v -20.905802 6.688667 -7.461489
v -17.701326 6.721556 -4.326913
v -18.298212 6.721556 -2.911548
v -26.697470 -0.011536 -3.371371
v -26.721153 -0.011536 -16.468458
v -18.336750 -0.044336 -16.813313
v -18.155338 -0.044336 -15.419983
v -20.915466 -0.044426 -11.795407
v -20.905802 -0.044426 -7.461489
v -17.701326 -0.011536 -4.326913
v -18.298212 -0.011536 -2.911548
v -21.836258 -0.044406 11.900072
v -21.836258 1.561109 11.900072
v -21.716469 -0.044406 12.019011
v -21.716469 1.561109 12.019011
v -23.794222 -0.044406 13.872021
v -23.794222 1.561109 13.872021
v -23.674431 -0.044406 13.990961
v -23.674431 1.561109 13.990961
v -23.528494 -0.044406 13.843980
v -23.528494 1.561109 13.843980
v -23.648283 -0.044406 13.725040
v -23.648283 1.561109 13.725040
v -25.426632 1.561109 12.251191
v -25.426632 -0.044406 12.251191
v -25.280695 -0.044406 12.104211
v -25.280695 1.561109 12.104211
v -25.290874 1.561109 12.385987
v -25.290874 -0.044406 12.385987
v -25.144938 -0.044406 12.239007
v -25.144938 1.561109 12.239007
v -23.515596 1.561109 10.326505
v -23.515596 -0.044406 10.326505
v -23.379835 -0.044406 10.461302
v -23.379835 1.561109 10.461302
v -23.538223 1.561109 10.620823
v -23.673985 1.561109 10.486025
v -23.673985 -0.044406 10.486025
v -23.538223 -0.044406 10.620823
v -22.624065 -0.044406 11.211714
v -22.624065 1.561109 11.211714
v -22.782454 1.561109 11.371233
v -22.782454 -0.044406 11.371233
v -20.112474 -0.044406 10.302319
v -20.112474 1.561109 10.302319
v -20.241789 -0.044406 10.193810
v -20.241789 1.561109 10.193810
v -18.326239 -0.044406 8.173567
v -18.326239 1.561109 8.173567
v -18.455553 -0.044406 8.065059
v -18.455553 1.561109 8.065059
v -18.588692 -0.044406 8.223727
v -18.588692 1.561109 8.223727
v -18.459375 -0.044406 8.332235
v -18.459375 1.561109 8.332235
v -16.564028 1.561109 9.652238
v -16.564028 -0.044406 9.652238
v -16.697165 -0.044406 9.810905
v -16.697165 1.561109 9.810905
v -16.710583 1.561109 9.529263
v -16.710583 -0.044406 9.529263
v -16.843721 -0.044406 9.687931
v -16.843721 1.561109 9.687931
v -18.307449 1.561109 11.729966
v -18.307449 -0.044406 11.729966
v -18.454004 -0.044406 11.606992
v -18.454004 1.561109 11.606992
v -18.309507 1.561109 11.434787
v -18.162952 1.561109 11.557761
v -18.162952 -0.044406 11.557761
v -18.309507 -0.044406 11.434787
v -19.269871 -0.044406 10.922398
v -19.269871 1.561109 10.922398
v -19.125376 1.561109 10.750194
v -19.125376 -0.044406 10.750194
v -23.965231 -0.044406 7.058112
v -23.965231 1.561109 7.058112
v -24.094547 -0.044406 6.949604
v -24.094547 1.561109 6.949604
v -22.178999 -0.044406 4.929360
v -22.178999 1.561109 4.929360
v -22.308311 -0.044406 4.820853
v -22.308311 1.561109 4.820853
v -22.441450 -0.044406 4.979520
v -22.441450 1.561109 4.979520
v -22.312138 -0.044406 5.088028
v -22.312138 1.561109 5.088028
v -20.416788 1.561109 6.408031
v -20.416788 -0.044406 6.408031
v -20.549925 -0.044406 6.566699
v -20.549925 1.561109 6.566699
v -20.563343 1.561109 6.285057
v -20.563343 -0.044406 6.285057
v -20.696482 -0.044406 6.443725
v -20.696482 1.561109 6.443725
v -22.160208 1.561109 8.485760
v -22.160208 -0.044406 8.485760
v -22.306765 -0.044406 8.362785
v -22.306765 1.561109 8.362785
v -22.162266 1.561109 8.190580
v -22.015711 1.561109 8.313555
v -22.015711 -0.044406 8.313555
v -22.162266 -0.044406 8.190580
v -23.122631 -0.044406 7.678191
v -23.122631 1.561109 7.678191
v -22.978134 1.561109 7.505986
v -22.978134 -0.044406 7.505986
v -22.051443 -0.044406 8.674524
v -22.051443 1.561109 8.674524
v -22.180759 -0.044406 8.566015
v -22.180759 1.561109 8.566015
v -20.265209 -0.044406 6.545773
v -20.265209 1.561109 6.545773
v -20.394524 -0.044406 6.437265
v -20.394524 1.561109 6.437265
v -20.527660 -0.044406 6.595933
v -20.527660 1.561109 6.595933
v -20.398348 -0.044406 6.704441
v -20.398348 1.561109 6.704441
v -18.502998 1.561109 8.024444
v -18.502998 -0.044406 8.024444
v -18.636137 -0.044406 8.183112
v -18.636137 1.561109 8.183112
v -18.649553 1.561109 7.901469
v -18.649553 -0.044406 7.901469
v -18.782692 -0.044406 8.060137
v -18.782692 1.561109 8.060137
v -20.246420 1.561109 10.102172
v -20.246420 -0.044406 10.102172
v -20.392975 -0.044406 9.979198
v -20.392975 1.561109 9.979198
v -20.248476 1.561109 9.806993
v -20.101921 1.561109 9.929968
v -20.101921 -0.044406 9.929968
v -20.248476 -0.044406 9.806993
v -21.208841 -0.044406 9.294603
v -21.208841 1.561109 9.294603
v -21.064344 1.561109 9.122399
v -21.064344 -0.044406 9.122399
v -23.636406 -0.044406 10.163079
v -23.636406 1.561109 10.163079
v -23.516615 -0.044406 10.282021
v -23.516615 1.561109 10.282021
v -25.594372 -0.044406 12.135031
v -25.594372 1.561109 12.135031
v -25.474583 -0.044406 12.253970
v -25.474583 1.561109 12.253970
v -25.328642 -0.044406 12.106991
v -25.328642 1.561109 12.106991
v -25.448435 -0.044406 11.988050
v -25.448435 1.561109 11.988050
v -27.226782 1.561109 10.514200
v -27.226782 -0.044406 10.514200
v -27.080843 -0.044406 10.367220
v -27.080843 1.561109 10.367220
v -27.091021 1.561109 10.648997
v -27.091021 -0.044406 10.648997
v -26.945082 -0.044406 10.502016
v -26.945082 1.561109 10.502016
v -25.315748 1.561109 8.589514
v -25.315748 -0.044406 8.589514
v -25.179987 -0.044406 8.724312
v -25.179987 1.561109 8.724312
v -25.338375 1.561109 8.883831
v -25.474134 1.561109 8.749034
v -25.474134 -0.044406 8.749034
v -25.338375 -0.044406 8.883831
v -24.424213 -0.044406 9.474721
v -24.424213 1.561109 9.474721
v -24.582602 1.561109 9.634242
v -24.582602 -0.044406 9.634242
v -20.032362 -0.044406 13.592383
v -20.032362 1.561109 13.592383
v -19.912573 -0.044406 13.711324
v -19.912573 1.561109 13.711324
v -21.990326 -0.044406 15.564337
v -21.990326 1.561109 15.564337
v -21.870537 -0.044406 15.683276
v -21.870537 1.561109 15.683276
v -21.724598 -0.044406 15.536295
v -21.724598 1.561109 15.536295
v -21.844389 -0.044406 15.417356
v -21.844389 1.561109 15.417356
v -23.622736 1.561109 13.943506
v -23.622736 -0.044406 13.943506
v -23.476797 -0.044406 13.796524
v -23.476797 1.561109 13.796524
v -23.486977 1.561109 14.078302
v -23.486977 -0.044406 14.078302
v -23.341038 -0.044406 13.931322
v -23.341038 1.561109 13.931322
v -21.711700 1.561109 12.018820
v -21.711700 -0.044406 12.018820
v -21.575943 -0.044406 12.153617
v -21.575943 1.561109 12.153617
v -21.734329 1.561109 12.313138
v -21.870090 1.561109 12.178340
v -21.870090 -0.044406 12.178340
v -21.734329 -0.044406 12.313138
v -20.820169 -0.044406 12.904028
v -20.820169 1.561109 12.904028
v -20.978559 1.561109 13.063545
v -20.978559 -0.044406 13.063545
v -16.850521 -0.044406 5.863646
v -16.850521 1.561109 5.863646
v -16.721207 -0.044406 5.972154
v -16.721207 1.561109 5.972154
v -18.636755 -0.044406 7.992398
v -18.636755 1.561109 7.992398
v -18.507442 -0.044406 8.100904
v -18.507442 1.561109 8.100904
v -18.374304 -0.044406 7.942237
v -18.374304 1.561109 7.942237
v -18.503616 -0.044406 7.833729
v -18.503616 1.561109 7.833729
v -20.398966 1.561109 6.513727
v -20.398966 -0.044406 6.513727
v -20.265827 -0.044406 6.355059
v -20.265827 1.561109 6.355059
v -20.252411 1.561109 6.636701
v -20.252411 -0.044406 6.636701
v -20.119272 -0.044406 6.478034
v -20.119272 1.561109 6.478034
v -18.655546 1.561109 4.435998
v -18.655546 -0.044406 4.435998
v -18.508991 -0.044406 4.558972
v -18.508991 1.561109 4.558972
v -18.653486 1.561109 4.731177
v -18.800041 1.561109 4.608202
v -18.800041 -0.044406 4.608202
v -18.653486 -0.044406 4.731177
v -17.693123 -0.044406 5.243566
v -17.693123 1.561109 5.243566
v -17.837622 1.561109 5.415771
v -17.837622 -0.044406 5.415771
v -15.211523 -0.044406 3.995684
v -15.211523 1.561109 3.995684
v -15.340838 -0.044406 3.887177
v -15.340838 1.561109 3.887177
v -13.425288 -0.044406 1.866933
v -13.425288 1.561109 1.866933
v -13.554603 -0.044406 1.758425
v -13.554603 1.561109 1.758425
v -13.687742 -0.044406 1.917093
v -13.687742 1.561109 1.917093
v -13.558427 -0.044406 2.025601
v -13.558427 1.561109 2.025601
v -11.663077 1.561109 3.345604
v -11.663077 -0.044406 3.345604
v -11.796216 -0.044406 3.504272
v -11.796216 1.561109 3.504272
v -11.809632 1.561109 3.222630
v -11.809632 -0.044406 3.222630
v -11.942772 -0.044406 3.381297
v -11.942772 1.561109 3.381297
v -13.406499 1.561109 5.423331
v -13.406499 -0.044406 5.423331
v -13.553054 -0.044406 5.300357
v -13.553054 1.561109 5.300357
v -13.408557 1.561109 5.128154
v -13.262003 1.561109 5.251127
v -13.262003 -0.044406 5.251127
v -13.408557 -0.044406 5.128154
v -14.368920 -0.044406 4.615764
v -14.368920 1.561109 4.615764
v -14.224425 1.561109 4.443560
v -14.224425 -0.044406 4.443560
v -19.064283 -0.044406 0.751478
v -19.064283 1.561109 0.751478
v -19.193596 -0.044406 0.642970
v -19.193596 1.561109 0.642970
v -17.278048 -0.044406 -1.377273
v -17.278048 1.561109 -1.377273
v -17.407362 -0.044406 -1.485781
v -17.407362 1.561109 -1.485781
v -17.540503 -0.044406 -1.327114
v -17.540503 1.561109 -1.327114
v -17.411186 -0.044406 -1.218606
v -17.411186 1.561109 -1.218606
v -15.515837 1.561109 0.101397
v -15.515837 -0.044406 0.101397
v -15.648974 -0.044406 0.260065
v -15.648974 1.561109 0.260065
v -15.662393 1.561109 -0.021577
v -15.662393 -0.044406 -0.021577
v -15.795531 -0.044406 0.137091
v -15.795531 1.561109 0.137091
v -17.259256 1.561109 2.179126
v -17.259256 -0.044406 2.179126
v -17.405813 -0.044406 2.056151
v -17.405813 1.561109 2.056151
v -17.261318 1.561109 1.883947
v -17.114763 1.561109 2.006921
v -17.114763 -0.044406 2.006921
v -17.261318 -0.044406 1.883947
v -18.221680 -0.044406 1.371557
v -18.221680 1.561109 1.371557
v -18.077183 1.561109 1.199353
v -18.077183 -0.044406 1.199353
v -17.150494 -0.044406 2.367890
v -17.150494 1.561109 2.367890
v -17.279808 -0.044406 2.259382
v -17.279808 1.561109 2.259382
v -15.364258 -0.044406 0.239139
v -15.364258 1.561109 0.239139
v -15.493574 -0.044406 0.130631
v -15.493574 1.561109 0.130631
v -15.626712 -0.044406 0.289299
v -15.626712 1.561109 0.289299
v -15.497397 -0.044406 0.397807
v -15.497397 1.561109 0.397807
v -13.602047 1.561109 1.717810
v -13.602047 -0.044406 1.717810
v -13.735187 -0.044406 1.876477
v -13.735187 1.561109 1.876477
v -13.748602 1.561109 1.594836
v -13.748602 -0.044406 1.594836
v -13.881742 -0.044406 1.753503
v -13.881742 1.561109 1.753503
v -15.345470 1.561109 3.795538
v -15.345470 -0.044406 3.795538
v -15.492025 -0.044406 3.672564
v -15.492025 1.561109 3.672564
v -15.347527 1.561109 3.500359
v -15.200972 1.561109 3.623333
v -15.200972 -0.044406 3.623333
v -15.347527 -0.044406 3.500359
v -16.307890 -0.044406 2.987970
v -16.307890 1.561109 2.987970
v -16.163393 1.561109 2.815766
v -16.163393 -0.044406 2.815766
v -18.789597 -0.044406 4.283246
v -18.789597 1.561109 4.283246
v -18.660280 -0.044406 4.391754
v -18.660280 1.561109 4.391754
v -20.575830 -0.044406 6.411997
v -20.575830 1.561109 6.411997
v -20.446514 -0.044406 6.520505
v -20.446514 1.561109 6.520505
v -20.313377 -0.044406 6.361837
v -20.313377 1.561109 6.361837
v -20.442690 -0.044406 6.253329
v -20.442690 1.561109 6.253329
v -22.338041 1.561109 4.933327
v -22.338041 -0.044406 4.933327
v -22.204903 -0.044406 4.774659
v -22.204903 1.561109 4.774659
v -22.191486 1.561109 5.056301
v -22.191486 -0.044406 5.056301
v -22.058346 -0.044406 4.897633
v -22.058346 1.561109 4.897633
v -20.594620 1.561109 2.855598
v -20.594620 -0.044406 2.855598
v -20.448063 -0.044406 2.978572
v -20.448063 1.561109 2.978572
v -20.592562 1.561109 3.150777
v -20.739117 1.561109 3.027803
v -20.739117 -0.044406 3.027803
v -20.592562 -0.044406 3.150777
v -19.632198 -0.044406 3.663166
v -19.632198 1.561109 3.663166
v -19.776693 1.561109 3.835371
v -19.776693 -0.044406 3.835371
v -14.911449 -0.044406 7.399213
v -14.911449 1.561109 7.399213
v -14.782135 -0.044406 7.507720
v -14.782135 1.561109 7.507720
v -16.697683 -0.044406 9.527964
v -16.697683 1.561109 9.527964
v -16.568369 -0.044406 9.636472
v -16.568369 1.561109 9.636472
v -16.435230 -0.044406 9.477804
v -16.435230 1.561109 9.477804
v -16.564545 -0.044406 9.369296
v -16.564545 1.561109 9.369296
v -18.459894 1.561109 8.049293
v -18.459894 -0.044406 8.049293
v -18.326756 -0.044406 7.890625
v -18.326756 1.561109 7.890625
v -18.313339 1.561109 8.172268
v -18.313339 -0.044406 8.172268
v -18.180201 -0.044406 8.013600
v -18.180201 1.561109 8.013600
v -16.716473 1.561109 5.971565
v -16.716473 -0.044406 5.971565
v -16.569918 -0.044406 6.094539
v -16.569918 1.561109 6.094539
v -16.714415 1.561109 6.266744
v -16.860970 1.561109 6.143770
v -16.860970 -0.044406 6.143770
v -16.714415 -0.044406 6.266744
v -15.754052 -0.044406 6.779133
v -15.754052 1.561109 6.779133
v -15.898547 1.561109 6.951337
v -15.898547 -0.044406 6.951337
v -11.241920 -0.044406 10.537480
v -11.241920 1.561109 10.537480
v -11.112604 -0.044406 10.645988
v -11.112604 1.561109 10.645988
v -13.028153 -0.044406 12.666231
v -13.028153 1.561109 12.666231
v -12.898838 -0.044406 12.774740
v -12.898838 1.561109 12.774740
v -12.765700 -0.044406 12.616072
v -12.765700 1.561109 12.616072
v -12.895016 -0.044406 12.507564
v -12.895016 1.561109 12.507564
v -14.790364 1.561109 11.187561
v -14.790364 -0.044406 11.187561
v -14.657227 -0.044406 11.028893
v -14.657227 1.561109 11.028893
v -14.643809 1.561109 11.310536
v -14.643809 -0.044406 11.310536
v -14.510671 -0.044406 11.151867
v -14.510671 1.561109 11.151867
v -13.046943 1.561109 9.109833
v -13.046943 -0.044406 9.109833
v -12.900388 -0.044406 9.232807
v -12.900388 1.561109 9.232807
v -13.044885 1.561109 9.405011
v -13.191440 1.561109 9.282037
v -13.191440 -0.044406 9.282037
v -13.044885 -0.044406 9.405011
v -12.084521 -0.044406 9.917401
v -12.084521 1.561109 9.917401
v -12.229017 1.561109 10.089604
v -12.229017 -0.044406 10.089604
v -9.602921 -0.044406 8.669519
v -9.602921 1.561109 8.669519
v -9.732234 -0.044406 8.561011
v -9.732234 1.561109 8.561011
v -7.816685 -0.044406 6.540768
v -7.816685 1.561109 6.540768
v -7.946000 -0.044406 6.432260
v -7.946000 1.561109 6.432260
v -8.079138 -0.044406 6.590928
v -8.079138 1.561109 6.590928
v -7.949823 -0.044406 6.699436
v -7.949823 1.561109 6.699436
v -6.054474 1.561109 8.019438
v -6.054474 -0.044406 8.019438
v -6.187613 -0.044406 8.178106
v -6.187613 1.561109 8.178106
v -6.201029 1.561109 7.896464
v -6.201029 -0.044406 7.896464
v -6.334167 -0.044406 8.055132
v -6.334167 1.561109 8.055132
v -7.797895 1.561109 10.097166
v -7.797895 -0.044406 10.097166
v -7.944450 -0.044406 9.974192
v -7.944450 1.561109 9.974192
v -7.799953 1.561109 9.801987
v -7.653399 1.561109 9.924962
v -7.653399 -0.044406 9.924962
v -7.799953 -0.044406 9.801987
v -8.760318 -0.044406 9.289598
v -8.760318 1.561109 9.289598
v -8.615821 1.561109 9.117394
v -8.615821 -0.044406 9.117394
v -13.455681 -0.044406 5.425312
v -13.455681 1.561109 5.425312
v -13.584994 -0.044406 5.316804
v -13.584994 1.561109 5.316804
v -11.669446 -0.044406 3.296561
v -11.669446 1.561109 3.296561
v -11.798760 -0.044406 3.188053
v -11.798760 1.561109 3.188053
v -11.931898 -0.044406 3.346721
v -11.931898 1.561109 3.346721
v -11.802584 -0.044406 3.455229
v -11.802584 1.561109 3.455229
v -9.907233 1.561109 4.775232
v -9.907233 -0.044406 4.775232
v -10.040372 -0.044406 4.933899
v -10.040372 1.561109 4.933899
v -10.053788 1.561109 4.652257
v -10.053788 -0.044406 4.652257
v -10.186927 -0.044406 4.810925
v -10.186927 1.561109 4.810925
v -11.650655 1.561109 6.852960
v -11.650655 -0.044406 6.852960
v -11.797211 -0.044406 6.729985
v -11.797211 1.561109 6.729985
v -11.652714 1.561109 6.557781
v -11.506159 1.561109 6.680755
v -11.506159 -0.044406 6.680755
v -11.652714 -0.044406 6.557781
v -12.613078 -0.044406 6.045392
v -12.613078 1.561109 6.045392
v -12.468580 1.561109 5.873187
v -12.468580 -0.044406 5.873187
v -11.541889 -0.044406 7.041724
v -11.541889 1.561109 7.041724
v -11.671205 -0.044406 6.933216
v -11.671205 1.561109 6.933216
v -9.755654 -0.044406 4.912973
v -9.755654 1.561109 4.912973
v -9.884970 -0.044406 4.804465
v -9.884970 1.561109 4.804465
v -10.018108 -0.044406 4.963133
v -10.018108 1.561109 4.963133
v -9.888793 -0.044406 5.071642
v -9.888793 1.561109 5.071642
v -7.993443 1.561109 6.391644
v -7.993443 -0.044406 6.391644
v -8.126582 -0.044406 6.550312
v -8.126582 1.561109 6.550312
v -8.139998 1.561109 6.268670
v -8.139998 -0.044406 6.268670
v -8.273137 -0.044406 6.427337
v -8.273137 1.561109 6.427337
v -9.736865 1.561109 8.469372
v -9.736865 -0.044406 8.469372
v -9.883420 -0.044406 8.346398
v -9.883420 1.561109 8.346398
v -9.738924 1.561109 8.174193
v -9.592369 1.561109 8.297168
v -9.592369 -0.044406 8.297168
v -9.738924 -0.044406 8.174193
v -10.699287 -0.044406 7.661804
v -10.699287 1.561109 7.661804
v -10.554790 1.561109 7.489600
v -10.554790 -0.044406 7.489600
v -13.180992 -0.044406 8.957081
v -13.180992 1.561109 8.957081
v -13.051679 -0.044406 9.065589
v -13.051679 1.561109 9.065589
v -14.967227 -0.044406 11.085832
v -14.967227 1.561109 11.085832
v -14.837913 -0.044406 11.194340
v -14.837913 1.561109 11.194340
v -14.704774 -0.044406 11.035671
v -14.704774 1.561109 11.035671
v -14.834089 -0.044406 10.927164
v -14.834089 1.561109 10.927164
v -16.729439 1.561109 9.607162
v -16.729439 -0.044406 9.607162
v -16.596298 -0.044406 9.448493
v -16.596298 1.561109 9.448493
v -16.582882 1.561109 9.730135
v -16.582882 -0.044406 9.730135
v -16.449743 -0.044406 9.571467
v -16.449743 1.561109 9.571467
v -14.986016 1.561109 7.529433
v -14.986016 -0.044406 7.529433
v -14.839461 -0.044406 7.652407
v -14.839461 1.561109 7.652407
v -14.983958 1.561109 7.824611
v -15.130513 1.561109 7.701637
v -15.130513 -0.044406 7.701637
v -14.983958 -0.044406 7.824611
v -14.023595 -0.044406 8.337001
v -14.023595 1.561109 8.337001
v -14.168090 1.561109 8.509205
v -14.168090 -0.044406 8.509205
v -9.302847 -0.044406 12.073046
v -9.302847 1.561109 12.073046
v -9.173532 -0.044406 12.181555
v -9.173532 1.561109 12.181555
v -11.089080 -0.044406 14.201799
v -11.089080 1.561109 14.201799
v -10.959766 -0.044406 14.310306
v -10.959766 1.561109 14.310306
v -10.826629 -0.044406 14.151638
v -10.826629 1.561109 14.151638
v -10.955942 -0.044406 14.043132
v -10.955942 1.561109 14.043132
v -12.851293 1.561109 12.723128
v -12.851293 -0.044406 12.723128
v -12.718153 -0.044406 12.564459
v -12.718153 1.561109 12.564459
v -12.704736 1.561109 12.846102
v -12.704736 -0.044406 12.846102
v -12.571598 -0.044406 12.687434
v -12.571598 1.561109 12.687434
v -11.107871 1.561109 10.645399
v -11.107871 -0.044406 10.645399
v -10.961316 -0.044406 10.768373
v -10.961316 1.561109 10.768373
v -11.105812 1.561109 10.940578
v -11.252367 1.561109 10.817603
v -11.252367 -0.044406 10.817603
v -11.105812 -0.044406 10.940578
v -10.145449 -0.044406 11.452967
v -10.145449 1.561109 11.452967
v -10.289946 1.561109 11.625172
v -10.289946 -0.044406 11.625172
v -29.642776 -0.044406 -12.572558
v -29.642776 1.561109 -12.572558
v -29.642776 -0.044406 -12.741367
v -29.642776 1.561109 -12.741367
v -26.863890 -0.044406 -12.572558
v -26.863890 1.561109 -12.572558
v -26.863890 -0.044406 -12.741367
v -26.863890 1.561109 -12.741367
v -27.071014 -0.044406 -12.741367
v -27.071014 1.561109 -12.741367
v -27.071014 -0.044406 -12.572558
v -27.071014 1.561109 -12.572558
v -26.863890 1.561109 -10.272155
v -26.863890 -0.044406 -10.272155
v -27.071014 -0.044406 -10.272156
v -27.071014 1.561109 -10.272156
v -26.863890 1.561109 -10.463470
v -26.863890 -0.044406 -10.463470
v -27.071014 -0.044406 -10.463470
v -27.071014 1.561109 -10.463470
v -29.576170 1.561109 -10.272156
v -29.576170 -0.044406 -10.272156
v -29.576170 -0.044406 -10.463470
v -29.576170 1.561109 -10.463470
v -29.351374 1.561109 -10.463470
v -29.351374 1.561109 -10.272156
v -29.351374 -0.044406 -10.272156
v -29.351374 -0.044406 -10.463470
v -29.576170 -0.044406 -11.528509
v -29.576170 1.561109 -11.528509
v -29.351374 1.561109 -11.528509
v -29.351374 -0.044406 -11.528509
v -29.634075 -0.044406 -17.609282
v -29.634075 1.561109 -17.609282
v -29.634075 -0.044406 -17.778088
v -29.634075 1.561109 -17.778088
v -26.855188 -0.044406 -17.609282
v -26.855188 1.561109 -17.609282
v -26.855188 -0.044406 -17.778086
v -26.855188 1.561109 -17.778086
v -27.062313 -0.044406 -17.778086
v -27.062313 1.561109 -17.778086
v -27.062313 -0.044406 -17.609282
v -27.062313 1.561109 -17.609282
v -26.855188 1.561109 -15.308875
v -26.855188 -0.044406 -15.308875
v -27.062313 -0.044406 -15.308877
v -27.062313 1.561109 -15.308877
v -26.855188 1.561109 -15.500191
v -26.855188 -0.044406 -15.500191
v -27.062313 -0.044406 -15.500191
v -27.062313 1.561109 -15.500191
v -29.567469 1.561109 -15.308877
v -29.567469 -0.044406 -15.308877
v -29.567469 -0.044406 -15.500191
v -29.567469 1.561109 -15.500191
v -29.342672 1.561109 -15.500191
v -29.342672 1.561109 -15.308877
v -29.342672 -0.044406 -15.308877
v -29.342672 -0.044406 -15.500191
v -29.567469 -0.044406 -16.565229
v -29.567469 1.561109 -16.565229
v -29.342672 1.561109 -16.565229
v -29.342672 -0.044406 -16.565229
v -29.642160 -0.044406 -15.104221
v -29.642160 1.561109 -15.104221
v -29.642160 -0.044406 -15.273029
v -29.642160 1.561109 -15.273029
v -26.863270 -0.044406 -15.104221
v -26.863270 1.561109 -15.104221
v -26.863270 -0.044406 -15.273029
v -26.863270 1.561109 -15.273029
v -27.070398 -0.044406 -15.273029
v -27.070398 1.561109 -15.273029
v -27.070398 -0.044406 -15.104221
v -27.070398 1.561109 -15.104221
v -26.863274 1.561109 -12.803819
v -26.863274 -0.044406 -12.803819
v -27.070398 -0.044406 -12.803819
v -27.070398 1.561109 -12.803819
v -26.863274 1.561109 -12.995131
v -26.863274 -0.044406 -12.995131
v -27.070398 -0.044406 -12.995131
v -27.070398 1.561109 -12.995131
v -29.575556 1.561109 -12.803819
v -29.575556 -0.044406 -12.803819
v -29.575556 -0.044406 -12.995131
v -29.575556 1.561109 -12.995131
v -29.350760 1.561109 -12.995131
v -29.350760 1.561109 -12.803819
v -29.350760 -0.044406 -12.803819
v -29.350760 -0.044406 -12.995131
v -29.575552 -0.044406 -14.060172
v -29.575552 1.561109 -14.060172
v -29.350760 1.561109 -14.060172
v -29.350760 -0.044406 -14.060172
v -29.555159 -0.044406 -4.927947
v -29.555159 1.561109 -4.927947
v -29.555159 -0.044406 -5.096755
v -29.555159 1.561109 -5.096755
v -26.776272 -0.044406 -4.927946
v -26.776272 1.561109 -4.927946
v -26.776272 -0.044406 -5.096755
v -26.776272 1.561109 -5.096755
v -26.983398 -0.044406 -5.096755
v -26.983398 1.561109 -5.096755
v -26.983398 -0.044406 -4.927946
v -26.983398 1.561109 -4.927946
v -26.776272 1.561109 -2.627543
v -26.776272 -0.044406 -2.627543
v -26.983398 -0.044406 -2.627543
v -26.983398 1.561109 -2.627543
v -26.776272 1.561109 -2.818857
v -26.776272 -0.044406 -2.818857
v -26.983398 -0.044406 -2.818857
v -26.983398 1.561109 -2.818857
v -29.488554 1.561109 -2.627544
v -29.488554 -0.044406 -2.627544
v -29.488554 -0.044406 -2.818858
v -29.488554 1.561109 -2.818858
v -29.263758 1.561109 -2.818858
v -29.263758 1.561109 -2.627544
v -29.263758 -0.044406 -2.627544
v -29.263758 -0.044406 -2.818858
v -29.488554 -0.044406 -3.883896
v -29.488554 1.561109 -3.883896
v -29.263758 1.561109 -3.883896
v -29.263758 -0.044406 -3.883896
v -29.546457 -0.044406 -9.964667
v -29.546457 1.561109 -9.964667
v -29.546457 -0.044406 -10.133475
v -29.546457 1.561109 -10.133475
v -26.767570 -0.044406 -9.964666
v -26.767570 1.561109 -9.964666
v -26.767570 -0.044406 -10.133475
v -26.767570 1.561109 -10.133475
v -26.974697 -0.044406 -10.133475
v -26.974697 1.561109 -10.133475
v -26.974697 -0.044406 -9.964666
v -26.974697 1.561109 -9.964666
v -26.767570 1.561109 -7.664264
v -26.767570 -0.044406 -7.664264
v -26.974697 -0.044406 -7.664264
v -26.974697 1.561109 -7.664264
v -26.767570 1.561109 -7.855577
v -26.767570 -0.044406 -7.855577
v -26.974697 -0.044406 -7.855578
v -26.974697 1.561109 -7.855578
v -29.479853 1.561109 -7.664264
v -29.479853 -0.044406 -7.664264
v -29.479853 -0.044406 -7.855578
v -29.479853 1.561109 -7.855578
v -29.255054 1.561109 -7.855578
v -29.255054 1.561109 -7.664264
v -29.255054 -0.044406 -7.664264
v -29.255054 -0.044406 -7.855578
v -29.479853 -0.044406 -8.920617
v -29.479853 1.561109 -8.920617
v -29.255054 1.561109 -8.920617
v -29.255054 -0.044406 -8.920617
v -29.554543 -0.044406 -7.459610
v -29.554543 1.561109 -7.459610
v -29.554543 -0.044406 -7.628418
v -29.554543 1.561109 -7.628418
v -26.775652 -0.044406 -7.459610
v -26.775652 1.561109 -7.459610
v -26.775652 -0.044406 -7.628417
v -26.775652 1.561109 -7.628417
v -26.982780 -0.044406 -7.628418
v -26.982780 1.561109 -7.628418
v -26.982780 -0.044406 -7.459610
v -26.982780 1.561109 -7.459610
v -26.775652 1.561109 -5.159206
v -26.775652 -0.044406 -5.159206
v -26.982780 -0.044406 -5.159206
v -26.982780 1.561109 -5.159206
v -26.775652 1.561109 -5.350521
v -26.775652 -0.044406 -5.350521
v -26.982780 -0.044406 -5.350521
v -26.982780 1.561109 -5.350521
v -29.487938 1.561109 -5.159207
v -29.487938 -0.044406 -5.159207
v -29.487938 -0.044406 -5.350521
v -29.487938 1.561109 -5.350521
v -29.263142 1.561109 -5.350521
v -29.263142 1.561109 -5.159207
v -29.263142 -0.044406 -5.159207
v -29.263142 -0.044406 -5.350521
v -29.487934 -0.044406 -6.415559
v -29.487934 1.561109 -6.415559
v -29.263142 1.561109 -6.415559
v -29.263142 -0.044406 -6.415559
v -34.242683 -0.044406 -12.484941
v -34.242683 1.561109 -12.484941
v -34.242683 -0.044406 -12.653749
v -34.242683 1.561109 -12.653749
v -31.463797 -0.044406 -12.484941
v -31.463797 1.561109 -12.484941
v -31.463797 -0.044406 -12.653749
v -31.463797 1.561109 -12.653749
v -31.670923 -0.044406 -12.653749
v -31.670923 1.561109 -12.653749
v -31.670923 -0.044406 -12.484941
v -31.670923 1.561109 -12.484941
v -31.463797 1.561109 -10.184538
v -31.463797 -0.044406 -10.184538
v -31.670923 -0.044406 -10.184539
v -31.670923 1.561109 -10.184539
v -31.463797 1.561109 -10.375852
v -31.463797 -0.044406 -10.375852
v -31.670923 -0.044406 -10.375852
v -31.670923 1.561109 -10.375852
v -34.176079 1.561109 -10.184539
v -34.176079 -0.044406 -10.184539
v -34.176079 -0.044406 -10.375852
v -34.176079 1.561109 -10.375852
v -33.951283 1.561109 -10.375852
v -33.951283 1.561109 -10.184539
v -33.951283 -0.044406 -10.184539
v -33.951283 -0.044406 -10.375852
v -34.176079 -0.044406 -11.440891
v -34.176079 1.561109 -11.440891
v -33.951283 1.561109 -11.440891
v -33.951283 -0.044406 -11.440891
v -34.233982 -0.044406 -17.521664
v -34.233982 1.561109 -17.521664
v -34.233982 -0.044406 -17.690470
v -34.233982 1.561109 -17.690470
v -31.455095 -0.044406 -17.521664
v -31.455095 1.561109 -17.521664
v -31.455095 -0.044406 -17.690468
v -31.455095 1.561109 -17.690468
v -31.662222 -0.044406 -17.690468
v -31.662222 1.561109 -17.690468
v -31.662222 -0.044406 -17.521664
v -31.662222 1.561109 -17.521664
v -31.455095 1.561109 -15.221257
v -31.455095 -0.044406 -15.221257
v -31.662222 -0.044406 -15.221259
v -31.662222 1.561109 -15.221259
v -31.455095 1.561109 -15.412574
v -31.455095 -0.044406 -15.412574
v -31.662222 -0.044406 -15.412574
v -31.662222 1.561109 -15.412574
v -34.167377 1.561109 -15.221259
v -34.167377 -0.044406 -15.221259
v -34.167377 -0.044406 -15.412574
v -34.167377 1.561109 -15.412574
v -33.942581 1.561109 -15.412574
v -33.942581 1.561109 -15.221259
v -33.942581 -0.044406 -15.221259
v -33.942581 -0.044406 -15.412574
v -34.167377 -0.044406 -16.477612
v -34.167377 1.561109 -16.477612
v -33.942581 1.561109 -16.477612
v -33.942581 -0.044406 -16.477612
v -34.242069 -0.044406 -15.016604
v -34.242069 1.561109 -15.016604
v -34.242069 -0.044406 -15.185412
v -34.242069 1.561109 -15.185412
v -31.463179 -0.044406 -15.016604
v -31.463179 1.561109 -15.016604
v -31.463179 -0.044406 -15.185412
v -31.463179 1.561109 -15.185412
v -31.670307 -0.044406 -15.185412
v -31.670307 1.561109 -15.185412
v -31.670307 -0.044406 -15.016604
v -31.670307 1.561109 -15.016604
v -31.463182 1.561109 -12.716201
v -31.463182 -0.044406 -12.716201
v -31.670307 -0.044406 -12.716201
v -31.670307 1.561109 -12.716201
v -31.463182 1.561109 -12.907515
v -31.463182 -0.044406 -12.907515
v -31.670307 -0.044406 -12.907515
v -31.670307 1.561109 -12.907515
v -34.175465 1.561109 -12.716201
v -34.175465 -0.044406 -12.716201
v -34.175465 -0.044406 -12.907515
v -34.175465 1.561109 -12.907515
v -33.950665 1.561109 -12.907515
v -33.950665 1.561109 -12.716201
v -33.950665 -0.044406 -12.716201
v -33.950665 -0.044406 -12.907515
v -34.175461 -0.044406 -13.972554
v -34.175461 1.561109 -13.972554
v -33.950665 1.561109 -13.972554
v -33.950665 -0.044406 -13.972554
v -34.322445 -0.044406 -5.014040
v -34.322445 1.561109 -5.014040
v -34.322445 -0.044406 -5.182848
v -34.322445 1.561109 -5.182848
v -31.543558 -0.044406 -5.014040
v -31.543558 1.561109 -5.014040
v -31.543558 -0.044406 -5.182848
v -31.543558 1.561109 -5.182848
v -31.750685 -0.044406 -5.182848
v -31.750685 1.561109 -5.182848
v -31.750685 -0.044406 -5.014040
v -31.750685 1.561109 -5.014040
v -31.543558 1.561109 -2.713637
v -31.543558 -0.044406 -2.713637
v -31.750685 -0.044406 -2.713637
v -31.750685 1.561109 -2.713637
v -31.543558 1.561109 -2.904951
v -31.543558 -0.044406 -2.904951
v -31.750685 -0.044406 -2.904951
v -31.750685 1.561109 -2.904951
v -34.255840 1.561109 -2.713637
v -34.255840 -0.044406 -2.713637
v -34.255840 -0.044406 -2.904951
v -34.255840 1.561109 -2.904951
v -34.031044 1.561109 -2.904951
v -34.031044 1.561109 -2.713637
v -34.031044 -0.044406 -2.713637
v -34.031044 -0.044406 -2.904951
v -34.255840 -0.044406 -3.969990
v -34.255840 1.561109 -3.969990
v -34.031044 1.561109 -3.969990
v -34.031044 -0.044406 -3.969990
v -34.313744 -0.044406 -10.050761
v -34.313744 1.561109 -10.050761
v -34.313744 -0.044406 -10.219569
v -34.313744 1.561109 -10.219569
v -31.534855 -0.044406 -10.050760
v -31.534855 1.561109 -10.050760
v -31.534855 -0.044406 -10.219569
v -31.534855 1.561109 -10.219569
v -31.741982 -0.044406 -10.219569
v -31.741982 1.561109 -10.219569
v -31.741982 -0.044406 -10.050760
v -31.741982 1.561109 -10.050760
v -31.534855 1.561109 -7.750357
v -31.534855 -0.044406 -7.750357
v -31.741982 -0.044406 -7.750358
v -31.741982 1.561109 -7.750358
v -31.534855 1.561109 -7.941671
v -31.534855 -0.044406 -7.941671
v -31.741982 -0.044406 -7.941672
v -31.741982 1.561109 -7.941672
v -34.247139 1.561109 -7.750358
v -34.247139 -0.044406 -7.750358
v -34.247139 -0.044406 -7.941672
v -34.247139 1.561109 -7.941672
v -34.022343 1.561109 -7.941672
v -34.022343 1.561109 -7.750358
v -34.022343 -0.044406 -7.750358
v -34.022343 -0.044406 -7.941672
v -34.247139 -0.044406 -9.006711
v -34.247139 1.561109 -9.006711
v -34.022343 1.561109 -9.006711
v -34.022343 -0.044406 -9.006711
v -34.321827 -0.044406 -7.545703
v -34.321827 1.561109 -7.545703
v -34.321827 -0.044406 -7.714511
v -34.321827 1.561109 -7.714511
v -31.542940 -0.044406 -7.545703
v -31.542940 1.561109 -7.545703
v -31.542940 -0.044406 -7.714510
v -31.542940 1.561109 -7.714510
v -31.750067 -0.044406 -7.714511
v -31.750067 1.561109 -7.714511
v -31.750067 -0.044406 -7.545703
v -31.750067 1.561109 -7.545703
v -31.542942 1.561109 -5.245299
v -31.542942 -0.044406 -5.245299
v -31.750067 -0.044406 -5.245300
v -31.750067 1.561109 -5.245300
v -31.542942 1.561109 -5.436614
v -31.542942 -0.044406 -5.436614
v -31.750067 -0.044406 -5.436614
v -31.750067 1.561109 -5.436614
v -34.255222 1.561109 -5.245300
v -34.255222 -0.044406 -5.245300
v -34.255222 -0.044406 -5.436614
v -34.255222 1.561109 -5.436614
v -34.030426 1.561109 -5.436614
v -34.030426 1.561109 -5.245300
v -34.030426 -0.044406 -5.245300
v -34.030426 -0.044406 -5.436614
v -34.255219 -0.044406 -6.501653
v -34.255219 1.561109 -6.501653
v -34.030426 1.561109 -6.501653
v -34.030426 -0.044406 -6.501653
v -37.005974 -0.044406 -14.289726
v -37.005974 1.561109 -14.289726
v -37.005974 -0.044406 -14.120917
v -37.005974 1.561109 -14.120917
v -39.784863 -0.044406 -14.289726
v -39.784863 1.561109 -14.289726
v -39.784863 -0.044406 -14.120917
v -39.784863 1.561109 -14.120917
v -39.577732 -0.044406 -14.120917
v -39.577732 1.561109 -14.120917
v -39.577732 -0.044406 -14.289726
v -39.577732 1.561109 -14.289726
v -39.784863 1.561109 -16.590128
v -39.784863 -0.044406 -16.590128
v -39.577732 -0.044406 -16.590128
v -39.577732 1.561109 -16.590128
v -39.784863 1.561109 -16.398815
v -39.784863 -0.044406 -16.398815
v -39.577732 -0.044406 -16.398815
v -39.577732 1.561109 -16.398815
v -37.072578 1.561109 -16.590128
v -37.072578 -0.044406 -16.590128
v -37.072578 -0.044406 -16.398813
v -37.072578 1.561109 -16.398813
v -37.297375 1.561109 -16.398813
v -37.297375 1.561109 -16.590128
v -37.297375 -0.044406 -16.590128
v -37.297375 -0.044406 -16.398813
v -37.072578 -0.044406 -15.333776
v -37.072578 1.561109 -15.333776
v -37.297375 1.561109 -15.333776
v -37.297375 -0.044406 -15.333776
v -37.014675 -0.044406 -9.253004
v -37.014675 1.561109 -9.253004
v -37.014675 -0.044406 -9.084197
v -37.014675 1.561109 -9.084197
v -39.793560 -0.044406 -9.253005
v -39.793560 1.561109 -9.253005
v -39.793560 -0.044406 -9.084197
v -39.793560 1.561109 -9.084197
v -39.586433 -0.044406 -9.084197
v -39.586433 1.561109 -9.084197
v -39.586433 -0.044406 -9.253005
v -39.586433 1.561109 -9.253005
v -39.793560 1.561109 -11.553409
v -39.793560 -0.044406 -11.553409
v -39.586433 -0.044406 -11.553408
v -39.586433 1.561109 -11.553408
v -39.793560 1.561109 -11.362095
v -39.793560 -0.044406 -11.362095
v -39.586433 -0.044406 -11.362094
v -39.586433 1.561109 -11.362094
v -37.081280 1.561109 -11.553407
v -37.081280 -0.044406 -11.553407
v -37.081280 -0.044406 -11.362094
v -37.081280 1.561109 -11.362094
v -37.306076 1.561109 -11.362094
v -37.306076 1.561109 -11.553407
v -37.306076 -0.044406 -11.553407
v -37.306076 -0.044406 -11.362094
v -37.081280 -0.044406 -10.297054
v -37.081280 1.561109 -10.297054
v -37.306076 1.561109 -10.297055
v -37.306076 -0.044406 -10.297055
v -37.006592 -0.044406 -11.758062
v -37.006592 1.561109 -11.758062
v -37.006592 -0.044406 -11.589254
v -37.006592 1.561109 -11.589254
v -39.785480 -0.044406 -11.758062
v -39.785480 1.561109 -11.758062
v -39.785480 -0.044406 -11.589255
v -39.785480 1.561109 -11.589255
v -39.578350 -0.044406 -11.589254
v -39.578350 1.561109 -11.589254
v -39.578350 -0.044406 -11.758062
v -39.578350 1.561109 -11.758062
v -39.785480 1.561109 -14.058465
v -39.785480 -0.044406 -14.058465
v -39.578350 -0.044406 -14.058465
v -39.578350 1.561109 -14.058465
v -39.785480 1.561109 -13.867152
v -39.785480 -0.044406 -13.867152
v -39.578350 -0.044406 -13.867152
v -39.578350 1.561109 -13.867152
v -37.073193 1.561109 -14.058465
v -37.073193 -0.044406 -14.058465
v -37.073196 -0.044406 -13.867152
v -37.073196 1.561109 -13.867152
v -37.297993 1.561109 -13.867152
v -37.297993 1.561109 -14.058465
v -37.297993 -0.044406 -14.058465
v -37.297993 -0.044406 -13.867152
v -37.073196 -0.044406 -12.802113
v -37.073196 1.561109 -12.802113
v -37.297997 1.561109 -12.802113
v -37.297997 -0.044406 -12.802113
v -37.073399 -0.044406 -6.636643
v -37.073399 1.561109 -6.636643
v -37.073399 -0.044406 -6.467834
v -37.073399 1.561109 -6.467834
v -39.852291 -0.044406 -6.636643
v -39.852291 1.561109 -6.636643
v -39.852291 -0.044406 -6.467835
v -39.852291 1.561109 -6.467835
v -39.645164 -0.044406 -6.467835
v -39.645164 1.561109 -6.467835
v -39.645164 -0.044406 -6.636643
v -39.645164 1.561109 -6.636643
v -39.852291 1.561109 -8.937047
v -39.852291 -0.044406 -8.937047
v -39.645164 -0.044406 -8.937047
v -39.645164 1.561109 -8.937047
v -39.852291 1.561109 -8.745732
v -39.852291 -0.044406 -8.745732
v -39.645164 -0.044406 -8.745732
v -39.645164 1.561109 -8.745732
v -37.140007 1.561109 -8.937046
v -37.140007 -0.044406 -8.937046
v -37.140007 -0.044406 -8.745731
v -37.140007 1.561109 -8.745731
v -37.364803 1.561109 -8.745731
v -37.364803 1.561109 -8.937046
v -37.364803 -0.044406 -8.937046
v -37.364803 -0.044406 -8.745731
v -37.140007 -0.044406 -7.680693
v -37.140007 1.561109 -7.680693
v -37.364803 1.561109 -7.680693
v -37.364803 -0.044406 -7.680693
v -37.082104 -0.044406 -1.599922
v -37.082104 1.561109 -1.599922
v -37.082104 -0.044406 -1.431114
v -37.082104 1.561109 -1.431114
v -39.860989 -0.044406 -1.599923
v -39.860989 1.561109 -1.599923
v -39.860989 -0.044406 -1.431115
v -39.860989 1.561109 -1.431115
v -39.653862 -0.044406 -1.431115
v -39.653862 1.561109 -1.431115
v -39.653862 -0.044406 -1.599923
v -39.653862 1.561109 -1.599923
v -39.860989 1.561109 -3.900326
v -39.860989 -0.044406 -3.900326
v -39.653862 -0.044406 -3.900326
v -39.653862 1.561109 -3.900326
v -39.860989 1.561109 -3.709013
v -39.860989 -0.044406 -3.709013
v -39.653862 -0.044406 -3.709012
v -39.653862 1.561109 -3.709012
v -37.148708 1.561109 -3.900325
v -37.148708 -0.044406 -3.900325
v -37.148708 -0.044406 -3.709011
v -37.148708 1.561109 -3.709011
v -37.373508 1.561109 -3.709011
v -37.373508 1.561109 -3.900325
v -37.373508 -0.044406 -3.900325
v -37.373508 -0.044406 -3.709011
v -37.148708 -0.044406 -2.643972
v -37.148708 1.561109 -2.643972
v -37.373508 1.561109 -2.643972
v -37.373508 -0.044406 -2.643972
v -37.074020 -0.044406 -4.104980
v -37.074020 1.561109 -4.104980
v -37.074020 -0.044406 -3.936172
v -37.074020 1.561109 -3.936172
v -39.852909 -0.044406 -4.104981
v -39.852909 1.561109 -4.104981
v -39.852909 -0.044406 -3.936172
v -39.852909 1.561109 -3.936172
v -39.645782 -0.044406 -3.936172
v -39.645782 1.561109 -3.936172
v -39.645782 -0.044406 -4.104980
v -39.645782 1.561109 -4.104980
v -39.852909 1.561109 -6.405384
v -39.852909 -0.044406 -6.405384
v -39.645782 -0.044406 -6.405384
v -39.645782 1.561109 -6.405384
v -39.852909 1.561109 -6.214070
v -39.852909 -0.044406 -6.214070
v -39.645782 -0.044406 -6.214070
v -39.645782 1.561109 -6.214070
v -37.140621 1.561109 -6.405383
v -37.140621 -0.044406 -6.405383
v -37.140625 -0.044406 -6.214069
v -37.140625 1.561109 -6.214069
v -37.365417 1.561109 -6.214069
v -37.365417 1.561109 -6.405383
v -37.365417 -0.044406 -6.405383
v -37.365417 -0.044406 -6.214069
v -37.140625 -0.044406 -5.149030
v -37.140625 1.561109 -5.149030
v -37.365421 1.561109 -5.149030
v -37.365421 -0.044406 -5.149030
v -28.407259 -0.044406 -20.054506
v -28.407259 1.561109 -20.054506
v -28.576067 -0.044406 -20.054506
v -28.576067 1.561109 -20.054506
v -28.407259 -0.044406 -22.833393
v -28.407259 1.561109 -22.833393
v -28.576067 -0.044406 -22.833393
v -28.576067 1.561109 -22.833393
v -28.576067 -0.044406 -22.626268
v -28.576067 1.561109 -22.626268
v -28.407259 -0.044406 -22.626268
v -28.407259 1.561109 -22.626268
v -26.106857 1.561109 -22.833393
v -26.106857 -0.044406 -22.833393
v -26.106857 -0.044406 -22.626266
v -26.106857 1.561109 -22.626266
v -26.298170 1.561109 -22.833393
v -26.298170 -0.044406 -22.833393
v -26.298170 -0.044406 -22.626266
v -26.298170 1.561109 -22.626266
v -26.106857 1.561109 -20.121111
v -26.106857 -0.044406 -20.121111
v -26.298170 -0.044406 -20.121111
v -26.298170 1.561109 -20.121111
v -26.298170 1.561109 -20.345911
v -26.106857 1.561109 -20.345911
v -26.106857 -0.044406 -20.345911
v -26.298170 -0.044406 -20.345911
v -27.363211 -0.044406 -20.121111
v -27.363211 1.561109 -20.121111
v -27.363209 1.561109 -20.345911
v -27.363209 -0.044406 -20.345911
v -33.443981 -0.044406 -20.063208
v -33.443981 1.561109 -20.063208
v -33.612789 -0.044406 -20.063208
v -33.612789 1.561109 -20.063208
v -33.443981 -0.044406 -22.842094
v -33.443981 1.561109 -22.842094
v -33.612789 -0.044406 -22.842094
v -33.612789 1.561109 -22.842094
v -33.612789 -0.044406 -22.634970
v -33.612789 1.561109 -22.634970
v -33.443981 -0.044406 -22.634970
v -33.443981 1.561109 -22.634970
v -31.143576 1.561109 -22.842094
v -31.143576 -0.044406 -22.842094
v -31.143576 -0.044406 -22.634970
v -31.143576 1.561109 -22.634970
v -31.334890 1.561109 -22.842094
v -31.334890 -0.044406 -22.842094
v -31.334890 -0.044406 -22.634970
v -31.334890 1.561109 -22.634970
v -31.143576 1.561109 -20.129814
v -31.143576 -0.044406 -20.129814
v -31.334890 -0.044406 -20.129814
v -31.334890 1.561109 -20.129814
v -31.334890 1.561109 -20.354610
v -31.143576 1.561109 -20.354610
v -31.143576 -0.044406 -20.354610
v -31.334890 -0.044406 -20.354610
v -32.399933 -0.044406 -20.129816
v -32.399933 1.561109 -20.129816
v -32.399933 1.561109 -20.354610
v -32.399933 -0.044406 -20.354610
v -30.938923 -0.044406 -20.055124
v -30.938923 1.561109 -20.055124
v -31.107733 -0.044406 -20.055124
v -31.107733 1.561109 -20.055124
v -30.938921 -0.044406 -22.834011
v -30.938921 1.561109 -22.834011
v -31.107731 -0.044406 -22.834011
v -31.107731 1.561109 -22.834011
v -31.107731 -0.044406 -22.626884
v -31.107731 1.561109 -22.626884
v -30.938921 -0.044406 -22.626884
v -30.938921 1.561109 -22.626884
v -28.638517 1.561109 -22.834011
v -28.638517 -0.044406 -22.834011
v -28.638517 -0.044406 -22.626884
v -28.638517 1.561109 -22.626884
v -28.829832 1.561109 -22.834011
v -28.829832 -0.044406 -22.834011
v -28.829836 -0.044406 -22.626884
v -28.829836 1.561109 -22.626884
v -28.638517 1.561109 -20.121729
v -28.638517 -0.044406 -20.121729
v -28.829836 -0.044406 -20.121729
v -28.829836 1.561109 -20.121729
v -28.829836 1.561109 -20.346527
v -28.638517 1.561109 -20.346527
v -28.638517 -0.044406 -20.346527
v -28.829836 -0.044406 -20.346527
v -29.894873 -0.044406 -20.121729
v -29.894873 1.561109 -20.121729
v -29.894873 1.561109 -20.346527
v -29.894873 -0.044406 -20.346527
v -13.274505 -0.044406 -24.312740
v -13.274505 1.561109 -24.312740
v -13.155138 -0.044406 -24.432108
v -13.155138 1.561109 -24.432108
v -11.309533 -0.044406 -22.347771
v -11.309533 1.561109 -22.347771
v -11.190167 -0.044406 -22.467136
v -11.190167 1.561109 -22.467136
v -11.336630 -0.044406 -22.613596
v -11.336630 1.561109 -22.613596
v -11.455995 -0.044406 -22.494232
v -11.455995 1.561109 -22.494232
v -12.936164 1.561109 -20.721140
v -12.936164 -0.044406 -20.721140
v -13.082625 -0.044406 -20.867601
v -13.082625 1.561109 -20.867601
v -12.800885 1.561109 -20.856421
v -12.800885 -0.044406 -20.856421
v -12.947344 -0.044406 -21.002882
v -12.947344 1.561109 -21.002882
v -14.854037 1.561109 -22.639015
v -14.854037 -0.044406 -22.639015
v -14.718757 -0.044406 -22.774292
v -14.718757 1.561109 -22.774292
v -14.559802 1.561109 -22.615337
v -14.695082 1.561109 -22.480059
v -14.695082 -0.044406 -22.480059
v -14.559802 -0.044406 -22.615337
v -13.965662 -0.044406 -23.527388
v -13.965662 1.561109 -23.527388
v -13.806705 1.561109 -23.368431
v -13.806705 -0.044406 -23.368431
v -14.122034 -0.044406 -25.671169
v -14.122034 1.561109 -25.671169
v -14.241399 -0.044406 -25.551805
v -14.241399 1.561109 -25.551805
v -16.087004 -0.044406 -27.636141
v -16.087004 1.561109 -27.636141
v -16.206367 -0.044406 -27.516773
v -16.206367 1.561109 -27.516773
v -16.059910 -0.044406 -27.370314
v -16.059910 1.561109 -27.370314
v -15.940542 -0.044406 -27.489679
v -15.940542 1.561109 -27.489679
v -14.460374 1.561109 -29.262770
v -14.460374 -0.044406 -29.262770
v -14.313913 -0.044406 -29.116310
v -14.313913 1.561109 -29.116310
v -14.595653 1.561109 -29.127489
v -14.595653 -0.044406 -29.127489
v -14.449193 -0.044406 -28.981028
v -14.449193 1.561109 -28.981028
v -12.542500 1.561109 -27.344896
v -12.542500 -0.044406 -27.344896
v -12.677780 -0.044406 -27.209618
v -12.677780 1.561109 -27.209618
v -12.836735 1.561109 -27.368572
v -12.701456 1.561109 -27.503853
v -12.701456 -0.044406 -27.503853
v -12.836735 -0.044406 -27.368572
v -13.430876 -0.044406 -26.456520
v -13.430876 1.561109 -26.456520
v -13.589831 1.561109 -26.615477
v -13.589831 -0.044406 -26.615477
v -17.689684 -0.044406 -22.115822
v -17.689684 1.561109 -22.115822
v -17.809052 -0.044406 -21.996458
v -17.809052 1.561109 -21.996458
v -19.654655 -0.044406 -24.080793
v -19.654655 1.561109 -24.080793
v -19.774021 -0.044406 -23.961426
v -19.774021 1.561109 -23.961426
v -19.627560 -0.044406 -23.814966
v -19.627560 1.561109 -23.814966
v -19.508194 -0.044406 -23.934332
v -19.508194 1.561109 -23.934332
v -18.028025 1.561109 -25.707426
v -18.028025 -0.044406 -25.707426
v -17.881563 -0.044406 -25.560963
v -17.881563 1.561109 -25.560963
v -18.163303 1.561109 -25.572144
v -18.163303 -0.044406 -25.572144
v -18.016846 -0.044406 -25.425684
v -18.016846 1.561109 -25.425684
v -16.110151 1.561109 -23.789549
v -16.110151 -0.044406 -23.789549
v -16.245432 -0.044406 -23.654270
v -16.245432 1.561109 -23.654270
v -16.404387 1.561109 -23.813225
v -16.269108 1.561109 -23.948505
v -16.269108 -0.044406 -23.948505
v -16.404387 -0.044406 -23.813225
v -16.998528 -0.044406 -22.901173
v -16.998528 1.561109 -22.901173
v -17.157484 1.561109 -23.060129
v -17.157484 -0.044406 -23.060129
v -15.912624 -0.044406 -23.881449
v -15.912624 1.561109 -23.881449
v -16.031992 -0.044406 -23.762081
v -16.031992 1.561109 -23.762081
v -17.877596 -0.044406 -25.846420
v -17.877596 1.561109 -25.846420
v -17.996960 -0.044406 -25.727055
v -17.996960 1.561109 -25.727055
v -17.850502 -0.044406 -25.580593
v -17.850502 1.561109 -25.580593
v -17.731134 -0.044406 -25.699959
v -17.731134 1.561109 -25.699959
v -16.250965 1.561109 -27.473049
v -16.250965 -0.044406 -27.473049
v -16.104504 -0.044406 -27.326588
v -16.104504 1.561109 -27.326588
v -16.386246 1.561109 -27.337770
v -16.386246 -0.044406 -27.337770
v -16.239784 -0.044406 -27.191309
v -16.239784 1.561109 -27.191309
v -14.333093 1.561109 -25.555178
v -14.333093 -0.044406 -25.555178
v -14.468371 -0.044406 -25.419899
v -14.468371 1.561109 -25.419899
v -14.627327 1.561109 -25.578856
v -14.492048 1.561109 -25.714134
v -14.492048 -0.044406 -25.714134
v -14.627327 -0.044406 -25.578856
v -15.221468 -0.044406 -24.666801
v -15.221468 1.561109 -24.666801
v -15.380424 1.561109 -24.825758
v -15.380424 -0.044406 -24.825758
v -15.017892 -0.044406 -22.518789
v -15.017892 1.561109 -22.518789
v -14.898526 -0.044406 -22.638153
v -14.898526 1.561109 -22.638153
v -13.052921 -0.044406 -20.553820
v -13.052921 1.561109 -20.553820
v -12.933555 -0.044406 -20.673182
v -12.933555 1.561109 -20.673182
v -13.080017 -0.044406 -20.819643
v -13.080017 1.561109 -20.819643
v -13.199382 -0.044406 -20.700277
v -13.199382 1.561109 -20.700277
v -14.679552 1.561109 -18.927187
v -14.679552 -0.044406 -18.927187
v -14.826013 -0.044406 -19.073647
v -14.826013 1.561109 -19.073647
v -14.544271 1.561109 -19.062466
v -14.544271 -0.044406 -19.062466
v -14.690734 -0.044406 -19.208927
v -14.690734 1.561109 -19.208927
v -16.597425 1.561109 -20.845060
v -16.597425 -0.044406 -20.845060
v -16.462145 -0.044406 -20.980339
v -16.462145 1.561109 -20.980339
v -16.303188 1.561109 -20.821384
v -16.438469 1.561109 -20.686106
v -16.438469 -0.044406 -20.686106
v -16.303188 -0.044406 -20.821384
v -15.709048 -0.044406 -21.733437
v -15.709048 1.561109 -21.733437
v -15.550093 1.561109 -21.574480
v -15.550093 -0.044406 -21.574480
v -11.575779 -0.044406 -26.110603
v -11.575779 1.561109 -26.110603
v -11.456413 -0.044406 -26.229965
v -11.456413 1.561109 -26.229965
v -9.610808 -0.044406 -24.145632
v -9.610808 1.561109 -24.145632
v -9.491444 -0.044406 -24.264997
v -9.491444 1.561109 -24.264997
v -9.637903 -0.044406 -24.411457
v -9.637903 1.561109 -24.411457
v -9.757269 -0.044406 -24.292091
v -9.757269 1.561109 -24.292091
v -11.237439 1.561109 -22.519001
v -11.237439 -0.044406 -22.519001
v -11.383899 -0.044406 -22.665461
v -11.383899 1.561109 -22.665461
v -11.102160 1.561109 -22.654280
v -11.102160 -0.044406 -22.654280
v -11.248620 -0.044406 -22.800741
v -11.248620 1.561109 -22.800741
v -13.155313 1.561109 -24.436874
v -13.155313 -0.044406 -24.436874
v -13.020033 -0.044406 -24.572153
v -13.020033 1.561109 -24.572153
v -12.861078 1.561109 -24.413198
v -12.996357 1.561109 -24.277918
v -12.996357 -0.044406 -24.277918
v -12.861078 -0.044406 -24.413198
v -12.266937 -0.044406 -25.325251
v -12.266937 1.561109 -25.325251
v -12.107982 1.561109 -25.166294
v -12.107982 -0.044406 -25.166294
v -20.995443 -0.044406 -20.054506
v -20.995443 1.561109 -20.054506
v -21.164251 -0.044406 -20.054506
v -21.164251 1.561109 -20.054506
v -20.995443 -0.044406 -22.833393
v -20.995443 1.561109 -22.833393
v -21.164251 -0.044406 -22.833393
v -21.164251 1.561109 -22.833393
v -21.164251 -0.044406 -22.626268
v -21.164251 1.561109 -22.626268
v -20.995443 -0.044406 -22.626268
v -20.995443 1.561109 -22.626268
v -18.695040 1.561109 -22.833393
v -18.695040 -0.044406 -22.833393
v -18.695040 -0.044406 -22.626266
v -18.695040 1.561109 -22.626266
v -18.886353 1.561109 -22.833393
v -18.886353 -0.044406 -22.833393
v -18.886353 -0.044406 -22.626266
v -18.886353 1.561109 -22.626266
v -18.695040 1.561109 -20.121111
v -18.695040 -0.044406 -20.121111
v -18.886354 -0.044406 -20.121111
v -18.886354 1.561109 -20.121111
v -18.886354 1.561109 -20.345911
v -18.695040 1.561109 -20.345911
v -18.695040 -0.044406 -20.345911
v -18.886354 -0.044406 -20.345911
v -19.951393 -0.044406 -20.121111
v -19.951393 1.561109 -20.121111
v -19.951393 1.561109 -20.345911
v -19.951393 -0.044406 -20.345911
v -26.032164 -0.044406 -20.063208
v -26.032164 1.561109 -20.063208
v -26.200972 -0.044406 -20.063208
v -26.200972 1.561109 -20.063208
v -26.032164 -0.044406 -22.842094
v -26.032164 1.561109 -22.842094
v -26.200972 -0.044406 -22.842094
v -26.200972 1.561109 -22.842094
v -26.200972 -0.044406 -22.634970
v -26.200972 1.561109 -22.634970
v -26.032164 -0.044406 -22.634970
v -26.032164 1.561109 -22.634970
v -23.731760 1.561109 -22.842094
v -23.731760 -0.044406 -22.842094
v -23.731760 -0.044406 -22.634970
v -23.731760 1.561109 -22.634970
v -23.923075 1.561109 -22.842094
v -23.923075 -0.044406 -22.842094
v -23.923075 -0.044406 -22.634970
v -23.923075 1.561109 -22.634970
v -23.731760 1.561109 -20.129814
v -23.731760 -0.044406 -20.129814
v -23.923075 -0.044406 -20.129814
v -23.923075 1.561109 -20.129814
v -23.923075 1.561109 -20.354610
v -23.731760 1.561109 -20.354610
v -23.731760 -0.044406 -20.354610
v -23.923075 -0.044406 -20.354610
v -24.988113 -0.044406 -20.129816
v -24.988113 1.561109 -20.129816
v -24.988113 1.561109 -20.354610
v -24.988113 -0.044406 -20.354610
v -23.527105 -0.044406 -20.055124
v -23.527105 1.561109 -20.055124
v -23.695913 -0.044406 -20.055124
v -23.695913 1.561109 -20.055124
v -23.527105 -0.044406 -22.834011
v -23.527105 1.561109 -22.834011
v -23.695913 -0.044406 -22.834011
v -23.695913 1.561109 -22.834011
v -23.695913 -0.044406 -22.626884
v -23.695913 1.561109 -22.626884
v -23.527105 -0.044406 -22.626884
v -23.527105 1.561109 -22.626884
v -21.226704 1.561109 -22.834011
v -21.226704 -0.044406 -22.834011
v -21.226704 -0.044406 -22.626884
v -21.226704 1.561109 -22.626884
v -21.418016 1.561109 -22.834011
v -21.418016 -0.044406 -22.834011
v -21.418016 -0.044406 -22.626884
v -21.418016 1.561109 -22.626884
v -21.226704 1.561109 -20.121729
v -21.226704 -0.044406 -20.121729
v -21.418016 -0.044406 -20.121729
v -21.418016 1.561109 -20.121729
v -21.418016 1.561109 -20.346527
v -21.226704 1.561109 -20.346527
v -21.226704 -0.044406 -20.346527
v -21.418016 -0.044406 -20.346527
v -22.483057 -0.044406 -20.121729
v -22.483057 1.561109 -20.121729
v -22.483057 1.561109 -20.346527
v -22.483057 -0.044406 -20.346527
v -10.542229 -0.044406 -31.345798
v -10.542229 1.561109 -31.345798
v -10.542229 -0.044406 -31.514608
v -10.542229 1.561109 -31.514608
v -7.763342 -0.044406 -31.345798
v -7.763342 1.561109 -31.345798
v -7.763342 -0.044406 -31.514608
v -7.763342 1.561109 -31.514608
v -7.970468 -0.044406 -31.514608
v -7.970468 1.561109 -31.514608
v -7.970468 -0.044406 -31.345798
v -7.970468 1.561109 -31.345798
v -7.763342 1.561109 -29.045393
v -7.763342 -0.044406 -29.045393
v -7.970469 -0.044406 -29.045393
v -7.970469 1.561109 -29.045393
v -7.763342 1.561109 -29.236710
v -7.763342 -0.044406 -29.236710
v -7.970469 -0.044406 -29.236710
v -7.970469 1.561109 -29.236710
v -10.475625 1.561109 -29.045397
v -10.475625 -0.044406 -29.045397
v -10.475625 -0.044406 -29.236710
v -10.475625 1.561109 -29.236710
v -10.250828 1.561109 -29.236710
v -10.250828 1.561109 -29.045397
v -10.250828 -0.044406 -29.045397
v -10.250828 -0.044406 -29.236710
v -10.475624 -0.044406 -30.301748
v -10.475624 1.561109 -30.301748
v -10.250827 1.561109 -30.301748
v -10.250827 -0.044406 -30.301748
v -10.533527 -0.044406 -36.382523
v -10.533527 1.561109 -36.382523
v -10.533527 -0.044406 -36.551331
v -10.533527 1.561109 -36.551331
v -7.754640 -0.044406 -36.382519
v -7.754640 1.561109 -36.382519
v -7.754640 -0.044406 -36.551327
v -7.754640 1.561109 -36.551327
v -7.961765 -0.044406 -36.551327
v -7.961765 1.561109 -36.551327
v -7.961766 -0.044406 -36.382519
v -7.961766 1.561109 -36.382519
v -7.754641 1.561109 -34.082115
v -7.754641 -0.044406 -34.082115
v -7.961766 -0.044406 -34.082115
v -7.961766 1.561109 -34.082115
v -7.754640 1.561109 -34.273430
v -7.754640 -0.044406 -34.273430
v -7.961766 -0.044406 -34.273430
v -7.961766 1.561109 -34.273430
v -10.466923 1.561109 -34.082115
v -10.466923 -0.044406 -34.082115
v -10.466923 -0.044406 -34.273430
v -10.466923 1.561109 -34.273430
v -10.242126 1.561109 -34.273430
v -10.242126 1.561109 -34.082115
v -10.242126 -0.044406 -34.082115
v -10.242126 -0.044406 -34.273430
v -10.466922 -0.044406 -35.338470
v -10.466922 1.561109 -35.338470
v -10.242125 1.561109 -35.338470
v -10.242125 -0.044406 -35.338470
v -10.541611 -0.044406 -33.877464
v -10.541611 1.561109 -33.877464
v -10.541611 -0.044406 -34.046272
v -10.541611 1.561109 -34.046272
v -7.762724 -0.044406 -33.877460
v -7.762724 1.561109 -33.877460
v -7.762724 -0.044406 -34.046272
v -7.762724 1.561109 -34.046272
v -7.969850 -0.044406 -34.046272
v -7.969850 1.561109 -34.046272
v -7.969850 -0.044406 -33.877460
v -7.969850 1.561109 -33.877460
v -7.762724 1.561109 -31.577059
v -7.762724 -0.044406 -31.577059
v -7.969851 -0.044406 -31.577059
v -7.969851 1.561109 -31.577059
v -7.762724 1.561109 -31.768372
v -7.762724 -0.044406 -31.768372
v -7.969851 -0.044406 -31.768372
v -7.969851 1.561109 -31.768372
v -10.475007 1.561109 -31.577059
v -10.475007 -0.044406 -31.577059
v -10.475007 -0.044406 -31.768373
v -10.475007 1.561109 -31.768373
v -10.250210 1.561109 -31.768373
v -10.250210 1.561109 -31.577059
v -10.250210 -0.044406 -31.577059
v -10.250210 -0.044406 -31.768373
v -10.475006 -0.044406 -32.833412
v -10.475006 1.561109 -32.833412
v -10.250210 1.561109 -32.833412
v -10.250210 -0.044406 -32.833412
v -4.177195 -0.044406 -45.263866
v -4.177195 1.561109 -45.263866
v -4.177195 -0.044406 -45.095058
v -4.177195 1.561109 -45.095058
v -6.956082 -0.044406 -45.263866
v -6.956082 1.561109 -45.263866
v -6.956082 -0.044406 -45.095058
v -6.956082 1.561109 -45.095058
v -6.748956 -0.044406 -45.095058
v -6.748956 1.561109 -45.095058
v -6.748956 -0.044406 -45.263866
v -6.748956 1.561109 -45.263866
v -6.956081 1.561109 -47.564270
v -6.956081 -0.044406 -47.564270
v -6.748956 -0.044406 -47.564270
v -6.748956 1.561109 -47.564270
v -6.956081 1.561109 -47.372959
v -6.956081 -0.044406 -47.372959
v -6.748956 -0.044406 -47.372959
v -6.748956 1.561109 -47.372959
v -4.243800 1.561109 -47.564270
v -4.243800 -0.044406 -47.564270
v -4.243800 -0.044406 -47.372959
v -4.243800 1.561109 -47.372959
v -4.468597 1.561109 -47.372959
v -4.468597 1.561109 -47.564270
v -4.468597 -0.044406 -47.564270
v -4.468597 -0.044406 -47.372959
v -4.243800 -0.044406 -46.307919
v -4.243800 1.561109 -46.307919
v -4.468597 1.561109 -46.307919
v -4.468597 -0.044406 -46.307919
v -2.304400 -0.044406 -44.759487
v -2.304400 1.561109 -44.759487
v -2.304400 -0.044406 -44.928299
v -2.304400 1.561109 -44.928299
v 0.474488 -0.044406 -44.759487
v 0.474488 1.561109 -44.759487
v 0.474488 -0.044406 -44.928299
v 0.474488 1.561109 -44.928299
v 0.267361 -0.044406 -44.928299
v 0.267361 1.561109 -44.928299
v 0.267361 -0.044406 -44.759487
v 0.267361 1.561109 -44.759487
v 0.474487 1.561109 -42.459087
v 0.474487 -0.044406 -42.459087
v 0.267361 -0.044406 -42.459087
v 0.267361 1.561109 -42.459087
v 0.474487 1.561109 -42.650398
v 0.474487 -0.044406 -42.650398
v 0.267361 -0.044406 -42.650398
v 0.267361 1.561109 -42.650398
v -2.237795 1.561109 -42.459087
v -2.237795 -0.044406 -42.459087
v -2.237795 -0.044406 -42.650398
v -2.237795 1.561109 -42.650398
v -2.012997 1.561109 -42.650398
v -2.012998 1.561109 -42.459087
v -2.012998 -0.044406 -42.459087
v -2.012997 -0.044406 -42.650398
v -2.237794 -0.044406 -43.715439
v -2.237794 1.561109 -43.715439
v -2.012997 1.561109 -43.715439
v -2.012997 -0.044406 -43.715439
v -2.295699 -0.044406 -49.796211
v -2.295699 1.561109 -49.796211
v -2.295699 -0.044406 -49.965023
v -2.295699 1.561109 -49.965023
v 0.483189 -0.044406 -49.796211
v 0.483189 1.561109 -49.796211
v 0.483189 -0.044406 -49.965023
v 0.483189 1.561109 -49.965023
v 0.276062 -0.044406 -49.965023
v 0.276062 1.561109 -49.965023
v 0.276062 -0.044406 -49.796211
v 0.276062 1.561109 -49.796211
v 0.483189 1.561109 -47.495811
v 0.483189 -0.044406 -47.495811
v 0.276062 -0.044406 -47.495811
v 0.276062 1.561109 -47.495811
v 0.483189 1.561109 -47.687122
v 0.483189 -0.044406 -47.687122
v 0.276062 -0.044406 -47.687122
v 0.276062 1.561109 -47.687122
v -2.229093 1.561109 -47.495811
v -2.229093 -0.044406 -47.495811
v -2.229093 -0.044406 -47.687122
v -2.229093 1.561109 -47.687122
v -2.004297 1.561109 -47.687122
v -2.004297 1.561109 -47.495811
v -2.004297 -0.044406 -47.495811
v -2.004297 -0.044406 -47.687122
v -2.229093 -0.044406 -48.752163
v -2.229093 1.561109 -48.752163
v -2.004296 1.561109 -48.752163
v -2.004296 -0.044406 -48.752163
v -2.303783 -0.044406 -47.291153
v -2.303783 1.561109 -47.291153
v -2.303783 -0.044406 -47.459961
v -2.303783 1.561109 -47.459961
v 0.475105 -0.044406 -47.291153
v 0.475105 1.561109 -47.291153
v 0.475105 -0.044406 -47.459961
v 0.475105 1.561109 -47.459961
v 0.267978 -0.044406 -47.459961
v 0.267978 1.561109 -47.459961
v 0.267978 -0.044406 -47.291153
v 0.267978 1.561109 -47.291153
v 0.475105 1.561109 -44.990746
v 0.475105 -0.044406 -44.990746
v 0.267978 -0.044406 -44.990746
v 0.267978 1.561109 -44.990746
v 0.475105 1.561109 -45.182064
v 0.475105 -0.044406 -45.182064
v 0.267978 -0.044406 -45.182064
v 0.267978 1.561109 -45.182064
v -2.237177 1.561109 -44.990746
v -2.237177 -0.044406 -44.990746
v -2.237177 -0.044406 -45.182064
v -2.237177 1.561109 -45.182064
v -2.012381 1.561109 -45.182064
v -2.012381 1.561109 -44.990746
v -2.012381 -0.044406 -44.990746
v -2.012381 -0.044406 -45.182064
v -2.237177 -0.044406 -46.247105
v -2.237177 1.561109 -46.247105
v -2.012380 1.561109 -46.247105
v -2.012380 -0.044406 -46.247105
v -4.212950 -0.044406 -47.765141
v -4.212950 1.561109 -47.765141
v -4.212950 -0.044406 -47.596336
v -4.212950 1.561109 -47.596336
v -6.991838 -0.044406 -47.765141
v -6.991838 1.561109 -47.765141
v -6.991838 -0.044406 -47.596336
v -6.991838 1.561109 -47.596336
v -6.784712 -0.044406 -47.596336
v -6.784712 1.561109 -47.596336
v -6.784712 -0.044406 -47.765141
v -6.784712 1.561109 -47.765141
v -6.991838 1.561109 -50.065548
v -6.991838 -0.044406 -50.065548
v -6.784712 -0.044406 -50.065548
v -6.784712 1.561109 -50.065548
v -6.991838 1.561109 -49.874233
v -6.991838 -0.044406 -49.874233
v -6.784712 -0.044406 -49.874233
v -6.784712 1.561109 -49.874233
v -4.279556 1.561109 -50.065548
v -4.279556 -0.044406 -50.065548
v -4.279556 -0.044406 -49.874233
v -4.279556 1.561109 -49.874233
v -4.504353 1.561109 -49.874233
v -4.504353 1.561109 -50.065548
v -4.504353 -0.044406 -50.065548
v -4.504353 -0.044406 -49.874233
v -4.279556 -0.044406 -48.809196
v -4.279556 1.561109 -48.809196
v -4.504353 1.561109 -48.809196
v -4.504353 -0.044406 -48.809196
v -4.107096 -0.044406 -42.791409
v -4.107096 1.561109 -42.791409
v -4.107096 -0.044406 -42.622597
v -4.107096 1.561109 -42.622597
v -6.885983 -0.044406 -42.791409
v -6.885983 1.561109 -42.791409
v -6.885983 -0.044406 -42.622597
v -6.885983 1.561109 -42.622597
v -6.678857 -0.044406 -42.622597
v -6.678857 1.561109 -42.622597
v -6.678857 -0.044406 -42.791409
v -6.678857 1.561109 -42.791409
v -6.885983 1.561109 -45.091812
v -6.885983 -0.044406 -45.091812
v -6.678857 -0.044406 -45.091812
v -6.678857 1.561109 -45.091812
v -6.885983 1.561109 -44.900497
v -6.885983 -0.044406 -44.900497
v -6.678857 -0.044406 -44.900497
v -6.678857 1.561109 -44.900497
v -4.173701 1.561109 -45.091812
v -4.173701 -0.044406 -45.091812
v -4.173701 -0.044406 -44.900497
v -4.173701 1.561109 -44.900497
v -4.398498 1.561109 -44.900497
v -4.398498 1.561109 -45.091812
v -4.398498 -0.044406 -45.091812
v -4.398498 -0.044406 -44.900497
v -4.173701 -0.044406 -43.835461
v -4.173701 1.561109 -43.835461
v -4.398498 1.561109 -43.835461
v -4.398498 -0.044406 -43.835461
v 3.307593 -0.044406 -45.168472
v 3.307593 1.561109 -45.168472
v 3.307593 -0.044406 -44.999660
v 3.307593 1.561109 -44.999660
v 0.528705 -0.044406 -45.168472
v 0.528705 1.561109 -45.168472
v 0.528705 -0.044406 -44.999660
v 0.528705 1.561109 -44.999660
v 0.735831 -0.044406 -44.999660
v 0.735831 1.561109 -44.999660
v 0.735831 -0.044406 -45.168472
v 0.735831 1.561109 -45.168472
v 0.528706 1.561109 -47.468872
v 0.528706 -0.044406 -47.468872
v 0.735832 -0.044406 -47.468872
v 0.735832 1.561109 -47.468872
v 0.528706 1.561109 -47.277557
v 0.528706 -0.044406 -47.277557
v 0.735832 -0.044406 -47.277557
v 0.735832 1.561109 -47.277557
v 3.240987 1.561109 -47.468872
v 3.240987 -0.044406 -47.468872
v 3.240987 -0.044406 -47.277557
v 3.240987 1.561109 -47.277557
v 3.016191 1.561109 -47.277557
v 3.016191 1.561109 -47.468872
v 3.016191 -0.044406 -47.468872
v 3.016191 -0.044406 -47.277557
v 3.240987 -0.044406 -46.212524
v 3.240987 1.561109 -46.212524
v 3.016191 1.561109 -46.212524
v 3.016191 -0.044406 -46.212524
v 4.756112 -0.044406 -44.815838
v 4.756112 1.561109 -44.815838
v 4.756112 -0.044406 -44.984650
v 4.756112 1.561109 -44.984650
v 7.534999 -0.044406 -44.815838
v 7.534999 1.561109 -44.815838
v 7.534999 -0.044406 -44.984650
v 7.534999 1.561109 -44.984650
v 7.327873 -0.044406 -44.984650
v 7.327873 1.561109 -44.984650
v 7.327873 -0.044406 -44.815838
v 7.327873 1.561109 -44.815838
v 7.534999 1.561109 -42.515442
v 7.534999 -0.044406 -42.515442
v 7.327872 -0.044406 -42.515442
v 7.327872 1.561109 -42.515442
v 7.534999 1.561109 -42.706753
v 7.534999 -0.044406 -42.706753
v 7.327872 -0.044406 -42.706753
v 7.327872 1.561109 -42.706753
v 4.822717 1.561109 -42.515442
v 4.822717 -0.044406 -42.515442
v 4.822717 -0.044406 -42.706753
v 4.822717 1.561109 -42.706753
v 5.047514 1.561109 -42.706753
v 5.047514 1.561109 -42.515442
v 5.047514 -0.044406 -42.515442
v 5.047514 -0.044406 -42.706753
v 4.822718 -0.044406 -43.771790
v 4.822718 1.561109 -43.771790
v 5.047514 1.561109 -43.771790
v 5.047514 -0.044406 -43.771790
v 4.764813 -0.044406 -49.852566
v 4.764813 1.561109 -49.852566
v 4.764813 -0.044406 -50.021370
v 4.764813 1.561109 -50.021370
v 7.543700 -0.044406 -49.852566
v 7.543700 1.561109 -49.852566
v 7.543700 -0.044406 -50.021370
v 7.543700 1.561109 -50.021370
v 7.336574 -0.044406 -50.021370
v 7.336574 1.561109 -50.021370
v 7.336574 -0.044406 -49.852566
v 7.336574 1.561109 -49.852566
v 7.543700 1.561109 -47.552162
v 7.543700 -0.044406 -47.552162
v 7.336574 -0.044406 -47.552162
v 7.336574 1.561109 -47.552162
v 7.543700 1.561109 -47.743473
v 7.543700 -0.044406 -47.743473
v 7.336574 -0.044406 -47.743473
v 7.336574 1.561109 -47.743473
v 4.831419 1.561109 -47.552162
v 4.831419 -0.044406 -47.552162
v 4.831419 -0.044406 -47.743473
v 4.831419 1.561109 -47.743473
v 5.056215 1.561109 -47.743473
v 5.056215 1.561109 -47.552162
v 5.056215 -0.044406 -47.552162
v 5.056215 -0.044406 -47.743473
v 4.831419 -0.044406 -48.808514
v 4.831419 1.561109 -48.808514
v 5.056215 1.561109 -48.808514
v 5.056215 -0.044406 -48.808514
v 4.756729 -0.044406 -47.347511
v 4.756729 1.561109 -47.347511
v 4.756729 -0.044406 -47.516319
v 4.756729 1.561109 -47.516319
v 7.535616 -0.044406 -47.347511
v 7.535616 1.561109 -47.347511
v 7.535616 -0.044406 -47.516319
v 7.535616 1.561109 -47.516319
v 7.328490 -0.044406 -47.516319
v 7.328490 1.561109 -47.516319
v 7.328490 -0.044406 -47.347511
v 7.328490 1.561109 -47.347511
v 7.535616 1.561109 -45.047100
v 7.535616 -0.044406 -45.047100
v 7.328489 -0.044406 -45.047100
v 7.328489 1.561109 -45.047100
v 7.535616 1.561109 -45.238415
v 7.535616 -0.044406 -45.238415
v 7.328489 -0.044406 -45.238415
v 7.328489 1.561109 -45.238415
v 4.823334 1.561109 -45.047100
v 4.823334 -0.044406 -45.047100
v 4.823334 -0.044406 -45.238415
v 4.823334 1.561109 -45.238415
v 5.048131 1.561109 -45.238415
v 5.048131 1.561109 -45.047100
v 5.048131 -0.044406 -45.047100
v 5.048131 -0.044406 -45.238415
v 4.823334 -0.044406 -46.303455
v 4.823334 1.561109 -46.303455
v 5.048131 1.561109 -46.303455
v 5.048131 -0.044406 -46.303455
v 3.271837 -0.044406 -47.669746
v 3.271837 1.561109 -47.669746
v 3.271837 -0.044406 -47.500942
v 3.271837 1.561109 -47.500942
v 0.492950 -0.044406 -47.669746
v 0.492950 1.561109 -47.669746
v 0.492950 -0.044406 -47.500942
v 0.492950 1.561109 -47.500942
v 0.700076 -0.044406 -47.500942
v 0.700076 1.561109 -47.500942
v 0.700076 -0.044406 -47.669746
v 0.700076 1.561109 -47.669746
v 0.492950 1.561109 -49.970150
v 0.492950 -0.044406 -49.970150
v 0.700076 -0.044406 -49.970150
v 0.700076 1.561109 -49.970150
v 0.492950 1.561109 -49.778835
v 0.492950 -0.044406 -49.778835
v 0.700076 -0.044406 -49.778835
v 0.700076 1.561109 -49.778835
v 3.205232 1.561109 -49.970150
v 3.205232 -0.044406 -49.970150
v 3.205232 -0.044406 -49.778835
v 3.205232 1.561109 -49.778835
v 2.980435 1.561109 -49.778835
v 2.980435 1.561109 -49.970150
v 2.980435 -0.044406 -49.970150
v 2.980435 -0.044406 -49.778835
v 3.205232 -0.044406 -48.713795
v 3.205232 1.561109 -48.713795
v 2.980435 1.561109 -48.713795
v 2.980435 -0.044406 -48.713795
v 3.377692 -0.044406 -42.696011
v 3.377692 1.561109 -42.696011
v 3.377692 -0.044406 -42.527203
v 3.377692 1.561109 -42.527203
v 0.598804 -0.044406 -42.696011
v 0.598804 1.561109 -42.696011
v 0.598804 -0.044406 -42.527203
v 0.598804 1.561109 -42.527203
v 0.805930 -0.044406 -42.527203
v 0.805930 1.561109 -42.527203
v 0.805930 -0.044406 -42.696011
v 0.805930 1.561109 -42.696011
v 0.598804 1.561109 -44.996418
v 0.598804 -0.044406 -44.996418
v 0.805931 -0.044406 -44.996418
v 0.805931 1.561109 -44.996418
v 0.598804 1.561109 -44.805103
v 0.598804 -0.044406 -44.805103
v 0.805931 -0.044406 -44.805103
v 0.805931 1.561109 -44.805103
v 3.311086 1.561109 -44.996418
v 3.311086 -0.044406 -44.996418
v 3.311086 -0.044406 -44.805103
v 3.311086 1.561109 -44.805103
v 3.086290 1.561109 -44.805103
v 3.086290 1.561109 -44.996418
v 3.086290 -0.044406 -44.996418
v 3.086290 -0.044406 -44.805103
v 3.311086 -0.044406 -43.740063
v 3.311086 1.561109 -43.740063
v 3.086290 1.561109 -43.740063
v 3.086290 -0.044406 -43.740063
v -7.450195 -0.044406 -45.716396
v -7.450195 1.561109 -45.716396
v -7.569560 -0.044406 -45.597031
v -7.569560 1.561109 -45.597031
v -9.415164 -0.044406 -47.681370
v -9.415164 1.561109 -47.681370
v -9.534529 -0.044406 -47.562004
v -9.534529 1.561109 -47.562004
v -9.388068 -0.044406 -47.415543
v -9.388068 1.561109 -47.415543
v -9.268703 -0.044406 -47.534908
v -9.268703 1.561109 -47.534908
v -7.788532 1.561109 -49.307999
v -7.788532 -0.044406 -49.307999
v -7.642072 -0.044406 -49.161537
v -7.642072 1.561109 -49.161537
v -7.923812 1.561109 -49.172718
v -7.923812 -0.044406 -49.172718
v -7.777351 -0.044406 -49.026257
v -7.777351 1.561109 -49.026257
v -5.870660 1.561109 -47.390121
v -5.870660 -0.044406 -47.390121
v -6.005940 -0.044406 -47.254845
v -6.005940 1.561109 -47.254845
v -6.164895 1.561109 -47.413799
v -6.029615 1.561109 -47.549080
v -6.029615 -0.044406 -47.549080
v -6.164895 -0.044406 -47.413799
v -6.759037 -0.044406 -46.501747
v -6.759037 1.561109 -46.501747
v -6.917992 1.561109 -46.660702
v -6.917992 -0.044406 -46.660702
v -11.017848 -0.044406 -42.161049
v -11.017848 1.561109 -42.161049
v -11.137213 -0.044406 -42.041687
v -11.137213 1.561109 -42.041687
v -12.982817 -0.044406 -44.126022
v -12.982817 1.561109 -44.126022
v -13.102181 -0.044406 -44.006657
v -13.102181 1.561109 -44.006657
v -12.955722 -0.044406 -43.860199
v -12.955722 1.561109 -43.860199
v -12.836357 -0.044406 -43.979561
v -12.836357 1.561109 -43.979561
v -11.356185 1.561109 -45.752651
v -11.356185 -0.044406 -45.752651
v -11.209725 -0.044406 -45.606190
v -11.209725 1.561109 -45.606190
v -11.491464 1.561109 -45.617371
v -11.491464 -0.044406 -45.617371
v -11.345004 -0.044406 -45.470909
v -11.345004 1.561109 -45.470909
v -9.438313 1.561109 -43.834778
v -9.438313 -0.044406 -43.834778
v -9.573593 -0.044406 -43.699501
v -9.573593 1.561109 -43.699501
v -9.732548 1.561109 -43.858452
v -9.597268 1.561109 -43.993729
v -9.597268 -0.044406 -43.993729
v -9.732548 -0.044406 -43.858452
v -10.326690 -0.044406 -42.946404
v -10.326690 1.561109 -42.946404
v -10.485644 1.561109 -43.105358
v -10.485644 -0.044406 -43.105358
v -9.240788 -0.044406 -43.926674
v -9.240788 1.561109 -43.926674
v -9.360153 -0.044406 -43.807312
v -9.360153 1.561109 -43.807312
v -11.205757 -0.044406 -45.891647
v -11.205757 1.561109 -45.891647
v -11.325122 -0.044406 -45.772285
v -11.325122 1.561109 -45.772285
v -11.178661 -0.044406 -45.625824
v -11.178661 1.561109 -45.625824
v -11.059297 -0.044406 -45.745190
v -11.059297 1.561109 -45.745190
v -9.579125 1.561109 -47.518280
v -9.579125 -0.044406 -47.518280
v -9.432665 -0.044406 -47.371815
v -9.432665 1.561109 -47.371815
v -9.714404 1.561109 -47.382999
v -9.714404 -0.044406 -47.382999
v -9.567945 -0.044406 -47.236538
v -9.567945 1.561109 -47.236538
v -7.661253 1.561109 -45.600407
v -7.661253 -0.044406 -45.600407
v -7.796533 -0.044406 -45.465122
v -7.796533 1.561109 -45.465122
v -7.955488 1.561109 -45.624081
v -7.820209 1.561109 -45.759361
v -7.820209 -0.044406 -45.759361
v -7.955488 -0.044406 -45.624081
v -8.549629 -0.044406 -44.712029
v -8.549629 1.561109 -44.712029
v -8.708585 1.561109 -44.870983
v -8.708585 -0.044406 -44.870983
v 10.330898 -0.044406 -37.890533
v 10.330898 1.561109 -37.890533
v 10.330898 -0.044406 -38.059341
v 10.330898 1.561109 -38.059341
v 13.109786 -0.044406 -37.890530
v 13.109786 1.561109 -37.890530
v 13.109786 -0.044406 -38.059338
v 13.109786 1.561109 -38.059338
v 12.902660 -0.044406 -38.059338
v 12.902660 1.561109 -38.059338
v 12.902660 -0.044406 -37.890530
v 12.902660 1.561109 -37.890530
v 13.109783 1.561109 -35.590130
v 13.109783 -0.044406 -35.590130
v 12.902658 -0.044406 -35.590130
v 12.902658 1.561109 -35.590130
v 13.109783 1.561109 -35.781441
v 13.109783 -0.044406 -35.781441
v 12.902658 -0.044406 -35.781441
v 12.902658 1.561109 -35.781441
v 10.397502 1.561109 -35.590134
v 10.397502 -0.044406 -35.590134
v 10.397502 -0.044406 -35.781445
v 10.397502 1.561109 -35.781445
v 10.622299 1.561109 -35.781445
v 10.622299 1.561109 -35.590130
v 10.622299 -0.044406 -35.590130
v 10.622299 -0.044406 -35.781445
v 10.397504 -0.044406 -36.846485
v 10.397504 1.561109 -36.846485
v 10.622300 1.561109 -36.846485
v 10.622300 -0.044406 -36.846485
v 10.339604 -0.044406 -42.927258
v 10.339604 1.561109 -42.927258
v 10.339604 -0.044406 -43.096058
v 10.339604 1.561109 -43.096058
v 13.118492 -0.044406 -42.927254
v 13.118492 1.561109 -42.927254
v 13.118492 -0.044406 -43.096058
v 13.118492 1.561109 -43.096058
v 12.911365 -0.044406 -43.096058
v 12.911365 1.561109 -43.096058
v 12.911365 -0.044406 -42.927254
v 12.911365 1.561109 -42.927254
v 13.118489 1.561109 -40.626850
v 13.118489 -0.044406 -40.626850
v 12.911363 -0.044406 -40.626850
v 12.911363 1.561109 -40.626850
v 13.118489 1.561109 -40.818165
v 13.118489 -0.044406 -40.818165
v 12.911364 -0.044406 -40.818165
v 12.911364 1.561109 -40.818165
v 10.406208 1.561109 -40.626850
v 10.406208 -0.044406 -40.626850
v 10.406208 -0.044406 -40.818165
v 10.406208 1.561109 -40.818165
v 10.631004 1.561109 -40.818165
v 10.631004 1.561109 -40.626850
v 10.631004 -0.044406 -40.626850
v 10.631004 -0.044406 -40.818165
v 10.406208 -0.044406 -41.883205
v 10.406208 1.561109 -41.883205
v 10.631005 1.561109 -41.883205
v 10.631005 -0.044406 -41.883205
v 10.331517 -0.044406 -40.422195
v 10.331517 1.561109 -40.422195
v 10.331517 -0.044406 -40.591003
v 10.331517 1.561109 -40.591003
v 13.110405 -0.044406 -40.422192
v 13.110405 1.561109 -40.422192
v 13.110405 -0.044406 -40.591003
v 13.110405 1.561109 -40.591003
v 12.903278 -0.044406 -40.591003
v 12.903278 1.561109 -40.591003
v 12.903278 -0.044406 -40.422192
v 12.903278 1.561109 -40.422192
v 13.110402 1.561109 -38.121792
v 13.110402 -0.044406 -38.121792
v 12.903277 -0.044406 -38.121792
v 12.903277 1.561109 -38.121792
v 13.110403 1.561109 -38.313103
v 13.110403 -0.044406 -38.313103
v 12.903277 -0.044406 -38.313107
v 12.903277 1.561109 -38.313107
v 10.398122 1.561109 -38.121792
v 10.398122 -0.044406 -38.121792
v 10.398122 -0.044406 -38.313110
v 10.398122 1.561109 -38.313110
v 10.622918 1.561109 -38.313107
v 10.622918 1.561109 -38.121792
v 10.622918 -0.044406 -38.121792
v 10.622918 -0.044406 -38.313107
v 10.398123 -0.044406 -39.378147
v 10.398123 1.561109 -39.378147
v 10.622919 1.561109 -39.378147
v 10.622919 -0.044406 -39.378147
v -16.910400 -0.044336 14.208585
v -17.312290 0.780814 14.610473
v -16.910400 -0.044336 12.735264
v -17.312290 0.780814 12.333373
v -15.437078 -0.044336 14.208585
v -15.035190 0.780814 14.610473
v -15.437078 -0.044336 12.735264
v -15.035190 0.780814 12.333373
v -16.910400 0.143253 14.208585
v -16.910400 0.343795 14.208585
v -16.910400 0.343795 12.735264
v -16.910400 0.143253 12.735264
v -15.437078 0.343795 12.735264
v -15.437078 0.143253 12.735264
v -15.437078 0.343795 14.208585
v -15.437078 0.143253 14.208585
v 4.097438 -0.044398 -38.858349
v 3.695549 0.780752 -38.456463
v 4.097438 -0.044398 -40.331673
v 3.695549 0.780752 -40.733562
v 5.570760 -0.044398 -38.858349
v 5.972649 0.780752 -38.456463
v 5.570760 -0.044398 -40.331673
v 5.972649 0.780752 -40.733562
v 4.097438 0.143192 -38.858349
v 4.097438 0.343734 -38.858349
v 4.097438 0.343734 -40.331673
v 4.097438 0.143192 -40.331673
v 5.570760 0.343734 -40.331673
v 5.570760 0.143192 -40.331673
v 5.570760 0.343734 -38.858349
v 5.570760 0.143192 -38.858349
v 0.082485 -0.044405 -38.882504
v -0.319404 0.780745 -38.480618
v 0.082485 -0.044405 -40.355827
v -0.319404 0.780745 -40.757717
v 1.555807 -0.044405 -38.882504
v 1.957696 0.780745 -38.480618
v 1.555807 -0.044405 -40.355827
v 1.957696 0.780745 -40.757717
v 0.082485 0.143185 -38.882504
v 0.082485 0.343727 -38.882504
v 0.082485 0.343727 -40.355827
v 0.082485 0.143185 -40.355827
v 1.555807 0.343727 -40.355827
v 1.555807 0.143185 -40.355827
v 1.555807 0.343727 -38.882504
v 1.555807 0.143185 -38.882504
v -3.997540 -0.044405 -38.876812
v -4.399429 0.780745 -38.474926
v -3.997540 -0.044405 -40.350136
v -4.399429 0.780745 -40.752026
v -2.524217 -0.044405 -38.876812
v -2.122329 0.780745 -38.474926
v -2.524217 -0.044405 -40.350136
v -2.122329 0.780745 -40.752026
v -3.997540 0.143185 -38.876812
v -3.997540 0.343727 -38.876812
v -3.997540 0.343727 -40.350136
v -3.997540 0.143185 -40.350136
v -2.524217 0.343727 -40.350136
v -2.524217 0.143185 -40.350136
v -2.524217 0.343727 -38.876812
v -2.524217 0.143185 -38.876812
v -31.635746 -0.044426 1.071396
v -32.037636 0.780724 1.473283
v -31.635746 -0.044426 -0.401926
v -32.037636 0.780724 -0.803817
v -30.162424 -0.044426 1.071396
v -29.760538 0.780724 1.473283
v -30.162424 -0.044426 -0.401926
v -29.760538 0.780724 -0.803817
v -31.635746 0.143164 1.071396
v -31.635746 0.343706 1.071396
v -31.635746 0.343706 -0.401926
v -31.635746 0.143164 -0.401926
v -30.162424 0.343706 -0.401926
v -30.162424 0.143164 -0.401926
v -30.162424 0.343706 1.071396
v -30.162424 0.143164 1.071396
v -27.970005 -0.044515 1.151667
v -28.371897 0.780635 1.553555
v -27.970005 -0.044515 -0.321655
v -28.371897 0.780635 -0.723545
v -26.496683 -0.044515 1.151667
v -26.094795 0.780635 1.553555
v -26.496683 -0.044515 -0.321655
v -26.094795 0.780635 -0.723545
v -27.970005 0.143074 1.151667
v -27.970005 0.343616 1.151667
v -27.970005 0.343616 -0.321655
v -27.970005 0.143074 -0.321655
v -26.496683 0.343616 -0.321655
v -26.496683 0.143074 -0.321655
v -26.496683 0.343616 1.151667
v -26.496683 0.143074 1.151667
v -2.289525 -0.044405 -26.349110
v -2.691414 0.780745 -25.947222
v -2.289525 -0.044405 -27.822432
v -2.691414 0.780745 -28.224321
v -0.816203 -0.044405 -26.349110
v -0.414314 0.780745 -25.947222
v -0.816203 -0.044405 -27.822432
v -0.414314 0.780745 -28.224321
v -2.289525 0.143185 -26.349110
v -2.289525 0.343727 -26.349110
v -2.289525 0.343727 -27.822432
v -2.289525 0.143185 -27.822432
v -0.816203 0.343727 -27.822432
v -0.816203 0.143185 -27.822432
v -0.816203 0.343727 -26.349110
v -0.816203 0.143185 -26.349110
v 1.418771 -0.044405 -26.279400
v 1.016881 0.780745 -25.877512
v 1.418771 -0.044405 -27.752722
v 1.016881 0.780745 -28.154612
v 2.892092 -0.044405 -26.279400
v 3.293981 0.780745 -25.877512
v 2.892092 -0.044405 -27.752722
v 3.293981 0.780745 -28.154612
v 1.418771 0.143185 -26.279400
v 1.418771 0.343727 -26.279400
v 1.418771 0.343727 -27.752722
v 1.418771 0.143185 -27.752722
v 2.892092 0.343727 -27.752722
v 2.892092 0.143185 -27.752722
v 2.892092 0.343727 -26.279400
v 2.892092 0.143185 -26.279400
v 31.576208 -0.039983 -13.042439
v 31.576208 1.565532 -13.042439
v 31.575867 -0.039983 -12.873630
v 31.575867 1.565532 -12.873630
v 28.797327 -0.039983 -13.048065
v 28.797327 1.565532 -13.048065
v 28.796984 -0.039983 -12.879258
v 28.796984 1.565532 -12.879258
v 29.004108 -0.039983 -12.878839
v 29.004108 1.565532 -12.878839
v 29.004454 -0.039983 -13.047646
v 29.004454 1.565532 -13.047646
v 28.801989 1.565532 -15.348465
v 28.801989 -0.039983 -15.348465
v 29.009109 -0.039983 -15.348044
v 29.009109 1.565532 -15.348044
v 28.801598 1.565532 -15.157150
v 28.801598 -0.039983 -15.157150
v 29.008724 -0.039983 -15.156731
v 29.008724 1.565532 -15.156731
v 31.514263 1.565532 -15.342971
v 31.514263 -0.039983 -15.342971
v 31.513874 -0.039983 -15.151658
v 31.513874 1.565532 -15.151658
v 31.289078 1.565532 -15.152113
v 31.289465 1.565532 -15.343427
v 31.289465 -0.039983 -15.343427
v 31.289078 -0.039983 -15.152113
v 31.511717 -0.039983 -14.086621
v 31.511717 1.565532 -14.086621
v 31.286922 1.565532 -14.087077
v 31.286922 -0.039983 -14.087077
v 33.521217 -0.039983 -12.567179
v 33.521217 1.565532 -12.567179
v 33.521561 -0.039983 -12.735988
v 33.521561 1.565532 -12.735988
v 36.300102 -0.039983 -12.561551
v 36.300102 1.565532 -12.561551
v 36.300442 -0.039983 -12.730359
v 36.300442 1.565532 -12.730359
v 36.093319 -0.039983 -12.730780
v 36.093319 1.565532 -12.730780
v 36.092976 -0.039983 -12.561971
v 36.092976 1.565532 -12.561971
v 36.295441 1.565532 -10.261154
v 36.295441 -0.039983 -10.261154
v 36.088314 -0.039983 -10.261574
v 36.088314 1.565532 -10.261574
v 36.295830 1.565532 -10.452467
v 36.295830 -0.039983 -10.452467
v 36.088703 -0.039983 -10.452887
v 36.088703 1.565532 -10.452887
v 33.583164 1.565532 -10.266646
v 33.583164 -0.039983 -10.266646
v 33.583549 -0.039983 -10.457959
v 33.583549 1.565532 -10.457959
v 33.808350 1.565532 -10.457505
v 33.807961 1.565532 -10.266191
v 33.807961 -0.039983 -10.266191
v 33.808350 -0.039983 -10.457505
v 33.585709 -0.039983 -11.522996
v 33.585709 1.565532 -11.522996
v 33.810505 1.565532 -11.522542
v 33.810505 -0.039983 -11.522542
v 33.540119 -0.039983 -17.603872
v 33.540119 1.565532 -17.603872
v 33.540462 -0.039983 -17.772678
v 33.540462 1.565532 -17.772678
v 36.319000 -0.039983 -17.598244
v 36.319000 1.565532 -17.598244
v 36.319344 -0.039983 -17.767052
v 36.319344 1.565532 -17.767052
v 36.112221 -0.039983 -17.767473
v 36.112221 1.565532 -17.767473
v 36.111877 -0.039983 -17.598663
v 36.111877 1.565532 -17.598663
v 36.314342 1.565532 -15.297846
v 36.314342 -0.039983 -15.297846
v 36.107216 -0.039983 -15.298266
v 36.107216 1.565532 -15.298266
v 36.314728 1.565532 -15.489159
v 36.314728 -0.039983 -15.489159
v 36.107601 -0.039983 -15.489578
v 36.107601 1.565532 -15.489578
v 33.602066 1.565532 -15.303339
v 33.602066 -0.039983 -15.303339
v 33.602451 -0.039983 -15.494653
v 33.602451 1.565532 -15.494653
v 33.827251 1.565532 -15.494197
v 33.826862 1.565532 -15.302884
v 33.826862 -0.039983 -15.302884
v 33.827251 -0.039983 -15.494197
v 33.604610 -0.039983 -16.559690
v 33.604610 1.565532 -16.559690
v 33.829407 1.565532 -16.559235
v 33.829407 -0.039983 -16.559235
v 33.526962 -0.039983 -15.098837
v 33.526962 1.565532 -15.098837
v 33.527306 -0.039983 -15.267643
v 33.527306 1.565532 -15.267643
v 36.305843 -0.039983 -15.093207
v 36.305843 1.565532 -15.093207
v 36.306187 -0.039983 -15.262016
v 36.306187 1.565532 -15.262016
v 36.099060 -0.039983 -15.262436
v 36.099060 1.565532 -15.262436
v 36.098717 -0.039983 -15.093628
v 36.098717 1.565532 -15.093628
v 36.301186 1.565532 -12.792809
v 36.301186 -0.039983 -12.792809
v 36.094059 -0.039983 -12.793229
v 36.094059 1.565532 -12.793229
v 36.301575 1.565532 -12.984124
v 36.301575 -0.039983 -12.984124
v 36.094448 -0.039983 -12.984542
v 36.094448 1.565532 -12.984542
v 33.588909 1.565532 -12.798303
v 33.588909 -0.039983 -12.798303
v 33.589298 -0.039983 -12.989617
v 33.589298 1.565532 -12.989617
v 33.814091 1.565532 -12.989161
v 33.813705 1.565532 -12.797849
v 33.813705 -0.039983 -12.797849
v 33.814091 -0.039983 -12.989161
v 33.591454 -0.039983 -14.054652
v 33.591454 1.565532 -14.054652
v 33.816250 1.565532 -14.054197
v 33.816250 -0.039983 -14.054197
v 31.545517 -0.039983 -15.543783
v 31.545517 1.565532 -15.543783
v 31.545176 -0.039983 -15.374975
v 31.545176 1.565532 -15.374975
v 28.766636 -0.039983 -15.549412
v 28.766636 1.565532 -15.549412
v 28.766294 -0.039983 -15.380604
v 28.766294 1.565532 -15.380604
v 28.973421 -0.039983 -15.380184
v 28.973421 1.565532 -15.380184
v 28.973763 -0.039983 -15.548991
v 28.973763 1.565532 -15.548991
v 28.771296 1.565532 -17.849810
v 28.771296 -0.039983 -17.849810
v 28.978420 -0.039983 -17.849390
v 28.978420 1.565532 -17.849390
v 28.770906 1.565532 -17.658497
v 28.770906 -0.039983 -17.658497
v 28.978033 -0.039983 -17.658077
v 28.978033 1.565532 -17.658077
v 31.483572 1.565532 -17.844318
v 31.483572 -0.039983 -17.844318
v 31.483183 -0.039983 -17.653004
v 31.483183 1.565532 -17.653004
v 31.258389 1.565532 -17.653458
v 31.258776 1.565532 -17.844772
v 31.258776 -0.039983 -17.844772
v 31.258389 -0.039983 -17.653458
v 31.481030 -0.039983 -16.587967
v 31.481030 1.565532 -16.587967
v 31.256231 1.565532 -16.588423
v 31.256231 -0.039983 -16.588423
v 31.641300 -0.039983 -10.569841
v 31.641300 1.565532 -10.569841
v 31.640957 -0.039983 -10.401034
v 31.640957 1.565532 -10.401034
v 28.862417 -0.039983 -10.575470
v 28.862417 1.565532 -10.575470
v 28.862076 -0.039983 -10.406662
v 28.862076 1.565532 -10.406662
v 29.069202 -0.039983 -10.406242
v 29.069202 1.565532 -10.406242
v 29.069546 -0.039983 -10.575050
v 29.069546 1.565532 -10.575050
v 28.867079 1.565532 -12.875869
v 28.867079 -0.039983 -12.875869
v 29.074202 -0.039983 -12.875450
v 29.074202 1.565532 -12.875450
v 28.866690 1.565532 -12.684555
v 28.866690 -0.039983 -12.684555
v 29.073816 -0.039983 -12.684135
v 29.073816 1.565532 -12.684135
v 31.579353 1.565532 -12.870377
v 31.579353 -0.039983 -12.870377
v 31.578966 -0.039983 -12.679062
v 31.578966 1.565532 -12.679062
v 31.354172 1.565532 -12.679517
v 31.354557 1.565532 -12.870831
v 31.354557 -0.039983 -12.870831
v 31.354172 -0.039983 -12.679517
v 31.576809 -0.039983 -11.614025
v 31.576809 1.565532 -11.614025
v 31.352013 1.565532 -11.614480
v 31.352013 -0.039983 -11.614480
v 31.576208 -0.039983 -5.385676
v 31.576208 1.565532 -5.385676
v 31.575867 -0.039983 -5.216868
v 31.575867 1.565532 -5.216868
v 28.797327 -0.039983 -5.391304
v 28.797327 1.565532 -5.391304
v 28.796984 -0.039983 -5.222496
v 28.796984 1.565532 -5.222496
v 29.004108 -0.039983 -5.222076
v 29.004108 1.565532 -5.222076
v 29.004454 -0.039983 -5.390884
v 29.004454 1.565532 -5.390884
v 28.801989 1.565532 -7.691702
v 28.801989 -0.039983 -7.691702
v 29.009109 -0.039983 -7.691282
v 29.009109 1.565532 -7.691282
v 28.801598 1.565532 -7.500388
v 28.801598 -0.039983 -7.500388
v 29.008724 -0.039983 -7.499969
v 29.008724 1.565532 -7.499969
v 31.514263 1.565532 -7.686209
v 31.514263 -0.039983 -7.686209
v 31.513874 -0.039983 -7.494895
v 31.513874 1.565532 -7.494895
v 31.289078 1.565532 -7.495350
v 31.289465 1.565532 -7.686664
v 31.289465 -0.039983 -7.686664
v 31.289078 -0.039983 -7.495350
v 31.511717 -0.039983 -6.429859
v 31.511717 1.565532 -6.429859
v 31.286922 1.565532 -6.430314
v 31.286922 -0.039983 -6.430314
v 33.521217 -0.039983 -4.910417
v 33.521217 1.565532 -4.910417
v 33.521561 -0.039983 -5.079226
v 33.521561 1.565532 -5.079226
v 36.300102 -0.039983 -4.904789
v 36.300102 1.565532 -4.904789
v 36.300442 -0.039983 -5.073597
v 36.300442 1.565532 -5.073597
v 36.093319 -0.039983 -5.074017
v 36.093319 1.565532 -5.074017
v 36.092976 -0.039983 -4.905209
v 36.092976 1.565532 -4.905209
v 36.295441 1.565532 -2.604391
v 36.295441 -0.039983 -2.604391
v 36.088314 -0.039983 -2.604810
v 36.088314 1.565532 -2.604810
v 36.295830 1.565532 -2.795704
v 36.295830 -0.039983 -2.795704
v 36.088703 -0.039983 -2.796124
v 36.088703 1.565532 -2.796124
v 33.583164 1.565532 -2.609884
v 33.583164 -0.039983 -2.609884
v 33.583549 -0.039983 -2.801197
v 33.583549 1.565532 -2.801197
v 33.808350 1.565532 -2.800742
v 33.807961 1.565532 -2.609429
v 33.807961 -0.039983 -2.609429
v 33.808350 -0.039983 -2.800742
v 33.585709 -0.039983 -3.866234
v 33.585709 1.565532 -3.866234
v 33.810505 1.565532 -3.865779
v 33.810505 -0.039983 -3.865779
v 33.540119 -0.039983 -9.947110
v 33.540119 1.565532 -9.947110
v 33.540462 -0.039983 -10.115917
v 33.540462 1.565532 -10.115917
v 36.319000 -0.039983 -9.941483
v 36.319000 1.565532 -9.941483
v 36.319344 -0.039983 -10.110291
v 36.319344 1.565532 -10.110291
v 36.112221 -0.039983 -10.110709
v 36.112221 1.565532 -10.110709
v 36.111877 -0.039983 -9.941902
v 36.111877 1.565532 -9.941902
v 36.314342 1.565532 -7.641084
v 36.314342 -0.039983 -7.641084
v 36.107216 -0.039983 -7.641504
v 36.107216 1.565532 -7.641504
v 36.314728 1.565532 -7.832397
v 36.314728 -0.039983 -7.832397
v 36.107601 -0.039983 -7.832817
v 36.107601 1.565532 -7.832817
v 33.602066 1.565532 -7.646577
v 33.602066 -0.039983 -7.646577
v 33.602451 -0.039983 -7.837891
v 33.602451 1.565532 -7.837891
v 33.827251 1.565532 -7.837435
v 33.826862 1.565532 -7.646122
v 33.826862 -0.039983 -7.646122
v 33.827251 -0.039983 -7.837435
v 33.604610 -0.039983 -8.902927
v 33.604610 1.565532 -8.902927
v 33.829407 1.565532 -8.902472
v 33.829407 -0.039983 -8.902472
v 33.526962 -0.039983 -7.442074
v 33.526962 1.565532 -7.442074
v 33.527306 -0.039983 -7.610881
v 33.527306 1.565532 -7.610881
v 36.305843 -0.039983 -7.436446
v 36.305843 1.565532 -7.436446
v 36.306187 -0.039983 -7.605254
v 36.306187 1.565532 -7.605254
v 36.099060 -0.039983 -7.605673
v 36.099060 1.565532 -7.605673
v 36.098717 -0.039983 -7.436866
v 36.098717 1.565532 -7.436866
v 36.301186 1.565532 -5.136047
v 36.301186 -0.039983 -5.136047
v 36.094059 -0.039983 -5.136467
v 36.094059 1.565532 -5.136467
v 36.301575 1.565532 -5.327361
v 36.301575 -0.039983 -5.327361
v 36.094448 -0.039983 -5.327781
v 36.094448 1.565532 -5.327781
v 33.588909 1.565532 -5.141541
v 33.588909 -0.039983 -5.141541
v 33.589298 -0.039983 -5.332854
v 33.589298 1.565532 -5.332854
v 33.814091 1.565532 -5.332399
v 33.813705 1.565532 -5.141085
v 33.813705 -0.039983 -5.141085
v 33.814091 -0.039983 -5.332399
v 33.591454 -0.039983 -6.397891
v 33.591454 1.565532 -6.397891
v 33.816250 1.565532 -6.397436
v 33.816250 -0.039983 -6.397436
v 31.545517 -0.039983 -7.887021
v 31.545517 1.565532 -7.887021
v 31.545176 -0.039983 -7.718213
v 31.545176 1.565532 -7.718213
v 28.766636 -0.039983 -7.892648
v 28.766636 1.565532 -7.892648
v 28.766294 -0.039983 -7.723841
v 28.766294 1.565532 -7.723841
v 28.973421 -0.039983 -7.723421
v 28.973421 1.565532 -7.723421
v 28.973763 -0.039983 -7.892229
v 28.973763 1.565532 -7.892229
v 28.771296 1.565532 -10.193047
v 28.771296 -0.039983 -10.193047
v 28.978420 -0.039983 -10.192628
v 28.978420 1.565532 -10.192628
v 28.770906 1.565532 -10.001735
v 28.770906 -0.039983 -10.001735
v 28.978033 -0.039983 -10.001314
v 28.978033 1.565532 -10.001314
v 31.483572 1.565532 -10.187554
v 31.483572 -0.039983 -10.187554
v 31.483183 -0.039983 -9.996242
v 31.483183 1.565532 -9.996242
v 31.258389 1.565532 -9.996696
v 31.258776 1.565532 -10.188010
v 31.258776 -0.039983 -10.188010
v 31.258389 -0.039983 -9.996696
v 31.481030 -0.039983 -8.931205
v 31.481030 1.565532 -8.931205
v 31.256231 1.565532 -8.931659
v 31.256231 -0.039983 -8.931659
v 31.641300 -0.039983 -2.913080
v 31.641300 1.565532 -2.913080
v 31.640957 -0.039983 -2.744272
v 31.640957 1.565532 -2.744272
v 28.862417 -0.039983 -2.918708
v 28.862417 1.565532 -2.918708
v 28.862076 -0.039983 -2.749900
v 28.862076 1.565532 -2.749900
v 29.069202 -0.039983 -2.749480
v 29.069202 1.565532 -2.749480
v 29.069546 -0.039983 -2.918288
v 29.069546 1.565532 -2.918288
v 28.867079 1.565532 -5.219106
v 28.867079 -0.039983 -5.219106
v 29.074202 -0.039983 -5.218687
v 29.074202 1.565532 -5.218687
v 28.866690 1.565532 -5.027792
v 28.866690 -0.039983 -5.027792
v 29.073816 -0.039983 -5.027373
v 29.073816 1.565532 -5.027373
v 31.579353 1.565532 -5.213614
v 31.579353 -0.039983 -5.213614
v 31.578966 -0.039983 -5.022300
v 31.578966 1.565532 -5.022300
v 31.354172 1.565532 -5.022755
v 31.354557 1.565532 -5.214068
v 31.354557 -0.039983 -5.214068
v 31.354172 -0.039983 -5.022755
v 31.576809 -0.039983 -3.957263
v 31.576809 1.565532 -3.957263
v 31.352013 1.565532 -3.957718
v 31.352013 -0.039983 -3.957718
v 23.531059 -0.039983 -13.160804
v 23.531059 1.565532 -13.160804
v 23.530720 -0.039983 -12.991996
v 23.530720 1.565532 -12.991996
v 20.752178 -0.039983 -13.166432
v 20.752178 1.565532 -13.166432
v 20.751839 -0.039983 -12.997624
v 20.751839 1.565532 -12.997624
v 20.958963 -0.039983 -12.997205
v 20.958963 1.565532 -12.997205
v 20.959305 -0.039983 -13.166012
v 20.959305 1.565532 -13.166012
v 20.756838 1.565532 -15.466831
v 20.756838 -0.039983 -15.466831
v 20.963964 -0.039983 -15.466411
v 20.963964 1.565532 -15.466411
v 20.756449 1.565532 -15.275517
v 20.756449 -0.039983 -15.275517
v 20.963577 -0.039983 -15.275097
v 20.963577 1.565532 -15.275097
v 23.469114 1.565532 -15.461338
v 23.469114 -0.039983 -15.461338
v 23.468725 -0.039983 -15.270023
v 23.468725 1.565532 -15.270023
v 23.243931 1.565532 -15.270479
v 23.244318 1.565532 -15.461792
v 23.244318 -0.039983 -15.461792
v 23.243931 -0.039983 -15.270479
v 23.466570 -0.039983 -14.204987
v 23.466570 1.565532 -14.204987
v 23.241774 1.565532 -14.205443
v 23.241774 -0.039983 -14.205443
v 25.938437 -0.039983 -12.546835
v 25.938437 1.565532 -12.546835
v 25.938780 -0.039983 -12.715644
v 25.938780 1.565532 -12.715644
v 28.717318 -0.039983 -12.541208
v 28.717318 1.565532 -12.541208
v 28.717661 -0.039983 -12.710016
v 28.717661 1.565532 -12.710016
v 28.510534 -0.039983 -12.710437
v 28.510534 1.565532 -12.710437
v 28.510193 -0.039983 -12.541628
v 28.510193 1.565532 -12.541628
v 28.712660 1.565532 -10.240809
v 28.712660 -0.039983 -10.240809
v 28.505533 -0.039983 -10.241229
v 28.505533 1.565532 -10.241229
v 28.713045 1.565532 -10.432122
v 28.713045 -0.039983 -10.432122
v 28.505922 -0.039983 -10.432543
v 28.505922 1.565532 -10.432543
v 26.000383 1.565532 -10.246303
v 26.000383 -0.039983 -10.246303
v 26.000771 -0.039983 -10.437616
v 26.000771 1.565532 -10.437616
v 26.225567 1.565532 -10.437161
v 26.225180 1.565532 -10.245847
v 26.225180 -0.039983 -10.245847
v 26.225567 -0.039983 -10.437161
v 26.002926 -0.039983 -11.502653
v 26.002926 1.565532 -11.502653
v 26.227724 1.565532 -11.502198
v 26.227724 -0.039983 -11.502198
v 25.957338 -0.039983 -17.583529
v 25.957338 1.565532 -17.583529
v 25.957678 -0.039983 -17.752337
v 25.957678 1.565532 -17.752337
v 28.736219 -0.039983 -17.577902
v 28.736219 1.565532 -17.577902
v 28.736559 -0.039983 -17.746710
v 28.736559 1.565532 -17.746710
v 28.529436 -0.039983 -17.747129
v 28.529436 1.565532 -17.747129
v 28.529095 -0.039983 -17.578320
v 28.529095 1.565532 -17.578320
v 28.731562 1.565532 -15.277502
v 28.731562 -0.039983 -15.277502
v 28.524433 -0.039983 -15.277923
v 28.524433 1.565532 -15.277923
v 28.731949 1.565532 -15.468816
v 28.731949 -0.039983 -15.468816
v 28.524824 -0.039983 -15.469234
v 28.524824 1.565532 -15.469234
v 26.019285 1.565532 -15.282996
v 26.019285 -0.039983 -15.282996
v 26.019672 -0.039983 -15.474310
v 26.019672 1.565532 -15.474310
v 26.244469 1.565532 -15.473853
v 26.244081 1.565532 -15.282541
v 26.244081 -0.039983 -15.282541
v 26.244469 -0.039983 -15.473853
v 26.021828 -0.039983 -16.539347
v 26.021828 1.565532 -16.539347
v 26.246626 1.565532 -16.538891
v 26.246626 -0.039983 -16.538891
v 25.944181 -0.039983 -15.078493
v 25.944181 1.565532 -15.078493
v 25.944523 -0.039983 -15.247300
v 25.944523 1.565532 -15.247300
v 28.723064 -0.039983 -15.072865
v 28.723064 1.565532 -15.072865
v 28.723404 -0.039983 -15.241673
v 28.723404 1.565532 -15.241673
v 28.516277 -0.039983 -15.242092
v 28.516277 1.565532 -15.242092
v 28.515936 -0.039983 -15.073284
v 28.515936 1.565532 -15.073284
v 28.718403 1.565532 -12.772467
v 28.718403 -0.039983 -12.772467
v 28.511278 -0.039983 -12.772886
v 28.511278 1.565532 -12.772886
v 28.718792 1.565532 -12.963780
v 28.718792 -0.039983 -12.963780
v 28.511665 -0.039983 -12.964199
v 28.511665 1.565532 -12.964199
v 26.006126 1.565532 -12.777960
v 26.006126 -0.039983 -12.777960
v 26.006516 -0.039983 -12.969274
v 26.006516 1.565532 -12.969274
v 26.231310 1.565532 -12.968817
v 26.230923 1.565532 -12.777505
v 26.230923 -0.039983 -12.777505
v 26.231310 -0.039983 -12.968817
v 26.008671 -0.039983 -14.034309
v 26.008671 1.565532 -14.034309
v 26.233467 1.565532 -14.033854
v 26.233467 -0.039983 -14.033854
v 23.500370 -0.039983 -15.662150
v 23.500370 1.565532 -15.662150
v 23.500027 -0.039983 -15.493341
v 23.500027 1.565532 -15.493341
v 20.721489 -0.039983 -15.667777
v 20.721489 1.565532 -15.667777
v 20.721148 -0.039983 -15.498969
v 20.721148 1.565532 -15.498969
v 20.928272 -0.039983 -15.498550
v 20.928272 1.565532 -15.498550
v 20.928616 -0.039983 -15.667358
v 20.928616 1.565532 -15.667358
v 20.726147 1.565532 -17.968178
v 20.726147 -0.039983 -17.968178
v 20.933273 -0.039983 -17.967756
v 20.933273 1.565532 -17.967756
v 20.725761 1.565532 -17.776861
v 20.725761 -0.039983 -17.776861
v 20.932886 -0.039983 -17.776443
v 20.932886 1.565532 -17.776443
v 23.438423 1.565532 -17.962683
v 23.438423 -0.039983 -17.962683
v 23.438038 -0.039983 -17.771370
v 23.438038 1.565532 -17.771370
v 23.213240 1.565532 -17.771824
v 23.213627 1.565532 -17.963139
v 23.213627 -0.039983 -17.963139
v 23.213240 -0.039983 -17.771824
v 23.435881 -0.039983 -16.706331
v 23.435881 1.565532 -16.706331
v 23.211082 1.565532 -16.706787
v 23.211082 -0.039983 -16.706787
v 23.596151 -0.039983 -10.688208
v 23.596151 1.565532 -10.688208
v 23.595810 -0.039983 -10.519400
v 23.595810 1.565532 -10.519400
v 20.817270 -0.039983 -10.693836
v 20.817270 1.565532 -10.693836
v 20.816929 -0.039983 -10.525029
v 20.816929 1.565532 -10.525029
v 21.024055 -0.039983 -10.524609
v 21.024055 1.565532 -10.524609
v 21.024397 -0.039983 -10.693416
v 21.024397 1.565532 -10.693416
v 20.821930 1.565532 -12.994235
v 20.821930 -0.039983 -12.994235
v 21.029057 -0.039983 -12.993815
v 21.029057 1.565532 -12.993815
v 20.821541 1.565532 -12.802921
v 20.821541 -0.039983 -12.802921
v 21.028667 -0.039983 -12.802502
v 21.028667 1.565532 -12.802502
v 23.534206 1.565532 -12.988742
v 23.534206 -0.039983 -12.988742
v 23.533817 -0.039983 -12.797428
v 23.533817 1.565532 -12.797428
v 23.309021 1.565532 -12.797883
v 23.309410 1.565532 -12.989197
v 23.309410 -0.039983 -12.989197
v 23.309021 -0.039983 -12.797883
v 23.531664 -0.039983 -11.732391
v 23.531664 1.565532 -11.732391
v 23.306866 1.565532 -11.732847
v 23.306866 -0.039983 -11.732847
v 23.531059 -0.039983 -5.637203
v 23.531059 1.565532 -5.637203
v 23.530720 -0.039983 -5.468394
v 23.530720 1.565532 -5.468394
v 20.752178 -0.039983 -5.642830
v 20.752178 1.565532 -5.642830
v 20.751839 -0.039983 -5.474022
v 20.751839 1.565532 -5.474022
v 20.958963 -0.039983 -5.473603
v 20.958963 1.565532 -5.473603
v 20.959305 -0.039983 -5.642411
v 20.959305 1.565532 -5.642411
v 20.756838 1.565532 -7.943229
v 20.756838 -0.039983 -7.943229
v 20.963964 -0.039983 -7.942809
v 20.963964 1.565532 -7.942809
v 20.756449 1.565532 -7.751915
v 20.756449 -0.039983 -7.751915
v 20.963577 -0.039983 -7.751495
v 20.963577 1.565532 -7.751495
v 23.469114 1.565532 -7.937736
v 23.469114 -0.039983 -7.937736
v 23.468725 -0.039983 -7.746421
v 23.468725 1.565532 -7.746421
v 23.243931 1.565532 -7.746877
v 23.244318 1.565532 -7.938190
v 23.244318 -0.039983 -7.938190
v 23.243931 -0.039983 -7.746877
v 23.466570 -0.039983 -6.681386
v 23.466570 1.565532 -6.681386
v 23.241774 1.565532 -6.681841
v 23.241774 -0.039983 -6.681841
v 25.938437 -0.039983 -5.023235
v 25.938437 1.565532 -5.023235
v 25.938780 -0.039983 -5.192043
v 25.938780 1.565532 -5.192043
v 28.717318 -0.039983 -5.017606
v 28.717318 1.565532 -5.017606
v 28.717661 -0.039983 -5.186415
v 28.717661 1.565532 -5.186415
v 28.510534 -0.039983 -5.186834
v 28.510534 1.565532 -5.186834
v 28.510193 -0.039983 -5.018026
v 28.510193 1.565532 -5.018026
v 28.712660 1.565532 -2.717208
v 28.712660 -0.039983 -2.717208
v 28.505533 -0.039983 -2.717628
v 28.505533 1.565532 -2.717628
v 28.713045 1.565532 -2.908522
v 28.713045 -0.039983 -2.908522
v 28.505922 -0.039983 -2.908942
v 28.505922 1.565532 -2.908942
v 26.000383 1.565532 -2.722701
v 26.000383 -0.039983 -2.722701
v 26.000771 -0.039983 -2.914015
v 26.000771 1.565532 -2.914015
v 26.225567 1.565532 -2.913559
v 26.225180 1.565532 -2.722246
v 26.225180 -0.039983 -2.722246
v 26.225567 -0.039983 -2.913559
v 26.002926 -0.039983 -3.979052
v 26.002926 1.565532 -3.979052
v 26.227724 1.565532 -3.978596
v 26.227724 -0.039983 -3.978596
v 25.957338 -0.039983 -10.059927
v 25.957338 1.565532 -10.059927
v 25.957678 -0.039983 -10.228735
v 25.957678 1.565532 -10.228735
v 28.736219 -0.039983 -10.054299
v 28.736219 1.565532 -10.054299
v 28.736559 -0.039983 -10.223106
v 28.736559 1.565532 -10.223106
v 28.529436 -0.039983 -10.223527
v 28.529436 1.565532 -10.223527
v 28.529095 -0.039983 -10.054718
v 28.529095 1.565532 -10.054718
v 28.731562 1.565532 -7.753901
v 28.731562 -0.039983 -7.753901
v 28.524433 -0.039983 -7.754320
v 28.524433 1.565532 -7.754320
v 28.731949 1.565532 -7.945215
v 28.731949 -0.039983 -7.945215
v 28.524824 -0.039983 -7.945634
v 28.524824 1.565532 -7.945634
v 26.019285 1.565532 -7.759394
v 26.019285 -0.039983 -7.759394
v 26.019672 -0.039983 -7.950707
v 26.019672 1.565532 -7.950707
v 26.244469 1.565532 -7.950252
v 26.244081 1.565532 -7.758939
v 26.244081 -0.039983 -7.758939
v 26.244469 -0.039983 -7.950252
v 26.021828 -0.039983 -9.015744
v 26.021828 1.565532 -9.015744
v 26.246626 1.565532 -9.015289
v 26.246626 -0.039983 -9.015289
v 25.944181 -0.039983 -7.554891
v 25.944181 1.565532 -7.554891
v 25.944523 -0.039983 -7.723699
v 25.944523 1.565532 -7.723699
v 28.723064 -0.039983 -7.549263
v 28.723064 1.565532 -7.549263
v 28.723404 -0.039983 -7.718071
v 28.723404 1.565532 -7.718071
v 28.516277 -0.039983 -7.718490
v 28.516277 1.565532 -7.718490
v 28.515936 -0.039983 -7.549683
v 28.515936 1.565532 -7.549683
v 28.718403 1.565532 -5.248865
v 28.718403 -0.039983 -5.248865
v 28.511278 -0.039983 -5.249284
v 28.511278 1.565532 -5.249284
v 28.718792 1.565532 -5.440178
v 28.718792 -0.039983 -5.440178
v 28.511665 -0.039983 -5.440598
v 28.511665 1.565532 -5.440598
v 26.006126 1.565532 -5.254358
v 26.006126 -0.039983 -5.254358
v 26.006516 -0.039983 -5.445672
v 26.006516 1.565532 -5.445672
v 26.231310 1.565532 -5.445216
v 26.230923 1.565532 -5.253903
v 26.230923 -0.039983 -5.253903
v 26.231310 -0.039983 -5.445216
v 26.008671 -0.039983 -6.510707
v 26.008671 1.565532 -6.510707
v 26.233467 1.565532 -6.510253
v 26.233467 -0.039983 -6.510253
v 23.500370 -0.039983 -8.138548
v 23.500370 1.565532 -8.138548
v 23.500027 -0.039983 -7.969739
v 23.500027 1.565532 -7.969739
v 20.721489 -0.039983 -8.144175
v 20.721489 1.565532 -8.144175
v 20.721148 -0.039983 -7.975368
v 20.721148 1.565532 -7.975368
v 20.928272 -0.039983 -7.974948
v 20.928272 1.565532 -7.974948
v 20.928616 -0.039983 -8.143756
v 20.928616 1.565532 -8.143756
v 20.726147 1.565532 -10.444574
v 20.726147 -0.039983 -10.444574
v 20.933273 -0.039983 -10.444154
v 20.933273 1.565532 -10.444154
v 20.725761 1.565532 -10.253261
v 20.725761 -0.039983 -10.253261
v 20.932886 -0.039983 -10.252841
v 20.932886 1.565532 -10.252841
v 23.438423 1.565532 -10.439081
v 23.438423 -0.039983 -10.439081
v 23.438038 -0.039983 -10.247767
v 23.438038 1.565532 -10.247767
v 23.213240 1.565532 -10.248223
v 23.213627 1.565532 -10.439536
v 23.213627 -0.039983 -10.439536
v 23.213240 -0.039983 -10.248223
v 23.435881 -0.039983 -9.182731
v 23.435881 1.565532 -9.182731
v 23.211082 1.565532 -9.183187
v 23.211082 -0.039983 -9.183187
v 23.596151 -0.039983 -3.164607
v 23.596151 1.565532 -3.164607
v 23.595810 -0.039983 -2.995799
v 23.595810 1.565532 -2.995799
v 20.817270 -0.039983 -3.170234
v 20.817270 1.565532 -3.170234
v 20.816929 -0.039983 -3.001426
v 20.816929 1.565532 -3.001426
v 21.024055 -0.039983 -3.001007
v 21.024055 1.565532 -3.001007
v 21.024397 -0.039983 -3.169815
v 21.024397 1.565532 -3.169815
v 20.821930 1.565532 -5.470633
v 20.821930 -0.039983 -5.470633
v 21.029057 -0.039983 -5.470213
v 21.029057 1.565532 -5.470213
v 20.821541 1.565532 -5.279319
v 20.821541 -0.039983 -5.279319
v 21.028667 -0.039983 -5.278900
v 21.028667 1.565532 -5.278900
v 23.534206 1.565532 -5.465140
v 23.534206 -0.039983 -5.465140
v 23.533817 -0.039983 -5.273827
v 23.533817 1.565532 -5.273827
v 23.309021 1.565532 -5.274282
v 23.309410 1.565532 -5.465595
v 23.309410 -0.039983 -5.465595
v 23.309021 -0.039983 -5.274282
v 23.531664 -0.039983 -4.208790
v 23.531664 1.565532 -4.208790
v 23.306866 1.565532 -4.209245
v 23.306866 -0.039983 -4.209245
v 21.045467 6.721557 -24.347828
v 21.045467 -0.011537 -24.347828
v 13.780131 6.721557 -17.175398
v 13.780131 -0.011537 -17.175398
v 15.256561 6.721557 -18.632946
v 15.256561 -0.011537 -18.632946
v 13.014242 -0.023344 -20.964272
v 13.014242 0.924827 -20.964272
v 13.716138 -0.023344 -21.601742
v 13.716138 0.924827 -21.601742
v 15.197476 -0.023344 -18.664341
v 15.197476 0.924827 -18.664341
v 15.899371 -0.023344 -19.301811
v 15.899371 0.924827 -19.301811
v 14.478757 -0.023344 -20.798359
v 14.478757 0.924827 -20.798359
v 13.776863 -0.023344 -20.160891
v 13.776863 0.924827 -20.160891
v 16.711885 0.924827 -24.445484
v 16.711885 -0.023344 -24.445484
v 17.474503 -0.023344 -23.642099
v 17.474503 0.924827 -23.642099
v 16.853664 6.721557 -2.159425
v 16.853664 -0.011537 -2.159425
v 16.853664 6.721557 -2.159425
v 16.853664 -0.011537 -2.159425
v 16.853664 6.721557 -2.159425
v 16.853664 -0.011537 -2.159425
v 17.922829 6.721557 -1.117398
v 17.922829 -0.011537 -1.117398
v 27.608000 6.721557 4.797072
v 28.339382 6.721557 4.046644
v 27.608000 -0.011537 4.797072
v 28.339382 -0.011537 4.046644
v 9.422522 6.721557 5.465238
v 9.422522 -0.011537 5.465238
v 9.422522 6.721557 5.465238
v 9.422522 -0.011537 5.465238
v 9.422522 6.721557 5.465238
v 9.422522 -0.011537 5.465238
v 10.491686 6.721557 6.507265
v 10.491686 -0.011537 6.507265
v 12.310550 6.721556 14.467106
v 12.310550 -0.011536 14.467106
v 13.612237 6.721556 14.134956
v 13.612237 -0.011536 14.134956
v 14.424522 6.721557 0.459564
v 14.424522 -0.011537 0.459564
v 14.424522 6.721557 0.459564
v 14.424522 -0.011537 0.459564
v 14.424522 6.721557 0.459564
v 14.424522 -0.011537 0.459564
v 15.493686 6.721557 1.501591
v 15.493686 -0.011537 1.501591
v 12.269859 6.721557 2.799129
v 12.269859 -0.011537 2.799129
v 12.269859 6.721557 2.799129
v 12.269859 -0.011537 2.799129
v 12.269859 6.721557 2.799129
v 12.269859 -0.011537 2.799129
v 13.339023 6.721557 3.841156
v 13.339023 -0.011537 3.841156
v 14.247220 -0.044405 7.260472
v 13.152563 0.780745 7.896599
v 17.153896 -0.044405 3.955440
v 17.644993 0.780745 2.788489
v 15.353552 -0.044405 8.233459
v 14.862461 0.780745 9.400404
v 18.260231 -0.044405 4.928426
v 19.354893 0.780745 4.292294
v 14.247220 0.143185 7.260472
v 14.247220 0.343727 7.260472
v 17.153896 0.343727 3.955440
v 17.153896 0.143185 3.955440
v 18.260231 0.343727 4.928426
v 18.260231 0.143185 4.928426
v 15.353552 0.343727 8.233459
v 15.353552 0.143185 8.233459
v 17.137003 -0.044405 9.909441
v 16.042347 0.780745 10.545568
v 20.043682 -0.044405 6.604409
v 20.534779 0.780745 5.437458
v 18.243336 -0.044405 10.882427
v 17.752245 0.780745 12.049373
v 21.150015 -0.044405 7.577395
v 22.244678 0.780745 6.941263
v 17.137003 0.143185 9.909441
v 17.137003 0.343727 9.909441
v 20.043682 0.343727 6.604409
v 20.043682 0.143185 6.604409
v 21.150015 0.343727 7.577395
v 21.150015 0.143185 7.577395
v 18.243336 0.343727 10.882427
v 18.243336 0.143185 10.882427
v 20.032141 -0.044405 12.665438
v 18.937485 0.780745 13.301565
v 22.938820 -0.044405 9.360407
v 23.429916 0.780745 8.193455
v 21.138472 -0.044405 13.638425
v 20.647383 0.780745 14.805370
v 24.045153 -0.044405 10.333393
v 25.139812 0.780745 9.697260
v 20.032141 0.143185 12.665438
v 20.032141 0.343727 12.665438
v 22.938820 0.343727 9.360407
v 22.938820 0.143185 9.360407
v 24.045153 0.343727 10.333393
v 24.045153 0.143185 10.333393
v 21.138472 0.343727 13.638425
v 21.138472 0.143185 13.638425
v 13.490424 6.721557 17.240629
v 13.490424 -0.011537 17.240629
v 8.081532 6.721557 16.871334
v 8.081532 -0.011537 16.871334
v 10.025519 6.721557 17.004061
v 10.025519 -0.011537 17.004061
v -3.146486 -0.011908 22.963032
v -3.146486 -0.011908 20.655602
v 2.761520 -0.011908 20.751930
v 0.884470 -0.011908 22.963032
v 0.884470 -0.011908 20.655602
v 2.761520 -0.011908 23.059361
v -3.146486 2.350259 22.963032
v -3.146486 2.890942 22.422350
v 0.884470 2.890942 22.422350
v 0.884470 2.350259 22.963032
v -3.146486 2.890942 21.254839
v -3.146486 2.291705 20.655602
v 0.884470 2.291705 20.655602
v 0.884470 2.890942 21.254839
v 6.792476 -0.011908 23.059361
v 6.792476 -0.011908 20.751930
v 2.761520 2.350259 23.059361
v 2.761520 2.890942 22.518677
v 6.792476 2.890942 22.518677
v 6.792476 2.350259 23.059361
v 2.761520 2.890942 21.351166
v 2.761520 2.291705 20.751930
v 6.792476 2.291705 20.751930
v 6.792476 2.890942 21.351166
v -3.082268 -0.011908 25.182934
v -3.082268 -0.011908 27.490364
v 0.948687 -0.011908 27.490364
v 0.948687 -0.011908 25.182934
v -3.082268 2.350259 27.490364
v -3.082268 2.890942 26.949682
v 0.948687 2.890942 26.949682
v 0.948687 2.350259 27.490364
v -3.082268 2.890942 25.782171
v -3.082268 2.291705 25.182934
v 0.948687 2.291705 25.182934
v 0.948687 2.890942 25.782171
v 2.954173 -0.011908 25.279261
v 2.954173 -0.011908 27.586691
v 6.985128 -0.011908 27.586691
v 6.985128 -0.011908 25.279261
v 2.954173 2.350259 27.586691
v 2.954173 2.890942 27.046007
v 6.985128 2.890942 27.046007
v 6.985128 2.350259 27.586691
v 2.954173 2.890942 25.878496
v 2.954173 2.291705 25.279261
v 6.985128 2.291705 25.279261
v 6.985128 2.890942 25.878496
v 4.727528 -0.011537 16.642336
v 4.727528 6.721557 16.642336
v 8.081532 -0.011537 16.871334
v 8.081532 6.721557 16.871334
v 4.742543 -0.011537 16.422422
v 4.742543 6.721557 16.422422
v 8.096546 -0.011537 16.651419
v 8.096546 6.721557 16.651419
v 13.467037 -0.011537 17.583168
v 13.467037 6.721557 17.583168
v 10.002133 6.721557 17.346600
v 10.002133 -0.011537 17.346600
v 21.176462 -0.011537 -24.215134
v 21.176462 6.721557 -24.215134
v 15.387555 6.721557 -18.500254
v 15.387555 -0.011537 -18.500254
v 20.293835 -0.044405 -33.026402
v 22.043892 -0.044405 -31.042593
v 17.116520 5.838026 -29.307693
v 18.000877 5.867295 -26.971697
v 20.293835 5.867295 -33.026402
v 22.043892 5.867295 -31.042593
v 22.043892 1.576224 -31.042593
v 20.293835 3.017636 -33.026402
v 20.293835 1.496259 -33.026402
v 16.590179 3.175492 -29.334415
v 16.206169 4.114001 -28.685360
v 20.293835 4.442465 -33.026402
v 20.293835 5.154880 -33.026402
v 16.431599 5.192482 -28.727312
v 22.043892 4.794527 -31.042593
v 22.043892 3.721759 -31.042593
v 22.043892 2.648992 -31.042593
v 18.047836 2.551555 -27.285728
v 18.000877 3.695220 -26.971697
v 18.000877 4.781257 -26.971697
v -51.548698 5.952378 39.866871
v 49.296803 5.952378 39.866871
v -51.548698 5.952378 -60.978558
v 49.296803 5.952378 -60.978558
v -6.381553 4.496731 30.058535
v -1.371175 4.496731 30.058535
v -6.381553 3.113266 30.058535
v -1.371175 3.113266 30.058535
v -1.308922 4.496731 30.066843
v 3.701457 4.496731 30.066843
v -1.308922 3.113266 30.066843
v 3.701457 3.113266 30.066843
v 5.927411 4.496731 30.561514
v 9.584512 4.496731 27.136675
v 5.927411 3.113266 30.561514
v 9.584512 3.113266 27.136675
v 9.635629 4.496731 27.100187
v 13.292730 4.496731 23.675350
v 9.635629 3.113266 27.100187
v 13.292730 3.113266 23.675350
v 19.400576 4.496731 17.132885
v 22.972256 4.496731 13.619056
v 19.400576 3.113266 17.132885
v 22.972256 3.113266 13.619056
v 23.022459 4.496731 13.581319
v 26.594137 4.496731 10.067491
v 23.022459 3.113266 13.581319
v 26.594137 3.113266 10.067491
v 32.548595 4.496731 3.878548
v 36.120274 4.496731 0.364720
v 32.548595 3.113266 3.878548
v 36.120274 3.113266 0.364720
v 36.170475 4.496731 0.326983
v 39.742157 4.496731 -3.186845
v 36.170475 3.113266 0.326983
v 39.742157 3.113266 -3.186845
v 39.864582 4.496731 -4.677543
v 39.827808 4.496731 -9.687784
v 39.864582 3.113266 -4.677543
v 39.827808 3.113266 -9.687784
v 39.835659 4.496731 -9.750096
v 39.798885 4.496731 -14.760338
v 39.835659 3.113266 -9.750096
v 39.798885 3.113266 -14.760338
v 32.073177 4.496731 -23.068592
v 27.062899 4.496731 -23.099522
v 32.073177 3.113266 -23.068592
v 27.062899 3.113266 -23.099522
v 27.000698 4.496731 -23.108213
v 21.990416 4.496731 -23.139141
v 27.000698 3.113266 -23.108213
v 21.990416 3.113266 -23.139141
v 13.232659 4.496731 -32.165054
v 13.191296 4.496731 -37.175262
v 13.232659 3.113266 -32.165054
v 13.191296 3.113266 -37.175262
v 13.199088 4.496731 -37.237576
v 13.157723 4.496731 -42.247787
v 13.199088 3.113266 -37.237576
v 13.157723 3.113266 -42.247787
v 13.169950 4.496731 -43.002617
v 9.660480 4.496731 -46.578575
v 13.169950 3.113266 -43.002617
v 9.660480 3.113266 -46.578575
v 9.622806 4.496731 -46.628822
v 6.113333 4.496731 -50.204781
v 9.622806 3.113266 -46.628822
v 6.113333 3.113266 -50.204781
v 5.143977 4.496731 -49.938946
v 0.133684 4.496731 -49.910545
v 5.143977 3.113266 -49.938946
v 0.133684 3.113266 -49.910545
v 0.071387 4.496731 -49.918495
v -4.938908 4.496731 -49.890099
v 0.071387 3.113266 -49.918495
v -4.938908 3.113266 -49.890099
v -13.333177 4.496731 -41.417728
v -13.360459 4.496731 -36.407429
v -13.333177 3.113266 -41.417728
v -13.360459 3.113266 -36.407429
v -13.369100 4.496731 -36.345222
v -13.396381 4.496731 -31.334921
v -13.369100 3.113266 -36.345222
v -13.396381 3.113266 -31.334921
v -22.122080 4.496731 -23.034964
v -27.132248 4.496731 -22.989777
v -22.122080 3.113266 -23.034964
v -27.132248 3.113266 -22.989777
v -27.194572 4.496731 -22.997519
v -32.204742 4.496731 -22.952332
v -27.194572 3.113266 -22.997519
v -32.204742 3.113266 -22.952332
v -39.869072 4.496731 -14.450404
v -39.816425 4.496731 -9.440307
v -39.869072 3.113266 -14.450404
v -39.816425 3.113266 -9.440307
v -39.824074 4.496731 -9.377973
v -39.771427 4.496731 -4.367876
v -39.824074 3.113266 -9.377973
v -39.771427 3.113266 -4.367876
v -26.734074 4.496731 9.933846
v -23.234579 4.496731 13.519565
v -26.734074 3.113266 9.933846
v -23.234579 3.113266 13.519565
v -23.197041 4.496731 13.569913
v -19.697546 4.496731 17.155632
v -23.197041 3.113266 13.569913
v -19.697546 3.113266 17.155632
v -51.548698 0.031959 -60.978558
v -51.548698 0.031959 39.866871
v 49.296803 0.031959 39.866871
v 49.296803 0.031959 -60.978558
vn 0.6961 -0.0000 -0.7180
vn 0.7127 -0.0000 0.7015
vn -0.0041 -0.0000 -1.0000
vn 1.0000 -0.0000 0.0083
vn -0.6837 -0.0000 -0.7297
vn 0.7155 -0.0000 0.6986
vn -1.0000 -0.0000 -0.0080
vn 0.0041 -0.0000 1.0000
vn -0.0000 -0.0000 -1.0000
vn -0.7099 -0.0000 0.7043
vn -0.6987 -0.0000 -0.7154
vn -0.9999 -0.0000 0.0123
vn -0.9999 -0.0000 0.0161
vn -0.7160 -0.0000 0.6981
vn 0.0252 -0.0000 -0.9997
vn 0.7042 -0.0000 -0.7100
vn -0.6929 -0.0000 -0.7210
vn 0.0159 -0.0000 -0.9999
vn -1.0000 -0.0000 -0.0040
vn -0.7042 -0.0000 0.7100
vn 0.7183 -0.0000 -0.6957
vn 1.0000 -0.0000 0.0033
vn -0.0080 -0.0000 1.0000
vn -0.0083 -0.0000 -1.0000
vn 0.6979 -0.0000 0.7162
vn -0.7023 -0.0000 0.7119
vn 1.0000 -0.0000 -0.0000
vn 0.0121 -0.0000 0.9999
vn 0.0106 -0.4817 0.8763
vn 0.0106 0.4817 0.8763
vn 0.8938 -0.4484 -0.0000
vn 0.8938 0.4484 -0.0000
vn -0.5369 -0.6447 0.5442
vn -0.5369 0.6447 0.5442
vn 0.4435 -0.7721 0.4551
vn 0.4435 0.7721 0.4551
vn -0.0064 -0.6395 -0.7688
vn -0.0064 0.6395 -0.7688
vn -0.0070 -0.4810 0.8767
vn -0.0070 0.4810 0.8767
vn 0.5786 -0.8156 0.0019
vn 0.5786 0.8156 0.0019
vn 0.4825 -0.7409 -0.4673
vn 0.4825 0.7409 -0.4673
vn -0.4584 -0.7591 0.4622
vn -0.4584 0.7591 0.4622
vn 0.7260 -0.6877 0.0060
vn 0.7260 0.6877 0.0060
vn -0.5986 -0.8011 -0.0024
vn -0.5986 0.8011 -0.0024
vn 0.0148 -0.3658 -0.9306
vn 0.0148 0.3658 -0.9306
vn -0.4811 -0.7196 -0.5007
vn -0.4811 0.7196 -0.5007
vn 0.4738 -0.7398 -0.4777
vn 0.4738 0.7398 -0.4777
vn 0.0238 -0.3321 -0.9430
vn 0.0238 0.3321 -0.9430
vn -0.5465 -0.6460 0.5329
vn -0.5465 0.6460 0.5329
vn -0.7530 -0.6579 0.0121
vn -0.7530 0.6579 0.0121
vn -0.9170 -0.3987 0.0113
vn -0.9170 0.3987 0.0113
vn -0.4820 -0.7240 -0.4935
vn -0.4820 0.7240 -0.4935
vn -0.4628 -0.7583 0.4591
vn -0.4628 0.7583 0.4591
vn -0.0000 -0.6422 -0.7665
vn -0.0000 0.6422 -0.7665
vn 0.0023 -0.8257 0.5642
vn 0.0023 0.8257 0.5642
vn -0.9173 -0.3981 -0.0073
vn -0.9173 0.3981 -0.0073
vn 0.4556 -0.7711 0.4448
vn 0.4556 0.7711 0.4448
vn -0.4665 -0.7311 -0.4979
vn -0.6838 -0.0000 -0.7297
vn -0.4665 0.7311 -0.4979
vn 0.8927 -0.4505 0.0074
vn 0.8927 0.4505 0.0074
vn -0.0025 -0.7906 -0.6123
vn -0.0025 0.7906 -0.6123
vn 0.5295 -0.6694 0.5212
vn 0.5295 0.6694 0.5212
vn 0.4664 -0.7423 -0.4811
vn 0.4664 0.7423 -0.4811
vn -1.0000 -0.0000 0.0036
vn 0.0278 -0.0000 -0.9996
vn -0.7950 -0.0000 -0.6066
vn -0.9996 -0.0000 -0.0278
vn -1.0000 -0.0000 -0.0035
vn -1.0000 -0.0000 -0.0000
vn -0.9999 -0.0000 0.0119
vn 0.9968 -0.0000 0.0797
vn -0.6852 -0.0000 0.7284
vn -0.7831 -0.0000 0.6219
vn 0.6933 -0.0000 0.7207
vn -0.9168 -0.0000 -0.3992
vn 0.7286 -0.0000 0.6850
vn 0.7146 -0.0000 0.6995
vn 0.0472 -0.0000 -0.9989
vn 0.0079 -0.0000 -1.0000
vn -0.7376 -0.0000 0.6753
vn -0.0000 1.0000 -0.0000
vn -0.6921 -0.0000 -0.7218
vn 0.0227 -0.0000 0.9997
vn -0.9992 -0.0000 0.0403
vn -1.0000 -0.0000 -0.0074
vn 0.0222 -0.0000 -0.9998
vn 0.0127 -0.0000 -0.9999
vn -0.7205 -0.0000 -0.6934
vn -0.9995 -0.0000 -0.0308
vn 0.0026 -0.0000 1.0000
vn -0.9997 -0.0000 -0.0253
vn -0.6950 -0.0000 0.7190
vn -0.7479 -0.0000 -0.6638
vn -0.1826 -0.0000 0.9832
vn -0.0051 -0.0000 -1.0000
vn 0.0460 -0.0000 -0.9989
vn -0.7014 -0.0000 -0.7127
vn 0.7615 -0.0000 -0.6481
vn 0.0227 -0.0000 -0.9997
vn 0.9999 -0.0000 -0.0113
vn 0.7176 -0.0000 -0.6965
vn 1.0000 -0.0000 0.0078
vn 0.6876 -0.0000 0.7261
vn 0.7094 -0.0000 0.7048
vn 0.0084 -0.0000 1.0000
vn 0.0056 -0.0000 1.0000
vn -0.7252 -0.0000 0.6886
vn -0.6848 -0.0000 0.7288
vn 0.5665 -0.0000 0.8240
vn 0.7012 -0.0000 -0.7130
vn 1.0000 -0.0000 0.0079
vn -0.9980 -0.0000 0.0634
vn 0.0029 -0.0000 -1.0000
vn 0.0442 -0.0000 0.9990
vn 0.0054 -0.0000 -1.0000
vn 0.7163 -0.0000 -0.6978
vn -0.9998 -0.0000 0.0221
vn -0.0000 -1.0000 -0.0000
vn -0.6980 -0.0000 0.7161
vn 0.6980 -0.0000 -0.7161
vn -0.7161 -0.0000 -0.6980
vn -0.0025 1.0000 -0.0082
vn 0.7956 -0.0000 0.6058
vn 1.0000 -0.0000 -0.0022
vn 0.6993 -0.0000 -0.7149
vn 0.9214 -0.0000 0.3886
vn -0.0547 -0.0000 0.9985
vn -1.0000 -0.0000 0.0018
vn -0.0411 -0.0000 -0.9992
vn 0.9916 -0.0000 -0.1291
vn 0.0025 -1.0000 0.0082
vn 0.0042 1.0000 -0.0001
vn -0.0042 -1.0000 0.0001
vn 0.7046 -0.0000 -0.7096
vn 0.7096 -0.0000 0.7046
vn -0.7046 -0.0000 0.7096
vn -0.7096 -0.0000 -0.7046
vn -0.6428 -0.0000 0.7660
vn -0.7660 -0.0000 -0.6428
vn 0.6428 -0.0000 -0.7660
vn 0.7660 -0.0000 0.6428
vn 0.6428 -0.0000 -0.7661
vn -0.6428 -0.0000 0.7661
vn 0.7661 -0.0000 0.6428
vn -0.0000 -0.0000 1.0000
vn -0.7071 -0.0000 -0.7071
vn 0.7071 -0.0000 -0.7071
vn 0.7071 -0.0000 0.7071
vn -0.7071 -0.0000 0.7071
vn -0.7361 -0.6769 -0.0000
vn -0.0000 -0.6769 -0.7361
vn 0.7361 -0.6769 -0.0000
vn -0.0000 -0.6769 0.7361
vn 1.0000 -0.0000 0.0020
vn -0.0020 -0.0000 1.0000
vn -1.0000 -0.0000 -0.0020
vn 0.0020 -0.0000 -1.0000
vn -0.7025 -0.0000 -0.7116
vn -0.6723 -0.0000 -0.7403
vn 0.7253 -0.0000 -0.6885
vn 0.6723 -0.0000 0.7403
vn -0.7253 -0.0000 0.6885
vn -0.6885 -0.0000 -0.7253
vn 0.6885 -0.0000 0.7253
vn -0.5212 -0.0000 0.8534
vn -0.2259 -0.9397 0.2568
vn 0.7161 -0.0000 0.6980
vn 0.5212 -0.0000 -0.8534
vn -0.6835 -0.0000 -0.7300
vn 0.6835 -0.0000 0.7300
vn 0.2472 -0.0000 0.9690
vn 0.9255 -0.0000 -0.3786
vn -0.9304 -0.0000 0.3665
vn 0.7332 -0.0000 0.6800
vn -0.7332 -0.0000 -0.6800
vn 0.7509 -0.0000 0.6604
vn 0.5527 -0.6769 0.4861
vn 0.2259 -0.9397 -0.2568
vn -0.5527 -0.6769 -0.4861
vn -0.6604 -0.0000 0.7509
vn 0.6604 -0.0000 -0.7509
vn -0.7509 -0.0000 -0.6604
vn 0.0681 -0.0000 -0.9977
vn -0.0000 0.7071 0.7071
vn -0.0000 0.7071 -0.7071
vn -0.9977 -0.0000 -0.0681
vn 0.9977 -0.0000 0.0681
vn -0.0681 -0.0000 0.9977
vn 0.7025 -0.0000 0.7116
vn 0.7116 -0.0000 -0.7025
vn -0.7116 -0.0000 0.7025
vn -0.7095 -0.0000 -0.7047
vn 0.7479 -0.0965 0.6568
vn 0.7095 -0.0000 0.7047
vn 0.7079 0.0086 0.7062
vn 0.7166 -0.0740 0.6935
vn 0.7976 -0.0489 0.6012
vn 0.7350 -0.0767 0.6737
vn 0.7342 -0.0535 0.6768
vn -0.6938 -0.0913 -0.7143
vn -0.6957 0.0863 -0.7131
vn -0.8188 -0.0000 -0.5740
vn -0.7545 -0.0000 -0.6563
vn -0.7499 -0.0000 0.6615
vn -0.6835 -0.0000 -0.7299
vn -0.7013 -0.0000 -0.7129
vn -1.0000 -0.0000 0.0073
vn -0.0062 -0.0000 1.0000
vn -1.0000 -0.0000 0.0083
vn -0.7137 -0.0000 0.7004
vn 0.0057 -0.0000 1.0000
vn 1.0000 -0.0000 0.0054
vn 0.0090 -0.0000 1.0000
vn 0.9999 -0.0000 -0.0105
vn 0.7157 -0.0000 -0.6985
vn 0.7157 -0.0000 -0.6984
vt 0.682393 0.677518
vt 0.674621 0.677518
vt 0.674621 0.640446
vt 0.682393 0.640446
vt 0.020285 0.647007
vt 0.028057 0.647006
vt 0.028057 0.683276
vt 0.020285 0.683277
vt 0.164621 0.657931
vt 0.156849 0.657931
vt 0.156849 0.589689
vt 0.164621 0.589689
vt 0.141305 0.589689
vt 0.149077 0.589689
vt 0.149077 0.657934
vt 0.141305 0.657934
vt 0.360872 0.685533
vt 0.353100 0.685533
vt 0.353100 0.649843
vt 0.360872 0.649843
vt 0.526201 0.648754
vt 0.533973 0.648753
vt 0.533973 0.684739
vt 0.526201 0.684740
vt 0.215844 0.688709
vt 0.208071 0.688709
vt 0.208071 0.653459
vt 0.215844 0.653459
vt 0.232765 0.655217
vt 0.224993 0.655217
vt 0.224993 0.586693
vt 0.232765 0.586693
vt 0.609577 0.690567
vt 0.601805 0.690567
vt 0.601805 0.657574
vt 0.609577 0.657574
vt 0.526201 0.684764
vt 0.518429 0.684764
vt 0.518429 0.649038
vt 0.526201 0.649038
vt 0.258637 0.684689
vt 0.250865 0.684689
vt 0.250865 0.648442
vt 0.258637 0.648442
vt 0.651916 0.644585
vt 0.644144 0.644585
vt 0.644144 0.575780
vt 0.651916 0.575780
vt 0.583059 0.689416
vt 0.575287 0.689416
vt 0.575287 0.654450
vt 0.583059 0.654450
vt 0.651916 0.717750
vt 0.644144 0.717750
vt 0.644144 0.706497
vt 0.651916 0.706497
vt 0.041155 0.690671
vt 0.033383 0.690671
vt 0.033383 0.657111
vt 0.041155 0.657111
vt 0.198604 0.689484
vt 0.190832 0.689484
vt 0.190832 0.654956
vt 0.198604 0.654956
vt 0.325759 0.684852
vt 0.317987 0.684852
vt 0.317987 0.648883
vt 0.325759 0.648883
vt 0.394161 0.685776
vt 0.386389 0.685776
vt 0.386389 0.650242
vt 0.394161 0.650242
vt 0.460155 0.648996
vt 0.452383 0.648996
vt 0.452383 0.578214
vt 0.460155 0.578214
vt 0.224993 0.655217
vt 0.232765 0.655217
vt 0.232765 0.689339
vt 0.224993 0.689339
vt 0.183059 0.689720
vt 0.175287 0.689720
vt 0.175287 0.654956
vt 0.183059 0.654956
vt 0.427790 0.685727
vt 0.420018 0.685725
vt 0.420018 0.650084
vt 0.427790 0.650085
vt 0.394161 0.650242
vt 0.386389 0.650242
vt 0.386389 0.578171
vt 0.394161 0.578171
vt 0.559832 0.648946
vt 0.552060 0.648946
vt 0.552060 0.578728
vt 0.559832 0.578728
vt 0.689960 0.533839
vt 0.682188 0.533839
vt 0.682188 0.500000
vt 0.689960 0.500000
vt 0.141305 0.690855
vt 0.133533 0.690855
vt 0.133533 0.657934
vt 0.141305 0.657934
vt 0.084162 0.709481
vt 0.076390 0.709481
vt 0.076390 0.694957
vt 0.084162 0.694957
vt 0.601805 0.691131
vt 0.594033 0.691131
vt 0.594033 0.657573
vt 0.601805 0.657573
vt 0.533973 0.648753
vt 0.526201 0.648753
vt 0.526201 0.578820
vt 0.533973 0.578820
vt 0.325759 0.648883
vt 0.317987 0.648883
vt 0.317987 0.578950
vt 0.325759 0.578950
vt 0.644144 0.569933
vt 0.636168 0.575780
vt 0.636168 0.509515
vt 0.644144 0.500000
vt 0.659483 0.566266
vt 0.652119 0.566266
vt 0.652119 0.500000
vt 0.659483 0.500000
vt 0.628192 0.569933
vt 0.628192 0.500000
vt 0.048927 0.690668
vt 0.041155 0.690668
vt 0.041155 0.657111
vt 0.048927 0.657111
vt 0.408575 0.675402
vt 0.400599 0.682090
vt 0.400599 0.650293
vt 0.408575 0.641845
vt 0.307814 0.698422
vt 0.300449 0.698422
vt 0.300449 0.666625
vt 0.307814 0.666625
vt 0.416551 0.682090
vt 0.416551 0.650293
vt 0.690165 0.708516
vt 0.682393 0.708516
vt 0.682393 0.693992
vt 0.690165 0.693992
vt 0.274460 0.687274
vt 0.281186 0.687920
vt 0.281186 0.707208
vt 0.274460 0.707630
vt 0.333312 0.713007
vt 0.325947 0.713007
vt 0.325947 0.699244
vt 0.333312 0.699244
vt 0.111400 0.688314
vt 0.118126 0.687669
vt 0.118126 0.708025
vt 0.111400 0.707602
vt 0.164621 0.690851
vt 0.156849 0.690851
vt 0.156849 0.657931
vt 0.164621 0.657931
vt 0.343523 0.657220
vt 0.333832 0.661048
vt 0.333832 0.617399
vt 0.343523 0.611155
vt 0.623884 0.701347
vt 0.616520 0.701347
vt 0.616520 0.670153
vt 0.623884 0.670153
vt 0.376906 0.661451
vt 0.367216 0.657623
vt 0.367216 0.611557
vt 0.376906 0.617801
vt 0.689960 0.567677
vt 0.682188 0.567677
vt 0.689960 0.533839
vt 0.682188 0.575630
vt 0.674212 0.569879
vt 0.674212 0.537815
vt 0.682188 0.541792
vt 0.350888 0.697664
vt 0.343523 0.697664
vt 0.343523 0.665600
vt 0.350888 0.665600
vt 0.682188 0.532064
vt 0.674212 0.537815
vt 0.674212 0.503977
vt 0.682188 0.500000
vt 0.518429 0.578820
vt 0.526201 0.578820
vt 0.028261 0.647006
vt 0.020285 0.638150
vt 0.020285 0.571614
vt 0.028261 0.576788
vt 0.659281 0.642316
vt 0.651916 0.642316
vt 0.651916 0.575780
vt 0.659281 0.575780
vt 0.062701 0.635214
vt 0.054725 0.644070
vt 0.054725 0.573852
vt 0.062701 0.568679
vt 0.360872 0.649843
vt 0.353100 0.649843
vt 0.353100 0.577771
vt 0.360872 0.577771
vt 0.605276 0.572072
vt 0.594033 0.569525
vt 0.594033 0.501234
vt 0.605276 0.500000
vt 0.500632 0.646866
vt 0.493267 0.646866
vt 0.493267 0.578574
vt 0.500632 0.578574
vt 0.616520 0.569525
vt 0.605276 0.572072
vt 0.605276 0.500000
vt 0.616520 0.501234
vt 0.643940 0.685855
vt 0.636168 0.685854
vt 0.636168 0.650212
vt 0.643940 0.650213
vt 0.293047 0.664710
vt 0.284249 0.662877
vt 0.284249 0.615635
vt 0.293047 0.614853
vt 0.697325 0.533774
vt 0.689960 0.533773
vt 0.689960 0.500000
vt 0.697325 0.500001
vt 0.242481 0.662918
vt 0.233683 0.664750
vt 0.233683 0.614893
vt 0.242481 0.615676
vt 0.590831 0.689213
vt 0.583059 0.689213
vt 0.590831 0.654450
vt 0.594033 0.605457
vt 0.603333 0.611282
vt 0.603333 0.657574
vt 0.594033 0.654311
vt 0.241047 0.697690
vt 0.233683 0.697690
vt 0.233683 0.664750
vt 0.241047 0.664750
vt 0.603333 0.611282
vt 0.612633 0.605457
vt 0.612633 0.654311
vt 0.603333 0.657573
vt 0.217221 0.655217
vt 0.224993 0.689339
vt 0.217221 0.689339
vt 0.442935 0.648033
vt 0.450912 0.644981
vt 0.450912 0.677314
vt 0.442935 0.682156
vt 0.100150 0.665427
vt 0.107514 0.665427
vt 0.107514 0.697760
vt 0.100150 0.697760
vt 0.467365 0.645341
vt 0.475340 0.648393
vt 0.475340 0.682516
vt 0.467365 0.677674
vt 0.493267 0.649356
vt 0.485495 0.649356
vt 0.485495 0.578574
vt 0.493267 0.578574
vt 0.111822 0.563174
vt 0.122496 0.564342
vt 0.122496 0.631412
vt 0.111822 0.633955
vt 0.567196 0.645797
vt 0.559832 0.645797
vt 0.559832 0.578728
vt 0.567196 0.578728
vt 0.122496 0.564342
vt 0.133171 0.563174
vt 0.133171 0.633955
vt 0.122496 0.631412
vt 0.635964 0.686318
vt 0.628192 0.686318
vt 0.628192 0.650785
vt 0.635964 0.650785
vt 0.131088 0.677057
vt 0.123112 0.667625
vt 0.123112 0.633955
vt 0.131088 0.641524
vt 0.697325 0.567508
vt 0.689960 0.567508
vt 0.697325 0.533839
vt 0.087830 0.665539
vt 0.079854 0.674971
vt 0.079854 0.639438
vt 0.087830 0.631869
vt 0.559832 0.684915
vt 0.552060 0.684915
vt 0.300449 0.616565
vt 0.308715 0.612336
vt 0.308715 0.659771
vt 0.300449 0.666625
vt 0.074131 0.695263
vt 0.066766 0.695263
vt 0.066766 0.661180
vt 0.074131 0.661180
vt 0.308715 0.612336
vt 0.316981 0.616565
vt 0.316981 0.666625
vt 0.183059 0.689484
vt 0.183059 0.654956
vt 0.190832 0.654956
vt 0.551671 0.665169
vt 0.542901 0.658025
vt 0.542901 0.612112
vt 0.551671 0.616714
vt 0.541496 0.697886
vt 0.534131 0.697886
vt 0.534131 0.665169
vt 0.541496 0.665169
vt 0.542901 0.658025
vt 0.534132 0.665169
vt 0.534132 0.616714
vt 0.542901 0.612112
vt 0.690165 0.674006
vt 0.682393 0.674006
vt 0.682393 0.640446
vt 0.690165 0.640446
vt 0.681986 0.609340
vt 0.674010 0.616368
vt 0.674010 0.584568
vt 0.681986 0.575780
vt 0.384271 0.697803
vt 0.376906 0.697803
vt 0.376906 0.666003
vt 0.384271 0.666003
vt 0.674621 0.681034
vt 0.666645 0.674006
vt 0.666645 0.640446
vt 0.674621 0.649234
vt 0.682378 0.712272
vt 0.674605 0.712272
vt 0.674605 0.701020
vt 0.682378 0.701020
vt 0.704184 0.536530
vt 0.710935 0.535290
vt 0.710935 0.550218
vt 0.704184 0.552284
vt 0.567385 0.717399
vt 0.560020 0.717399
vt 0.560020 0.706737
vt 0.567385 0.706737
vt 0.704184 0.552284
vt 0.710935 0.553524
vt 0.710935 0.569278
vt 0.704184 0.567212
vt 0.567515 0.689416
vt 0.567515 0.654450
vt 0.062701 0.682004
vt 0.054725 0.677202
vt 0.054725 0.644070
vt 0.062701 0.647038
vt 0.291614 0.697842
vt 0.284249 0.697842
vt 0.284249 0.664710
vt 0.291614 0.664710
vt 0.659892 0.675448
vt 0.651916 0.680250
vt 0.651916 0.645284
vt 0.659892 0.642316
vt 0.333531 0.647755
vt 0.325759 0.647755
vt 0.325759 0.578950
vt 0.333531 0.578950
vt 0.636168 0.644585
vt 0.628192 0.650785
vt 0.628192 0.585589
vt 0.636168 0.575780
vt 0.666645 0.640976
vt 0.659281 0.640976
vt 0.659281 0.575780
vt 0.666645 0.575780
vt 0.427994 0.650084
vt 0.420018 0.643883
vt 0.420018 0.575079
vt 0.427994 0.584887
vt 0.333531 0.684003
vt 0.325759 0.684003
vt 0.325759 0.647755
vt 0.333531 0.647755
vt 0.242481 0.614893
vt 0.250852 0.615887
vt 0.250852 0.664071
vt 0.242481 0.665744
vt 0.300412 0.690061
vt 0.293047 0.690061
vt 0.293047 0.655714
vt 0.300412 0.655714
vt 0.166916 0.622566
vt 0.175287 0.621573
vt 0.175287 0.672424
vt 0.166916 0.670751
vt 0.460155 0.684721
vt 0.452383 0.684721
vt 0.452383 0.648996
vt 0.460155 0.648996
vt 0.033383 0.606662
vt 0.042662 0.602062
vt 0.042662 0.649865
vt 0.033383 0.657111
vt 0.374580 0.695303
vt 0.367216 0.695303
vt 0.367216 0.661451
vt 0.374580 0.661451
vt 0.042662 0.602062
vt 0.051940 0.606662
vt 0.051940 0.657111
vt 0.042662 0.649865
vt 0.156849 0.690924
vt 0.149077 0.690924
vt 0.149077 0.657931
vt 0.156849 0.657931
vt 0.508724 0.678580
vt 0.500748 0.682013
vt 0.500748 0.650750
vt 0.508724 0.645587
vt 0.315178 0.697888
vt 0.307814 0.697888
vt 0.307814 0.666625
vt 0.315178 0.666625
vt 0.483316 0.681767
vt 0.475340 0.678334
vt 0.475340 0.645341
vt 0.483316 0.650504
vt 0.224993 0.655217
vt 0.217221 0.655217
vt 0.217221 0.586693
vt 0.224993 0.586693
vt 0.628192 0.568526
vt 0.616520 0.566994
vt 0.616519 0.502063
vt 0.628192 0.500000
vt 0.666848 0.564931
vt 0.659483 0.564931
vt 0.659483 0.500000
vt 0.666848 0.500000
vt 0.111822 0.630168
vt 0.100150 0.631699
vt 0.100150 0.563174
vt 0.111822 0.565236
vt 0.208071 0.688709
vt 0.200299 0.688709
vt 0.200299 0.653459
vt 0.015952 0.680305
vt 0.007976 0.671782
vt 0.007976 0.638381
vt 0.015952 0.645055
vt 0.697530 0.673847
vt 0.690165 0.673847
vt 0.690165 0.640446
vt 0.697530 0.640446
vt 0.007976 0.671782
vt 0.000000 0.680305
vt 0.000000 0.645055
vt 0.007976 0.638381
vt 0.258637 0.648443
vt 0.266409 0.648442
vt 0.266409 0.684427
vt 0.258637 0.684429
vt 0.577173 0.654450
vt 0.567515 0.647578
vt 0.567515 0.600150
vt 0.577173 0.604396
vt 0.333832 0.661049
vt 0.341197 0.661048
vt 0.341197 0.695147
vt 0.333832 0.695148
vt 0.586831 0.647578
vt 0.577173 0.654450
vt 0.577173 0.604396
vt 0.586831 0.600150
vt 0.493267 0.685047
vt 0.485495 0.685047
vt 0.485495 0.649356
vt 0.493267 0.649356
vt 0.267066 0.614853
vt 0.275612 0.620784
vt 0.275612 0.667289
vt 0.267066 0.663932
vt 0.697286 0.609599
vt 0.689922 0.609599
vt 0.689922 0.575780
vt 0.697286 0.575780
vt 0.275612 0.620784
vt 0.284158 0.614853
vt 0.284158 0.663932
vt 0.275612 0.667289
vt 0.133533 0.589689
vt 0.636168 0.575780
vt 0.644144 0.585546
vt 0.644144 0.650212
vt 0.636168 0.644025
vt 0.666645 0.575780
vt 0.674010 0.575780
vt 0.674010 0.640446
vt 0.666645 0.640446
vt 0.644144 0.509766
vt 0.652119 0.500000
vt 0.652119 0.568245
vt 0.644144 0.574432
vt 0.149077 0.657931
vt 0.149077 0.589689
vt 0.088571 0.564936
vt 0.098868 0.567042
vt 0.098868 0.631707
vt 0.088571 0.633180
vt 0.674212 0.564663
vt 0.666848 0.564663
vt 0.674212 0.500000
vt 0.616519 0.570632
vt 0.626817 0.568526
vt 0.626817 0.636770
vt 0.616520 0.635297
vt 0.508724 0.645588
vt 0.516496 0.645587
vt 0.516496 0.681857
vt 0.508724 0.681858
vt 0.594017 0.650800
vt 0.586831 0.649164
vt 0.586831 0.601171
vt 0.594017 0.600150
vt 0.493267 0.646867
vt 0.500632 0.646866
vt 0.500632 0.681234
vt 0.493267 0.681235
vt 0.467341 0.627228
vt 0.460155 0.628864
vt 0.460155 0.578214
vt 0.467341 0.579235
vt 0.651916 0.681657
vt 0.644144 0.681657
vt 0.644144 0.644585
vt 0.651916 0.644585
vt 0.352359 0.662606
vt 0.343523 0.665600
vt 0.343523 0.616847
vt 0.352359 0.611155
vt 0.567196 0.680925
vt 0.559832 0.680925
vt 0.559832 0.645797
vt 0.567196 0.645797
vt 0.385742 0.666003
vt 0.376906 0.663009
vt 0.376906 0.611557
vt 0.385742 0.617249
vt 0.300449 0.544878
vt 0.300449 0.500000
vt 0.333832 0.500000
vt 0.333832 0.544878
vt 0.697286 0.575780
vt 0.704086 0.575780
vt 0.704086 0.609163
vt 0.697286 0.609163
vt 0.534131 0.578728
vt 0.552060 0.612111
vt 0.534131 0.612112
vt 0.187417 0.621573
vt 0.199168 0.621573
vt 0.199168 0.654956
vt 0.187417 0.654956
vt 0.100150 0.563174
vt 0.100150 0.500000
vt 0.133533 0.500000
vt 0.133533 0.563174
vt 0.567515 0.533384
vt 0.592058 0.533384
vt 0.592058 0.566767
vt 0.567515 0.566767
vt 0.500748 0.541287
vt 0.500748 0.500000
vt 0.534132 0.500000
vt 0.534132 0.541287
vt 0.460155 0.669725
vt 0.466957 0.669725
vt 0.466957 0.703108
vt 0.460155 0.703108
vt 0.066766 0.598323
vt 0.082478 0.598486
vt 0.082478 0.631869
vt 0.066766 0.631706
vt 0.360872 0.611155
vt 0.366409 0.611155
vt 0.366409 0.644538
vt 0.360872 0.644538
vt 0.166916 0.554807
vt 0.195217 0.554807
vt 0.195217 0.588190
vt 0.166916 0.588190
vt 0.297257 0.548087
vt 0.300282 0.548087
vt 0.300282 0.581470
vt 0.297257 0.581470
vt 0.133533 0.556302
vt 0.160912 0.556306
vt 0.160912 0.589689
vt 0.133533 0.589685
vt 0.400599 0.500000
vt 0.400599 0.541848
vt 0.367216 0.541853
vt 0.367216 0.500005
vt 0.467365 0.578574
vt 0.467365 0.541452
vt 0.500748 0.541452
vt 0.500748 0.578574
vt 0.033383 0.568679
vt 0.033383 0.500000
vt 0.066766 0.500000
vt 0.066766 0.568679
vt 0.333832 0.577771
vt 0.353100 0.577771
vt 0.353100 0.611155
vt 0.333832 0.611155
vt 0.575621 0.824385
vt 0.367216 0.578171
vt 0.367216 0.541853
vt 0.400599 0.541853
vt 0.400599 0.578171
vt 0.160912 0.556302
vt 0.166896 0.556302
vt 0.166896 0.589685
vt 0.160912 0.589685
vt 0.088521 0.598323
vt 0.088521 0.631706
vt 0.082478 0.631706
vt 0.082478 0.598323
vt 0.166916 0.500000
vt 0.200299 0.500000
vt 0.200299 0.554807
vt 0.166916 0.554807
vt 0.360872 0.577771
vt 0.366992 0.577771
vt 0.366992 0.611155
vt 0.360872 0.611155
vt 0.616520 0.636770
vt 0.627263 0.636770
vt 0.627263 0.670153
vt 0.616520 0.670153
vt 0.467365 0.578574
vt 0.485495 0.578574
vt 0.485495 0.611958
vt 0.467365 0.611958
vt 0.500748 0.578820
vt 0.534132 0.541287
vt 0.534132 0.578820
vt 0.518429 0.578820
vt 0.518429 0.612204
vt 0.500748 0.612204
vt 0.200299 0.553309
vt 0.200299 0.500000
vt 0.233683 0.500000
vt 0.233683 0.553309
vt 0.433982 0.644981
vt 0.442935 0.644981
vt 0.442935 0.678364
vt 0.433982 0.678364
vt 0.333832 0.543110
vt 0.333832 0.500000
vt 0.367216 0.500000
vt 0.367216 0.543110
vt 0.300449 0.578950
vt 0.300449 0.544878
vt 0.333832 0.544878
vt 0.333832 0.578950
vt 0.175287 0.621573
vt 0.175287 0.654956
vt 0.681985 0.575780
vt 0.689922 0.575780
vt 0.689922 0.609163
vt 0.681985 0.609163
vt 0.567515 0.500000
vt 0.594033 0.500000
vt 0.594033 0.533384
vt 0.567515 0.533384
vt 0.148898 0.657934
vt 0.148898 0.691317
vt 0.141305 0.691317
vt 0.141305 0.657934
vt 0.567515 0.540984
vt 0.534132 0.540984
vt 0.054725 0.568679
vt 0.054725 0.602062
vt 0.033383 0.602062
vt 0.033383 0.568679
vt 0.394161 0.578172
vt 0.400526 0.578171
vt 0.400526 0.611554
vt 0.394161 0.611555
vt 0.014960 0.604998
vt 0.014960 0.638381
vt 0.000000 0.638381
vt 0.000000 0.604998
vt -0.000000 0.500000
vt 0.033383 0.500000
vt 0.033383 0.571614
vt 0.000000 0.571614
vt 0.386389 0.578171
vt 0.386389 0.611554
vt 0.367216 0.611557
vt 0.367216 0.578174
vt 0.226876 0.778705
vt 0.226876 0.771302
vt 0.232072 0.771302
vt 0.232072 0.778705
vt 0.415105 0.608462
vt 0.415105 0.641845
vt 0.400599 0.641845
vt 0.400599 0.608462
vt 0.433982 0.578214
vt 0.452383 0.578214
vt 0.452383 0.611597
vt 0.433982 0.611597
vt 0.317987 0.578953
vt 0.317987 0.612336
vt 0.300449 0.612334
vt 0.300449 0.578950
vt 0.400599 0.575079
vt 0.420018 0.575079
vt 0.420018 0.608462
vt 0.400599 0.608462
vt 0.020285 0.571614
vt 0.020285 0.604998
vt 0.000000 0.604998
vt 0.000000 0.571614
vt 0.284249 0.581470
vt 0.300367 0.581470
vt 0.300367 0.614853
vt 0.284249 0.614853
vt 0.217221 0.620076
vt 0.200299 0.620076
vt 0.200299 0.586693
vt 0.197824 0.554807
vt 0.197824 0.588190
vt 0.400599 0.541695
vt 0.433627 0.541695
vt 0.433627 0.575079
vt 0.400599 0.575079
vt 0.500748 0.541452
vt 0.467365 0.541452
vt 0.467365 0.500000
vt 0.548634 0.665169
vt 0.548634 0.698552
vt 0.541496 0.698552
vt 0.541496 0.665169
vt 0.133533 0.556302
vt 0.133533 0.500000
vt 0.166916 0.500000
vt 0.166916 0.556302
vt 0.500748 0.612204
vt 0.514536 0.612204
vt 0.514536 0.645587
vt 0.500748 0.645587
vt 0.433982 0.578065
vt 0.433982 0.541650
vt 0.467365 0.541799
vt 0.467365 0.578214
vt 0.297257 0.548087
vt 0.267066 0.581470
vt 0.267066 0.548087
vt 0.066766 0.564940
vt 0.088571 0.564936
vt 0.088571 0.598320
vt 0.066766 0.598323
vt 0.589002 0.566767
vt 0.591560 0.566767
vt 0.591560 0.600150
vt 0.589002 0.600150
vt 0.299644 0.655714
vt 0.293535 0.653060
vt 0.293047 0.615773
vt 0.299644 0.614853
vt 0.697529 0.672689
vt 0.697529 0.665287
vt 0.704190 0.665287
vt 0.704190 0.672689
vt 0.366184 0.677921
vt 0.360872 0.677921
vt 0.360872 0.644538
vt 0.366184 0.644538
vt 0.014960 0.604998
vt 0.020280 0.604998
vt 0.020280 0.638381
vt 0.014960 0.638381
vt 0.233679 0.553309
vt 0.233679 0.586693
vt 0.228898 0.586693
vt 0.228898 0.553309
vt 0.548634 0.667330
vt 0.551592 0.665169
vt 0.552026 0.687390
vt 0.548634 0.688855
vt 0.216705 0.644619
vt 0.213362 0.643030
vt 0.213314 0.621542
vt 0.216705 0.620076
vt 0.514536 0.612204
vt 0.517927 0.613670
vt 0.517879 0.635158
vt 0.514536 0.636747
vt 0.451691 0.634107
vt 0.448091 0.634950
vt 0.448069 0.612362
vt 0.451691 0.611597
vt 0.481434 0.611958
vt 0.485055 0.612723
vt 0.485033 0.635311
vt 0.481434 0.634467
vt 0.553569 0.775781
vt 0.550694 0.778269
vt 0.550694 0.771302
vt 0.553844 0.773238
vt 0.556994 0.771302
vt 0.556994 0.778269
vt 0.554118 0.775781
vt 0.616519 0.634263
vt 0.613903 0.637008
vt 0.613903 0.572072
vt 0.616479 0.574862
vt 0.612071 0.572074
vt 0.612071 0.605457
vt 0.594033 0.605455
vt 0.594033 0.572072
vt 0.589002 0.566767
vt 0.567515 0.600150
vt 0.567515 0.566767
vt 0.266809 0.581510
vt 0.266809 0.614893
vt 0.250865 0.615057
vt 0.250865 0.581673
vt 0.249513 0.665745
vt 0.249513 0.699128
vt 0.242481 0.699128
vt 0.242481 0.665744
vt 0.433982 0.500000
vt 0.467365 0.500000
vt 0.467365 0.541650
vt 0.433982 0.541650
vt 0.066766 0.500000
vt 0.100150 0.500000
vt 0.100150 0.564936
vt 0.066766 0.564936
vt 0.433982 0.541565
vt 0.400599 0.541695
vt 0.400599 0.500131
vt 0.433982 0.500000
vt 0.616481 0.657573
vt 0.616481 0.690957
vt 0.609577 0.690957
vt 0.609577 0.657574
vt 0.062741 0.571469
vt 0.065317 0.568679
vt 0.065317 0.633615
vt 0.062701 0.630870
vt 0.110906 0.689113
vt 0.107514 0.687648
vt 0.107948 0.665427
vt 0.110906 0.667588
vt 0.544506 0.773603
vt 0.547600 0.771302
vt 0.547600 0.778918
vt 0.544544 0.776899
vt 0.550656 0.776899
vt 0.547600 0.778918
vt 0.547600 0.771302
vt 0.550694 0.773603
vt 0.419740 0.647754
vt 0.416808 0.650168
vt 0.416808 0.608462
vt 0.420018 0.610597
vt 0.028261 0.631171
vt 0.031471 0.629036
vt 0.031471 0.670742
vt 0.028540 0.668328
vt 0.018683 0.677342
vt 0.015952 0.679987
vt 0.015952 0.638381
vt 0.018798 0.640888
vt 0.416808 0.652675
vt 0.419654 0.650168
vt 0.419654 0.691774
vt 0.416922 0.689129
vt 0.053415 0.832346
vt 0.053415 0.824385
vt 0.054011 0.824385
vt 0.054011 0.832346
vt 0.966822 0.819595
vt 0.966822 0.811634
vt 0.967555 0.811634
vt 0.967555 0.819595
vt 0.054607 0.832346
vt 0.054607 0.824385
vt 0.055203 0.824385
vt 0.055203 0.832346
vt 0.750736 0.575732
vt 0.742776 0.575732
vt 0.742776 0.566661
vt 0.750736 0.566661
vt 0.424968 0.825412
vt 0.424968 0.824385
vt 0.425805 0.824385
vt 0.425805 0.825412
vt 0.010881 0.811634
vt 0.010881 0.824385
vt 0.010044 0.824385
vt 0.010044 0.811634
vt 0.475186 0.824385
vt 0.475186 0.825412
vt 0.474349 0.825412
vt 0.474349 0.824385
vt 0.010881 0.824385
vt 0.010881 0.811634
vt 0.011718 0.811634
vt 0.011718 0.824385
vt 0.015164 0.832346
vt 0.015164 0.824385
vt 0.015839 0.824385
vt 0.015839 0.832346
vt 0.721210 0.685314
vt 0.729170 0.685313
vt 0.729170 0.694405
vt 0.721210 0.694406
vt 0.969018 0.819595
vt 0.969018 0.811634
vt 0.969748 0.811634
vt 0.969748 0.819595
vt 0.152455 0.824385
vt 0.153404 0.824385
vt 0.153404 0.825500
vt 0.152455 0.825500
vt 0.407615 0.825412
vt 0.407615 0.824385
vt 0.408564 0.824385
vt 0.408564 0.825412
vt 0.404770 0.824385
vt 0.404770 0.825412
vt 0.403821 0.825412
vt 0.403821 0.824385
vt 0.764579 0.771302
vt 0.765606 0.771302
vt 0.765606 0.781759
vt 0.764579 0.781759
vt 0.765606 0.771302
vt 0.766633 0.771302
vt 0.766633 0.781759
vt 0.765606 0.781759
vt 0.333395 0.713007
vt 0.333395 0.720967
vt 0.325947 0.720967
vt 0.325947 0.713007
vt 0.644144 0.725710
vt 0.644144 0.717750
vt 0.651581 0.717750
vt 0.651581 0.725710
vt 0.013139 0.824385
vt 0.013139 0.832346
vt 0.012464 0.832346
vt 0.012464 0.824385
vt 0.718503 0.819595
vt 0.718503 0.811634
vt 0.719296 0.811634
vt 0.719296 0.819595
vt 0.789991 0.816915
vt 0.788877 0.816915
vt 0.788877 0.811634
vt 0.789991 0.811634
vt 0.114513 0.824385
vt 0.115462 0.824385
vt 0.115462 0.825500
vt 0.114513 0.825500
vt 0.790261 0.771302
vt 0.791209 0.771302
vt 0.791209 0.782609
vt 0.790261 0.782609
vt 0.733942 0.659815
vt 0.725981 0.659816
vt 0.725981 0.651754
vt 0.733942 0.651752
vt 0.758642 0.639821
vt 0.750682 0.639821
vt 0.750682 0.631778
vt 0.758642 0.631778
vt 0.783621 0.771302
vt 0.784569 0.771302
vt 0.784569 0.782609
vt 0.783621 0.782609
vt 0.717708 0.811634
vt 0.717708 0.819595
vt 0.716914 0.819595
vt 0.716914 0.811634
vt 0.376115 0.779263
vt 0.376115 0.771302
vt 0.379876 0.771302
vt 0.379876 0.779263
vt 0.791106 0.816915
vt 0.789991 0.816915
vt 0.789991 0.811634
vt 0.791106 0.811634
vt 0.391148 0.771302
vt 0.391148 0.779263
vt 0.387392 0.779263
vt 0.387392 0.771302
vt 0.041036 0.832346
vt 0.041036 0.824385
vt 0.041678 0.824385
vt 0.041678 0.832346
vt 0.748535 0.819595
vt 0.748535 0.811634
vt 0.749324 0.811634
vt 0.749324 0.819595
vt 0.028600 0.832346
vt 0.028600 0.824385
vt 0.029243 0.824385
vt 0.029243 0.832346
vt 0.750736 0.564719
vt 0.758696 0.564718
vt 0.758696 0.574526
vt 0.750736 0.574527
vt 0.476023 0.824385
vt 0.476023 0.825412
vt 0.475186 0.824385
vt 0.982821 0.784053
vt 0.982821 0.771302
vt 0.983658 0.771302
vt 0.983658 0.784053
vt 0.476023 0.825412
vt 0.476023 0.824385
vt 0.476860 0.824385
vt 0.476860 0.825412
vt 0.984495 0.771302
vt 0.984495 0.784053
vt 0.983658 0.784053
vt 0.983658 0.771302
vt 0.970479 0.819595
vt 0.970479 0.811634
vt 0.971207 0.811634
vt 0.971207 0.819595
vt 0.049116 0.759011
vt 0.041155 0.759011
vt 0.041155 0.749223
vt 0.049116 0.749223
vt 0.735110 0.819595
vt 0.735110 0.811634
vt 0.735900 0.811634
vt 0.735900 0.819595
vt 0.154353 0.825500
vt 0.153404 0.825500
vt 0.153404 0.824385
vt 0.154353 0.824385
vt 0.305172 0.824385
vt 0.305172 0.825412
vt 0.304224 0.825412
vt 0.304224 0.824385
vt 0.305172 0.825412
vt 0.305172 0.824385
vt 0.306121 0.824385
vt 0.306121 0.825412
vt 0.747121 0.781759
vt 0.746094 0.781759
vt 0.746094 0.771302
vt 0.747121 0.771302
vt 0.728636 0.781760
vt 0.727609 0.781760
vt 0.727609 0.771302
vt 0.728636 0.771302
vt 0.758696 0.535290
vt 0.766657 0.535290
vt 0.766657 0.543316
vt 0.758696 0.543316
vt 0.674606 0.766129
vt 0.666645 0.766129
vt 0.666645 0.758094
vt 0.674606 0.758094
vt 0.990883 0.811634
vt 0.990883 0.819595
vt 0.990155 0.819595
vt 0.990155 0.811634
vt 0.551041 0.819595
vt 0.551041 0.811634
vt 0.551899 0.811634
vt 0.551899 0.819595
vt 0.787762 0.811634
vt 0.788877 0.811634
vt 0.788877 0.816915
vt 0.787762 0.816915
vt 0.104079 0.825500
vt 0.103131 0.825500
vt 0.103131 0.824385
vt 0.104079 0.824385
vt 0.796901 0.782609
vt 0.795952 0.782609
vt 0.795952 0.771302
vt 0.796901 0.771302
vt 0.284249 0.755564
vt 0.292210 0.755564
vt 0.292210 0.764243
vt 0.284249 0.764243
vt 0.552060 0.752558
vt 0.560020 0.752557
vt 0.560020 0.761254
vt 0.552060 0.761255
vt 0.876581 0.782609
vt 0.875633 0.782609
vt 0.875633 0.771302
vt 0.876581 0.771302
vt 0.567322 0.811634
vt 0.567322 0.819595
vt 0.566466 0.819595
vt 0.566466 0.811634
vt 0.335879 0.779263
vt 0.335879 0.771302
vt 0.339932 0.771302
vt 0.339932 0.779263
vt 0.905904 0.811634
vt 0.907019 0.811634
vt 0.907019 0.816915
vt 0.905904 0.816915
vt 0.254757 0.771302
vt 0.254757 0.779263
vt 0.250699 0.779263
vt 0.250699 0.771302
vt 0.042321 0.824385
vt 0.042321 0.832346
vt 0.755630 0.819595
vt 0.755630 0.811634
vt 0.756419 0.811634
vt 0.756419 0.819595
vt 0.033101 0.832346
vt 0.033101 0.824385
vt 0.033744 0.824385
vt 0.033744 0.832346
vt 0.467304 0.748571
vt 0.475265 0.748570
vt 0.475265 0.758378
vt 0.467304 0.758379
vt 0.477697 0.824385
vt 0.477697 0.825412
vt 0.476860 0.824385
vt 0.989517 0.784053
vt 0.989517 0.771302
vt 0.990354 0.771302
vt 0.990354 0.784053
vt 0.477697 0.825412
vt 0.477697 0.824385
vt 0.478534 0.824385
vt 0.478534 0.825412
vt 0.991191 0.771302
vt 0.991191 0.784053
vt 0.990354 0.784053
vt 0.990354 0.771302
vt 0.971936 0.811634
vt 0.971936 0.819595
vt 0.062685 0.759043
vt 0.054725 0.759043
vt 0.054725 0.749255
vt 0.062685 0.749255
vt 0.731160 0.819595
vt 0.731160 0.811634
vt 0.731950 0.811634
vt 0.731950 0.819595
vt 0.155301 0.825500
vt 0.154353 0.825500
vt 0.154353 0.824385
vt 0.155301 0.824385
vt 0.251105 0.824385
vt 0.251105 0.825412
vt 0.250156 0.825412
vt 0.250156 0.824385
vt 0.306121 0.825412
vt 0.306121 0.824385
vt 0.307069 0.824385
vt 0.307069 0.825412
vt 0.668046 0.781760
vt 0.667019 0.781760
vt 0.667019 0.771302
vt 0.668046 0.771302
vt 0.602321 0.781759
vt 0.601294 0.781759
vt 0.601294 0.771302
vt 0.602321 0.771302
vt 0.475265 0.758379
vt 0.475265 0.766405
vt 0.467304 0.766405
vt 0.325947 0.765002
vt 0.317987 0.765002
vt 0.317987 0.756967
vt 0.325947 0.756967
vt 0.988699 0.811634
vt 0.988699 0.819595
vt 0.987971 0.819595
vt 0.987971 0.811634
vt 0.551899 0.819595
vt 0.551899 0.811634
vt 0.552756 0.811634
vt 0.552756 0.819595
vt 0.774388 0.811634
vt 0.775502 0.811634
vt 0.775502 0.816915
vt 0.774388 0.816915
vt 0.156250 0.825500
vt 0.155301 0.825500
vt 0.155301 0.824385
vt 0.156250 0.824385
vt 0.803541 0.782609
vt 0.802592 0.782609
vt 0.802592 0.771302
vt 0.803541 0.771302
vt 0.307814 0.755610
vt 0.315774 0.755610
vt 0.315774 0.764289
vt 0.307814 0.764289
vt 0.293047 0.753952
vt 0.301008 0.753951
vt 0.301008 0.762648
vt 0.293047 0.762649
vt 0.804489 0.782609
vt 0.803541 0.782609
vt 0.803541 0.771302
vt 0.804489 0.771302
vt 0.563899 0.811634
vt 0.563899 0.819595
vt 0.563044 0.819595
vt 0.563044 0.811634
vt 0.343985 0.771302
vt 0.343985 0.779263
vt 0.791106 0.811634
vt 0.792220 0.811634
vt 0.792220 0.816915
vt 0.791106 0.816915
vt 0.258815 0.771302
vt 0.258815 0.779263
vt 0.254757 0.779263
vt 0.254757 0.771302
vt 0.042963 0.824385
vt 0.042963 0.832346
vt 0.750112 0.811634
vt 0.750112 0.819595
vt 0.034388 0.824385
vt 0.034388 0.832346
vt 0.750682 0.621970
vt 0.758642 0.621969
vt 0.758642 0.631777
vt 0.509501 0.824385
vt 0.509501 0.825412
vt 0.508664 0.825412
vt 0.508664 0.824385
vt 0.971104 0.784053
vt 0.971104 0.771302
vt 0.971941 0.771302
vt 0.971941 0.784053
vt 0.478534 0.825412
vt 0.478534 0.824385
vt 0.479371 0.824385
vt 0.479371 0.825412
vt 0.042685 0.811634
vt 0.042685 0.824385
vt 0.041848 0.824385
vt 0.041848 0.811634
vt 0.980683 0.819595
vt 0.980683 0.811634
vt 0.981411 0.811634
vt 0.981411 0.819595
vt 0.729063 0.759956
vt 0.721102 0.759956
vt 0.721102 0.750168
vt 0.729063 0.750168
vt 0.728001 0.819595
vt 0.728001 0.811634
vt 0.728791 0.811634
vt 0.728791 0.819595
vt 0.167632 0.825500
vt 0.166684 0.825500
vt 0.166684 0.824385
vt 0.167632 0.824385
vt 0.308018 0.824385
vt 0.308018 0.825412
vt 0.307069 0.825412
vt 0.307069 0.824385
vt 0.308018 0.825412
vt 0.308018 0.824385
vt 0.308966 0.824385
vt 0.308966 0.825412
vt 0.603348 0.781759
vt 0.603348 0.771302
vt 0.729663 0.781759
vt 0.728636 0.781759
vt 0.728636 0.771302
vt 0.729663 0.771302
vt 0.766657 0.551342
vt 0.758696 0.551342
vt 0.250441 0.764885
vt 0.242481 0.764885
vt 0.242481 0.756850
vt 0.250441 0.756850
vt 0.998163 0.811634
vt 0.998163 0.819595
vt 0.997435 0.819595
vt 0.997435 0.811634
vt 0.558757 0.819595
vt 0.558757 0.811634
vt 0.559615 0.811634
vt 0.559615 0.819595
vt 0.775502 0.811634
vt 0.776617 0.811634
vt 0.776617 0.816915
vt 0.775502 0.816915
vt 0.168581 0.825500
vt 0.167632 0.825500
vt 0.167632 0.824385
vt 0.168581 0.824385
vt 0.937290 0.782609
vt 0.936342 0.782609
vt 0.936342 0.771302
vt 0.937290 0.771302
vt 0.076390 0.755301
vt 0.084350 0.755301
vt 0.084350 0.763980
vt 0.076390 0.763980
vt 0.594033 0.754645
vt 0.601993 0.754644
vt 0.601993 0.763341
vt 0.594033 0.763342
vt 0.877530 0.782609
vt 0.876581 0.782609
vt 0.876581 0.771302
vt 0.877530 0.771302
vt 0.574166 0.811634
vt 0.574166 0.819595
vt 0.573311 0.819595
vt 0.573311 0.811634
vt 0.343985 0.779263
vt 0.343985 0.771302
vt 0.348037 0.771302
vt 0.348037 0.779263
vt 0.792220 0.811634
vt 0.793335 0.811634
vt 0.793335 0.816915
vt 0.792220 0.816915
vt 0.262872 0.771302
vt 0.262872 0.779263
vt 0.258815 0.779263
vt 0.258815 0.771302
vt 0.052819 0.832346
vt 0.052819 0.824385
vt 0.053415 0.824385
vt 0.053415 0.832346
vt 0.967555 0.819595
vt 0.967555 0.811634
vt 0.968287 0.811634
vt 0.968287 0.819595
vt 0.055798 0.824385
vt 0.055798 0.832346
vt 0.749862 0.659974
vt 0.741902 0.659974
vt 0.741902 0.650903
vt 0.749862 0.650903
vt 0.434175 0.825412
vt 0.434175 0.824385
vt 0.435012 0.824385
vt 0.435012 0.825412
vt 0.955201 0.771302
vt 0.955201 0.784053
vt 0.954364 0.784053
vt 0.954364 0.771302
vt 0.454262 0.824385
vt 0.454262 0.825412
vt 0.453425 0.825412
vt 0.453425 0.824385
vt 0.969430 0.784053
vt 0.969430 0.771302
vt 0.970267 0.771302
vt 0.970267 0.784053
vt 0.013815 0.832346
vt 0.013815 0.824385
vt 0.014490 0.824385
vt 0.014490 0.832346
vt 0.719004 0.525503
vt 0.726964 0.525502
vt 0.726964 0.534595
vt 0.719004 0.534596
vt 0.969748 0.819595
vt 0.969748 0.811634
vt 0.115462 0.824385
vt 0.116410 0.824385
vt 0.116410 0.825500
vt 0.115462 0.825500
vt 0.283355 0.825412
vt 0.283355 0.824385
vt 0.284304 0.824385
vt 0.284304 0.825412
vt 0.309915 0.824385
vt 0.309915 0.825412
vt 0.308966 0.825412
vt 0.308966 0.824385
vt 0.772795 0.771302
vt 0.773821 0.771302
vt 0.773821 0.781759
vt 0.772795 0.781759
vt 0.776902 0.771302
vt 0.777929 0.771302
vt 0.777929 0.781759
vt 0.776902 0.781759
vt 0.567468 0.717400
vt 0.567468 0.725360
vt 0.560020 0.725360
vt 0.560020 0.717400
vt 0.325947 0.728927
vt 0.333384 0.720967
vt 0.333384 0.728927
vt 0.720089 0.811634
vt 0.720089 0.819595
vt 0.896988 0.816915
vt 0.895873 0.816915
vt 0.895873 0.811634
vt 0.896988 0.811634
vt 0.189449 0.824385
vt 0.190397 0.824385
vt 0.190397 0.825500
vt 0.189449 0.825500
vt 0.840535 0.771302
vt 0.841484 0.771302
vt 0.841484 0.782609
vt 0.840535 0.782609
vt 0.690148 0.575739
vt 0.682188 0.575740
vt 0.682188 0.567678
vt 0.690148 0.567677
vt 0.258825 0.764847
vt 0.250865 0.764847
vt 0.250865 0.756804
vt 0.258825 0.756804
vt 0.778878 0.771302
vt 0.779826 0.771302
vt 0.779826 0.782608
vt 0.778878 0.782608
vt 0.716914 0.811634
vt 0.716914 0.819595
vt 0.716119 0.819595
vt 0.716119 0.811634
vt 0.372354 0.779263
vt 0.372354 0.771302
vt 0.777731 0.816915
vt 0.776617 0.816915
vt 0.776617 0.811634
vt 0.777731 0.811634
vt 0.383637 0.779263
vt 0.383637 0.771302
vt 0.054011 0.832346
vt 0.054011 0.824385
vt 0.054607 0.824385
vt 0.054607 0.832346
vt 0.966090 0.819595
vt 0.966090 0.811634
vt 0.966823 0.811634
vt 0.966823 0.819595
vt 0.055798 0.832346
vt 0.055798 0.824385
vt 0.056393 0.824385
vt 0.056393 0.832346
vt 0.737130 0.694383
vt 0.729170 0.694383
vt 0.729170 0.685313
vt 0.737130 0.685313
vt 0.495273 0.825412
vt 0.495273 0.824385
vt 0.496110 0.824385
vt 0.496110 0.825412
vt 0.040175 0.811634
vt 0.040175 0.824385
vt 0.039338 0.824385
vt 0.039338 0.811634
vt 0.535447 0.824385
vt 0.535447 0.825412
vt 0.534610 0.825412
vt 0.534610 0.824385
vt 0.042685 0.824385
vt 0.042685 0.811634
vt 0.043522 0.811634
vt 0.043522 0.824385
vt 0.711043 0.525504
vt 0.719004 0.525502
vt 0.719004 0.534595
vt 0.711043 0.534596
vt 0.116410 0.824385
vt 0.117359 0.824385
vt 0.117359 0.825500
vt 0.116410 0.825500
vt 0.330783 0.825412
vt 0.330783 0.824385
vt 0.331732 0.824385
vt 0.331732 0.825412
vt 0.332680 0.824385
vt 0.332680 0.825412
vt 0.331732 0.825412
vt 0.331732 0.824385
vt 0.652641 0.771302
vt 0.653668 0.771302
vt 0.653668 0.781759
vt 0.652641 0.781759
vt 0.647507 0.771302
vt 0.648534 0.771302
vt 0.648534 0.781759
vt 0.647507 0.781759
vt 0.274365 0.716767
vt 0.274365 0.724727
vt 0.266917 0.724727
vt 0.266917 0.716767
vt 0.718981 0.609242
vt 0.718981 0.601282
vt 0.726418 0.601282
vt 0.726418 0.609242
vt 0.012464 0.824385
vt 0.012464 0.832346
vt 0.011788 0.832346
vt 0.011788 0.824385
vt 0.720089 0.819595
vt 0.720089 0.811634
vt 0.720882 0.811634
vt 0.720882 0.819595
vt 0.794450 0.816915
vt 0.794450 0.811634
vt 0.117359 0.824385
vt 0.118308 0.824385
vt 0.118308 0.825500
vt 0.117359 0.825500
vt 0.898398 0.771302
vt 0.899347 0.771302
vt 0.899347 0.782609
vt 0.898398 0.782609
vt 0.741902 0.659815
vt 0.733942 0.659816
vt 0.733942 0.651753
vt 0.741902 0.651752
vt 0.266785 0.764847
vt 0.258825 0.764847
vt 0.258825 0.756804
vt 0.266785 0.756804
vt 0.841484 0.771302
vt 0.842432 0.771302
vt 0.842432 0.782609
vt 0.841484 0.782609
vt 0.718503 0.811634
vt 0.718503 0.819595
vt 0.717708 0.819595
vt 0.717708 0.811634
vt 0.379876 0.779263
vt 0.379876 0.771302
vt 0.825657 0.816915
vt 0.824542 0.816915
vt 0.824542 0.811634
vt 0.825657 0.811634
vt 0.394903 0.771302
vt 0.394903 0.779263
vt 0.391148 0.779263
vt 0.391148 0.771302
vt 0.036960 0.832346
vt 0.036960 0.824385
vt 0.037603 0.824385
vt 0.037603 0.832346
vt 0.735900 0.819595
vt 0.735900 0.811634
vt 0.736690 0.811634
vt 0.736690 0.819595
vt 0.046175 0.832346
vt 0.046175 0.824385
vt 0.046817 0.824385
vt 0.046817 0.832346
vt 0.074727 0.759608
vt 0.066766 0.759608
vt 0.066766 0.749820
vt 0.074727 0.749820
vt 0.460957 0.825412
vt 0.460957 0.824385
vt 0.461794 0.824385
vt 0.461794 0.825412
vt 0.080349 0.811634
vt 0.080349 0.824385
vt 0.079512 0.824385
vt 0.079512 0.811634
vt 0.536284 0.824385
vt 0.536284 0.825412
vt 0.535447 0.824385
vt 0.077001 0.824385
vt 0.077001 0.811634
vt 0.077838 0.811634
vt 0.077838 0.824385
vt 0.998891 0.811634
vt 0.998891 0.819595
vt 0.745090 0.684465
vt 0.753051 0.684464
vt 0.753051 0.694272
vt 0.745090 0.694273
vt 0.750112 0.819595
vt 0.750112 0.811634
vt 0.750900 0.811634
vt 0.750900 0.819595
vt 0.156250 0.824385
vt 0.157198 0.824385
vt 0.157198 0.825500
vt 0.156250 0.825500
vt 0.309915 0.825412
vt 0.309915 0.824385
vt 0.310863 0.824385
vt 0.310863 0.825412
vt 0.352600 0.824385
vt 0.352600 0.825412
vt 0.351652 0.825412
vt 0.351652 0.824385
vt 0.668046 0.771302
vt 0.669073 0.771302
vt 0.669073 0.781759
vt 0.668046 0.781759
vt 0.729663 0.771302
vt 0.730690 0.771302
vt 0.730690 0.781759
vt 0.729663 0.781759
vt 0.737023 0.757228
vt 0.744983 0.757228
vt 0.744983 0.765263
vt 0.737023 0.765263
vt 0.624480 0.766447
vt 0.616520 0.766447
vt 0.616520 0.758421
vt 0.624480 0.758421
vt 0.974852 0.811634
vt 0.974852 0.819595
vt 0.974123 0.819595
vt 0.974123 0.811634
vt 0.568177 0.811634
vt 0.568177 0.819595
vt 0.826771 0.816915
vt 0.825657 0.816915
vt 0.825657 0.811634
vt 0.826771 0.811634
vt 0.157198 0.824385
vt 0.158147 0.824385
vt 0.158147 0.825500
vt 0.157198 0.825500
vt 0.862353 0.771302
vt 0.863301 0.771302
vt 0.863301 0.782609
vt 0.862353 0.782609
vt 0.508709 0.761369
vt 0.500748 0.761370
vt 0.500748 0.752673
vt 0.508709 0.752672
vt 0.028246 0.764071
vt 0.020285 0.764071
vt 0.020285 0.755392
vt 0.028246 0.755392
vt 0.863301 0.771302
vt 0.864250 0.771302
vt 0.864250 0.782609
vt 0.863301 0.782609
vt 0.551041 0.811634
vt 0.551041 0.819595
vt 0.550184 0.819595
vt 0.550184 0.811634
vt 0.279102 0.779263
vt 0.279102 0.771302
vt 0.283160 0.771302
vt 0.283160 0.779263
vt 0.795564 0.816915
vt 0.794450 0.816915
vt 0.794450 0.811634
vt 0.795564 0.811634
vt 0.364249 0.771302
vt 0.364249 0.779263
vt 0.360196 0.779263
vt 0.360196 0.771302
vt 0.043605 0.824385
vt 0.043605 0.832346
vt 0.750900 0.819595
vt 0.750900 0.811634
vt 0.751689 0.811634
vt 0.751689 0.819595
vt 0.034388 0.832346
vt 0.034388 0.824385
vt 0.035031 0.824385
vt 0.035031 0.832346
vt 0.750736 0.545100
vt 0.758696 0.545099
vt 0.758696 0.554908
vt 0.750736 0.554909
vt 0.459284 0.824385
vt 0.459284 0.825412
vt 0.458447 0.825412
vt 0.458447 0.824385
vt 0.991191 0.784053
vt 0.991191 0.771302
vt 0.992028 0.771302
vt 0.992028 0.784053
vt 0.460120 0.824385
vt 0.460120 0.825412
vt 0.992865 0.771302
vt 0.992865 0.784053
vt 0.992028 0.784053
vt 0.992028 0.771302
vt 0.974852 0.819595
vt 0.974852 0.811634
vt 0.975581 0.811634
vt 0.975581 0.819595
vt 0.758805 0.529386
vt 0.750845 0.529386
vt 0.750845 0.519598
vt 0.758805 0.519598
vt 0.731950 0.819595
vt 0.731950 0.811634
vt 0.732740 0.811634
vt 0.732740 0.819595
vt 0.202729 0.825500
vt 0.201780 0.825500
vt 0.201780 0.824385
vt 0.202729 0.824385
vt 0.270076 0.824385
vt 0.270076 0.825412
vt 0.269127 0.825412
vt 0.269127 0.824385
vt 0.270076 0.825412
vt 0.270076 0.824385
vt 0.271024 0.824385
vt 0.271024 0.825412
vt 0.627995 0.781759
vt 0.626968 0.781759
vt 0.626968 0.771302
vt 0.627995 0.771302
vt 0.626968 0.781759
vt 0.625941 0.781759
vt 0.625941 0.771302
vt 0.626968 0.771302
vt 0.758642 0.611512
vt 0.766603 0.611512
vt 0.766603 0.619538
vt 0.758642 0.619538
vt 0.752943 0.765263
vt 0.744983 0.765263
vt 0.744983 0.757228
vt 0.752943 0.757228
vt 0.991611 0.811634
vt 0.991611 0.819595
vt 0.990883 0.819595
vt 0.990883 0.811634
vt 0.559615 0.819595
vt 0.559615 0.811634
vt 0.560472 0.811634
vt 0.560472 0.819595
vt 0.907019 0.811634
vt 0.908134 0.811634
vt 0.908134 0.816915
vt 0.907019 0.816915
vt 0.191346 0.825500
vt 0.190397 0.825500
vt 0.190397 0.824385
vt 0.191346 0.824385
vt 0.854764 0.782609
vt 0.853815 0.782609
vt 0.853815 0.771302
vt 0.854764 0.771302
vt 0.343523 0.755386
vt 0.351483 0.755386
vt 0.351483 0.764065
vt 0.343523 0.764065
vt 0.032282 0.754186
vt 0.040243 0.754185
vt 0.040243 0.762882
vt 0.032282 0.762883
vt 0.805438 0.782609
vt 0.804489 0.782609
vt 0.804489 0.771302
vt 0.805438 0.771302
vt 0.569033 0.811634
vt 0.569033 0.819595
vt 0.352090 0.771302
vt 0.352090 0.779263
vt 0.908134 0.811634
vt 0.909248 0.811634
vt 0.909248 0.816915
vt 0.908134 0.816915
vt 0.266930 0.771302
vt 0.266930 0.779263
vt 0.262872 0.779263
vt 0.262872 0.771302
vt 0.047460 0.824385
vt 0.047460 0.832346
vt 0.754842 0.819595
vt 0.754842 0.811634
vt 0.029886 0.824385
vt 0.029886 0.832346
vt 0.750736 0.535291
vt 0.758696 0.535290
vt 0.758696 0.545098
vt 0.750736 0.545099
vt 0.480208 0.824385
vt 0.480208 0.825412
vt 0.479371 0.825412
vt 0.479371 0.824385
vt 0.005859 0.824385
vt 0.005859 0.811634
vt 0.006696 0.811634
vt 0.006696 0.824385
vt 0.460121 0.825412
vt 0.460121 0.824385
vt 0.460957 0.824385
vt 0.460957 0.825412
vt 0.007533 0.811634
vt 0.007533 0.824385
vt 0.006696 0.824385
vt 0.006696 0.811634
vt 0.975581 0.819595
vt 0.975581 0.811634
vt 0.976309 0.811634
vt 0.976309 0.819595
vt 0.129971 0.758952
vt 0.122011 0.758952
vt 0.122011 0.749164
vt 0.129971 0.749164
vt 0.733530 0.819595
vt 0.733530 0.811634
vt 0.734320 0.811634
vt 0.734320 0.819595
vt 0.087005 0.825500
vt 0.086057 0.825500
vt 0.086057 0.824385
vt 0.087005 0.824385
vt 0.311812 0.824385
vt 0.311812 0.825412
vt 0.310864 0.825412
vt 0.310864 0.824385
vt 0.311812 0.825412
vt 0.311812 0.824385
vt 0.312761 0.824385
vt 0.312761 0.825412
vt 0.629022 0.781759
vt 0.627995 0.781759
vt 0.627995 0.771302
vt 0.629022 0.771302
vt 0.632102 0.781759
vt 0.631076 0.781759
vt 0.631076 0.771302
vt 0.632102 0.771302
vt 0.766657 0.559367
vt 0.758696 0.559367
vt 0.760904 0.765853
vt 0.752943 0.765853
vt 0.752943 0.757818
vt 0.760904 0.757818
vt 0.992339 0.811634
vt 0.992339 0.819595
vt 0.991611 0.819595
vt 0.991611 0.811634
vt 0.554471 0.819595
vt 0.554471 0.811634
vt 0.555328 0.811634
vt 0.555328 0.819595
vt 0.869124 0.811634
vt 0.870239 0.811634
vt 0.870239 0.816915
vt 0.869124 0.816915
vt 0.087954 0.825500
vt 0.087005 0.825500
vt 0.087005 0.824385
vt 0.087954 0.824385
vt 0.806387 0.782609
vt 0.805438 0.771302
vt 0.806387 0.771302
vt 0.533536 0.755608
vt 0.541496 0.755608
vt 0.541496 0.764287
vt 0.533536 0.764287
vt 0.636168 0.753499
vt 0.644128 0.753498
vt 0.644128 0.762195
vt 0.636168 0.762196
vt 0.878478 0.782609
vt 0.877530 0.782609
vt 0.878478 0.771302
vt 0.565611 0.819595
vt 0.565611 0.811634
vt 0.368302 0.771302
vt 0.368302 0.779263
vt 0.870239 0.811634
vt 0.871354 0.811634
vt 0.871354 0.816915
vt 0.870239 0.816915
vt 0.287217 0.771302
vt 0.287217 0.779263
vt 0.283160 0.779263
vt 0.283160 0.771302
vt 0.049387 0.832346
vt 0.049387 0.824385
vt 0.050029 0.824385
vt 0.050029 0.832346
vt 0.754054 0.819595
vt 0.754054 0.811634
vt 0.754842 0.811634
vt 0.754842 0.819595
vt 0.027956 0.832346
vt 0.027956 0.824385
vt 0.028600 0.824385
vt 0.028600 0.832346
vt 0.750747 0.575781
vt 0.758708 0.575780
vt 0.758708 0.585588
vt 0.750747 0.585589
vt 0.426642 0.824385
vt 0.426642 0.825412
vt 0.425805 0.825412
vt 0.425805 0.824385
vt 0.056077 0.824385
vt 0.056077 0.811634
vt 0.056914 0.811634
vt 0.056914 0.824385
vt 0.442544 0.825412
vt 0.442544 0.824385
vt 0.443381 0.824385
vt 0.443381 0.825412
vt 0.008370 0.811634
vt 0.008370 0.824385
vt 0.007533 0.824385
vt 0.007533 0.811634
vt 0.977038 0.811634
vt 0.977038 0.819595
vt 0.415418 0.759426
vt 0.407458 0.759426
vt 0.407458 0.749638
vt 0.415418 0.749638
vt 0.734320 0.819595
vt 0.734320 0.811634
vt 0.735110 0.811634
vt 0.735110 0.819595
vt 0.088902 0.825500
vt 0.087954 0.825500
vt 0.087954 0.824385
vt 0.088902 0.824385
vt 0.333629 0.824385
vt 0.333629 0.825412
vt 0.332680 0.825412
vt 0.332680 0.824385
vt 0.284304 0.825412
vt 0.284304 0.824385
vt 0.285253 0.824385
vt 0.285253 0.825412
vt 0.630049 0.781759
vt 0.629022 0.781759
vt 0.629022 0.771302
vt 0.630049 0.771302
vt 0.630049 0.781759
vt 0.630049 0.771302
vt 0.631076 0.771302
vt 0.758642 0.619538
vt 0.766603 0.619538
vt 0.766603 0.627564
vt 0.758642 0.627564
vt 0.394349 0.765925
vt 0.386389 0.765925
vt 0.386389 0.757890
vt 0.394349 0.757890
vt 0.993067 0.811634
vt 0.993067 0.819595
vt 0.992339 0.819595
vt 0.992339 0.811634
vt 0.555328 0.819595
vt 0.555328 0.811634
vt 0.556185 0.811634
vt 0.556185 0.819595
vt 0.826771 0.811634
vt 0.827886 0.811634
vt 0.827886 0.816915
vt 0.826771 0.816915
vt 0.089851 0.825500
vt 0.088902 0.825500
vt 0.088902 0.824385
vt 0.089851 0.824385
vt 0.896501 0.782609
vt 0.895553 0.782609
vt 0.895553 0.771302
vt 0.896501 0.771302
vt 0.100150 0.755482
vt 0.108110 0.755482
vt 0.108110 0.764161
vt 0.100150 0.764161
vt 0.111400 0.753846
vt 0.119361 0.753845
vt 0.119361 0.762542
vt 0.111400 0.762543
vt 0.843381 0.782609
vt 0.842432 0.782609
vt 0.842432 0.771302
vt 0.843381 0.771302
vt 0.564755 0.819595
vt 0.564755 0.811634
vt 0.372354 0.771302
vt 0.372354 0.779263
vt 0.795564 0.811634
vt 0.796679 0.811634
vt 0.796679 0.816915
vt 0.795564 0.816915
vt 0.270987 0.771302
vt 0.270987 0.779263
vt 0.029886 0.832346
vt 0.029886 0.824385
vt 0.030529 0.824385
vt 0.030529 0.832346
vt 0.732740 0.819595
vt 0.732740 0.811634
vt 0.733530 0.811634
vt 0.733530 0.819595
vt 0.040393 0.832346
vt 0.040393 0.824385
vt 0.041036 0.824385
vt 0.041036 0.832346
vt 0.713142 0.759039
vt 0.705182 0.759039
vt 0.705182 0.749251
vt 0.713142 0.749251
vt 0.420783 0.825412
vt 0.420783 0.824385
vt 0.421620 0.824385
vt 0.421620 0.825412
vt 0.044359 0.811634
vt 0.044359 0.824385
vt 0.043522 0.824385
vt 0.043522 0.811634
vt 0.444218 0.824385
vt 0.444218 0.825412
vt 0.443381 0.825412
vt 0.443381 0.824385
vt 0.008370 0.824385
vt 0.008370 0.811634
vt 0.009207 0.811634
vt 0.009207 0.824385
vt 0.993067 0.819595
vt 0.993067 0.811634
vt 0.993795 0.811634
vt 0.993795 0.819595
vt 0.616520 0.748613
vt 0.624480 0.748612
vt 0.624480 0.758420
vt 0.751689 0.819595
vt 0.751689 0.811634
vt 0.752477 0.811634
vt 0.752477 0.819595
vt 0.089851 0.824385
vt 0.090799 0.824385
vt 0.090799 0.825500
vt 0.089851 0.825500
vt 0.274818 0.825412
vt 0.274818 0.824385
vt 0.275767 0.824385
vt 0.275767 0.825412
vt 0.276716 0.824385
vt 0.276716 0.825412
vt 0.275767 0.825412
vt 0.275767 0.824385
vt 0.597186 0.771302
vt 0.598213 0.771302
vt 0.598213 0.781759
vt 0.597186 0.781759
vt 0.598213 0.771302
vt 0.599240 0.771302
vt 0.599240 0.781759
vt 0.598213 0.781759
vt 0.353100 0.757648
vt 0.361060 0.757648
vt 0.361060 0.765683
vt 0.353100 0.765683
vt 0.766657 0.567393
vt 0.758696 0.567393
vt 0.977767 0.811634
vt 0.977767 0.819595
vt 0.977038 0.819595
vt 0.977038 0.811634
vt 0.569888 0.811634
vt 0.569888 0.819595
vt 0.829001 0.816915
vt 0.827886 0.816915
vt 0.827886 0.811634
vt 0.829001 0.811634
vt 0.090799 0.824385
vt 0.091748 0.824385
vt 0.091748 0.825500
vt 0.090799 0.825500
vt 0.833895 0.771302
vt 0.834844 0.771302
vt 0.834844 0.782609
vt 0.833895 0.782609
vt 0.493455 0.761386
vt 0.485495 0.761387
vt 0.485495 0.752690
vt 0.493455 0.752689
vt 0.384867 0.764204
vt 0.376906 0.764204
vt 0.376906 0.755525
vt 0.384867 0.755525
vt 0.788364 0.771302
vt 0.789312 0.771302
vt 0.789312 0.782609
vt 0.788364 0.782609
vt 0.557900 0.811634
vt 0.557900 0.819595
vt 0.557043 0.819595
vt 0.557043 0.811634
vt 0.303447 0.779263
vt 0.303447 0.771302
vt 0.307505 0.771302
vt 0.307505 0.779263
vt 0.797793 0.816915
vt 0.796679 0.816915
vt 0.796679 0.811634
vt 0.797793 0.811634
vt 0.315615 0.771302
vt 0.315615 0.779263
vt 0.311562 0.779263
vt 0.311562 0.771302
vt 0.035031 0.832346
vt 0.035031 0.824385
vt 0.035674 0.824385
vt 0.035674 0.832346
vt 0.736690 0.819595
vt 0.736690 0.811634
vt 0.737480 0.811634
vt 0.737480 0.819595
vt 0.044248 0.824385
vt 0.044248 0.832346
vt 0.137975 0.759198
vt 0.130015 0.759198
vt 0.130015 0.749410
vt 0.137975 0.749410
vt 0.454262 0.825412
vt 0.454262 0.824385
vt 0.455099 0.824385
vt 0.455099 0.825412
vt 0.012555 0.811634
vt 0.012555 0.824385
vt 0.011718 0.824385
vt 0.011718 0.811634
vt 0.455936 0.824385
vt 0.455936 0.825412
vt 0.455099 0.825412
vt 0.455099 0.824385
vt 0.992865 0.771302
vt 0.993702 0.771302
vt 0.993702 0.784053
vt 0.993795 0.819595
vt 0.993795 0.811634
vt 0.994523 0.811634
vt 0.994523 0.819595
vt 0.737130 0.684464
vt 0.745090 0.684463
vt 0.745090 0.694272
vt 0.737130 0.694273
vt 0.757207 0.819595
vt 0.757207 0.811634
vt 0.757995 0.811634
vt 0.757995 0.819595
vt 0.164787 0.824385
vt 0.165735 0.824385
vt 0.165735 0.825500
vt 0.164787 0.825500
vt 0.312761 0.825412
vt 0.312761 0.824385
vt 0.313709 0.824385
vt 0.313709 0.825412
vt 0.314658 0.824385
vt 0.314658 0.825412
vt 0.313709 0.825412
vt 0.313709 0.824385
vt 0.730690 0.771302
vt 0.731717 0.771302
vt 0.731717 0.781759
vt 0.730690 0.781759
vt 0.731717 0.771302
vt 0.732744 0.771302
vt 0.732744 0.781760
vt 0.731717 0.781760
vt 0.757822 0.640446
vt 0.765783 0.640446
vt 0.765783 0.648481
vt 0.757822 0.648481
vt 0.575475 0.766454
vt 0.567515 0.766454
vt 0.567515 0.758428
vt 0.575475 0.758428
vt 0.972665 0.811634
vt 0.972665 0.819595
vt 0.570744 0.811634
vt 0.570744 0.819595
vt 0.934883 0.816915
vt 0.933768 0.816915
vt 0.933768 0.811634
vt 0.934883 0.811634
vt 0.191346 0.824385
vt 0.192294 0.824385
vt 0.192294 0.825500
vt 0.191346 0.825500
vt 0.874684 0.771302
vt 0.875633 0.771302
vt 0.875633 0.782609
vt 0.874684 0.782609
vt 0.407458 0.761446
vt 0.399498 0.761447
vt 0.399498 0.752750
vt 0.407458 0.752749
vt 0.439455 0.764751
vt 0.431495 0.764751
vt 0.431495 0.756072
vt 0.439455 0.756072
vt 0.806387 0.771302
vt 0.807335 0.771302
vt 0.807335 0.782609
vt 0.806387 0.782609
vt 0.557043 0.811634
vt 0.557043 0.819595
vt 0.556185 0.819595
vt 0.556185 0.811634
vt 0.307505 0.779263
vt 0.307505 0.771302
vt 0.872468 0.816915
vt 0.871353 0.816915
vt 0.871353 0.811634
vt 0.872468 0.811634
vt 0.356143 0.771302
vt 0.356143 0.779263
vt 0.352090 0.779263
vt 0.352090 0.771302
vt 0.031172 0.824385
vt 0.031172 0.832346
vt 0.737480 0.819595
vt 0.737480 0.811634
vt 0.738270 0.811634
vt 0.738270 0.819595
vt 0.044890 0.824385
vt 0.044890 0.832346
vt 0.157037 0.759267
vt 0.149077 0.759267
vt 0.149077 0.749479
vt 0.157037 0.749479
vt 0.471001 0.825412
vt 0.471001 0.824385
vt 0.471838 0.824385
vt 0.471838 0.825412
vt 0.988680 0.771302
vt 0.988680 0.784053
vt 0.987843 0.784053
vt 0.987843 0.771302
vt 0.456773 0.824385
vt 0.456773 0.825412
vt 0.455936 0.825412
vt 0.455936 0.824385
vt 0.988680 0.784053
vt 0.988680 0.771302
vt 0.989517 0.771302
vt 0.989517 0.784053
vt 0.995979 0.819595
vt 0.995979 0.811634
vt 0.996707 0.811634
vt 0.996707 0.819595
vt 0.666645 0.748286
vt 0.674605 0.748285
vt 0.674605 0.758093
vt 0.666645 0.758094
vt 0.757995 0.819595
vt 0.757995 0.811634
vt 0.758784 0.811634
vt 0.758784 0.819595
vt 0.184706 0.824385
vt 0.185655 0.824385
vt 0.185655 0.825500
vt 0.184706 0.825500
vt 0.341218 0.825412
vt 0.341218 0.824385
vt 0.342166 0.824385
vt 0.342166 0.825412
vt 0.343115 0.824385
vt 0.343115 0.825412
vt 0.342166 0.825412
vt 0.342166 0.824385
vt 0.747121 0.771302
vt 0.748148 0.771302
vt 0.748148 0.781759
vt 0.747121 0.781759
vt 0.615671 0.771302
vt 0.616698 0.771302
vt 0.616698 0.781759
vt 0.615671 0.781759
vt 0.651916 0.757958
vt 0.659877 0.757958
vt 0.659877 0.765993
vt 0.651916 0.765993
vt 0.583435 0.766454
vt 0.575475 0.766454
vt 0.575475 0.758428
vt 0.583435 0.758428
vt 0.973394 0.811634
vt 0.973394 0.819595
vt 0.575022 0.811634
vt 0.575022 0.819595
vt 0.910363 0.816915
vt 0.909248 0.816915
vt 0.909248 0.811634
vt 0.910363 0.811634
vt 0.192295 0.824385
vt 0.193243 0.824385
vt 0.193243 0.825500
vt 0.192295 0.825500
vt 0.846227 0.771302
vt 0.847175 0.771302
vt 0.847175 0.782609
vt 0.846227 0.782609
vt 0.148164 0.763521
vt 0.140204 0.763522
vt 0.140204 0.754825
vt 0.148164 0.754824
vt 0.182837 0.763667
vt 0.174876 0.763667
vt 0.174876 0.754988
vt 0.182837 0.754988
vt 0.847175 0.771302
vt 0.848124 0.771302
vt 0.848124 0.782609
vt 0.847175 0.782609
vt 0.562186 0.811634
vt 0.562186 0.819595
vt 0.561329 0.819595
vt 0.561329 0.811634
vt 0.291275 0.771302
vt 0.291275 0.779263
vt 0.911477 0.816915
vt 0.910363 0.816915
vt 0.910363 0.811634
vt 0.911477 0.811634
vt 0.323721 0.771302
vt 0.323721 0.779263
vt 0.319668 0.779263
vt 0.319668 0.771302
vt 0.048102 0.832346
vt 0.048102 0.824385
vt 0.048744 0.824385
vt 0.048744 0.832346
vt 0.747747 0.819595
vt 0.747747 0.811634
vt 0.031172 0.832346
vt 0.031172 0.824385
vt 0.031815 0.824385
vt 0.031815 0.832346
vt 0.750736 0.554910
vt 0.758696 0.554909
vt 0.758696 0.564717
vt 0.750736 0.564718
vt 0.473512 0.824385
vt 0.473512 0.825412
vt 0.472675 0.825412
vt 0.472675 0.824385
vt 0.056914 0.824385
vt 0.056914 0.811634
vt 0.057751 0.811634
vt 0.057751 0.824385
vt 0.480207 0.825412
vt 0.480207 0.824385
vt 0.481044 0.824385
vt 0.481044 0.825412
vt 0.058588 0.811634
vt 0.058588 0.824385
vt 0.057751 0.824385
vt 0.057751 0.811634
vt 0.973394 0.819595
vt 0.973394 0.811634
vt 0.974123 0.811634
vt 0.974123 0.819595
vt 0.737023 0.759956
vt 0.729063 0.750168
vt 0.737023 0.750168
vt 0.728791 0.819595
vt 0.728791 0.811634
vt 0.729581 0.811634
vt 0.729581 0.819595
vt 0.166684 0.825500
vt 0.165735 0.825500
vt 0.165735 0.824385
vt 0.166684 0.824385
vt 0.347857 0.824385
vt 0.347857 0.825412
vt 0.346909 0.825412
vt 0.346909 0.824385
vt 0.352600 0.825412
vt 0.352600 0.824385
vt 0.353549 0.824385
vt 0.353549 0.825412
vt 0.670100 0.781759
vt 0.670100 0.771302
vt 0.671127 0.781759
vt 0.670100 0.781759
vt 0.670100 0.771302
vt 0.671127 0.771302
vt 0.183059 0.758496
vt 0.191020 0.758496
vt 0.191020 0.766522
vt 0.183059 0.766522
vt 0.427979 0.765876
vt 0.420018 0.765876
vt 0.420018 0.757841
vt 0.427979 0.757841
vt 0.995251 0.811634
vt 0.995251 0.819595
vt 0.994523 0.819595
vt 0.994523 0.811634
vt 0.552756 0.819595
vt 0.552756 0.811634
vt 0.553613 0.811634
vt 0.553613 0.819595
vt 0.911477 0.811634
vt 0.912592 0.811634
vt 0.912592 0.816915
vt 0.911477 0.816915
vt 0.186603 0.825500
vt 0.185655 0.825500
vt 0.185655 0.824385
vt 0.186603 0.824385
vt 0.879427 0.782609
vt 0.878478 0.782609
vt 0.878478 0.771302
vt 0.879427 0.771302
vt 0.541496 0.756274
vt 0.549456 0.756274
vt 0.549456 0.764953
vt 0.541496 0.764953
vt 0.166916 0.754989
vt 0.174876 0.763685
vt 0.166916 0.763686
vt 0.880376 0.782609
vt 0.879427 0.782609
vt 0.879427 0.771302
vt 0.880376 0.771302
vt 0.575877 0.811634
vt 0.575877 0.819595
vt 0.331826 0.779263
vt 0.331826 0.771302
vt 0.335879 0.771302
vt 0.335879 0.779263
vt 0.912592 0.811634
vt 0.913706 0.811634
vt 0.913706 0.816915
vt 0.912592 0.816915
vt 0.279102 0.771302
vt 0.279102 0.779263
vt 0.275045 0.779263
vt 0.275045 0.771302
vt 0.047460 0.832346
vt 0.047460 0.824385
vt 0.048102 0.824385
vt 0.048102 0.832346
vt 0.756419 0.819595
vt 0.756419 0.811634
vt 0.035674 0.832346
vt 0.035674 0.824385
vt 0.036317 0.824385
vt 0.036317 0.832346
vt 0.750845 0.500001
vt 0.758805 0.500000
vt 0.758805 0.509809
vt 0.750845 0.509810
vt 0.481881 0.824385
vt 0.481881 0.825412
vt 0.481044 0.825412
vt 0.481044 0.824385
vt 0.044359 0.824385
vt 0.044359 0.811634
vt 0.045196 0.811634
vt 0.045196 0.824385
vt 0.500295 0.825412
vt 0.500295 0.824385
vt 0.501132 0.824385
vt 0.501132 0.825412
vt 0.059425 0.811634
vt 0.059425 0.824385
vt 0.058588 0.824385
vt 0.058588 0.811634
vt 0.978496 0.811634
vt 0.978496 0.819595
vt 0.448284 0.759372
vt 0.440324 0.759372
vt 0.440324 0.749584
vt 0.448284 0.749584
vt 0.739060 0.819595
vt 0.739060 0.811634
vt 0.739850 0.811634
vt 0.739850 0.819595
vt 0.105976 0.825500
vt 0.105028 0.825500
vt 0.105028 0.824385
vt 0.105976 0.824385
vt 0.344063 0.824385
vt 0.344063 0.825412
vt 0.343115 0.825412
vt 0.343115 0.824385
vt 0.329835 0.825412
vt 0.329835 0.824385
vt 0.330783 0.824385
vt 0.330783 0.825412
vt 0.654695 0.781759
vt 0.653668 0.781759
vt 0.653668 0.771302
vt 0.654695 0.771302
vt 0.655722 0.781760
vt 0.654695 0.781760
vt 0.654695 0.771302
vt 0.655722 0.771302
vt 0.217221 0.758351
vt 0.225181 0.758351
vt 0.225181 0.766377
vt 0.217221 0.766377
vt 0.456675 0.764871
vt 0.448715 0.764871
vt 0.448715 0.756836
vt 0.456675 0.756836
vt 0.995251 0.819595
vt 0.995251 0.811634
vt 0.557900 0.819595
vt 0.557900 0.811634
vt 0.558757 0.811634
vt 0.558757 0.819595
vt 0.862437 0.811634
vt 0.863552 0.811634
vt 0.863552 0.816915
vt 0.862437 0.816915
vt 0.106925 0.825500
vt 0.105976 0.825500
vt 0.106925 0.824385
vt 0.881324 0.782609
vt 0.880376 0.782609
vt 0.880376 0.771302
vt 0.881324 0.771302
vt 0.157899 0.756375
vt 0.165859 0.756375
vt 0.165859 0.765054
vt 0.157899 0.765054
vt 0.274460 0.753452
vt 0.282421 0.753451
vt 0.282421 0.762148
vt 0.274460 0.762149
vt 0.897450 0.782609
vt 0.897450 0.771302
vt 0.356143 0.779263
vt 0.356143 0.771302
vt 0.360196 0.771302
vt 0.360196 0.779263
vt 0.812282 0.811634
vt 0.813397 0.811634
vt 0.813397 0.816915
vt 0.812282 0.816915
vt 0.295332 0.771302
vt 0.295332 0.779263
vt 0.044890 0.832346
vt 0.044890 0.824385
vt 0.045532 0.824385
vt 0.045532 0.832346
vt 0.753265 0.811634
vt 0.753265 0.819595
vt 0.032458 0.824385
vt 0.032458 0.832346
vt 0.458997 0.748930
vt 0.466957 0.748928
vt 0.466957 0.758737
vt 0.458997 0.758738
vt 0.474349 0.824385
vt 0.474349 0.825412
vt 0.473512 0.825412
vt 0.473512 0.824385
vt 0.029294 0.824385
vt 0.029294 0.811634
vt 0.030131 0.811634
vt 0.030131 0.824385
vt 0.509501 0.825412
vt 0.509501 0.824385
vt 0.510338 0.824385
vt 0.510338 0.825412
vt 0.030968 0.811634
vt 0.030968 0.824385
vt 0.030131 0.824385
vt 0.030131 0.811634
vt 0.979954 0.819595
vt 0.979954 0.811634
vt 0.980682 0.811634
vt 0.980682 0.819595
vt 0.341793 0.759683
vt 0.333832 0.759683
vt 0.333832 0.749895
vt 0.341793 0.749895
vt 0.729581 0.819595
vt 0.729581 0.811634
vt 0.730371 0.811634
vt 0.730371 0.819595
vt 0.194192 0.825500
vt 0.193243 0.824385
vt 0.194192 0.824385
vt 0.354497 0.824385
vt 0.354497 0.825412
vt 0.353549 0.825412
vt 0.353549 0.824385
vt 0.354497 0.824385
vt 0.355446 0.824385
vt 0.355446 0.825412
vt 0.665992 0.781759
vt 0.664965 0.781759
vt 0.664965 0.771302
vt 0.665992 0.771302
vt 0.625941 0.781759
vt 0.624914 0.781759
vt 0.624914 0.771302
vt 0.625941 0.771302
vt 0.225181 0.758351
vt 0.233142 0.758351
vt 0.233142 0.766377
vt 0.225181 0.766377
vt 0.526389 0.764914
vt 0.518429 0.764914
vt 0.518429 0.756879
vt 0.526389 0.756879
vt 0.996707 0.819595
vt 0.996707 0.811634
vt 0.562187 0.819595
vt 0.562187 0.811634
vt 0.863552 0.811634
vt 0.864666 0.811634
vt 0.864666 0.816915
vt 0.863552 0.816915
vt 0.204626 0.825500
vt 0.203677 0.825500
vt 0.203677 0.824385
vt 0.204626 0.824385
vt 0.852867 0.782609
vt 0.851918 0.782609
vt 0.851918 0.771302
vt 0.852867 0.771302
vt 0.192178 0.755290
vt 0.200138 0.755290
vt 0.200138 0.763969
vt 0.192178 0.763969
vt 0.713142 0.753058
vt 0.721102 0.753057
vt 0.721102 0.761754
vt 0.713142 0.761755
vt 0.853815 0.782609
vt 0.852867 0.782609
vt 0.852867 0.771302
vt 0.853815 0.771302
vt 0.573311 0.811634
vt 0.573311 0.819595
vt 0.572455 0.819595
vt 0.572455 0.811634
vt 0.323721 0.779263
vt 0.323721 0.771302
vt 0.327773 0.771302
vt 0.327773 0.779263
vt 0.934883 0.811634
vt 0.935997 0.811634
vt 0.935997 0.816915
vt 0.934883 0.816915
vt 0.275045 0.771302
vt 0.275045 0.779263
vt 0.036960 0.824385
vt 0.036960 0.832346
vt 0.730371 0.819595
vt 0.730371 0.811634
vt 0.731160 0.811634
vt 0.731160 0.819595
vt 0.045532 0.832346
vt 0.045532 0.824385
vt 0.046175 0.824385
vt 0.046175 0.832346
vt 0.613151 0.759300
vt 0.605190 0.759300
vt 0.605190 0.749512
vt 0.613151 0.749512
vt 0.482718 0.824385
vt 0.482718 0.825412
vt 0.974451 0.771302
vt 0.974451 0.784053
vt 0.973614 0.784053
vt 0.973614 0.771302
vt 0.511175 0.824385
vt 0.511175 0.825412
vt 0.510338 0.825412
vt 0.510338 0.824385
vt 0.974451 0.784053
vt 0.974451 0.771302
vt 0.975288 0.771302
vt 0.975288 0.784053
vt 0.988699 0.819595
vt 0.988699 0.811634
vt 0.989427 0.811634
vt 0.989427 0.819595
vt 0.750747 0.585590
vt 0.758708 0.585589
vt 0.758708 0.595397
vt 0.750747 0.595398
vt 0.753265 0.819595
vt 0.753265 0.811634
vt 0.754054 0.811634
vt 0.754054 0.819595
vt 0.194192 0.824385
vt 0.195140 0.824385
vt 0.195140 0.825500
vt 0.194192 0.825500
vt 0.259642 0.825412
vt 0.259642 0.824385
vt 0.260590 0.824385
vt 0.260590 0.825412
vt 0.271973 0.824385
vt 0.271973 0.825412
vt 0.271024 0.825412
vt 0.271024 0.824385
vt 0.671127 0.771302
vt 0.672154 0.771302
vt 0.672154 0.781759
vt 0.671127 0.781759
vt 0.672153 0.771302
vt 0.673180 0.771302
vt 0.673180 0.781759
vt 0.672153 0.781759
vt 0.000000 0.758013
vt 0.007960 0.758013
vt 0.007960 0.766048
vt -0.000000 0.766048
vt 0.766603 0.635589
vt 0.758642 0.635589
vt 0.979225 0.811634
vt 0.979225 0.819595
vt 0.571599 0.811634
vt 0.571599 0.819595
vt 0.947143 0.816915
vt 0.946028 0.816915
vt 0.946028 0.811634
vt 0.947143 0.811634
vt 0.091748 0.824385
vt 0.092697 0.824385
vt 0.092697 0.825500
vt 0.091748 0.825500
vt 0.897450 0.771302
vt 0.898398 0.771302
vt 0.898398 0.782609
vt 0.897450 0.782609
vt 0.690353 0.763033
vt 0.682393 0.763034
vt 0.682393 0.754337
vt 0.690353 0.754336
vt 0.241643 0.764092
vt 0.233683 0.764092
vt 0.233683 0.755413
vt 0.241643 0.755413
vt 0.899347 0.771302
vt 0.900295 0.771302
vt 0.900295 0.782609
vt 0.899347 0.782609
vt 0.561329 0.811634
vt 0.561329 0.819595
vt 0.560472 0.819595
vt 0.560472 0.811634
vt 0.295332 0.779263
vt 0.295332 0.771302
vt 0.299390 0.771302
vt 0.299390 0.779263
vt 0.925967 0.816915
vt 0.924852 0.816915
vt 0.924852 0.811634
vt 0.925967 0.811634
vt 0.319668 0.779263
vt 0.033101 0.824385
vt 0.033101 0.832346
vt 0.738270 0.819595
vt 0.738270 0.811634
vt 0.739060 0.811634
vt 0.739060 0.819595
vt 0.048744 0.832346
vt 0.048744 0.824385
vt 0.758805 0.519598
vt 0.750845 0.519598
vt 0.750845 0.509810
vt 0.758805 0.509810
vt 0.537121 0.824385
vt 0.537121 0.825412
vt 0.973614 0.784053
vt 0.972777 0.784053
vt 0.972777 0.771302
vt 0.537958 0.824385
vt 0.537958 0.825412
vt 0.537121 0.825412
vt 0.537121 0.824385
vt 0.971941 0.784053
vt 0.972777 0.771302
vt 0.972777 0.784053
vt 0.989427 0.819595
vt 0.989427 0.811634
vt 0.990155 0.811634
vt 0.990155 0.819595
vt 0.750747 0.595399
vt 0.758708 0.595398
vt 0.758708 0.605207
vt 0.750747 0.605208
vt 0.746959 0.819595
vt 0.746959 0.811634
vt 0.747747 0.811634
vt 0.747747 0.819595
vt 0.186603 0.824385
vt 0.187552 0.824385
vt 0.187552 0.825500
vt 0.186603 0.825500
vt 0.276716 0.825412
vt 0.276716 0.824385
vt 0.277664 0.824385
vt 0.277664 0.825412
vt 0.315606 0.824385
vt 0.315606 0.825412
vt 0.314658 0.825412
vt 0.314658 0.824385
vt 0.655722 0.771302
vt 0.656749 0.771302
vt 0.656749 0.781759
vt 0.655722 0.781759
vt 0.603348 0.771302
vt 0.604375 0.771302
vt 0.604375 0.781759
vt 0.603348 0.781759
vt 0.765783 0.656516
vt 0.757822 0.656516
vt 0.591396 0.766454
vt 0.583435 0.766454
vt 0.591396 0.758428
vt 0.571599 0.819595
vt 0.571599 0.811634
vt 0.865781 0.816915
vt 0.864666 0.816915
vt 0.864666 0.811634
vt 0.865781 0.811634
vt 0.092697 0.824385
vt 0.093645 0.824385
vt 0.093645 0.825500
vt 0.092697 0.825500
vt 0.808284 0.771302
vt 0.808284 0.782609
vt 0.807335 0.782609
vt 0.375176 0.762571
vt 0.367216 0.762572
vt 0.367216 0.753875
vt 0.375176 0.753874
vt 0.701794 0.765249
vt 0.693834 0.765249
vt 0.693834 0.756570
vt 0.701794 0.756570
vt 0.808284 0.771302
vt 0.809232 0.771302
vt 0.809232 0.782609
vt 0.808284 0.782609
vt 0.554471 0.811634
vt 0.554471 0.819595
vt 0.553613 0.819595
vt 0.553613 0.811634
vt 0.299390 0.779263
vt 0.299390 0.771302
vt 0.303447 0.771302
vt 0.303447 0.779263
vt 0.866895 0.816915
vt 0.865781 0.816915
vt 0.865781 0.811634
vt 0.866895 0.811634
vt 0.331826 0.771302
vt 0.331826 0.779263
vt 0.619868 0.819595
vt 0.619868 0.811634
vt 0.620705 0.811634
vt 0.620705 0.819595
vt 0.361323 0.819595
vt 0.361323 0.811634
vt 0.362350 0.811634
vt 0.362350 0.819595
vt 0.670923 0.819595
vt 0.670923 0.811634
vt 0.671760 0.811634
vt 0.671760 0.819595
vt 0.200138 0.722221
vt 0.192178 0.722221
vt 0.192178 0.709470
vt 0.200138 0.709470
vt 0.445055 0.824385
vt 0.445055 0.825412
vt 0.444218 0.825412
vt 0.444218 0.824385
vt 0.994538 0.771302
vt 0.994538 0.784053
vt 0.993702 0.784053
vt 0.993702 0.771302
vt 0.445892 0.824385
vt 0.445892 0.825412
vt 0.445055 0.825412
vt 0.445055 0.824385
vt 0.995375 0.771302
vt 0.995375 0.784053
vt 0.994538 0.784053
vt 0.496550 0.819595
vt 0.496550 0.811634
vt 0.497498 0.811634
vt 0.497498 0.819595
vt 0.191020 0.726276
vt 0.183059 0.726276
vt 0.183059 0.713525
vt 0.191020 0.713525
vt 0.270951 0.819595
vt 0.270951 0.811634
vt 0.271978 0.811634
vt 0.271978 0.819595
vt 0.216957 0.824385
vt 0.217905 0.824385
vt 0.217905 0.825500
vt 0.216957 0.825500
vt 0.355446 0.825412
vt 0.355446 0.824385
vt 0.356394 0.824385
vt 0.356394 0.825412
vt 0.356394 0.825412
vt 0.356394 0.824385
vt 0.357343 0.824385
vt 0.357343 0.825412
vt 0.733770 0.781759
vt 0.732744 0.781759
vt 0.732744 0.771302
vt 0.733770 0.771302
vt 0.734797 0.781759
vt 0.734797 0.771302
vt 0.742776 0.535290
vt 0.750736 0.535290
vt 0.750736 0.545747
vt 0.742776 0.545747
vt 0.325947 0.756967
vt 0.317987 0.756967
vt 0.317987 0.746510
vt 0.325947 0.746510
vt 0.435843 0.811634
vt 0.435843 0.819595
vt 0.434895 0.819595
vt 0.434895 0.811634
vt 0.215248 0.819595
vt 0.215248 0.811634
vt 0.216362 0.811634
vt 0.216362 0.819595
vt 0.913706 0.811634
vt 0.914821 0.811634
vt 0.914821 0.816915
vt 0.913706 0.816915
vt 0.218854 0.825500
vt 0.217905 0.825500
vt 0.218854 0.824385
vt 0.931599 0.782609
vt 0.930650 0.782609
vt 0.930650 0.771302
vt 0.931599 0.771302
vt 0.011422 0.729203
vt 0.019382 0.729203
vt 0.019382 0.740509
vt 0.011422 0.740509
vt 0.734827 0.609699
vt 0.726866 0.609699
vt 0.726866 0.598392
vt 0.734827 0.598392
vt 0.932547 0.771302
vt 0.932547 0.782609
vt 0.230852 0.811634
vt 0.230852 0.819595
vt 0.229737 0.819595
vt 0.229737 0.811634
vt 0.659877 0.767248
vt 0.659877 0.759287
vt 0.665157 0.759287
vt 0.665157 0.767248
vt 0.915935 0.811634
vt 0.915935 0.816915
vt 0.079208 0.771302
vt 0.079208 0.779263
vt 0.073927 0.779263
vt 0.073927 0.771302
vt 0.705238 0.819595
vt 0.705238 0.811634
vt 0.706075 0.811634
vt 0.706075 0.819595
vt 0.363377 0.811634
vt 0.363377 0.819595
vt 0.711934 0.819595
vt 0.711934 0.811634
vt 0.712771 0.811634
vt 0.712771 0.819595
vt 0.084350 0.722232
vt 0.076390 0.722232
vt 0.076390 0.709481
vt 0.084350 0.709481
vt 0.571436 0.824385
vt 0.571436 0.825412
vt 0.570599 0.825412
vt 0.570599 0.824385
vt 0.100436 0.811634
vt 0.100436 0.824385
vt 0.099599 0.824385
vt 0.099599 0.811634
vt 0.572273 0.824385
vt 0.572273 0.825412
vt 0.571436 0.825412
vt 0.571436 0.824385
vt 0.101273 0.811634
vt 0.101273 0.824385
vt 0.100436 0.824385
vt 0.100436 0.811634
vt 0.423512 0.819595
vt 0.423512 0.811634
vt 0.424461 0.811634
vt 0.424461 0.819595
vt 0.674606 0.726522
vt 0.666645 0.726522
vt 0.666645 0.713771
vt 0.674606 0.713771
vt 0.273005 0.811634
vt 0.273005 0.819595
vt 0.195140 0.824385
vt 0.196089 0.824385
vt 0.196089 0.825500
vt 0.195140 0.825500
vt 0.277664 0.825412
vt 0.277664 0.824385
vt 0.278613 0.824385
vt 0.278613 0.825412
vt 0.278613 0.825412
vt 0.278613 0.824385
vt 0.279561 0.824385
vt 0.279561 0.825412
vt 0.674207 0.781759
vt 0.673180 0.781759
vt 0.673180 0.771302
vt 0.674207 0.771302
vt 0.675234 0.781759
vt 0.675234 0.771302
vt 0.041155 0.738766
vt 0.049116 0.738766
vt 0.049116 0.749223
vt 0.041155 0.749223
vt 0.744983 0.757228
vt 0.737023 0.757228
vt 0.737023 0.746771
vt 0.744983 0.746771
vt 0.436792 0.811634
vt 0.436792 0.819595
vt 0.435843 0.819595
vt 0.435843 0.811634
vt 0.217477 0.811634
vt 0.217477 0.819595
vt 0.937112 0.811634
vt 0.937112 0.816915
vt 0.197037 0.825500
vt 0.196089 0.825500
vt 0.196089 0.824385
vt 0.197037 0.824385
vt 0.882273 0.782609
vt 0.881324 0.782609
vt 0.881324 0.771302
vt 0.882273 0.771302
vt 0.088149 0.730629
vt 0.096109 0.730629
vt 0.096109 0.741935
vt 0.088149 0.741935
vt 0.734924 0.511307
vt 0.726964 0.511307
vt 0.726964 0.500000
vt 0.734924 0.500000
vt 0.883221 0.771302
vt 0.883221 0.782609
vt 0.882273 0.782609
vt 0.231966 0.811634
vt 0.231966 0.819595
vt 0.230852 0.819595
vt 0.230852 0.811634
vt 0.200299 0.769420
vt 0.200299 0.761460
vt 0.205580 0.761460
vt 0.205580 0.769420
vt 0.938226 0.811634
vt 0.938226 0.816915
vt 0.126732 0.771302
vt 0.126732 0.779263
vt 0.121451 0.779263
vt 0.121451 0.771302
vt 0.621542 0.811634
vt 0.621542 0.819595
vt 0.303814 0.819595
vt 0.303814 0.811634
vt 0.304841 0.811634
vt 0.304841 0.819595
vt 0.697706 0.819595
vt 0.697706 0.811634
vt 0.698543 0.811634
vt 0.698543 0.819595
vt 0.483300 0.719358
vt 0.475340 0.719358
vt 0.475340 0.706607
vt 0.483300 0.706607
vt 0.462631 0.824385
vt 0.462631 0.825412
vt 0.461794 0.825412
vt 0.461794 0.824385
vt 0.046033 0.811634
vt 0.046033 0.824385
vt 0.045196 0.824385
vt 0.463468 0.824385
vt 0.463468 0.825412
vt 0.462631 0.825412
vt 0.462631 0.824385
vt 0.046870 0.811634
vt 0.046870 0.824385
vt 0.046033 0.824385
vt 0.512675 0.819595
vt 0.512675 0.811634
vt 0.513623 0.811634
vt 0.513623 0.819595
vt 0.701794 0.724350
vt 0.693834 0.724350
vt 0.693834 0.711599
vt 0.701794 0.711599
vt 0.351053 0.819595
vt 0.351053 0.811634
vt 0.352080 0.811634
vt 0.352080 0.819595
vt 0.218854 0.824385
vt 0.219803 0.824385
vt 0.219803 0.825500
vt 0.218854 0.825500
vt 0.409512 0.824385
vt 0.409512 0.825412
vt 0.408564 0.825412
vt 0.408564 0.824385
vt 0.410461 0.824385
vt 0.410461 0.825412
vt 0.605402 0.781759
vt 0.604375 0.781759
vt 0.604375 0.771302
vt 0.605402 0.771302
vt 0.606429 0.781759
vt 0.606429 0.771302
vt 0.054725 0.738798
vt 0.062685 0.738798
vt 0.062685 0.749255
vt 0.054725 0.749255
vt 0.241643 0.755413
vt 0.233683 0.744956
vt 0.241643 0.744956
vt 0.437740 0.811634
vt 0.437740 0.819595
vt 0.436792 0.819595
vt 0.436792 0.811634
vt 0.218591 0.811634
vt 0.218591 0.819595
vt 0.898103 0.811634
vt 0.898103 0.816915
vt 0.220751 0.825500
vt 0.219803 0.825500
vt 0.220751 0.824385
vt 0.927804 0.782609
vt 0.926856 0.782609
vt 0.926856 0.771302
vt 0.927804 0.771302
vt 0.407458 0.727875
vt 0.415418 0.727875
vt 0.415418 0.739181
vt 0.407458 0.739181
vt 0.084350 0.733538
vt 0.076390 0.733538
vt 0.927804 0.771302
vt 0.928753 0.771302
vt 0.928753 0.782609
vt 0.927804 0.782609
vt 0.254257 0.811634
vt 0.254257 0.819595
vt 0.253143 0.819595
vt 0.253143 0.811634
vt 0.049116 0.749720
vt 0.049116 0.741759
vt 0.054396 0.741759
vt 0.054396 0.749720
vt 0.898103 0.811634
vt 0.899217 0.811634
vt 0.899217 0.816915
vt 0.898103 0.816915
vt 0.068647 0.771302
vt 0.068647 0.779263
vt 0.063366 0.779263
vt 0.063366 0.771302
vt 0.639118 0.819595
vt 0.639118 0.811634
vt 0.639955 0.811634
vt 0.639955 0.819595
vt 0.363377 0.819595
vt 0.363377 0.811634
vt 0.364404 0.811634
vt 0.364404 0.819595
vt 0.696032 0.819595
vt 0.696032 0.811634
vt 0.696869 0.811634
vt 0.696869 0.819595
vt 0.636152 0.719352
vt 0.628192 0.719352
vt 0.628192 0.706601
vt 0.636152 0.706601
vt 0.501969 0.824385
vt 0.501969 0.825412
vt 0.012555 0.824385
vt 0.012555 0.811634
vt 0.013392 0.811634
vt 0.013392 0.824385
vt 0.502805 0.824385
vt 0.502805 0.825412
vt 0.501969 0.825412
vt 0.024272 0.824385
vt 0.024272 0.811634
vt 0.025109 0.811634
vt 0.025109 0.824385
vt 0.486116 0.819595
vt 0.486116 0.811634
vt 0.487064 0.811634
vt 0.487064 0.819595
vt 0.726801 0.624263
vt 0.718841 0.624263
vt 0.718841 0.611512
vt 0.726801 0.611512
vt 0.274032 0.811634
vt 0.274032 0.819595
vt 0.204626 0.824385
vt 0.205574 0.824385
vt 0.205574 0.825500
vt 0.204626 0.825500
vt 0.376314 0.824385
vt 0.376314 0.825412
vt 0.375365 0.825412
vt 0.375365 0.824385
vt 0.377262 0.824385
vt 0.377262 0.825412
vt 0.376314 0.824385
vt 0.724528 0.781759
vt 0.723501 0.781759
vt 0.723501 0.771302
vt 0.724528 0.771302
vt 0.725555 0.781759
vt 0.725555 0.771302
vt 0.066766 0.739363
vt 0.074727 0.739363
vt 0.074727 0.749820
vt 0.066766 0.749820
vt 0.165859 0.756375
vt 0.157899 0.756375
vt 0.157899 0.745918
vt 0.165859 0.745918
vt 0.438689 0.811634
vt 0.438689 0.819595
vt 0.437740 0.819595
vt 0.437740 0.811634
vt 0.151718 0.819595
vt 0.151718 0.811634
vt 0.152833 0.811634
vt 0.152833 0.819595
vt 0.931539 0.811634
vt 0.932654 0.811634
vt 0.932654 0.816915
vt 0.931539 0.816915
vt 0.206523 0.825500
vt 0.205574 0.825500
vt 0.206523 0.824385
vt 0.911678 0.771302
vt 0.912627 0.771302
vt 0.912627 0.782609
vt 0.911678 0.782609
vt 0.733942 0.640446
vt 0.741902 0.640446
vt 0.741902 0.651752
vt 0.733942 0.651752
vt 0.549456 0.735360
vt 0.541496 0.735360
vt 0.541496 0.724054
vt 0.549456 0.724054
vt 0.884170 0.782609
vt 0.883221 0.782609
vt 0.883221 0.771302
vt 0.884170 0.771302
vt 0.179582 0.811634
vt 0.179582 0.819595
vt 0.178468 0.819595
vt 0.178468 0.811634
vt 0.407458 0.767386
vt 0.407458 0.759426
vt 0.412739 0.759426
vt 0.412739 0.767386
vt 0.932654 0.811634
vt 0.933768 0.811634
vt 0.933768 0.816915
vt 0.932654 0.816915
vt 0.132012 0.771302
vt 0.132012 0.779263
vt 0.126732 0.779263
vt 0.126732 0.771302
vt 0.646651 0.819595
vt 0.646651 0.811634
vt 0.647488 0.811634
vt 0.647488 0.819595
vt 0.364404 0.819595
vt 0.364404 0.811634
vt 0.365431 0.811634
vt 0.365431 0.819595
vt 0.706912 0.819595
vt 0.706912 0.811634
vt 0.707749 0.811634
vt 0.707749 0.819595
vt 0.516684 0.719450
vt 0.508724 0.719450
vt 0.508724 0.706699
vt 0.516684 0.706699
vt 0.512012 0.824385
vt 0.512012 0.825412
vt 0.511175 0.825412
vt 0.511175 0.824385
vt 0.059425 0.824385
vt 0.059425 0.811634
vt 0.060262 0.811634
vt 0.060262 0.824385
vt 0.512849 0.824385
vt 0.512849 0.825412
vt 0.512012 0.825412
vt 0.060262 0.824385
vt 0.060262 0.811634
vt 0.061099 0.811634
vt 0.061099 0.824385
vt 0.497498 0.819595
vt 0.497498 0.811634
vt 0.498447 0.811634
vt 0.498447 0.819595
vt 0.726801 0.637014
vt 0.718841 0.637014
vt 0.718841 0.624263
vt 0.726801 0.624263
vt 0.275059 0.811634
vt 0.275059 0.819595
vt 0.144867 0.824385
vt 0.145816 0.824385
vt 0.145816 0.825500
vt 0.144867 0.825500
vt 0.299481 0.825412
vt 0.299481 0.824385
vt 0.300429 0.824385
vt 0.300429 0.825412
vt 0.301378 0.824385
vt 0.301378 0.825412
vt 0.300429 0.824385
vt 0.711178 0.781759
vt 0.710151 0.781759
vt 0.710151 0.771302
vt 0.711178 0.771302
vt 0.712205 0.781759
vt 0.712205 0.771302
vt 0.750736 0.556204
vt 0.742776 0.556204
vt 0.108110 0.755482
vt 0.100150 0.755482
vt 0.100150 0.745025
vt 0.108110 0.745025
vt 0.439637 0.811634
vt 0.439637 0.819595
vt 0.114938 0.819595
vt 0.114938 0.811634
vt 0.116052 0.811634
vt 0.116052 0.819595
vt 0.798908 0.811634
vt 0.798908 0.816915
vt 0.146764 0.825500
vt 0.145816 0.825500
vt 0.146764 0.824385
vt 0.901244 0.782609
vt 0.900296 0.782609
vt 0.900296 0.771302
vt 0.901244 0.771302
vt 0.274460 0.731688
vt 0.282421 0.731688
vt 0.282421 0.742994
vt 0.274460 0.742994
vt 0.674606 0.737828
vt 0.666645 0.737828
vt 0.901244 0.771302
vt 0.902193 0.771302
vt 0.902193 0.782609
vt 0.901244 0.782609
vt 0.137229 0.811634
vt 0.137229 0.819595
vt 0.136114 0.819595
vt 0.136114 0.811634
vt 0.760904 0.766128
vt 0.760904 0.758168
vt 0.766184 0.758168
vt 0.766184 0.766128
vt 0.800022 0.811634
vt 0.800022 0.816915
vt 0.073927 0.771302
vt 0.073927 0.779263
vt 0.068647 0.779263
vt 0.068647 0.771302
vt 0.640792 0.811634
vt 0.640792 0.819595
vt 0.304841 0.819595
vt 0.304841 0.811634
vt 0.305867 0.811634
vt 0.305867 0.819595
vt 0.703564 0.819595
vt 0.703564 0.811634
vt 0.704401 0.811634
vt 0.704401 0.819595
vt 0.591396 0.713457
vt 0.583435 0.713457
vt 0.583435 0.700706
vt 0.591396 0.700706
vt 0.464305 0.824385
vt 0.464305 0.825412
vt 0.463468 0.825412
vt 0.463468 0.824385
vt 0.025946 0.811634
vt 0.025946 0.824385
vt 0.025109 0.824385
vt 0.025109 0.811634
vt 0.465142 0.824385
vt 0.465142 0.825412
vt 0.464305 0.825412
vt 0.464305 0.824385
vt 0.026783 0.811634
vt 0.026783 0.824385
vt 0.025946 0.824385
vt 0.025946 0.811634
vt 0.480425 0.819595
vt 0.480425 0.811634
vt 0.481373 0.811634
vt 0.481373 0.819595
vt 0.258825 0.724584
vt 0.250865 0.724584
vt 0.250865 0.711833
vt 0.258825 0.711833
vt 0.265816 0.819595
vt 0.265816 0.811634
vt 0.266843 0.811634
vt 0.266843 0.819595
vt 0.206523 0.824385
vt 0.207471 0.824385
vt 0.207471 0.825500
vt 0.206523 0.825500
vt 0.286201 0.824385
vt 0.286201 0.825412
vt 0.287150 0.824385
vt 0.287150 0.825412
vt 0.612590 0.781759
vt 0.611563 0.781759
vt 0.611563 0.771302
vt 0.612590 0.771302
vt 0.613617 0.781759
vt 0.613617 0.771302
vt 0.705182 0.738794
vt 0.713142 0.738794
vt 0.713142 0.749251
vt 0.705182 0.749251
vt 0.541496 0.755608
vt 0.533536 0.755608
vt 0.533536 0.745151
vt 0.541496 0.745151
vt 0.440586 0.811634
vt 0.440586 0.819595
vt 0.153948 0.811634
vt 0.153948 0.819595
vt 0.938226 0.811634
vt 0.939341 0.811634
vt 0.939341 0.816915
vt 0.938226 0.816915
vt 0.208420 0.825500
vt 0.207471 0.825500
vt 0.208420 0.824385
vt 0.864250 0.771302
vt 0.865198 0.771302
vt 0.865198 0.782609
vt 0.864250 0.782609
vt 0.066766 0.728057
vt 0.074727 0.728057
vt 0.074727 0.739363
vt 0.174876 0.734074
vt 0.166916 0.734074
vt 0.166916 0.722768
vt 0.174876 0.722768
vt 0.849072 0.782609
vt 0.848124 0.771302
vt 0.849072 0.771302
vt 0.252028 0.819595
vt 0.252028 0.811634
vt 0.731663 0.767916
vt 0.731663 0.759956
vt 0.736944 0.759956
vt 0.736944 0.767916
vt 0.940456 0.811634
vt 0.940456 0.816915
vt 0.939341 0.816915
vt 0.142573 0.771302
vt 0.142573 0.779263
vt 0.137293 0.779263
vt 0.137293 0.771302
vt 0.622379 0.811634
vt 0.622379 0.819595
vt 0.366458 0.811634
vt 0.366458 0.819595
vt 0.698543 0.819595
vt 0.698543 0.811634
vt 0.699380 0.811634
vt 0.699380 0.819595
vt 0.183059 0.700774
vt 0.191020 0.700774
vt 0.513686 0.824385
vt 0.513686 0.825412
vt 0.512849 0.825412
vt 0.512849 0.824385
vt 0.014228 0.811634
vt 0.014228 0.824385
vt 0.013392 0.824385
vt 0.013392 0.811634
vt 0.514523 0.824385
vt 0.514523 0.825412
vt 0.513686 0.825412
vt 0.513686 0.824385
vt 0.015065 0.811634
vt 0.015065 0.824385
vt 0.014228 0.824385
vt 0.014228 0.811634
vt 0.498447 0.819595
vt 0.498447 0.811634
vt 0.499395 0.811634
vt 0.499395 0.819595
vt 0.624480 0.726849
vt 0.616520 0.726849
vt 0.616520 0.714098
vt 0.624480 0.714098
vt 0.276086 0.811634
vt 0.276086 0.819595
vt 0.168581 0.824385
vt 0.169529 0.824385
vt 0.169529 0.825500
vt 0.168581 0.825500
vt 0.287150 0.825412
vt 0.287150 0.824385
vt 0.288098 0.824385
vt 0.288098 0.825412
vt 0.358291 0.824385
vt 0.358291 0.825412
vt 0.735824 0.781759
vt 0.735824 0.771302
vt 0.736851 0.781759
vt 0.736851 0.771302
vt 0.721102 0.739711
vt 0.729063 0.739711
vt 0.721102 0.750168
vt 0.701794 0.756570
vt 0.693834 0.756570
vt 0.693834 0.746113
vt 0.701794 0.746113
vt 0.441534 0.811634
vt 0.441534 0.819595
vt 0.440586 0.819595
vt 0.440586 0.811634
vt 0.116052 0.819595
vt 0.116052 0.811634
vt 0.117167 0.811634
vt 0.117167 0.819595
vt 0.800022 0.811634
vt 0.801137 0.811634
vt 0.801137 0.816915
vt 0.800022 0.816915
vt 0.170478 0.825500
vt 0.169529 0.825500
vt 0.169529 0.824385
vt 0.170478 0.824385
vt 0.903141 0.782609
vt 0.902193 0.782609
vt 0.902193 0.771302
vt 0.903141 0.771302
vt 0.200299 0.730660
vt 0.208260 0.730660
vt 0.208260 0.741966
vt 0.200299 0.741966
vt 0.475265 0.738113
vt 0.467304 0.738113
vt 0.467304 0.726806
vt 0.475265 0.726806
vt 0.903141 0.771302
vt 0.904090 0.771302
vt 0.904090 0.782609
vt 0.903141 0.782609
vt 0.138344 0.811634
vt 0.138344 0.819595
vt 0.137229 0.819595
vt 0.137229 0.811634
vt 0.361060 0.751017
vt 0.361060 0.743057
vt 0.366340 0.743057
vt 0.366340 0.751017
vt 0.801137 0.811634
vt 0.802251 0.811634
vt 0.802251 0.816915
vt 0.801137 0.816915
vt 0.095049 0.771302
vt 0.095049 0.779263
vt 0.089769 0.779263
vt 0.089769 0.771302
vt 0.647488 0.819595
vt 0.647488 0.811634
vt 0.648325 0.811634
vt 0.648325 0.819595
vt 0.367484 0.811634
vt 0.367484 0.819595
vt 0.712771 0.819595
vt 0.712771 0.811634
vt 0.713608 0.811634
vt 0.713608 0.819595
vt 0.174876 0.722768
vt 0.166916 0.722768
vt 0.166916 0.710017
vt 0.174876 0.710017
vt 0.573110 0.824385
vt 0.573110 0.825412
vt 0.572273 0.825412
vt 0.572273 0.824385
vt 0.102110 0.811634
vt 0.102110 0.824385
vt 0.101273 0.824385
vt 0.101273 0.811634
vt 0.573947 0.824385
vt 0.573947 0.825412
vt 0.102110 0.811634
vt 0.102947 0.811634
vt 0.102947 0.824385
vt 0.425409 0.811634
vt 0.425409 0.819595
vt 0.266785 0.724584
vt 0.266785 0.711833
vt 0.277113 0.811634
vt 0.277113 0.819595
vt 0.225494 0.824385
vt 0.226442 0.824385
vt 0.226442 0.825500
vt 0.225494 0.825500
vt 0.279561 0.824385
vt 0.280510 0.824385
vt 0.280510 0.825412
vt 0.281458 0.824385
vt 0.281458 0.825412
vt 0.676261 0.781759
vt 0.675234 0.781759
vt 0.675234 0.771302
vt 0.676261 0.771302
vt 0.677288 0.781759
vt 0.677288 0.771302
vt 0.567515 0.737514
vt 0.575475 0.737514
vt 0.575475 0.747971
vt 0.567515 0.747971
vt 0.351484 0.755386
vt 0.343523 0.755386
vt 0.343523 0.744929
vt 0.351484 0.744929
vt 0.442483 0.811634
vt 0.442483 0.819595
vt 0.441534 0.819595
vt 0.441534 0.811634
vt 0.219706 0.811634
vt 0.219706 0.819595
vt 0.958288 0.811634
vt 0.959403 0.811634
vt 0.959403 0.816915
vt 0.958288 0.816915
vt 0.227391 0.825500
vt 0.226442 0.825500
vt 0.226442 0.824385
vt 0.227391 0.824385
vt 0.797849 0.782609
vt 0.797849 0.771302
vt 0.208260 0.730660
vt 0.216220 0.730660
vt 0.216220 0.741966
vt 0.208260 0.741966
vt 0.165859 0.735461
vt 0.157899 0.735461
vt 0.157899 0.724154
vt 0.165859 0.724154
vt 0.843381 0.771302
vt 0.844330 0.771302
vt 0.844330 0.782609
vt 0.843381 0.782609
vt 0.233081 0.811634
vt 0.233081 0.819595
vt 0.231966 0.819595
vt 0.231966 0.811634
vt 0.682393 0.770994
vt 0.682393 0.763034
vt 0.687674 0.763034
vt 0.687674 0.770994
vt 0.959403 0.811634
vt 0.960517 0.811634
vt 0.960517 0.816915
vt 0.959403 0.816915
vt 0.211220 0.771302
vt 0.211220 0.779263
vt 0.205939 0.779263
vt 0.205939 0.771302
vt 0.623216 0.811634
vt 0.623216 0.819595
vt 0.306894 0.811634
vt 0.306894 0.819595
vt 0.700217 0.811634
vt 0.700217 0.819595
vt 0.427979 0.712870
vt 0.420018 0.712870
vt 0.420018 0.700119
vt 0.427979 0.700119
vt 0.465979 0.824385
vt 0.465979 0.825412
vt 0.465142 0.825412
vt 0.465142 0.824385
vt 0.015902 0.811634
vt 0.015902 0.824385
vt 0.015065 0.824385
vt 0.466816 0.824385
vt 0.466816 0.825412
vt 0.465979 0.825412
vt 0.465979 0.824385
vt 0.985332 0.771302
vt 0.985332 0.784053
vt 0.984495 0.784053
vt 0.984495 0.771302
vt 0.514572 0.811634
vt 0.514572 0.819595
vt 0.541496 0.711303
vt 0.549456 0.711303
vt 0.352080 0.819595
vt 0.352080 0.811634
vt 0.353107 0.811634
vt 0.353107 0.819595
vt 0.170478 0.824385
vt 0.171427 0.824385
vt 0.171427 0.825500
vt 0.170478 0.825500
vt 0.388645 0.824385
vt 0.388645 0.825412
vt 0.387696 0.825412
vt 0.387696 0.824385
vt 0.389593 0.824385
vt 0.389593 0.825412
vt 0.607456 0.781759
vt 0.606429 0.781759
vt 0.606429 0.771302
vt 0.607456 0.771302
vt 0.608483 0.781759
vt 0.607456 0.781759
vt 0.607456 0.771302
vt 0.608483 0.771302
vt 0.130015 0.738953
vt 0.137975 0.738953
vt 0.137975 0.749410
vt 0.130015 0.749410
vt 0.315774 0.755610
vt 0.307814 0.745153
vt 0.315774 0.745153
vt 0.474733 0.811634
vt 0.474733 0.819595
vt 0.473785 0.819595
vt 0.473785 0.811634
vt 0.118281 0.811634
vt 0.118281 0.819595
vt 0.802251 0.811634
vt 0.803366 0.811634
vt 0.803366 0.816915
vt 0.802251 0.816915
vt 0.172375 0.825500
vt 0.171427 0.825500
vt 0.171427 0.824385
vt 0.172375 0.824385
vt 0.866147 0.782609
vt 0.865198 0.782609
vt 0.865198 0.771302
vt 0.866147 0.771302
vt 0.636168 0.731735
vt 0.644128 0.731735
vt 0.644128 0.743041
vt 0.636168 0.743041
vt 0.701794 0.735656
vt 0.693834 0.735656
vt 0.884170 0.771302
vt 0.885118 0.771302
vt 0.885118 0.782609
vt 0.884170 0.782609
vt 0.234195 0.811634
vt 0.234195 0.819595
vt 0.659877 0.751327
vt 0.659877 0.743367
vt 0.665157 0.743367
vt 0.665157 0.751327
vt 0.803366 0.811634
vt 0.804481 0.811634
vt 0.804481 0.816915
vt 0.803366 0.816915
vt 0.084488 0.771302
vt 0.084488 0.779263
vt 0.079208 0.779263
vt 0.079208 0.771302
vt 0.649162 0.811634
vt 0.649162 0.819595
vt 0.307921 0.811634
vt 0.307921 0.819595
vt 0.704401 0.819595
vt 0.704401 0.811634
vt 0.705238 0.811634
vt 0.705238 0.819595
vt 0.182837 0.722768
vt 0.174876 0.710017
vt 0.182837 0.710017
vt 0.515360 0.824385
vt 0.515360 0.825412
vt 0.061936 0.824385
vt 0.061936 0.811634
vt 0.062773 0.811634
vt 0.062773 0.824385
vt 0.516197 0.824385
vt 0.516197 0.825412
vt 0.071979 0.824385
vt 0.071979 0.811634
vt 0.072816 0.811634
vt 0.072816 0.824385
vt 0.481373 0.819595
vt 0.481373 0.811634
vt 0.482322 0.811634
vt 0.482322 0.819595
vt 0.719004 0.525502
vt 0.719004 0.512751
vt 0.726964 0.512751
vt 0.278140 0.811634
vt 0.278140 0.819595
vt 0.230237 0.824385
vt 0.231185 0.824385
vt 0.231185 0.825500
vt 0.230237 0.825500
vt 0.378211 0.824385
vt 0.378211 0.825412
vt 0.377262 0.825412
vt 0.377262 0.824385
vt 0.379159 0.824385
vt 0.379159 0.825412
vt 0.378211 0.825412
vt 0.378211 0.824385
vt 0.713232 0.781759
vt 0.712205 0.781759
vt 0.712205 0.771302
vt 0.713232 0.771302
vt 0.714258 0.781759
vt 0.714258 0.771302
vt 0.440324 0.739127
vt 0.448284 0.739127
vt 0.448284 0.749584
vt 0.440324 0.749584
vt 0.439455 0.756072
vt 0.431495 0.756072
vt 0.431495 0.745615
vt 0.439455 0.745615
vt 0.443432 0.811634
vt 0.443432 0.819595
vt 0.220821 0.811634
vt 0.220821 0.819595
vt 0.956059 0.811634
vt 0.957174 0.811634
vt 0.957174 0.816915
vt 0.956059 0.816915
vt 0.232134 0.825500
vt 0.231185 0.825500
vt 0.231185 0.824385
vt 0.232134 0.824385
vt 0.912627 0.771302
vt 0.913576 0.771302
vt 0.913576 0.782609
vt 0.912627 0.782609
vt 0.111400 0.732082
vt 0.119361 0.732082
vt 0.119361 0.743388
vt 0.111400 0.743388
vt 0.258825 0.735890
vt 0.250865 0.735890
vt 0.250865 0.724584
vt 0.258825 0.724584
vt 0.886067 0.782609
vt 0.886067 0.771302
vt 0.235310 0.811634
vt 0.235310 0.819595
vt 0.412739 0.767386
vt 0.412739 0.759426
vt 0.418019 0.759426
vt 0.418019 0.767386
vt 0.958288 0.811634
vt 0.958288 0.816915
vt 0.137293 0.779263
vt 0.132012 0.779263
vt 0.649999 0.811634
vt 0.649999 0.819595
vt 0.308948 0.811634
vt 0.308948 0.819595
vt 0.671760 0.819595
vt 0.671760 0.811634
vt 0.672597 0.811634
vt 0.672597 0.819595
vt 0.666645 0.701020
vt 0.674606 0.701020
vt 0.483555 0.824385
vt 0.483555 0.825412
vt 0.482718 0.825412
vt 0.482718 0.824385
vt 0.970267 0.784053
vt 0.970267 0.771302
vt 0.971104 0.771302
vt 0.971104 0.784053
vt 0.484392 0.824385
vt 0.484392 0.825412
vt 0.483555 0.825412
vt 0.483555 0.824385
vt 0.995376 0.784053
vt 0.995376 0.771302
vt 0.996212 0.771302
vt 0.996212 0.784053
vt 0.482322 0.811634
vt 0.483270 0.811634
vt 0.483270 0.819595
vt 0.726855 0.548041
vt 0.718895 0.548041
vt 0.718895 0.535290
vt 0.726855 0.535290
vt 0.279167 0.811634
vt 0.279167 0.819595
vt 0.146764 0.824385
vt 0.147713 0.824385
vt 0.147713 0.825500
vt 0.146764 0.825500
vt 0.358291 0.825412
vt 0.358291 0.824385
vt 0.359240 0.824385
vt 0.359240 0.825412
vt 0.289047 0.824385
vt 0.289047 0.825412
vt 0.288098 0.825412
vt 0.288098 0.824385
vt 0.737878 0.781759
vt 0.737878 0.771302
vt 0.738905 0.781759
vt 0.738905 0.771302
vt 0.750736 0.566661
vt 0.742776 0.566661
vt 0.258825 0.756804
vt 0.250865 0.756804
vt 0.250865 0.746347
vt 0.258825 0.746347
vt 0.444380 0.811634
vt 0.444380 0.819595
vt 0.443432 0.819595
vt 0.443432 0.811634
vt 0.119396 0.811634
vt 0.119396 0.819595
vt 0.813397 0.811634
vt 0.814511 0.811634
vt 0.814511 0.816915
vt 0.813397 0.816915
vt 0.148661 0.825500
vt 0.147713 0.825500
vt 0.148661 0.824385
vt 0.916421 0.782609
vt 0.915473 0.782609
vt 0.915473 0.771302
vt 0.916421 0.771302
vt 0.367216 0.732111
vt 0.375176 0.732111
vt 0.375176 0.743417
vt 0.367216 0.743417
vt 0.624480 0.738155
vt 0.616520 0.738155
vt 0.616520 0.726849
vt 0.624480 0.726849
vt 0.916421 0.771302
vt 0.917370 0.771302
vt 0.917370 0.782609
vt 0.916421 0.782609
vt 0.139458 0.811634
vt 0.139458 0.819595
vt 0.138344 0.819595
vt 0.138344 0.811634
vt 0.761011 0.681967
vt 0.761011 0.674006
vt 0.766292 0.674006
vt 0.766292 0.681967
vt 0.815626 0.811634
vt 0.815626 0.816915
vt 0.105610 0.771302
vt 0.105610 0.779263
vt 0.100330 0.779263
vt 0.100330 0.771302
vt 0.641629 0.811634
vt 0.641629 0.819595
vt 0.308948 0.819595
vt 0.308948 0.811634
vt 0.309975 0.811634
vt 0.309975 0.819595
vt 0.707749 0.819595
vt 0.707749 0.811634
vt 0.708586 0.811634
vt 0.708586 0.819595
vt 0.624480 0.714098
vt 0.616520 0.714098
vt 0.616520 0.701347
vt 0.624480 0.701347
vt 0.517034 0.824385
vt 0.517034 0.825412
vt 0.516197 0.825412
vt 0.047707 0.811634
vt 0.047707 0.824385
vt 0.046870 0.824385
vt 0.517871 0.824385
vt 0.517871 0.825412
vt 0.517034 0.825412
vt 0.048544 0.811634
vt 0.048544 0.824385
vt 0.047707 0.824385
vt 0.047707 0.811634
vt 0.483270 0.819595
vt 0.483270 0.811634
vt 0.484219 0.811634
vt 0.484219 0.819595
vt 0.250441 0.724630
vt 0.242481 0.724630
vt 0.242481 0.711879
vt 0.250441 0.711879
vt 0.354134 0.811634
vt 0.354134 0.819595
vt 0.148661 0.824385
vt 0.149610 0.824385
vt 0.149610 0.825500
vt 0.148661 0.825500
vt 0.401924 0.825412
vt 0.401924 0.824385
vt 0.402873 0.824385
vt 0.402873 0.825412
vt 0.402873 0.825412
vt 0.402873 0.824385
vt 0.403821 0.824385
vt 0.403821 0.825412
vt 0.678315 0.781759
vt 0.677288 0.781759
vt 0.677288 0.771302
vt 0.678315 0.771302
vt 0.679342 0.781759
vt 0.678315 0.781759
vt 0.678315 0.771302
vt 0.679342 0.771302
vt 0.386389 0.736976
vt 0.394349 0.736976
vt 0.394349 0.747433
vt 0.386389 0.747433
vt 0.384867 0.755525
vt 0.376906 0.755525
vt 0.376906 0.745068
vt 0.384867 0.745068
vt 0.445329 0.811634
vt 0.445329 0.819595
vt 0.444380 0.819595
vt 0.444380 0.811634
vt 0.119396 0.819595
vt 0.119396 0.811634
vt 0.120511 0.811634
vt 0.120511 0.819595
vt 0.829001 0.811634
vt 0.830115 0.811634
vt 0.830115 0.816915
vt 0.829001 0.816915
vt 0.150558 0.825500
vt 0.149610 0.825500
vt 0.149610 0.824385
vt 0.150558 0.824385
vt 0.919267 0.771302
vt 0.920216 0.771302
vt 0.920216 0.782609
vt 0.919267 0.782609
vt 0.475340 0.730664
vt 0.483300 0.730664
vt 0.483300 0.741970
vt 0.475340 0.741970
vt 0.266785 0.735890
vt 0.258825 0.735890
vt 0.258825 0.724584
vt 0.266785 0.724584
vt 0.921164 0.771302
vt 0.921164 0.782609
vt 0.920216 0.782609
vt 0.236424 0.811634
vt 0.236424 0.819595
vt 0.066766 0.767569
vt 0.066766 0.759608
vt 0.072047 0.759608
vt 0.072047 0.767569
vt 0.831230 0.811634
vt 0.831230 0.816915
vt 0.830115 0.816915
vt 0.147854 0.771302
vt 0.147854 0.779263
vt 0.701054 0.811634
vt 0.701054 0.819595
vt 0.258628 0.819595
vt 0.258628 0.811634
vt 0.259655 0.811634
vt 0.259655 0.819595
vt 0.624053 0.811634
vt 0.624053 0.819595
vt 0.129971 0.727401
vt 0.122011 0.727401
vt 0.122011 0.714650
vt 0.129971 0.714650
vt 0.428316 0.825412
vt 0.428316 0.824385
vt 0.429153 0.824385
vt 0.429153 0.825412
vt 0.062773 0.824385
vt 0.062773 0.811634
vt 0.063610 0.811634
vt 0.063610 0.824385
vt 0.429153 0.825412
vt 0.429153 0.824385
vt 0.429990 0.824385
vt 0.429990 0.825412
vt 0.064446 0.811634
vt 0.064446 0.824385
vt 0.487064 0.819595
vt 0.487064 0.811634
vt 0.488013 0.811634
vt 0.488013 0.819595
vt 0.292210 0.723344
vt 0.284249 0.723344
vt 0.284249 0.710593
vt 0.292210 0.710593
vt 0.262735 0.819595
vt 0.262735 0.811634
vt 0.263762 0.811634
vt 0.263762 0.819595
vt 0.094594 0.825500
vt 0.093645 0.825500
vt 0.093645 0.824385
vt 0.094594 0.824385
vt 0.261539 0.825412
vt 0.261539 0.824385
vt 0.262487 0.824385
vt 0.262487 0.825412
vt 0.263436 0.824385
vt 0.263436 0.825412
vt 0.589997 0.771302
vt 0.591024 0.771302
vt 0.591024 0.781759
vt 0.589997 0.781759
vt 0.592051 0.771302
vt 0.592051 0.781759
vt 0.076390 0.744844
vt 0.084350 0.744844
vt 0.076390 0.755301
vt 0.427979 0.747384
vt 0.420018 0.747384
vt 0.420018 0.736927
vt 0.427979 0.736927
vt 0.456711 0.811634
vt 0.456711 0.819595
vt 0.455763 0.819595
vt 0.455763 0.811634
vt 0.236424 0.819595
vt 0.236424 0.811634
vt 0.237539 0.811634
vt 0.237539 0.819595
vt 0.845719 0.816915
vt 0.844604 0.816915
vt 0.844604 0.811634
vt 0.845719 0.811634
vt 0.094594 0.824385
vt 0.095542 0.824385
vt 0.095542 0.825500
vt 0.094594 0.825500
vt 0.850021 0.782609
vt 0.849073 0.782609
vt 0.849073 0.771302
vt 0.850021 0.771302
vt 0.149077 0.727716
vt 0.157037 0.727716
vt 0.157037 0.739022
vt 0.149077 0.739022
vt 0.301008 0.743494
vt 0.293047 0.743494
vt 0.293047 0.732188
vt 0.301008 0.732188
vt 0.782672 0.771302
vt 0.783621 0.771302
vt 0.783621 0.782609
vt 0.782672 0.782609
vt 0.121625 0.811634
vt 0.121625 0.819595
vt 0.120511 0.819595
vt 0.120511 0.811634
vt 0.153134 0.779263
vt 0.153134 0.771302
vt 0.158415 0.771302
vt 0.158415 0.779263
vt 0.846833 0.816915
vt 0.846833 0.811634
vt 0.306791 0.744866
vt 0.306791 0.752826
vt 0.301510 0.752826
vt 0.301510 0.744866
vt 0.709423 0.811634
vt 0.709423 0.819595
vt 0.280194 0.811634
vt 0.280194 0.819595
vt 0.650836 0.811634
vt 0.650836 0.819595
vt 0.049116 0.727460
vt 0.041155 0.727460
vt 0.041155 0.714709
vt 0.049116 0.714709
vt 0.518708 0.824385
vt 0.518708 0.825412
vt 0.064446 0.824385
vt 0.064446 0.811634
vt 0.065283 0.811634
vt 0.065283 0.824385
vt 0.519545 0.824385
vt 0.519545 0.825412
vt 0.065283 0.811634
vt 0.066120 0.811634
vt 0.066120 0.824385
vt 0.445329 0.819595
vt 0.445329 0.811634
vt 0.446277 0.811634
vt 0.446277 0.819595
vt 0.315774 0.723390
vt 0.307814 0.723390
vt 0.307814 0.710639
vt 0.315774 0.710639
vt 0.311002 0.811634
vt 0.311002 0.819595
vt 0.242568 0.825500
vt 0.241619 0.825500
vt 0.241619 0.824385
vt 0.242568 0.824385
vt 0.360188 0.824385
vt 0.360188 0.825412
vt 0.359240 0.825412
vt 0.359240 0.824385
vt 0.361137 0.824385
vt 0.361137 0.825412
vt 0.679342 0.771302
vt 0.680369 0.771302
vt 0.680369 0.781759
vt 0.679342 0.781759
vt 0.680369 0.771302
vt 0.681396 0.771302
vt 0.681396 0.781759
vt 0.680369 0.781759
vt 0.000000 0.747556
vt 0.007960 0.747556
vt 0.007960 0.758013
vt 0.000000 0.758013
vt 0.583435 0.747971
vt 0.575475 0.747971
vt 0.575475 0.737514
vt 0.583435 0.737514
vt 0.500344 0.811634
vt 0.500344 0.819595
vt 0.499395 0.819595
vt 0.499395 0.811634
vt 0.255372 0.811634
vt 0.255372 0.819595
vt 0.953830 0.816915
vt 0.952716 0.816915
vt 0.952716 0.811634
vt 0.953830 0.811634
vt 0.242568 0.824385
vt 0.243516 0.824385
vt 0.243516 0.825500
vt 0.242568 0.825500
vt 0.887016 0.771302
vt 0.887016 0.782609
vt 0.567515 0.726208
vt 0.575475 0.726208
vt 0.575475 0.737514
vt 0.567515 0.737514
vt 0.636152 0.741964
vt 0.628192 0.741964
vt 0.628192 0.730658
vt 0.636152 0.730658
vt 0.887964 0.782609
vt 0.887016 0.782609
vt 0.887016 0.771302
vt 0.887964 0.771302
vt 0.221935 0.811634
vt 0.221935 0.819595
vt 0.084488 0.779263
vt 0.084488 0.771302
vt 0.089769 0.771302
vt 0.089769 0.779263
vt 0.954945 0.816915
vt 0.953830 0.816915
vt 0.953830 0.811634
vt 0.954945 0.811634
vt 0.339113 0.759683
vt 0.339113 0.767644
vt 0.333832 0.767644
vt 0.333832 0.759683
vt 0.701054 0.819595
vt 0.701054 0.811634
vt 0.701891 0.811634
vt 0.701891 0.819595
vt 0.259655 0.819595
vt 0.259655 0.811634
vt 0.260682 0.811634
vt 0.260682 0.819595
vt 0.651673 0.811634
vt 0.651673 0.819595
vt 0.062685 0.727492
vt 0.054725 0.727492
vt 0.054725 0.714741
vt 0.062685 0.714741
vt 0.430827 0.824385
vt 0.430827 0.825412
vt 0.066120 0.824385
vt 0.066120 0.811634
vt 0.066957 0.811634
vt 0.066957 0.824385
vt 0.431664 0.824385
vt 0.431664 0.825412
vt 0.430827 0.825412
vt 0.430827 0.824385
vt 0.066957 0.824385
vt 0.066957 0.811634
vt 0.067794 0.811634
vt 0.067794 0.824385
vt 0.474733 0.819595
vt 0.474733 0.811634
vt 0.475682 0.811634
vt 0.475682 0.819595
vt 0.541496 0.723388
vt 0.533536 0.723388
vt 0.533536 0.710637
vt 0.541496 0.710637
vt 0.263763 0.819595
vt 0.263763 0.811634
vt 0.264789 0.811634
vt 0.264789 0.819595
vt 0.173324 0.825500
vt 0.173324 0.824385
vt 0.263436 0.825412
vt 0.264384 0.824385
vt 0.264384 0.825412
vt 0.264384 0.825412
vt 0.264384 0.824385
vt 0.265333 0.824385
vt 0.265333 0.825412
vt 0.592051 0.771302
vt 0.593078 0.771302
vt 0.593078 0.781759
vt 0.592051 0.781759
vt 0.593078 0.771302
vt 0.594105 0.771302
vt 0.594105 0.781759
vt 0.593078 0.781759
vt 0.744983 0.746771
vt 0.752943 0.746771
vt 0.752943 0.757228
vt 0.744983 0.757228
vt 0.157037 0.749479
vt 0.501292 0.811634
vt 0.501292 0.819595
vt 0.500344 0.819595
vt 0.500344 0.811634
vt 0.238653 0.811634
vt 0.238653 0.819595
vt 0.805595 0.816915
vt 0.804480 0.816915
vt 0.804480 0.811634
vt 0.805595 0.811634
vt 0.173324 0.824385
vt 0.174272 0.824385
vt 0.174272 0.825500
vt 0.173324 0.825500
vt 0.932547 0.771302
vt 0.933496 0.771302
vt 0.933496 0.782609
vt 0.932547 0.782609
vt 0.575475 0.726208
vt 0.583435 0.726208
vt 0.583435 0.737514
vt 0.575475 0.737514
vt 0.516684 0.742062
vt 0.508724 0.742062
vt 0.508724 0.730756
vt 0.516684 0.730756
vt 0.934444 0.782609
vt 0.933496 0.782609
vt 0.933496 0.771302
vt 0.934444 0.771302
vt 0.122740 0.811634
vt 0.122740 0.819595
vt 0.105610 0.779263
vt 0.105610 0.771302
vt 0.110891 0.771302
vt 0.110891 0.779263
vt 0.806710 0.816915
vt 0.805595 0.811634
vt 0.806710 0.811634
vt 0.531669 0.745604
vt 0.531669 0.753564
vt 0.526389 0.753564
vt 0.526389 0.745604
vt 0.696869 0.819595
vt 0.696869 0.811634
vt 0.697706 0.811634
vt 0.697706 0.819595
vt 0.281221 0.811634
vt 0.281221 0.819595
vt 0.641629 0.819595
vt 0.641629 0.811634
vt 0.642466 0.811634
vt 0.642466 0.819595
vt 0.726855 0.560792
vt 0.718895 0.560792
vt 0.718895 0.548041
vt 0.726855 0.548041
vt 0.519545 0.825412
vt 0.519545 0.824385
vt 0.520382 0.824385
vt 0.520382 0.825412
vt 0.026783 0.811634
vt 0.027620 0.811634
vt 0.027620 0.824385
vt 0.520382 0.825412
vt 0.520382 0.824385
vt 0.521219 0.824385
vt 0.521219 0.825412
vt 0.997049 0.771302
vt 0.997049 0.784053
vt 0.996212 0.784053
vt 0.996212 0.771302
vt 0.446277 0.819595
vt 0.446277 0.811634
vt 0.447226 0.811634
vt 0.447226 0.819595
vt 0.560020 0.719488
vt 0.552060 0.719488
vt 0.552060 0.706737
vt 0.560020 0.706737
vt 0.312029 0.811634
vt 0.312029 0.819595
vt 0.119256 0.825500
vt 0.118308 0.825500
vt 0.118308 0.824385
vt 0.119256 0.824385
vt 0.361137 0.825412
vt 0.361137 0.824385
vt 0.362086 0.824385
vt 0.362086 0.825412
vt 0.362086 0.825412
vt 0.362086 0.824385
vt 0.363034 0.824385
vt 0.363034 0.825412
vt 0.714258 0.771302
vt 0.715285 0.771302
vt 0.715285 0.781759
vt 0.714258 0.781759
vt 0.716312 0.771302
vt 0.716312 0.781759
vt 0.284249 0.745107
vt 0.292210 0.745107
vt 0.292210 0.755564
vt 0.284249 0.755564
vt 0.613151 0.749512
vt 0.605191 0.749512
vt 0.605191 0.739055
vt 0.613151 0.739055
vt 0.502241 0.811634
vt 0.502241 0.819595
vt 0.501292 0.819595
vt 0.238653 0.819595
vt 0.238653 0.811634
vt 0.239768 0.811634
vt 0.239768 0.819595
vt 0.832344 0.816915
vt 0.832344 0.811634
vt 0.120205 0.824385
vt 0.120205 0.825500
vt 0.888913 0.782609
vt 0.887964 0.782609
vt 0.887964 0.771302
vt 0.888913 0.771302
vt 0.583435 0.726208
vt 0.591396 0.726208
vt 0.591396 0.737514
vt 0.560020 0.742100
vt 0.552060 0.742100
vt 0.552060 0.730794
vt 0.560020 0.730794
vt 0.889861 0.782609
vt 0.888913 0.782609
vt 0.888913 0.771302
vt 0.889861 0.771302
vt 0.123854 0.811634
vt 0.123854 0.819595
vt 0.147854 0.779263
vt 0.147854 0.771302
vt 0.153134 0.771302
vt 0.153134 0.779263
vt 0.833459 0.816915
vt 0.833459 0.811634
vt 0.726383 0.759956
vt 0.726383 0.767916
vt 0.721102 0.767916
vt 0.721102 0.759956
vt 0.702727 0.819595
vt 0.702727 0.811634
vt 0.282248 0.811634
vt 0.282248 0.819595
vt 0.645814 0.819595
vt 0.645814 0.811634
vt 0.713142 0.727488
vt 0.705182 0.727488
vt 0.705182 0.714737
vt 0.713142 0.714737
vt 0.525403 0.825412
vt 0.525403 0.824385
vt 0.526240 0.824385
vt 0.526240 0.825412
vt 0.067794 0.824385
vt 0.067794 0.811634
vt 0.068631 0.811634
vt 0.068631 0.824385
vt 0.526240 0.825412
vt 0.526240 0.824385
vt 0.527077 0.824385
vt 0.527077 0.825412
vt 0.069468 0.811634
vt 0.069468 0.824385
vt 0.447226 0.819595
vt 0.447226 0.811634
vt 0.448174 0.811634
vt 0.448174 0.819595
vt 0.439455 0.723852
vt 0.431495 0.723852
vt 0.431495 0.711101
vt 0.439455 0.711101
vt 0.313056 0.811634
vt 0.313056 0.819595
vt 0.134433 0.825500
vt 0.133484 0.825500
vt 0.133484 0.824385
vt 0.134433 0.824385
vt 0.380108 0.824385
vt 0.380108 0.825412
vt 0.379159 0.825412
vt 0.379159 0.824385
vt 0.380108 0.825412
vt 0.381056 0.824385
vt 0.381056 0.825412
vt 0.681396 0.771302
vt 0.682423 0.771302
vt 0.682423 0.781759
vt 0.681396 0.781759
vt 0.683450 0.771302
vt 0.683450 0.781759
vt 0.353100 0.747191
vt 0.361060 0.747191
vt 0.361060 0.757648
vt 0.353100 0.757648
vt 0.129971 0.749164
vt 0.122011 0.749164
vt 0.122011 0.738707
vt 0.129971 0.738707
vt 0.485167 0.811634
vt 0.485167 0.819595
vt 0.139458 0.819595
vt 0.139458 0.811634
vt 0.140573 0.811634
vt 0.140573 0.819595
vt 0.816741 0.816915
vt 0.815626 0.816915
vt 0.815626 0.811634
vt 0.816741 0.811634
vt 0.135382 0.824385
vt 0.135382 0.825500
vt 0.134433 0.825500
vt 0.918319 0.782609
vt 0.917370 0.782609
vt 0.917370 0.771302
vt 0.918319 0.771302
vt 0.605191 0.727749
vt 0.613151 0.727749
vt 0.040243 0.743728
vt 0.032282 0.743728
vt 0.032282 0.732422
vt 0.040243 0.732422
vt 0.919267 0.782609
vt 0.918318 0.782609
vt 0.918318 0.771302
vt 0.919267 0.771302
vt 0.124969 0.811634
vt 0.124969 0.819595
vt 0.110891 0.779263
vt 0.110891 0.771302
vt 0.116171 0.771302
vt 0.116171 0.779263
vt 0.817855 0.816915
vt 0.816741 0.816915
vt 0.816741 0.811634
vt 0.817855 0.811634
vt 0.726383 0.767916
vt 0.726383 0.759956
vt 0.701891 0.819595
vt 0.701891 0.811634
vt 0.702727 0.811634
vt 0.702727 0.819595
vt 0.283275 0.811634
vt 0.283275 0.819595
vt 0.624053 0.819595
vt 0.624053 0.811634
vt 0.624890 0.811634
vt 0.624890 0.819595
vt 0.726855 0.573543
vt 0.718895 0.573543
vt 0.718895 0.560792
vt 0.726855 0.560792
vt 0.507827 0.824385
vt 0.507827 0.825412
vt 0.506990 0.825412
vt 0.506990 0.824385
vt 0.027620 0.824385
vt 0.027620 0.811634
vt 0.028457 0.811634
vt 0.028457 0.824385
vt 0.507827 0.825412
vt 0.507827 0.824385
vt 0.508664 0.824385
vt 0.508664 0.825412
vt 0.029294 0.811634
vt 0.029294 0.824385
vt 0.028457 0.824385
vt 0.429203 0.819595
vt 0.429203 0.811634
vt 0.430152 0.811634
vt 0.430152 0.819595
vt 0.508709 0.719603
vt 0.500748 0.719603
vt 0.500748 0.706852
vt 0.508709 0.706852
vt 0.313056 0.819595
vt 0.313056 0.811634
vt 0.314083 0.811634
vt 0.314083 0.819595
vt 0.121153 0.825500
vt 0.120205 0.825500
vt 0.120205 0.824385
vt 0.121153 0.824385
vt 0.363034 0.825412
vt 0.363034 0.824385
vt 0.363983 0.824385
vt 0.363983 0.825412
vt 0.363983 0.825412
vt 0.363983 0.824385
vt 0.364931 0.824385
vt 0.364931 0.825412
vt 0.717339 0.771302
vt 0.717339 0.781759
vt 0.717339 0.771302
vt 0.718366 0.771302
vt 0.718366 0.781759
vt 0.717339 0.781759
vt 0.541496 0.745817
vt 0.549456 0.745817
vt 0.549456 0.756274
vt 0.737023 0.750168
vt 0.729063 0.750168
vt 0.729063 0.739711
vt 0.737023 0.739711
vt 0.486116 0.811634
vt 0.486116 0.819595
vt 0.485167 0.819595
vt 0.485167 0.811634
vt 0.239768 0.819595
vt 0.239768 0.811634
vt 0.240883 0.811634
vt 0.240883 0.819595
vt 0.834573 0.816915
vt 0.833459 0.816915
vt 0.833459 0.811634
vt 0.834573 0.811634
vt 0.121153 0.824385
vt 0.122102 0.824385
vt 0.122102 0.825500
vt 0.121153 0.825500
vt 0.855713 0.782609
vt 0.854764 0.782609
vt 0.854764 0.771302
vt 0.855713 0.771302
vt 0.725981 0.640446
vt 0.733941 0.640446
vt 0.733941 0.651752
vt 0.725981 0.651752
vt 0.448284 0.739127
vt 0.440324 0.739127
vt 0.440324 0.727821
vt 0.448284 0.727821
vt 0.856661 0.782609
vt 0.855713 0.782609
vt 0.855713 0.771302
vt 0.856661 0.771302
vt 0.126083 0.811634
vt 0.126083 0.819595
vt 0.124969 0.819595
vt 0.124969 0.811634
vt 0.116171 0.771302
vt 0.121451 0.771302
vt 0.121451 0.779263
vt 0.835688 0.816915
vt 0.834573 0.811634
vt 0.835688 0.811634
vt 0.016702 0.760015
vt 0.016702 0.767976
vt 0.011422 0.767976
vt 0.011422 0.760015
vt 0.652510 0.811634
vt 0.652510 0.819595
vt 0.355161 0.811634
vt 0.355161 0.819595
vt 0.673434 0.811634
vt 0.673434 0.819595
vt 0.137975 0.727647
vt 0.130015 0.727646
vt 0.130015 0.714896
vt 0.137975 0.714896
vt 0.568088 0.824385
vt 0.568088 0.825412
vt 0.567251 0.825412
vt 0.567251 0.824385
vt 0.080349 0.824385
vt 0.080349 0.811634
vt 0.081186 0.811634
vt 0.081186 0.824385
vt 0.568088 0.825412
vt 0.568088 0.824385
vt 0.568925 0.824385
vt 0.568925 0.825412
vt 0.082023 0.811634
vt 0.082023 0.824385
vt 0.461454 0.819595
vt 0.461454 0.811634
vt 0.462402 0.811634
vt 0.462402 0.819595
vt 0.493455 0.719620
vt 0.485495 0.719620
vt 0.485495 0.706869
vt 0.493455 0.706869
vt 0.385970 0.819595
vt 0.385970 0.811634
vt 0.386997 0.811634
vt 0.386997 0.819595
vt 0.175221 0.825500
vt 0.174272 0.825500
vt 0.174272 0.824385
vt 0.175221 0.824385
vt 0.390542 0.824385
vt 0.390542 0.825412
vt 0.389593 0.824385
vt 0.391490 0.824385
vt 0.391490 0.825412
vt 0.683450 0.771302
vt 0.684477 0.771302
vt 0.684477 0.781759
vt 0.683450 0.781759
vt 0.685504 0.781759
vt 0.684477 0.781759
vt 0.684477 0.771302
vt 0.685504 0.771302
vt 0.591396 0.747971
vt 0.148164 0.754824
vt 0.140204 0.754824
vt 0.140204 0.744367
vt 0.148164 0.744367
vt 0.449123 0.811634
vt 0.449123 0.819595
vt 0.179582 0.819595
vt 0.179582 0.811634
vt 0.180697 0.811634
vt 0.180697 0.819595
vt 0.778846 0.816915
vt 0.777731 0.816915
vt 0.777731 0.811634
vt 0.778846 0.811634
vt 0.176169 0.825500
vt 0.175221 0.825500
vt 0.175221 0.824385
vt 0.176169 0.824385
vt 0.938239 0.782609
vt 0.937290 0.782609
vt 0.937290 0.771302
vt 0.938239 0.771302
vt 0.458997 0.727165
vt 0.466957 0.727165
vt 0.466957 0.738471
vt 0.458997 0.738471
vt 0.200138 0.744833
vt 0.192178 0.744833
vt 0.192178 0.733527
vt 0.200138 0.733527
vt 0.939187 0.782609
vt 0.939187 0.771302
vt 0.155062 0.811634
vt 0.155062 0.819595
vt 0.494174 0.757167
vt 0.494174 0.749207
vt 0.499454 0.749207
vt 0.499454 0.757167
vt 0.779960 0.811634
vt 0.779960 0.816915
vt 0.021122 0.771302
vt 0.021122 0.779263
vt 0.015842 0.779263
vt 0.015842 0.771302
vt 0.653347 0.811634
vt 0.653347 0.819595
vt 0.284302 0.811634
vt 0.284302 0.819595
vt 0.674271 0.811634
vt 0.674271 0.819595
vt 0.605191 0.714998
vt 0.613151 0.714998
vt 0.538795 0.824385
vt 0.538795 0.825412
vt 0.537958 0.825412
vt 0.102947 0.824385
vt 0.102947 0.811634
vt 0.103784 0.811634
vt 0.103784 0.824385
vt 0.538795 0.825412
vt 0.538795 0.824385
vt 0.539632 0.824385
vt 0.539632 0.825412
vt 0.104621 0.811634
vt 0.104621 0.824385
vt 0.103784 0.824385
vt 0.103784 0.811634
vt 0.462402 0.819595
vt 0.462402 0.811634
vt 0.463351 0.811634
vt 0.463351 0.819595
vt 0.351484 0.723166
vt 0.343523 0.723166
vt 0.343523 0.710415
vt 0.351484 0.710415
vt 0.382889 0.819595
vt 0.382889 0.811634
vt 0.383916 0.811634
vt 0.383916 0.819595
vt 0.159095 0.825500
vt 0.158147 0.825500
vt 0.158147 0.824385
vt 0.159095 0.824385
vt 0.316555 0.824385
vt 0.316555 0.825412
vt 0.315606 0.825412
vt 0.315606 0.824385
vt 0.316555 0.825412
vt 0.316555 0.824385
vt 0.317503 0.824385
vt 0.317503 0.825412
vt 0.686531 0.781759
vt 0.685504 0.781759
vt 0.685504 0.771302
vt 0.686531 0.771302
vt 0.640318 0.771302
vt 0.641345 0.771302
vt 0.641345 0.781759
vt 0.640318 0.781759
vt 0.737023 0.736314
vt 0.744983 0.736314
vt 0.744983 0.746771
vt 0.737023 0.746771
vt 0.367216 0.753874
vt 0.367216 0.743417
vt 0.375176 0.743417
vt 0.396004 0.811634
vt 0.396004 0.819595
vt 0.395055 0.819595
vt 0.395055 0.811634
vt 0.221935 0.819595
vt 0.221935 0.811634
vt 0.223050 0.811634
vt 0.223050 0.819595
vt 0.940455 0.811634
vt 0.941570 0.811634
vt 0.941570 0.816915
vt 0.940455 0.816915
vt 0.160044 0.825500
vt 0.160044 0.824385
vt 0.810181 0.782609
vt 0.809232 0.782609
vt 0.810181 0.771302
vt 0.242481 0.724630
vt 0.250441 0.724630
vt 0.250441 0.735936
vt 0.242481 0.735936
vt 0.690353 0.743879
vt 0.682393 0.743879
vt 0.682393 0.732573
vt 0.690353 0.732573
vt 0.811130 0.782609
vt 0.810181 0.782609
vt 0.810181 0.771302
vt 0.811130 0.771302
vt 0.250913 0.811634
vt 0.250913 0.819595
vt 0.249799 0.819595
vt 0.249799 0.811634
vt 0.301510 0.728945
vt 0.301510 0.720985
vt 0.306791 0.720985
vt 0.306791 0.728945
vt 0.885843 0.816915
vt 0.884728 0.816915
vt 0.884728 0.811634
vt 0.885843 0.811634
vt 0.480620 0.761464
vt 0.480620 0.769424
vt 0.475340 0.769424
vt 0.475340 0.761464
vt 0.654184 0.811634
vt 0.654184 0.819595
vt 0.284302 0.819595
vt 0.284302 0.811634
vt 0.285329 0.811634
vt 0.285329 0.819595
vt 0.675108 0.811634
vt 0.675108 0.819595
vt 0.415418 0.727875
vt 0.407458 0.727875
vt 0.407458 0.715124
vt 0.415418 0.715124
vt 0.485229 0.824385
vt 0.485229 0.825412
vt 0.015902 0.824385
vt 0.015902 0.811634
vt 0.016739 0.811634
vt 0.016739 0.824385
vt 0.485229 0.825412
vt 0.485229 0.824385
vt 0.486066 0.824385
vt 0.486066 0.825412
vt 0.017576 0.811634
vt 0.017576 0.824385
vt 0.016739 0.824385
vt 0.016739 0.811634
vt 0.506984 0.819595
vt 0.506984 0.811634
vt 0.507932 0.811634
vt 0.507932 0.819595
vt 0.241643 0.723192
vt 0.233683 0.723192
vt 0.233683 0.710441
vt 0.241643 0.710441
vt 0.383916 0.819595
vt 0.384943 0.811634
vt 0.384943 0.819595
vt 0.070880 0.825500
vt 0.069931 0.825500
vt 0.069931 0.824385
vt 0.070880 0.824385
vt 0.257745 0.824385
vt 0.257745 0.825412
vt 0.256796 0.825412
vt 0.256796 0.824385
vt 0.258693 0.824385
vt 0.258693 0.825412
vt 0.687558 0.781759
vt 0.686531 0.771302
vt 0.687558 0.771302
vt 0.688585 0.771302
vt 0.688585 0.781759
vt 0.742722 0.611512
vt 0.750682 0.611512
vt 0.750682 0.621969
vt 0.742722 0.621969
vt 0.040243 0.754185
vt 0.032282 0.754185
vt 0.396953 0.811634
vt 0.396953 0.819595
vt 0.396004 0.819595
vt 0.396004 0.811634
vt 0.155062 0.819595
vt 0.155062 0.811634
vt 0.156177 0.811634
vt 0.156177 0.819595
vt 0.850177 0.816915
vt 0.849063 0.816915
vt 0.849063 0.811634
vt 0.850177 0.811634
vt 0.071828 0.825500
vt 0.070880 0.825500
vt 0.070880 0.824385
vt 0.071828 0.824385
vt 0.781724 0.782609
vt 0.780775 0.782609
vt 0.780775 0.771302
vt 0.781724 0.771302
vt 0.122011 0.727401
vt 0.129971 0.727401
vt 0.129971 0.738707
vt 0.122011 0.738707
vt 0.744190 0.671724
vt 0.736230 0.671724
vt 0.736230 0.660418
vt 0.744190 0.660418
vt 0.782672 0.782609
vt 0.781724 0.782609
vt 0.781724 0.771302
vt 0.782672 0.771302
vt 0.157291 0.811634
vt 0.157291 0.819595
vt 0.156177 0.819595
vt 0.156177 0.811634
vt 0.210860 0.761460
vt 0.210860 0.769420
vt 0.850177 0.811634
vt 0.851292 0.811634
vt 0.851292 0.816915
vt 0.058086 0.771302
vt 0.058086 0.779263
vt 0.052805 0.779263
vt 0.052805 0.771302
vt 0.061746 0.832346
vt 0.061746 0.824385
vt 0.062339 0.824385
vt 0.062339 0.832346
vt 0.981411 0.819595
vt 0.981411 0.811634
vt 0.982140 0.811634
vt 0.982140 0.819595
vt 0.058177 0.832346
vt 0.058177 0.824385
vt 0.058772 0.824385
vt 0.058772 0.832346
vt 0.760904 0.757818
vt 0.752943 0.757818
vt 0.752943 0.748781
vt 0.760904 0.748781
vt 0.445892 0.825412
vt 0.445892 0.824385
vt 0.446729 0.824385
vt 0.446729 0.825412
vt 0.018413 0.811634
vt 0.018413 0.824385
vt 0.017576 0.824385
vt 0.017576 0.811634
vt 0.486903 0.824385
vt 0.486903 0.825412
vt 0.486066 0.825412
vt 0.486066 0.824385
vt 0.018413 0.824385
vt 0.018413 0.811634
vt 0.019250 0.811634
vt 0.019250 0.824385
vt 0.017187 0.832346
vt 0.017187 0.824385
vt 0.017861 0.824385
vt 0.017861 0.832346
vt 0.760111 0.669467
vt 0.752151 0.669467
vt 0.752151 0.660418
vt 0.760111 0.660418
vt 0.999619 0.811634
vt 0.999619 0.819595
vt 0.122102 0.824385
vt 0.123050 0.824385
vt 0.123050 0.825500
vt 0.122102 0.825500
vt 0.317503 0.825412
vt 0.317503 0.824385
vt 0.318452 0.824385
vt 0.318452 0.825412
vt 0.319401 0.824385
vt 0.319401 0.825412
vt 0.318452 0.825412
vt 0.318452 0.824385
vt 0.719393 0.781759
vt 0.718366 0.781759
vt 0.718366 0.771302
vt 0.719393 0.771302
vt 0.720420 0.781759
vt 0.719393 0.781759
vt 0.719393 0.771302
vt 0.720420 0.771302
vt 0.682018 0.738010
vt 0.682018 0.745970
vt 0.674605 0.745970
vt 0.674605 0.738010
vt 0.325947 0.736887
vt 0.325947 0.728927
vt 0.333378 0.728928
vt 0.333378 0.736889
vt 0.025267 0.824385
vt 0.025267 0.832346
vt 0.024595 0.832346
vt 0.024595 0.824385
vt 0.743009 0.819595
vt 0.743009 0.811634
vt 0.743799 0.811634
vt 0.743799 0.819595
vt 0.835688 0.811634
vt 0.836802 0.811634
vt 0.836802 0.816915
vt 0.835688 0.816915
vt 0.123050 0.824385
vt 0.123999 0.824385
vt 0.123999 0.825500
vt 0.123050 0.825500
vt 0.812078 0.771302
vt 0.812078 0.782609
vt 0.758696 0.567393
vt 0.766656 0.567393
vt 0.766656 0.575417
vt 0.758696 0.575417
vt 0.062685 0.767056
vt 0.054725 0.767056
vt 0.054725 0.759043
vt 0.062685 0.759043
vt 0.784569 0.771302
vt 0.785518 0.771302
vt 0.785518 0.782609
vt 0.784569 0.782609
vt 0.721673 0.811634
vt 0.721673 0.819595
vt 0.720882 0.819595
vt 0.720882 0.811634
vt 0.432417 0.779263
vt 0.432417 0.771302
vt 0.436160 0.771302
vt 0.436160 0.779263
vt 0.836802 0.811634
vt 0.837917 0.811634
vt 0.837917 0.816915
vt 0.836802 0.816915
vt 0.428674 0.771303
vt 0.428674 0.779263
vt 0.424922 0.779263
vt 0.424922 0.771302
vt 0.059367 0.832346
vt 0.059367 0.824385
vt 0.059962 0.824385
vt 0.059962 0.832346
vt 0.005095 0.832346
vt 0.005095 0.824385
vt 0.005822 0.824385
vt 0.005822 0.832346
vt 0.062932 0.824385
vt 0.062932 0.832346
vt 0.760904 0.730683
vt 0.752943 0.730683
vt 0.752943 0.721634
vt 0.760904 0.721634
vt 0.427479 0.824385
vt 0.427479 0.825412
vt 0.426642 0.825412
vt 0.426642 0.824385
vt 0.997886 0.771302
vt 0.997886 0.784053
vt 0.456773 0.825412
vt 0.456773 0.824385
vt 0.457610 0.824385
vt 0.457610 0.825412
vt 0.998723 0.771302
vt 0.998723 0.784053
vt 0.997886 0.784053
vt 0.997886 0.771302
vt 0.023922 0.832346
vt 0.023922 0.824385
vt 0.208260 0.761460
vt 0.200299 0.761460
vt 0.200299 0.752423
vt 0.208260 0.752423
vt 0.985784 0.819595
vt 0.985784 0.811634
vt 0.986513 0.811634
vt 0.986513 0.819595
vt 0.124947 0.825500
vt 0.123999 0.825500
vt 0.123999 0.824385
vt 0.124947 0.824385
vt 0.282407 0.824385
vt 0.282407 0.825412
vt 0.281458 0.825412
vt 0.281458 0.824385
vt 0.246362 0.825412
vt 0.246362 0.824385
vt 0.247310 0.824385
vt 0.247310 0.825412
vt 0.751229 0.771302
vt 0.752256 0.771302
vt 0.752256 0.781759
vt 0.751229 0.781759
vt 0.616698 0.771302
vt 0.617725 0.771302
vt 0.617725 0.781759
vt 0.616698 0.781759
vt 0.682036 0.730049
vt 0.682036 0.738010
vt 0.674605 0.738008
vt 0.674605 0.730048
vt 0.325947 0.752809
vt 0.325947 0.744849
vt 0.333360 0.744849
vt 0.333360 0.752809
vt 0.018535 0.824385
vt 0.018535 0.832346
vt 0.017861 0.832346
vt 0.017861 0.824385
vt 0.721673 0.819595
vt 0.721673 0.811634
vt 0.722464 0.811634
vt 0.722464 0.819595
vt 0.765471 0.816915
vt 0.764357 0.816915
vt 0.764357 0.811634
vt 0.765471 0.811634
vt 0.125896 0.825500
vt 0.124947 0.825500
vt 0.124947 0.824385
vt 0.125896 0.824385
vt 0.786466 0.782609
vt 0.785518 0.782609
vt 0.785518 0.771302
vt 0.786466 0.771302
vt 0.041155 0.759011
vt 0.049116 0.759011
vt 0.049116 0.767024
vt 0.041155 0.767024
vt 0.766668 0.591828
vt 0.758708 0.591828
vt 0.758708 0.583804
vt 0.766668 0.583804
vt 0.787415 0.782609
vt 0.786467 0.782609
vt 0.786467 0.771302
vt 0.787415 0.771302
vt 0.741429 0.811634
vt 0.741429 0.819595
vt 0.740639 0.819595
vt 0.740639 0.811634
vt 0.394903 0.779263
vt 0.394903 0.771302
vt 0.398656 0.771303
vt 0.398656 0.779263
vt 0.781075 0.816915
vt 0.779960 0.811634
vt 0.781075 0.811634
vt 0.447390 0.771302
vt 0.447390 0.779263
vt 0.443647 0.779263
vt 0.443647 0.771302
vt 0.058772 0.832346
vt 0.058772 0.824385
vt 0.059367 0.824385
vt 0.059367 0.832346
vt 0.000000 0.832346
vt 0.000000 0.824385
vt 0.000728 0.824385
vt 0.000728 0.832346
vt 0.063526 0.824385
vt 0.063526 0.832346
vt 0.760904 0.739732
vt 0.752943 0.739732
vt 0.752943 0.730683
vt 0.760904 0.730683
vt 0.447566 0.824385
vt 0.447566 0.825412
vt 0.446729 0.825412
vt 0.998723 0.784053
vt 0.998723 0.771302
vt 0.999560 0.771302
vt 0.999560 0.784053
vt 0.427479 0.825412
vt 0.427479 0.824385
vt 0.428316 0.824385
vt 0.428316 0.825412
vt 0.000837 0.811634
vt 0.000837 0.824385
vt -0.000000 0.824385
vt -0.000000 0.811634
vt 0.021905 0.832346
vt 0.021905 0.824385
vt 0.022577 0.824385
vt 0.022577 0.832346
vt 0.516684 0.761556
vt 0.508724 0.761556
vt 0.508724 0.752519
vt 0.516684 0.752519
vt 0.986513 0.819595
vt 0.986513 0.811634
vt 0.987242 0.811634
vt 0.987242 0.819595
vt 0.177118 0.825500
vt 0.176169 0.825500
vt 0.176169 0.824385
vt 0.177118 0.824385
vt 0.252053 0.824385
vt 0.252053 0.825412
vt 0.251105 0.825412
vt 0.251105 0.824385
vt 0.282407 0.825412
vt 0.282407 0.824385
vt 0.283355 0.824385
vt 0.283355 0.825412
vt 0.600267 0.771302
vt 0.600267 0.781759
vt 0.599240 0.781759
vt 0.586917 0.771302
vt 0.587944 0.771302
vt 0.587944 0.781759
vt 0.586917 0.781759
vt 0.682036 0.722088
vt 0.682036 0.730048
vt 0.674605 0.730047
vt 0.674605 0.722087
vt 0.674605 0.753930
vt 0.674605 0.745970
vt 0.682018 0.745970
vt 0.682018 0.753930
vt 0.019209 0.824385
vt 0.019209 0.832346
vt 0.018535 0.832346
vt 0.018535 0.824385
vt 0.723255 0.811634
vt 0.723255 0.819595
vt 0.782189 0.816915
vt 0.781075 0.816915
vt 0.781075 0.811634
vt 0.782189 0.811634
vt 0.178066 0.825500
vt 0.177118 0.825500
vt 0.177118 0.824385
vt 0.178066 0.824385
vt 0.798798 0.782609
vt 0.797849 0.771302
vt 0.798798 0.771302
vt 0.742722 0.632426
vt 0.750682 0.632426
vt 0.750682 0.640439
vt 0.742722 0.640439
vt 0.466957 0.766761
vt 0.458997 0.766761
vt 0.458997 0.758738
vt 0.466957 0.758738
vt 0.788364 0.782609
vt 0.787415 0.782609
vt 0.787415 0.771302
vt 0.788364 0.771302
vt 0.739850 0.819595
vt 0.739850 0.811634
vt 0.402408 0.779263
vt 0.402408 0.771302
vt 0.406160 0.771303
vt 0.406160 0.779263
vt 0.783304 0.816915
vt 0.782190 0.816915
vt 0.782189 0.811634
vt 0.783304 0.811634
vt 0.451133 0.771302
vt 0.451133 0.779263
vt 0.447390 0.779263
vt 0.447390 0.771302
vt 0.056393 0.832346
vt 0.056393 0.824385
vt 0.056988 0.824385
vt 0.056988 0.832346
vt 0.000728 0.832346
vt 0.000728 0.824385
vt 0.001456 0.824385
vt 0.001456 0.832346
vt 0.064119 0.824385
vt 0.064119 0.832346
vt 0.757822 0.659952
vt 0.749862 0.659952
vt 0.757822 0.650903
vt 0.435849 0.824385
vt 0.435849 0.825412
vt 0.435012 0.825412
vt 0.435012 0.824385
vt 0.956038 0.784053
vt 0.956038 0.771302
vt 0.956875 0.771302
vt 0.956875 0.784053
vt 0.435849 0.825412
vt 0.435849 0.824385
vt 0.436686 0.824385
vt 0.436686 0.825412
vt 0.957712 0.771302
vt 0.957712 0.784053
vt 0.956875 0.771302
vt 0.026612 0.832346
vt 0.026612 0.824385
vt 0.027284 0.824385
vt 0.027284 0.832346
vt 0.096109 0.761429
vt 0.088149 0.761429
vt 0.088149 0.752392
vt 0.096109 0.752392
vt 0.982140 0.819595
vt 0.982140 0.811634
vt 0.982869 0.811634
vt 0.982869 0.819595
vt 0.221700 0.825500
vt 0.220751 0.825500
vt 0.220751 0.824385
vt 0.221700 0.824385
vt 0.261539 0.824385
vt 0.261539 0.825412
vt 0.260590 0.825412
vt 0.260590 0.824385
vt 0.319401 0.825412
vt 0.320349 0.824385
vt 0.320349 0.825412
vt 0.749175 0.771302
vt 0.749175 0.781759
vt 0.617725 0.771302
vt 0.618752 0.771302
vt 0.618752 0.781759
vt 0.617725 0.781759
vt 0.274348 0.732690
vt 0.274348 0.740650
vt 0.266917 0.740649
vt 0.266917 0.732689
vt 0.266917 0.748610
vt 0.266917 0.740650
vt 0.274330 0.740650
vt 0.274330 0.748610
vt 0.020557 0.824385
vt 0.020557 0.832346
vt 0.019883 0.832346
vt 0.019883 0.824385
vt 0.723255 0.819595
vt 0.723255 0.811634
vt 0.724046 0.811634
vt 0.724046 0.819595
vt 0.900332 0.816915
vt 0.900332 0.811634
vt 0.203677 0.825500
vt 0.202729 0.825500
vt 0.202729 0.824385
vt 0.203677 0.824385
vt 0.813027 0.782609
vt 0.812078 0.782609
vt 0.812078 0.771302
vt 0.813027 0.771302
vt 0.758805 0.524072
vt 0.766765 0.524072
vt 0.766765 0.532085
vt 0.758805 0.532085
vt 0.766765 0.508024
vt 0.758805 0.508024
vt 0.766765 0.500000
vt 0.790261 0.782609
vt 0.789312 0.782609
vt 0.789312 0.771302
vt 0.790261 0.771302
vt 0.742219 0.811634
vt 0.742219 0.819595
vt 0.398656 0.779263
vt 0.398656 0.771302
vt 0.402408 0.771303
vt 0.402408 0.779263
vt 0.901446 0.816915
vt 0.900332 0.816915
vt 0.900332 0.811634
vt 0.901446 0.811634
vt 0.454876 0.771302
vt 0.454876 0.779263
vt 0.064712 0.832346
vt 0.064712 0.824385
vt 0.065306 0.824385
vt 0.065306 0.832346
vt 0.983598 0.811634
vt 0.983598 0.819595
vt 0.059962 0.832346
vt 0.059962 0.824385
vt 0.060556 0.824385
vt 0.060556 0.832346
vt 0.761011 0.683043
vt 0.753051 0.683043
vt 0.753051 0.674006
vt 0.761011 0.674006
vt 0.496110 0.825412
vt 0.496110 0.824385
vt 0.496947 0.824385
vt 0.496947 0.825412
vt 0.049381 0.811634
vt 0.049381 0.824385
vt 0.048544 0.824385
vt 0.048544 0.811634
vt 0.497784 0.824385
vt 0.497784 0.825412
vt 0.049381 0.824385
vt 0.049381 0.811634
vt 0.050218 0.811634
vt 0.050218 0.824385
vt 0.015839 0.832346
vt 0.015839 0.824385
vt 0.016513 0.824385
vt 0.016513 0.832346
vt 0.019382 0.760015
vt 0.011422 0.760015
vt 0.011422 0.750966
vt 0.019382 0.750966
vt 0.002183 0.824385
vt 0.002183 0.832346
vt 0.080365 0.824385
vt 0.081314 0.824385
vt 0.081314 0.825500
vt 0.080365 0.825500
vt 0.252053 0.825412
vt 0.252053 0.824385
vt 0.253002 0.824385
vt 0.253002 0.825412
vt 0.253950 0.824385
vt 0.253950 0.825412
vt 0.253002 0.825412
vt 0.253002 0.824385
vt 0.657776 0.781759
vt 0.656749 0.781759
vt 0.656749 0.771302
vt 0.657776 0.771302
vt 0.658803 0.781759
vt 0.657776 0.781759
vt 0.657776 0.771302
vt 0.658803 0.771302
vt 0.567433 0.741283
vt 0.567433 0.749243
vt 0.560020 0.749243
vt 0.560020 0.741283
vt 0.266917 0.732688
vt 0.266917 0.724727
vt 0.274348 0.724728
vt 0.274348 0.732689
vt 0.027284 0.832346
vt 0.027284 0.824385
vt 0.783304 0.811634
vt 0.784419 0.811634
vt 0.784419 0.816915
vt 0.783304 0.816915
vt 0.081314 0.824385
vt 0.082262 0.824385
vt 0.082262 0.825500
vt 0.081314 0.825500
vt 0.889861 0.771302
vt 0.890810 0.771302
vt 0.890810 0.782609
vt 0.889861 0.782609
vt 0.758805 0.516048
vt 0.766765 0.516048
vt 0.766765 0.524072
vt 0.758805 0.524072
vt 0.713142 0.767052
vt 0.705182 0.767052
vt 0.705182 0.759039
vt 0.713142 0.759039
vt 0.890810 0.771302
vt 0.891758 0.771302
vt 0.891758 0.782609
vt 0.890810 0.782609
vt 0.724837 0.811634
vt 0.724837 0.819595
vt 0.724046 0.819595
vt 0.724046 0.811634
vt 0.436160 0.779263
vt 0.436160 0.771302
vt 0.439903 0.771302
vt 0.439903 0.779263
vt 0.807824 0.811634
vt 0.807824 0.816915
vt 0.409913 0.771303
vt 0.409913 0.779263
vt 0.406160 0.779263
vt 0.406160 0.771302
vt 0.065899 0.832346
vt 0.065899 0.824385
vt 0.066492 0.824385
vt 0.066492 0.832346
vt 0.987242 0.819595
vt 0.987242 0.811634
vt 0.987971 0.811634
vt 0.987971 0.819595
vt 0.057583 0.832346
vt 0.057583 0.824385
vt 0.058178 0.824385
vt 0.058178 0.832346
vt 0.761011 0.692080
vt 0.753051 0.692080
vt 0.486903 0.825412
vt 0.486903 0.824385
vt 0.487740 0.824385
vt 0.487740 0.825412
vt 0.051055 0.811634
vt 0.051055 0.824385
vt 0.050218 0.824385
vt 0.050218 0.811634
vt 0.458447 0.824385
vt 0.458447 0.825412
vt 0.457610 0.825412
vt 0.457610 0.824385
vt 0.077838 0.824385
vt 0.077838 0.811634
vt 0.078675 0.811634
vt 0.078675 0.824385
vt 0.019209 0.832346
vt 0.019209 0.824385
vt 0.019883 0.824385
vt 0.019883 0.832346
vt 0.760904 0.703535
vt 0.752943 0.703535
vt 0.752943 0.694486
vt 0.760904 0.694486
vt 0.002911 0.824385
vt 0.002911 0.832346
vt 0.125896 0.824385
vt 0.126845 0.824385
vt 0.126845 0.825500
vt 0.125896 0.825500
vt 0.347857 0.825412
vt 0.347857 0.824385
vt 0.348806 0.824385
vt 0.348806 0.825412
vt 0.349755 0.824385
vt 0.349755 0.825412
vt 0.348806 0.825412
vt 0.348806 0.824385
vt 0.689612 0.781759
vt 0.688585 0.781759
vt 0.688585 0.771302
vt 0.689612 0.771302
vt 0.690639 0.781759
vt 0.689612 0.781759
vt 0.689612 0.771302
vt 0.690639 0.771302
vt 0.274330 0.748610
vt 0.274330 0.756571
vt 0.266917 0.756571
vt 0.560020 0.733320
vt 0.560020 0.725360
vt 0.567451 0.725361
vt 0.567451 0.733321
vt 0.025939 0.824385
vt 0.025939 0.832346
vt 0.743799 0.819595
vt 0.743799 0.811634
vt 0.744589 0.811634
vt 0.744589 0.819595
vt 0.915935 0.811634
vt 0.917050 0.811634
vt 0.917050 0.816915
vt 0.915935 0.816915
vt 0.178066 0.824385
vt 0.179015 0.824385
vt 0.179015 0.825500
vt 0.178066 0.825500
vt 0.866147 0.771302
vt 0.867095 0.771302
vt 0.867095 0.782608
vt 0.866147 0.782608
vt 0.758708 0.575780
vt 0.766668 0.575780
vt 0.766668 0.583804
vt 0.758708 0.583804
vt 0.129971 0.766965
vt 0.122011 0.766965
vt 0.122011 0.758952
vt 0.129971 0.758952
vt 0.867095 0.771302
vt 0.868044 0.771302
vt 0.868044 0.782609
vt 0.867095 0.782609
vt 0.725628 0.811634
vt 0.725628 0.819595
vt 0.724837 0.819595
vt 0.724837 0.811634
vt 0.428674 0.779263
vt 0.428674 0.771302
vt 0.807824 0.811634
vt 0.808939 0.811634
vt 0.808939 0.816915
vt 0.807824 0.816915
vt 0.413665 0.771303
vt 0.413665 0.779263
vt 0.409913 0.779263
vt 0.409913 0.771302
vt 0.654184 0.819595
vt 0.654184 0.811634
vt 0.655021 0.811634
vt 0.655021 0.819595
vt 0.356188 0.811634
vt 0.356188 0.819595
vt 0.675108 0.819595
vt 0.675108 0.811634
vt 0.675945 0.811634
vt 0.675945 0.819595
vt 0.157037 0.727716
vt 0.149077 0.727716
vt 0.149077 0.714965
vt 0.157037 0.714965
vt 0.532099 0.824385
vt 0.532099 0.825412
vt 0.531262 0.825412
vt 0.531262 0.824385
vt 0.000837 0.824385
vt 0.000837 0.811634
vt 0.001674 0.811634
vt 0.001674 0.824385
vt 0.532099 0.825412
vt 0.532099 0.824385
vt 0.532936 0.824385
vt 0.532936 0.825412
vt 0.002511 0.811634
vt 0.002511 0.824385
vt 0.001674 0.824385
vt 0.001674 0.811634
vt 0.507932 0.819595
vt 0.507932 0.811634
vt 0.508881 0.811634
vt 0.508881 0.819595
vt 0.407458 0.719680
vt 0.399498 0.719680
vt 0.399498 0.706929
vt 0.407458 0.706929
vt 0.386997 0.819595
vt 0.386997 0.811634
vt 0.388023 0.811634
vt 0.388023 0.819595
vt 0.096491 0.825500
vt 0.095542 0.825500
vt 0.095542 0.824385
vt 0.096491 0.824385
vt 0.392439 0.824385
vt 0.392439 0.825412
vt 0.391490 0.825412
vt 0.391490 0.824385
vt 0.393387 0.824385
vt 0.393387 0.825412
vt 0.690639 0.771302
vt 0.691666 0.771302
vt 0.691666 0.781759
vt 0.690639 0.781759
vt 0.692693 0.781759
vt 0.691666 0.781759
vt 0.691666 0.771302
vt 0.692693 0.771302
vt 0.353100 0.736734
vt 0.361060 0.736734
vt 0.361060 0.747191
vt 0.353100 0.747191
vt 0.690353 0.754336
vt 0.682393 0.754336
vt 0.682393 0.743879
vt 0.690353 0.743879
vt 0.450071 0.811634
vt 0.450071 0.819595
vt 0.449123 0.819595
vt 0.449123 0.811634
vt 0.180697 0.819595
vt 0.180697 0.811634
vt 0.181811 0.811634
vt 0.181811 0.819595
vt 0.839032 0.816915
vt 0.837917 0.816915
vt 0.837917 0.811634
vt 0.839032 0.811634
vt 0.097439 0.825500
vt 0.096491 0.825500
vt 0.096491 0.824385
vt 0.097439 0.824385
vt 0.845278 0.782609
vt 0.844330 0.782609
vt 0.844330 0.771302
vt 0.845278 0.771302
vt 0.084350 0.744844
vt 0.076390 0.744844
vt 0.076390 0.733538
vt 0.084350 0.733538
vt 0.846227 0.782609
vt 0.845278 0.782609
vt 0.845278 0.771302
vt 0.846227 0.771302
vt 0.158406 0.811634
vt 0.158406 0.819595
vt 0.049116 0.757680
vt 0.054396 0.757680
vt 0.839032 0.811634
vt 0.840146 0.811634
vt 0.840146 0.816915
vt 0.005281 0.771302
vt 0.005281 0.779263
vt 0.000000 0.779263
vt 0.000000 0.771302
vt 0.655858 0.811634
vt 0.655858 0.819595
vt 0.286355 0.811634
vt 0.286355 0.819595
vt 0.709423 0.819595
vt 0.709423 0.811634
vt 0.710260 0.811634
vt 0.710260 0.819595
vt 0.074727 0.728057
vt 0.066766 0.728057
vt 0.066766 0.715306
vt 0.074727 0.715306
vt 0.540469 0.824385
vt 0.540469 0.825412
vt 0.539632 0.825412
vt 0.539632 0.824385
vt 0.105458 0.811634
vt 0.105458 0.824385
vt 0.541306 0.824385
vt 0.541306 0.825412
vt 0.106295 0.811634
vt 0.106295 0.824385
vt 0.508881 0.819595
vt 0.508881 0.811634
vt 0.509829 0.811634
vt 0.509829 0.819595
vt 0.108110 0.723262
vt 0.100150 0.723262
vt 0.100150 0.710511
vt 0.108110 0.710511
vt 0.388023 0.819595
vt 0.388023 0.811634
vt 0.389050 0.811634
vt 0.389050 0.819595
vt 0.222648 0.825500
vt 0.221700 0.825500
vt 0.221700 0.824385
vt 0.222648 0.824385
vt 0.394336 0.824385
vt 0.394336 0.825412
vt 0.393387 0.825412
vt 0.393387 0.824385
vt 0.394336 0.825412
vt 0.394336 0.824385
vt 0.395284 0.824385
vt 0.395284 0.825412
vt 0.693719 0.781759
vt 0.692692 0.781759
vt 0.692692 0.771302
vt 0.693719 0.771302
vt 0.694746 0.771302
vt 0.694746 0.781759
vt 0.651916 0.737044
vt 0.659877 0.737044
vt 0.659877 0.747501
vt 0.651916 0.747501
vt 0.601993 0.754644
vt 0.594033 0.754644
vt 0.594033 0.744187
vt 0.601993 0.744187
vt 0.451020 0.811634
vt 0.451020 0.819595
vt 0.240882 0.819595
vt 0.240882 0.811634
vt 0.241997 0.811634
vt 0.241997 0.819595
vt 0.901446 0.811634
vt 0.902561 0.811634
vt 0.902561 0.816915
vt 0.901446 0.816915
vt 0.223597 0.825500
vt 0.222648 0.825500
vt 0.222648 0.824385
vt 0.223597 0.824385
vt 0.935393 0.782609
vt 0.934444 0.782609
vt 0.934444 0.771302
vt 0.935393 0.771302
vt 0.448715 0.724616
vt 0.456675 0.724616
vt 0.456675 0.735922
vt 0.448715 0.735922
vt 0.601993 0.744187
vt 0.594033 0.744187
vt 0.594033 0.732881
vt 0.601993 0.732881
vt 0.936341 0.782609
vt 0.936341 0.771302
vt 0.252028 0.811634
vt 0.252028 0.819595
vt 0.250913 0.819595
vt 0.250913 0.811634
vt 0.361060 0.758978
vt 0.366340 0.751017
vt 0.366340 0.758978
vt 0.903675 0.816915
vt 0.902561 0.816915
vt 0.903675 0.811634
vt 0.010561 0.771302
vt 0.010561 0.779263
vt 0.656695 0.811634
vt 0.656695 0.819595
vt 0.286355 0.819595
vt 0.286355 0.811634
vt 0.287382 0.811634
vt 0.287382 0.819595
vt 0.676782 0.811634
vt 0.676782 0.819595
vt 0.341793 0.728132
vt 0.333832 0.728132
vt 0.333832 0.715381
vt 0.341793 0.715381
vt 0.542143 0.824385
vt 0.542143 0.825412
vt 0.541306 0.824385
vt 0.107132 0.811634
vt 0.107132 0.824385
vt 0.542980 0.824385
vt 0.542980 0.825412
vt 0.107968 0.811634
vt 0.107968 0.824385
vt 0.464299 0.811634
vt 0.464299 0.819595
vt 0.384867 0.723305
vt 0.376906 0.723305
vt 0.376906 0.710554
vt 0.384867 0.710554
vt 0.385970 0.811634
vt 0.385970 0.819595
vt 0.179963 0.825500
vt 0.179015 0.825500
vt 0.179963 0.824385
vt 0.396233 0.824385
vt 0.396233 0.825412
vt 0.395284 0.825412
vt 0.395284 0.824385
vt 0.397182 0.824385
vt 0.397182 0.825412
vt 0.695773 0.781759
vt 0.694746 0.781759
vt 0.694746 0.771302
vt 0.695773 0.771302
vt 0.696800 0.771302
vt 0.696800 0.781759
vt 0.000000 0.737099
vt 0.007960 0.737099
vt 0.000000 0.747556
vt 0.174876 0.754988
vt 0.166916 0.754988
vt 0.166916 0.744531
vt 0.174876 0.744531
vt 0.451968 0.811634
vt 0.451968 0.819595
vt 0.451020 0.819595
vt 0.451020 0.811634
vt 0.159520 0.811634
vt 0.159520 0.819595
vt 0.785533 0.816915
vt 0.784419 0.816915
vt 0.784419 0.811634
vt 0.785533 0.811634
vt 0.180912 0.825500
vt 0.179963 0.825500
vt 0.179963 0.824385
vt 0.180912 0.824385
vt 0.940136 0.782609
vt 0.939187 0.782609
vt 0.939187 0.771302
vt 0.940136 0.771302
vt 0.054725 0.727492
vt 0.062685 0.738798
vt 0.054725 0.738798
vt 0.140204 0.733061
vt 0.148164 0.733061
vt 0.941084 0.782609
vt 0.940136 0.782609
vt 0.940136 0.771302
vt 0.941084 0.771302
vt 0.160635 0.811634
vt 0.160635 0.819595
vt 0.159520 0.819595
vt 0.159520 0.811634
vt 0.526389 0.729683
vt 0.526389 0.721723
vt 0.531669 0.721723
vt 0.531669 0.729683
vt 0.785533 0.811634
vt 0.786648 0.811634
vt 0.786648 0.816915
vt 0.785533 0.816915
vt 0.613173 0.819595
vt 0.613173 0.811634
vt 0.614010 0.811634
vt 0.614010 0.819595
vt 0.368511 0.811634
vt 0.368511 0.819595
vt 0.676782 0.819595
vt 0.676782 0.811634
vt 0.677619 0.811634
vt 0.677619 0.819595
vt 0.718895 0.560792
vt 0.710935 0.560792
vt 0.710935 0.548041
vt 0.718895 0.548041
vt 0.499458 0.824385
vt 0.499458 0.825412
vt 0.498621 0.825412
vt 0.498621 0.824385
vt 0.020087 0.811634
vt 0.020087 0.824385
vt 0.019250 0.824385
vt 0.019250 0.811634
vt 0.500295 0.824385
vt 0.500295 0.825412
vt 0.499458 0.825412
vt 0.499458 0.824385
vt 0.010044 0.811634
vt 0.010044 0.824385
vt 0.009207 0.824385
vt 0.009207 0.811634
vt 0.456711 0.819595
vt 0.456711 0.811634
vt 0.457660 0.811634
vt 0.457660 0.819595
vt 0.526389 0.724658
vt 0.518429 0.724658
vt 0.518429 0.711908
vt 0.526389 0.711908
vt 0.332568 0.819595
vt 0.332568 0.811634
vt 0.333595 0.811634
vt 0.333595 0.819595
vt 0.228339 0.824385
vt 0.229288 0.824385
vt 0.229288 0.825500
vt 0.228339 0.825500
vt 0.294738 0.824385
vt 0.294738 0.825412
vt 0.293790 0.825412
vt 0.293790 0.824385
vt 0.295687 0.824385
vt 0.295687 0.825412
vt 0.294738 0.825412
vt 0.294738 0.824385
vt 0.637237 0.781759
vt 0.636210 0.781759
vt 0.636210 0.771302
vt 0.637237 0.771302
vt 0.638264 0.781759
vt 0.638264 0.771302
vt 0.750682 0.632426
vt 0.742722 0.632426
vt 0.020285 0.755392
vt 0.020285 0.744935
vt 0.028246 0.744935
vt 0.488961 0.811634
vt 0.488961 0.819595
vt 0.488013 0.819595
vt 0.488013 0.811634
vt 0.148375 0.819595
vt 0.148375 0.811634
vt 0.149489 0.811634
vt 0.149489 0.819595
vt 0.872468 0.811634
vt 0.873583 0.811634
vt 0.873583 0.816915
vt 0.872468 0.816915
vt 0.230237 0.825500
vt 0.229288 0.825500
vt 0.229288 0.824385
vt 0.230237 0.824385
vt 0.813027 0.771302
vt 0.813975 0.771302
vt 0.813975 0.782609
vt 0.721102 0.728405
vt 0.729063 0.728405
vt 0.736230 0.671724
vt 0.728270 0.671724
vt 0.728270 0.660418
vt 0.736230 0.660418
vt 0.814924 0.782609
vt 0.814924 0.771302
vt 0.201873 0.811634
vt 0.201873 0.819595
vt 0.200759 0.819595
vt 0.200759 0.811634
vt 0.210860 0.769420
vt 0.210860 0.761460
vt 0.216141 0.761460
vt 0.216141 0.769420
vt 0.873583 0.811634
vt 0.874697 0.811634
vt 0.874697 0.816915
vt 0.873583 0.816915
vt 0.163695 0.771302
vt 0.163695 0.779263
vt 0.158415 0.779263
vt 0.158415 0.771302
vt 0.657532 0.811634
vt 0.657532 0.819595
vt 0.381862 0.819595
vt 0.381862 0.811634
vt 0.382889 0.811634
vt 0.382889 0.819595
vt 0.678456 0.811634
vt 0.678456 0.819595
vt 0.718895 0.573543
vt 0.710935 0.573543
vt 0.543817 0.824385
vt 0.543817 0.825412
vt 0.542980 0.824385
vt 0.088718 0.811634
vt 0.088718 0.824385
vt 0.087881 0.824385
vt 0.087881 0.811634
vt 0.544653 0.824385
vt 0.544653 0.825412
vt 0.543817 0.824385
vt 0.088718 0.811634
vt 0.089555 0.811634
vt 0.089555 0.824385
vt 0.502241 0.811634
vt 0.503189 0.811634
vt 0.503189 0.819595
vt 0.157899 0.711403
vt 0.165859 0.711403
vt 0.336676 0.819595
vt 0.336676 0.811634
vt 0.337703 0.811634
vt 0.337703 0.819595
vt 0.106925 0.824385
vt 0.107873 0.824385
vt 0.107873 0.825500
vt 0.106925 0.825500
vt 0.296635 0.824385
vt 0.296635 0.825412
vt 0.295687 0.825412
vt 0.295687 0.824385
vt 0.297584 0.824385
vt 0.297584 0.825412
vt 0.296635 0.825412
vt 0.296635 0.824385
vt 0.644426 0.781759
vt 0.643399 0.781759
vt 0.643399 0.771302
vt 0.644426 0.771302
vt 0.645453 0.781759
vt 0.644426 0.781759
vt 0.644426 0.771302
vt 0.645453 0.771302
vt 0.183059 0.737582
vt 0.191020 0.737582
vt 0.191020 0.748039
vt 0.183059 0.748039
vt 0.183060 0.758496
vt 0.183060 0.748039
vt 0.191020 0.748039
vt 0.489910 0.811634
vt 0.489910 0.819595
vt 0.488961 0.819595
vt 0.488961 0.811634
vt 0.150604 0.811634
vt 0.150604 0.819595
vt 0.851292 0.811634
vt 0.852406 0.811634
vt 0.852406 0.816915
vt 0.851292 0.816915
vt 0.108822 0.825500
vt 0.107873 0.825500
vt 0.107873 0.824385
vt 0.108822 0.824385
vt 0.835792 0.782609
vt 0.834844 0.771302
vt 0.835792 0.771302
vt 0.737023 0.728405
vt 0.737023 0.739711
vt 0.729063 0.717098
vt 0.737023 0.717098
vt 0.814924 0.771302
vt 0.815872 0.771302
vt 0.815872 0.782609
vt 0.814924 0.782609
vt 0.202988 0.811634
vt 0.202988 0.819595
vt 0.201873 0.819595
vt 0.201873 0.811634
vt 0.704021 0.637159
vt 0.704021 0.629199
vt 0.709302 0.629199
vt 0.709302 0.637159
vt 0.853521 0.811634
vt 0.853521 0.816915
vt 0.026403 0.771302
vt 0.026403 0.779263
vt 0.021122 0.779263
vt 0.021122 0.771302
vt 0.658369 0.811634
vt 0.658369 0.819595
vt 0.369538 0.811634
vt 0.369538 0.819595
vt 0.612336 0.819595
vt 0.612336 0.811634
vt 0.613173 0.811634
vt 0.613173 0.819595
vt 0.720310 0.673169
vt 0.712349 0.673169
vt 0.712349 0.660418
vt 0.720310 0.660418
vt 0.450077 0.824385
vt 0.450077 0.825412
vt 0.449240 0.825412
vt 0.449240 0.824385
vt 0.967756 0.784053
vt 0.967756 0.771302
vt 0.968593 0.771302
vt 0.968593 0.784053
vt 0.450914 0.824385
vt 0.450914 0.825412
vt 0.957712 0.784053
vt 0.957712 0.771302
vt 0.958549 0.771302
vt 0.958549 0.784053
vt 0.504138 0.811634
vt 0.504138 0.819595
vt 0.325947 0.724746
vt 0.317987 0.724746
vt 0.317987 0.711995
vt 0.325947 0.711995
vt 0.334622 0.811634
vt 0.334622 0.819595
vt 0.108822 0.824385
vt 0.109771 0.824385
vt 0.109771 0.825500
vt 0.108822 0.825500
vt 0.384850 0.824385
vt 0.384850 0.825412
vt 0.383902 0.825412
vt 0.383902 0.824385
vt 0.385799 0.824385
vt 0.385799 0.825412
vt 0.384850 0.825412
vt 0.639291 0.781759
vt 0.638264 0.781759
vt 0.638264 0.771302
vt 0.639291 0.771302
vt 0.742787 0.575780
vt 0.750747 0.575780
vt 0.750747 0.586237
vt 0.742787 0.586237
vt 0.757822 0.650903
vt 0.749862 0.650903
vt 0.749862 0.640446
vt 0.397901 0.811634
vt 0.397901 0.819595
vt 0.874697 0.811634
vt 0.875812 0.811634
vt 0.875812 0.816915
vt 0.874697 0.816915
vt 0.110719 0.825500
vt 0.109771 0.825500
vt 0.109771 0.824385
vt 0.110719 0.824385
vt 0.828204 0.782609
vt 0.827255 0.782609
vt 0.827255 0.771302
vt 0.828204 0.771302
vt 0.742787 0.598392
vt 0.742787 0.609699
vt 0.734827 0.609699
vt 0.659877 0.737044
vt 0.651916 0.737044
vt 0.651916 0.725738
vt 0.659877 0.725738
vt 0.839587 0.771302
vt 0.840535 0.771302
vt 0.840535 0.782609
vt 0.839587 0.782609
vt 0.243112 0.811634
vt 0.243112 0.819595
vt 0.241997 0.819595
vt 0.241997 0.811634
vt 0.876926 0.811634
vt 0.876926 0.816915
vt 0.875812 0.816915
vt 0.100330 0.771302
vt 0.100330 0.779263
vt 0.095049 0.771302
vt 0.679293 0.811634
vt 0.679293 0.819595
vt 0.337703 0.819595
vt 0.337703 0.811634
vt 0.338730 0.811634
vt 0.338730 0.819595
vt 0.659206 0.811634
vt 0.659206 0.819595
vt 0.361060 0.725428
vt 0.353100 0.725428
vt 0.353100 0.712677
vt 0.361060 0.712677
vt 0.554697 0.825412
vt 0.554697 0.824385
vt 0.555534 0.824385
vt 0.555534 0.825412
vt 0.089555 0.824385
vt 0.090392 0.811634
vt 0.090392 0.824385
vt 0.556371 0.824385
vt 0.556371 0.825412
vt 0.090392 0.824385
vt 0.090392 0.811634
vt 0.091229 0.811634
vt 0.091229 0.824385
vt 0.489910 0.819595
vt 0.489910 0.811634
vt 0.490858 0.811634
vt 0.490858 0.819595
vt 0.718906 0.601282
vt 0.710946 0.601282
vt 0.710946 0.588531
vt 0.718906 0.588531
vt 0.379808 0.819595
vt 0.379808 0.811634
vt 0.380835 0.811634
vt 0.380835 0.819595
vt 0.234979 0.825500
vt 0.234031 0.825500
vt 0.234031 0.824385
vt 0.234979 0.824385
vt 0.418049 0.825412
vt 0.418049 0.824385
vt 0.418998 0.824385
vt 0.418998 0.825412
vt 0.418998 0.825412
vt 0.418998 0.824385
vt 0.419946 0.824385
vt 0.419946 0.825412
vt 0.752256 0.771302
vt 0.753283 0.771302
vt 0.753283 0.781759
vt 0.752256 0.781759
vt 0.754309 0.771302
vt 0.754309 0.781759
vt 0.266785 0.746347
vt 0.266785 0.756804
vt 0.225181 0.747895
vt 0.217221 0.747895
vt 0.217221 0.737437
vt 0.225181 0.737437
vt 0.515520 0.811634
vt 0.515520 0.819595
vt 0.514572 0.819595
vt 0.514572 0.811634
vt 0.202988 0.819595
vt 0.202988 0.811634
vt 0.204102 0.811634
vt 0.204102 0.819595
vt 0.878041 0.816915
vt 0.878041 0.811634
vt 0.234979 0.824385
vt 0.235928 0.824385
vt 0.235928 0.825500
vt 0.234979 0.825500
vt 0.944879 0.771302
vt 0.945827 0.771302
vt 0.945827 0.782609
vt 0.944879 0.782609
vt 0.734924 0.522613
vt 0.726964 0.522613
vt 0.508708 0.742215
vt 0.500748 0.742215
vt 0.500748 0.730909
vt 0.508708 0.730909
vt 0.946776 0.782609
vt 0.945827 0.782609
vt 0.945827 0.771302
vt 0.946776 0.771302
vt 0.161749 0.811634
vt 0.161749 0.819595
vt 0.160635 0.819595
vt 0.160635 0.811634
vt 0.036964 0.779263
vt 0.036964 0.771302
vt 0.042244 0.771302
vt 0.042244 0.779263
vt 0.879155 0.816915
vt 0.879155 0.811634
vt 0.306791 0.760786
vt 0.301510 0.760786
vt 0.605640 0.819595
vt 0.605640 0.811634
vt 0.606477 0.811634
vt 0.606477 0.819595
vt 0.343865 0.819595
vt 0.343865 0.811634
vt 0.344892 0.811634
vt 0.344892 0.819595
vt 0.609825 0.819595
vt 0.609825 0.811634
vt 0.610662 0.811634
vt 0.610662 0.819595
vt 0.216220 0.719354
vt 0.208260 0.719354
vt 0.208260 0.706603
vt 0.216220 0.706603
vt 0.433338 0.824385
vt 0.433338 0.825412
vt 0.432501 0.825412
vt 0.432501 0.824385
vt 0.961060 0.771302
vt 0.961060 0.784053
vt 0.960223 0.784053
vt 0.960223 0.771302
vt 0.434175 0.824385
vt 0.434175 0.825412
vt 0.433338 0.825412
vt 0.433338 0.824385
vt 0.961897 0.771302
vt 0.961897 0.784053
vt 0.509829 0.819595
vt 0.509829 0.811634
vt 0.510778 0.811634
vt 0.510778 0.819595
vt 0.427979 0.725621
vt 0.420018 0.725621
vt 0.420018 0.712870
vt 0.427979 0.712870
vt 0.331541 0.819595
vt 0.331541 0.811634
vt 0.332568 0.811634
vt 0.332568 0.819595
vt 0.233082 0.824385
vt 0.234031 0.824385
vt 0.233082 0.825500
vt 0.413307 0.824385
vt 0.413307 0.825412
vt 0.412358 0.825412
vt 0.412358 0.824385
vt 0.414255 0.824385
vt 0.414255 0.825412
vt 0.413307 0.825412
vt 0.413307 0.824385
vt 0.726582 0.781759
vt 0.725555 0.781759
vt 0.725555 0.771302
vt 0.726582 0.771302
vt 0.727609 0.781759
vt 0.726582 0.781759
vt 0.726582 0.771302
vt 0.727609 0.771302
vt 0.485495 0.742232
vt 0.493455 0.742232
vt 0.493455 0.752689
vt 0.485495 0.752689
vt 0.225181 0.758351
vt 0.217221 0.758351
vt 0.217221 0.747895
vt 0.225181 0.747895
vt 0.491807 0.811634
vt 0.491807 0.819595
vt 0.490858 0.819595
vt 0.490858 0.811634
vt 0.162864 0.811634
vt 0.162864 0.819595
vt 0.857979 0.811634
vt 0.859093 0.811634
vt 0.859093 0.816915
vt 0.857979 0.816915
vt 0.232134 0.825500
vt 0.232134 0.824385
vt 0.233082 0.824385
vt 0.949622 0.782609
vt 0.948673 0.782609
vt 0.948673 0.771302
vt 0.949622 0.771302
vt 0.734815 0.535290
vt 0.742776 0.546596
vt 0.734815 0.546596
vt 0.361060 0.736734
vt 0.353100 0.736734
vt 0.353100 0.725428
vt 0.361060 0.725428
vt 0.949622 0.771302
vt 0.950570 0.771302
vt 0.950570 0.782609
vt 0.949622 0.782609
vt 0.205217 0.811634
vt 0.205217 0.819595
vt 0.204102 0.819595
vt 0.204102 0.811634
vt 0.526389 0.761524
vt 0.531669 0.761524
vt 0.859093 0.811634
vt 0.860208 0.811634
vt 0.860208 0.816915
vt 0.859093 0.816915
vt 0.168976 0.771302
vt 0.168976 0.779263
vt 0.163695 0.779263
vt 0.163695 0.771302
vt 0.606477 0.819595
vt 0.606477 0.811634
vt 0.607314 0.811634
vt 0.607314 0.819595
vt 0.347972 0.819595
vt 0.347972 0.811634
vt 0.348999 0.811634
vt 0.348999 0.819595
vt 0.611499 0.811634
vt 0.611499 0.819595
vt 0.282421 0.720381
vt 0.274460 0.720381
vt 0.274460 0.707631
vt 0.282421 0.707631
vt 0.440033 0.824385
vt 0.440033 0.825412
vt 0.439196 0.825412
vt 0.439196 0.824385
vt 0.962734 0.771302
vt 0.962734 0.784053
vt 0.440870 0.824385
vt 0.440870 0.825412
vt 0.440033 0.825412
vt 0.440033 0.824385
vt 0.963571 0.771302
vt 0.963571 0.784053
vt 0.962734 0.771302
vt 0.515520 0.819595
vt 0.515520 0.811634
vt 0.516469 0.811634
vt 0.516469 0.819595
vt 0.394349 0.725670
vt 0.386389 0.725670
vt 0.386389 0.712919
vt 0.394349 0.712919
vt 0.329487 0.819595
vt 0.329487 0.811634
vt 0.330514 0.811634
vt 0.330514 0.819595
vt 0.235928 0.824385
vt 0.236876 0.824385
vt 0.236876 0.825500
vt 0.411410 0.824385
vt 0.411410 0.825412
vt 0.412358 0.824385
vt 0.412358 0.825412
vt 0.411410 0.825412
vt 0.411410 0.824385
vt 0.739932 0.781759
vt 0.738905 0.771302
vt 0.739932 0.771302
vt 0.740959 0.781759
vt 0.740959 0.771302
vt 0.399498 0.742292
vt 0.407458 0.742292
vt 0.407458 0.752749
vt 0.399498 0.752749
vt 0.233142 0.758351
vt 0.225181 0.758351
vt 0.225181 0.747895
vt 0.233142 0.747895
vt 0.492755 0.811634
vt 0.492755 0.819595
vt 0.491807 0.819595
vt 0.491807 0.811634
vt 0.163979 0.811634
vt 0.163979 0.819595
vt 0.880270 0.811634
vt 0.880270 0.816915
vt 0.237825 0.825500
vt 0.236876 0.824385
vt 0.237825 0.824385
vt 0.951519 0.782609
vt 0.950570 0.782609
vt 0.950570 0.771302
vt 0.951519 0.771302
vt 0.734761 0.611512
vt 0.742722 0.622818
vt 0.734761 0.622818
vt 0.427979 0.736927
vt 0.420018 0.736927
vt 0.420018 0.725621
vt 0.427979 0.725621
vt 0.952467 0.771302
vt 0.952467 0.782609
vt 0.211904 0.811634
vt 0.211904 0.819595
vt 0.210790 0.819595
vt 0.210790 0.811634
vt 0.494174 0.765127
vt 0.499454 0.757167
vt 0.499454 0.765127
vt 0.888072 0.811634
vt 0.889186 0.811634
vt 0.889186 0.816915
vt 0.888072 0.816915
vt 0.047525 0.771302
vt 0.047525 0.779263
vt 0.042244 0.779263
vt 0.042244 0.771302
vt 0.660043 0.811634
vt 0.660043 0.819595
vt 0.345919 0.811634
vt 0.345919 0.819595
vt 0.679293 0.819595
vt 0.679293 0.811634
vt 0.680130 0.811634
vt 0.680130 0.819595
vt 0.644128 0.720428
vt 0.636168 0.720428
vt 0.636168 0.707677
vt 0.644128 0.707677
vt 0.533773 0.824385
vt 0.533773 0.825412
vt 0.532936 0.824385
vt 0.097088 0.811634
vt 0.097088 0.824385
vt 0.096251 0.824385
vt 0.096251 0.811634
vt 0.534610 0.824385
vt 0.533773 0.824385
vt 0.097925 0.811634
vt 0.097925 0.824385
vt 0.097088 0.824385
vt 0.097088 0.811634
vt 0.408335 0.819595
vt 0.408335 0.811634
vt 0.409284 0.811634
vt 0.409284 0.819595
vt 0.659877 0.725738
vt 0.651916 0.725738
vt 0.651916 0.712987
vt 0.659877 0.712987
vt 0.330514 0.819595
vt 0.330514 0.811634
vt 0.331541 0.811634
vt 0.331541 0.819595
vt 0.141073 0.824385
vt 0.142021 0.824385
vt 0.142021 0.825500
vt 0.141073 0.825500
vt 0.303275 0.824385
vt 0.303275 0.825412
vt 0.302327 0.825412
vt 0.302327 0.824385
vt 0.304224 0.824385
vt 0.303275 0.825412
vt 0.303275 0.824385
vt 0.642372 0.781759
vt 0.641345 0.781759
vt 0.641345 0.771302
vt 0.642372 0.771302
vt 0.643399 0.781759
vt 0.642372 0.771302
vt 0.643399 0.771302
vt 0.233142 0.737437
vt 0.233142 0.747895
vt 0.242481 0.746393
vt 0.250441 0.746393
vt 0.398850 0.811634
vt 0.398850 0.819595
vt 0.191842 0.819595
vt 0.191842 0.811634
vt 0.192957 0.811634
vt 0.192957 0.819595
vt 0.866895 0.811634
vt 0.868010 0.811634
vt 0.868010 0.816915
vt 0.866895 0.816915
vt 0.142970 0.825500
vt 0.142021 0.825500
vt 0.142021 0.824385
vt 0.142970 0.824385
vt 0.824410 0.782609
vt 0.823461 0.782609
vt 0.823461 0.771302
vt 0.824410 0.771302
vt 0.742722 0.634125
vt 0.734761 0.634125
vt 0.394349 0.736976
vt 0.386389 0.736976
vt 0.828204 0.771302
vt 0.829152 0.771302
vt 0.829152 0.782609
vt 0.828204 0.782609
vt 0.206331 0.811634
vt 0.206331 0.819595
vt 0.205217 0.819595
vt 0.205217 0.811634
vt 0.760111 0.668379
vt 0.760111 0.660418
vt 0.765391 0.660418
vt 0.765391 0.668379
vt 0.868010 0.811634
vt 0.869124 0.811634
vt 0.869124 0.816915
vt 0.868010 0.816915
vt 0.195378 0.771302
vt 0.195378 0.779263
vt 0.190098 0.779263
vt 0.190098 0.771302
vt 0.680966 0.811634
vt 0.680966 0.819595
vt 0.345919 0.819595
vt 0.345919 0.811634
vt 0.346945 0.811634
vt 0.346945 0.819595
vt 0.660879 0.811634
vt 0.660879 0.819595
vt 0.456675 0.724616
vt 0.448715 0.724616
vt 0.448715 0.711865
vt 0.456675 0.711865
vt 0.557208 0.824385
vt 0.557208 0.825412
vt 0.082023 0.824385
vt 0.082860 0.811634
vt 0.082860 0.824385
vt 0.557208 0.824385
vt 0.558045 0.824385
vt 0.558045 0.825412
vt 0.082860 0.824385
vt 0.082860 0.811634
vt 0.083697 0.811634
vt 0.083697 0.824385
vt 0.398850 0.819595
vt 0.398850 0.811634
vt 0.399798 0.811634
vt 0.399798 0.819595
vt 0.710946 0.575780
vt 0.718906 0.575780
vt 0.380835 0.819595
vt 0.380835 0.811634
vt 0.136330 0.825500
vt 0.135382 0.825500
vt 0.135382 0.824385
vt 0.136330 0.824385
vt 0.349755 0.824385
vt 0.350703 0.824385
vt 0.350703 0.825412
vt 0.350703 0.825412
vt 0.350703 0.824385
vt 0.351652 0.824385
vt 0.351652 0.825412
vt 0.760471 0.771302
vt 0.761498 0.771302
vt 0.761498 0.781759
vt 0.760471 0.781759
vt 0.761498 0.771302
vt 0.762525 0.771302
vt 0.762525 0.781759
vt 0.761498 0.781759
vt 0.448715 0.746379
vt 0.456675 0.746379
vt 0.456675 0.756836
vt 0.448715 0.756836
vt 0.674605 0.748285
vt 0.666645 0.748285
vt 0.666645 0.737828
vt 0.674605 0.737828
vt 0.505086 0.811634
vt 0.505086 0.819595
vt 0.213019 0.819595
vt 0.213019 0.811634
vt 0.214133 0.811634
vt 0.214133 0.819595
vt 0.928196 0.816915
vt 0.927081 0.816915
vt 0.927081 0.811634
vt 0.928196 0.811634
vt 0.136330 0.824385
vt 0.137279 0.824385
vt 0.137279 0.825500
vt 0.136330 0.825500
vt 0.800695 0.771302
vt 0.801644 0.771302
vt 0.801644 0.782609
vt 0.800695 0.782609
vt 0.726866 0.587086
vt 0.734827 0.587086
vt 0.341793 0.739438
vt 0.333832 0.739438
vt 0.333832 0.728132
vt 0.341793 0.728132
vt 0.165093 0.811634
vt 0.165093 0.819595
vt 0.163979 0.819595
vt 0.163979 0.811634
vt 0.195378 0.779263
vt 0.195378 0.771302
vt 0.200659 0.771302
vt 0.200659 0.779263
vt 0.929310 0.816915
vt 0.928195 0.816915
vt 0.928195 0.811634
vt 0.929310 0.811634
vt 0.771063 0.640446
vt 0.771063 0.648406
vt 0.765783 0.648406
vt 0.765783 0.640446
vt 0.681803 0.811634
vt 0.681803 0.819595
vt 0.339757 0.811634
vt 0.339757 0.819595
vt 0.608151 0.811634
vt 0.608151 0.819595
vt 0.583435 0.726208
vt 0.575475 0.713457
vt 0.583435 0.713457
vt 0.450914 0.825412
vt 0.450914 0.824385
vt 0.451751 0.824385
vt 0.451751 0.825412
vt 0.964408 0.784053
vt 0.964408 0.771302
vt 0.965245 0.771302
vt 0.965245 0.784053
vt 0.451751 0.825412
vt 0.451751 0.824385
vt 0.452588 0.824385
vt 0.452588 0.825412
vt 0.965245 0.784053
vt 0.965245 0.771302
vt 0.966082 0.771302
vt 0.966082 0.784053
vt 0.399798 0.819595
vt 0.399798 0.811634
vt 0.400747 0.811634
vt 0.400747 0.819595
vt 0.040243 0.721116
vt 0.032282 0.721116
vt 0.032282 0.708365
vt 0.040243 0.708365
vt 0.370565 0.811634
vt 0.370565 0.819595
vt 0.111668 0.825500
vt 0.110719 0.825500
vt 0.111668 0.824385
vt 0.339320 0.825412
vt 0.339320 0.824385
vt 0.340269 0.824385
vt 0.340269 0.825412
vt 0.340269 0.825412
vt 0.340269 0.824385
vt 0.341218 0.824385
vt 0.341218 0.825412
vt 0.756363 0.771302
vt 0.757390 0.771302
vt 0.757390 0.781759
vt 0.756363 0.781759
vt 0.757390 0.771302
vt 0.758417 0.771302
vt 0.758417 0.781759
vt 0.757390 0.781759
vt 0.420018 0.747384
vt 0.427979 0.747384
vt 0.427979 0.757841
vt 0.420018 0.757841
vt 0.752943 0.704943
vt 0.744983 0.704943
vt 0.744983 0.694486
vt 0.752943 0.694486
vt 0.506035 0.811634
vt 0.506035 0.819595
vt 0.196301 0.819595
vt 0.196301 0.811634
vt 0.197415 0.811634
vt 0.197415 0.819595
vt 0.894759 0.816915
vt 0.893644 0.816915
vt 0.893644 0.811634
vt 0.894759 0.811634
vt 0.111668 0.824385
vt 0.112616 0.824385
vt 0.112616 0.825500
vt 0.111668 0.825500
vt 0.829152 0.771302
vt 0.830101 0.771302
vt 0.830101 0.782609
vt 0.829152 0.782609
vt 0.729063 0.694486
vt 0.737023 0.694486
vt 0.737023 0.705792
vt 0.729063 0.705792
vt 0.742776 0.557903
vt 0.734815 0.557903
vt 0.734815 0.546596
vt 0.742776 0.546596
vt 0.831050 0.782609
vt 0.830101 0.771302
vt 0.831050 0.771302
vt 0.166208 0.811634
vt 0.166208 0.819595
vt 0.165093 0.819595
vt 0.165093 0.811634
vt 0.200659 0.779263
vt 0.200659 0.771302
vt 0.895874 0.816915
vt 0.895874 0.811634
vt 0.771063 0.648481
vt 0.771063 0.656441
vt 0.765783 0.656441
vt 0.765783 0.648481
vt 0.611499 0.819595
vt 0.611499 0.811634
vt 0.335649 0.819595
vt 0.335649 0.811634
vt 0.608988 0.811634
vt 0.608988 0.819595
vt 0.007960 0.725793
vt 0.000000 0.725793
vt 0.000000 0.713042
vt 0.007960 0.713042
vt 0.440870 0.825412
vt 0.440870 0.824385
vt 0.441707 0.824385
vt 0.441707 0.825412
vt 0.958549 0.771302
vt 0.959386 0.771302
vt 0.959386 0.784053
vt 0.441707 0.825412
vt 0.441707 0.824385
vt 0.442544 0.824385
vt 0.442544 0.825412
vt 0.963571 0.784053
vt 0.963571 0.771302
vt 0.964408 0.771302
vt 0.964408 0.784053
vt 0.400747 0.819595
vt 0.400747 0.811634
vt 0.401695 0.811634
vt 0.401695 0.819595
vt 0.711043 0.512751
vt 0.711043 0.500000
vt 0.719004 0.500000
vt 0.348999 0.819595
vt 0.348999 0.811634
vt 0.350026 0.811634
vt 0.350026 0.819595
vt 0.138227 0.825500
vt 0.137279 0.825500
vt 0.137279 0.824385
vt 0.138227 0.824385
vt 0.335526 0.825412
vt 0.335526 0.824385
vt 0.336475 0.824385
vt 0.336475 0.825412
vt 0.336475 0.825412
vt 0.336475 0.824385
vt 0.337423 0.824385
vt 0.337423 0.825412
vt 0.762525 0.771302
vt 0.763552 0.771302
vt 0.763552 0.781759
vt 0.762525 0.781759
vt 0.763552 0.771302
vt 0.764579 0.771302
vt 0.764579 0.781759
vt 0.763552 0.781759
vt 0.750682 0.611512
vt 0.758642 0.611512
vt 0.750682 0.621969
vt 0.293047 0.753951
vt 0.293047 0.743494
vt 0.301008 0.743494
vt 0.410233 0.811634
vt 0.410233 0.819595
vt 0.409284 0.819595
vt 0.409284 0.811634
vt 0.206331 0.819595
vt 0.206331 0.811634
vt 0.207446 0.811634
vt 0.207446 0.819595
vt 0.948257 0.816915
vt 0.947143 0.816915
vt 0.947143 0.811634
vt 0.948257 0.811634
vt 0.138227 0.824385
vt 0.139176 0.824385
vt 0.139176 0.825500
vt 0.138227 0.825500
vt 0.831050 0.771302
vt 0.831998 0.771302
vt 0.831998 0.782609
vt 0.831050 0.782609
vt 0.518429 0.724658
vt 0.526389 0.724658
vt 0.526389 0.735965
vt 0.518429 0.735965
vt 0.742776 0.569209
vt 0.734815 0.569209
vt 0.734815 0.557903
vt 0.742776 0.557903
vt 0.832947 0.782609
vt 0.832947 0.771302
vt 0.195186 0.811634
vt 0.195186 0.819595
vt 0.194071 0.819595
vt 0.194071 0.811634
vt 0.216500 0.779263
vt 0.216500 0.771302
vt 0.221781 0.771302
vt 0.221781 0.779263
vt 0.949372 0.816915
vt 0.948257 0.816915
vt 0.948257 0.811634
vt 0.949372 0.811634
vt 0.031683 0.771302
vt 0.031683 0.779263
vt 0.026403 0.779263
vt 0.026403 0.771302
vt 0.609825 0.811634
vt 0.609825 0.819595
vt 0.682640 0.811634
vt 0.682640 0.819595
vt 0.119361 0.720775
vt 0.111400 0.720775
vt 0.111400 0.708025
vt 0.119361 0.708025
vt 0.437523 0.824385
vt 0.437523 0.825412
vt 0.436686 0.825412
vt 0.436686 0.824385
vt 0.966919 0.771302
vt 0.966919 0.784053
vt 0.966082 0.784053
vt 0.966082 0.771302
vt 0.438360 0.824385
vt 0.438360 0.825412
vt 0.437523 0.825412
vt 0.437523 0.824385
vt 0.967756 0.771302
vt 0.967756 0.784053
vt 0.966919 0.771302
vt 0.510778 0.819595
vt 0.510778 0.811634
vt 0.511726 0.811634
vt 0.511726 0.819595
vt 0.591395 0.726208
vt 0.591395 0.713457
vt 0.288409 0.811634
vt 0.288409 0.819595
vt 0.237825 0.824385
vt 0.238773 0.824385
vt 0.238773 0.825500
vt 0.237825 0.825500
vt 0.406667 0.824385
vt 0.406667 0.825412
vt 0.405718 0.825412
vt 0.405718 0.824385
vt 0.407615 0.824385
vt 0.407615 0.825412
vt 0.406667 0.825412
vt 0.406667 0.824385
vt 0.646480 0.781759
vt 0.646480 0.771302
vt 0.647507 0.781759
vt 0.647507 0.771302
vt 0.744983 0.704943
vt 0.752943 0.704943
vt 0.752943 0.715400
vt 0.744983 0.715400
vt 0.567515 0.747971
vt 0.575475 0.747971
vt 0.493704 0.811634
vt 0.493704 0.819595
vt 0.492756 0.819595
vt 0.492756 0.811634
vt 0.166208 0.819595
vt 0.166208 0.811634
vt 0.167322 0.811634
vt 0.167322 0.819595
vt 0.930425 0.811634
vt 0.930425 0.816915
vt 0.929310 0.816915
vt 0.239722 0.825500
vt 0.238773 0.825500
vt 0.238773 0.824385
vt 0.239722 0.824385
vt 0.953416 0.782609
vt 0.952467 0.782609
vt 0.952467 0.771302
vt 0.953416 0.771302
vt 0.742884 0.500000
vt 0.742884 0.511306
vt 0.734924 0.511306
vt 0.000000 0.737099
vt 0.000000 0.725793
vt 0.007960 0.725793
vt 0.953416 0.771302
vt 0.954364 0.771302
vt 0.954364 0.782609
vt 0.953416 0.782609
vt 0.215248 0.811634
vt 0.215248 0.819595
vt 0.214133 0.819595
vt 0.214133 0.811634
vt 0.594033 0.771302
vt 0.599313 0.763342
vt 0.599313 0.771302
vt 0.931539 0.811634
vt 0.931539 0.816915
vt 0.930425 0.816915
vt 0.216500 0.771302
vt 0.211220 0.771302
vt 0.661716 0.811634
vt 0.661716 0.819595
vt 0.371592 0.811634
vt 0.371592 0.819595
vt 0.682640 0.819595
vt 0.683477 0.811634
vt 0.683477 0.819595
vt 0.375176 0.720805
vt 0.367216 0.720805
vt 0.367216 0.708054
vt 0.375176 0.708054
vt 0.563067 0.824385
vt 0.563067 0.825412
vt 0.562230 0.825412
vt 0.562230 0.824385
vt 0.098762 0.811634
vt 0.098762 0.824385
vt 0.097925 0.824385
vt 0.563904 0.824385
vt 0.563904 0.825412
vt 0.099599 0.811634
vt 0.099599 0.824385
vt 0.098762 0.824385
vt 0.098762 0.811634
vt 0.506035 0.819595
vt 0.506035 0.811634
vt 0.506984 0.811634
vt 0.506984 0.819595
vt 0.726866 0.601282
vt 0.718906 0.601282
vt 0.718906 0.588531
vt 0.726866 0.588531
vt 0.340784 0.811634
vt 0.340784 0.819595
vt 0.240671 0.824385
vt 0.240671 0.825500
vt 0.239722 0.825500
vt 0.415204 0.824385
vt 0.415204 0.825412
vt 0.414255 0.825412
vt 0.414255 0.824385
vt 0.416152 0.824385
vt 0.416152 0.825412
vt 0.415204 0.825412
vt 0.415204 0.824385
vt 0.755336 0.781759
vt 0.754310 0.781759
vt 0.754310 0.771302
vt 0.755336 0.771302
vt 0.756363 0.781759
vt 0.755336 0.781759
vt 0.755336 0.771302
vt 0.467304 0.738113
vt 0.475265 0.738113
vt 0.475265 0.748570
vt 0.467304 0.748570
vt 0.394349 0.757890
vt 0.386389 0.757890
vt 0.386389 0.747433
vt 0.394349 0.747433
vt 0.494653 0.811634
vt 0.494653 0.819595
vt 0.493704 0.819595
vt 0.493704 0.811634
vt 0.195186 0.819595
vt 0.195186 0.811634
vt 0.881384 0.811634
vt 0.881384 0.816915
vt 0.947724 0.782609
vt 0.946776 0.782609
vt 0.946776 0.771302
vt 0.947724 0.771302
vt 0.734827 0.575780
vt 0.742787 0.575780
vt 0.742787 0.587086
vt 0.734827 0.587086
vt 0.737023 0.717098
vt 0.729063 0.717098
vt 0.729063 0.705792
vt 0.737023 0.705792
vt 0.947724 0.771302
vt 0.948673 0.771302
vt 0.948673 0.782609
vt 0.947724 0.782609
vt 0.208561 0.811634
vt 0.208561 0.819595
vt 0.207446 0.819595
vt 0.207446 0.811634
vt 0.049116 0.765640
vt 0.049116 0.757680
vt 0.054396 0.757680
vt 0.054396 0.765640
vt 0.882499 0.811634
vt 0.882499 0.816915
vt 0.174256 0.771302
vt 0.174256 0.779263
vt 0.168976 0.779263
vt 0.661716 0.819595
vt 0.661716 0.811634
vt 0.662553 0.811634
vt 0.662553 0.819595
vt 0.371592 0.819595
vt 0.371592 0.811634
vt 0.372619 0.811634
vt 0.372619 0.819595
vt 0.713608 0.819595
vt 0.713608 0.811634
vt 0.714445 0.811634
vt 0.714445 0.819595
vt 0.719004 0.525502
vt 0.711043 0.525502
vt 0.558882 0.824385
vt 0.558882 0.825412
vt 0.558045 0.825412
vt 0.558045 0.824385
vt 0.092066 0.811634
vt 0.092066 0.824385
vt 0.091229 0.824385
vt 0.091229 0.811634
vt 0.559719 0.824385
vt 0.559719 0.825412
vt 0.558882 0.825412
vt 0.092903 0.811634
vt 0.092903 0.824385
vt 0.092066 0.824385
vt 0.092066 0.811634
vt 0.410233 0.819595
vt 0.410233 0.811634
vt 0.411181 0.811634
vt 0.411181 0.819595
vt 0.725981 0.653197
vt 0.718021 0.653197
vt 0.718021 0.640446
vt 0.725981 0.640446
vt 0.288409 0.819595
vt 0.288409 0.811634
vt 0.289436 0.811634
vt 0.289436 0.819595
vt 0.139176 0.824385
vt 0.140124 0.824385
vt 0.140124 0.825500
vt 0.139176 0.825500
vt 0.298532 0.824385
vt 0.298532 0.825412
vt 0.297584 0.825412
vt 0.297584 0.824385
vt 0.299481 0.824385
vt 0.299481 0.825412
vt 0.298532 0.824385
vt 0.623887 0.781759
vt 0.622860 0.781759
vt 0.622860 0.771302
vt 0.623887 0.771302
vt 0.624914 0.781759
vt 0.623887 0.781759
vt 0.623887 0.771302
vt 0.242481 0.735936
vt 0.250441 0.746393
vt 0.242481 0.746393
vt 0.200138 0.755290
vt 0.192178 0.755290
vt 0.192178 0.744833
vt 0.200138 0.744833
vt 0.402644 0.811634
vt 0.402644 0.819595
vt 0.167322 0.819595
vt 0.167322 0.811634
vt 0.168437 0.811634
vt 0.168437 0.819595
vt 0.882499 0.811634
vt 0.883614 0.811634
vt 0.883614 0.816915
vt 0.882499 0.816915
vt 0.141073 0.825500
vt 0.140124 0.825500
vt 0.140124 0.824385
vt 0.141073 0.824385
vt 0.836741 0.782609
vt 0.835792 0.771302
vt 0.836741 0.771302
vt 0.742884 0.511307
vt 0.742884 0.522613
vt 0.734924 0.522613
vt 0.737130 0.685313
vt 0.729170 0.685313
vt 0.729170 0.674006
vt 0.737130 0.674006
vt 0.836741 0.771302
vt 0.837690 0.771302
vt 0.837690 0.782609
vt 0.836741 0.782609
vt 0.209675 0.811634
vt 0.209675 0.819595
vt 0.760904 0.702446
vt 0.760904 0.694486
vt 0.766184 0.694486
vt 0.766184 0.702446
vt 0.884728 0.811634
vt 0.884728 0.816915
vt 0.179537 0.771302
vt 0.179537 0.779263
vt 0.174256 0.779263
vt 0.683477 0.819595
vt 0.683477 0.811634
vt 0.684314 0.811634
vt 0.684314 0.819595
vt 0.342838 0.819595
vt 0.342838 0.811634
vt 0.663390 0.811634
vt 0.663390 0.819595
vt 0.225181 0.726131
vt 0.217221 0.726131
vt 0.217221 0.713380
vt 0.225181 0.713380
vt 0.559719 0.825412
vt 0.560556 0.824385
vt 0.560556 0.825412
vt 0.092903 0.824385
vt 0.092903 0.811634
vt 0.093740 0.811634
vt 0.093740 0.824385
vt 0.560556 0.825412
vt 0.561393 0.824385
vt 0.561393 0.825412
vt 0.093740 0.824385
vt 0.093740 0.811634
vt 0.094577 0.811634
vt 0.094577 0.824385
vt 0.403593 0.811634
vt 0.403593 0.819595
vt 0.096109 0.719322
vt 0.088149 0.719322
vt 0.088149 0.706571
vt 0.096109 0.706571
vt 0.373646 0.811634
vt 0.373646 0.819595
vt 0.132536 0.825500
vt 0.131587 0.825500
vt 0.131587 0.824385
vt 0.132536 0.824385
vt 0.345012 0.825412
vt 0.345012 0.824385
vt 0.345960 0.824385
vt 0.345960 0.825412
vt 0.345960 0.825412
vt 0.345960 0.824385
vt 0.346909 0.824385
vt 0.346909 0.825412
vt 0.758417 0.771302
vt 0.759444 0.771302
vt 0.759444 0.781759
vt 0.760471 0.771302
vt 0.760471 0.781759
vt 0.575475 0.747971
vt 0.583435 0.747971
vt 0.575475 0.758428
vt 0.752943 0.725857
vt 0.744983 0.725857
vt 0.744983 0.715400
vt 0.752943 0.715400
vt 0.412130 0.811634
vt 0.412130 0.819595
vt 0.411181 0.819595
vt 0.411181 0.811634
vt 0.197415 0.819595
vt 0.197415 0.811634
vt 0.198530 0.811634
vt 0.198530 0.819595
vt 0.861323 0.816915
vt 0.860208 0.816915
vt 0.861323 0.811634
vt 0.132536 0.824385
vt 0.133484 0.824385
vt 0.132536 0.825500
vt 0.824410 0.771302
vt 0.825358 0.771302
vt 0.825358 0.782609
vt 0.824410 0.782609
vt 0.325947 0.736053
vt 0.317987 0.736053
vt 0.742787 0.598392
vt 0.734827 0.598392
vt 0.742787 0.587086
vt 0.833895 0.782609
vt 0.169551 0.811634
vt 0.169551 0.819595
vt 0.179537 0.779263
vt 0.179537 0.771302
vt 0.184817 0.771302
vt 0.184817 0.779263
vt 0.862437 0.816915
vt 0.861323 0.816915
vt 0.861323 0.811634
vt 0.862437 0.811634
vt 0.766184 0.710407
vt 0.760904 0.710407
vt 0.684314 0.819595
vt 0.684314 0.811634
vt 0.685151 0.811634
vt 0.685151 0.819595
vt 0.335649 0.811634
vt 0.335649 0.819595
vt 0.664227 0.811634
vt 0.664227 0.819595
vt 0.233142 0.726131
vt 0.233142 0.713380
vt 0.553023 0.825412
vt 0.553023 0.824385
vt 0.553860 0.824385
vt 0.553860 0.825412
vt 0.094577 0.824385
vt 0.094577 0.811634
vt 0.095414 0.811634
vt 0.095414 0.824385
vt 0.553860 0.825412
vt 0.554697 0.825412
vt 0.095414 0.824385
vt 0.095414 0.811634
vt 0.096251 0.811634
vt 0.403593 0.819595
vt 0.403593 0.811634
vt 0.404541 0.811634
vt 0.404541 0.819595
vt 0.208260 0.719354
vt 0.200299 0.719354
vt 0.200299 0.706603
vt 0.208260 0.706603
vt 0.143919 0.825500
vt 0.143919 0.824385
vt 0.337423 0.825412
vt 0.337423 0.824385
vt 0.338372 0.824385
vt 0.338372 0.825412
vt 0.338372 0.825412
vt 0.338372 0.824385
vt 0.339320 0.824385
vt 0.339320 0.825412
vt 0.662911 0.771302
vt 0.663938 0.771302
vt 0.663938 0.781759
vt 0.662911 0.781759
vt 0.663938 0.771302
vt 0.664965 0.771302
vt 0.664965 0.781759
vt 0.663938 0.781759
vt 0.651916 0.747501
vt 0.659877 0.747501
vt 0.659877 0.757958
vt 0.651916 0.757958
vt 0.616520 0.748612
vt 0.616520 0.738155
vt 0.624480 0.738155
vt 0.512675 0.811634
vt 0.511726 0.811634
vt 0.211904 0.819595
vt 0.211904 0.811634
vt 0.890301 0.816915
vt 0.889186 0.816915
vt 0.889186 0.811634
vt 0.890301 0.811634
vt 0.143919 0.824385
vt 0.144867 0.824385
vt 0.144867 0.825500
vt 0.826307 0.771302
vt 0.826307 0.782609
vt 0.734924 0.533919
vt 0.726964 0.533919
vt 0.721102 0.742600
vt 0.713142 0.742600
vt 0.713142 0.731294
vt 0.721102 0.731294
vt 0.827255 0.782609
vt 0.827255 0.771302
vt 0.192957 0.819595
vt 0.192957 0.811634
vt 0.031683 0.779263
vt 0.031683 0.771302
vt 0.036964 0.771302
vt 0.036964 0.779263
vt 0.891415 0.816915
vt 0.890301 0.816915
vt 0.890301 0.811634
vt 0.891415 0.811634
vt 0.766184 0.710407
vt 0.766184 0.718367
vt 0.760904 0.718367
vt 0.760904 0.710407
vt 0.056988 0.832346
vt 0.056988 0.824385
vt 0.057583 0.824385
vt 0.057583 0.832346
vt 0.003639 0.824385
vt 0.003639 0.832346
vt 0.760904 0.712584
vt 0.752943 0.712584
vt 0.752943 0.703535
vt 0.760904 0.703535
vt 0.420783 0.824385
vt 0.420783 0.825412
vt 0.419946 0.824385
vt 0.002511 0.824385
vt 0.002511 0.811634
vt 0.003348 0.811634
vt 0.003348 0.824385
vt 0.421620 0.825412
vt 0.421620 0.824385
vt 0.422457 0.824385
vt 0.422457 0.825412
vt 0.977799 0.771302
vt 0.977799 0.784053
vt 0.976962 0.784053
vt 0.976962 0.771302
vt 0.023250 0.824385
vt 0.023250 0.832346
vt 0.216220 0.761460
vt 0.208260 0.761460
vt 0.208260 0.752423
vt 0.216220 0.752423
vt 0.984327 0.811634
vt 0.984327 0.819595
vt 0.181860 0.825500
vt 0.180912 0.825500
vt 0.180912 0.824385
vt 0.181860 0.824385
vt 0.244465 0.824385
vt 0.244465 0.825412
vt 0.243516 0.825412
vt 0.243516 0.824385
vt 0.258693 0.825412
vt 0.258693 0.824385
vt 0.259642 0.824385
vt 0.596159 0.771302
vt 0.597186 0.771302
vt 0.597186 0.781759
vt 0.596159 0.781759
vt 0.696800 0.771302
vt 0.697827 0.771302
vt 0.697827 0.781759
vt 0.696800 0.781759
vt 0.651575 0.725711
vt 0.651575 0.733672
vt 0.644144 0.733670
vt 0.644144 0.725710
vt 0.644144 0.749593
vt 0.644144 0.741633
vt 0.651557 0.741633
vt 0.651557 0.749593
vt 0.021231 0.824385
vt 0.021231 0.832346
vt 0.020557 0.832346
vt 0.020557 0.824385
vt 0.725628 0.819595
vt 0.725628 0.811634
vt 0.726419 0.811634
vt 0.726419 0.819595
vt 0.771044 0.816915
vt 0.769929 0.816915
vt 0.769929 0.811634
vt 0.771044 0.811634
vt 0.182809 0.825500
vt 0.181860 0.825500
vt 0.181860 0.824385
vt 0.182809 0.824385
vt 0.780775 0.782609
vt 0.779826 0.782609
vt 0.779827 0.771302
vt 0.130015 0.759198
vt 0.137975 0.759198
vt 0.137975 0.767210
vt 0.130015 0.767210
vt 0.766668 0.607875
vt 0.758708 0.607875
vt 0.758708 0.599852
vt 0.766668 0.599852
vt 0.792158 0.782609
vt 0.791209 0.782609
vt 0.791209 0.771302
vt 0.792158 0.771302
vt 0.746169 0.811634
vt 0.746169 0.819595
vt 0.745379 0.819595
vt 0.745379 0.811634
vt 0.413665 0.779263
vt 0.413665 0.771302
vt 0.417417 0.771303
vt 0.417417 0.779263
vt 0.950486 0.816915
vt 0.949372 0.816915
vt 0.950486 0.811634
vt 0.458619 0.771302
vt 0.458619 0.779263
vt 0.061151 0.832346
vt 0.061151 0.824385
vt 0.061746 0.824385
vt 0.061746 0.832346
vt 0.004367 0.824385
vt 0.004367 0.832346
vt 0.065306 0.832346
vt 0.065306 0.824385
vt 0.065899 0.824385
vt 0.065899 0.832346
vt 0.760904 0.721634
vt 0.752943 0.721634
vt 0.752943 0.712584
vt 0.760904 0.712584
vt 0.574784 0.824385
vt 0.574784 0.825412
vt 0.573947 0.825412
vt 0.573947 0.824385
vt 0.075327 0.824385
vt 0.075327 0.811634
vt 0.076164 0.811634
vt 0.076164 0.824385
vt 0.574784 0.824385
vt 0.575621 0.824385
vt 0.575621 0.825412
vt 0.077001 0.811634
vt 0.077001 0.824385
vt 0.076164 0.824385
vt 0.076164 0.811634
vt 0.483300 0.761464
vt 0.475340 0.761464
vt 0.475340 0.752428
vt 0.483300 0.752428
vt 0.985056 0.811634
vt 0.985056 0.819595
vt 0.183757 0.825500
vt 0.182809 0.825500
vt 0.182809 0.824385
vt 0.183757 0.824385
vt 0.245413 0.824385
vt 0.245413 0.825412
vt 0.244465 0.825412
vt 0.244465 0.824385
vt 0.245413 0.825412
vt 0.245413 0.824385
vt 0.246362 0.824385
vt 0.246362 0.825412
vt 0.750202 0.771302
vt 0.750202 0.781759
vt 0.750202 0.771302
vt 0.751229 0.771302
vt 0.751229 0.781759
vt 0.750202 0.781759
vt 0.651575 0.733673
vt 0.651575 0.741633
vt 0.644144 0.741632
vt 0.644144 0.733672
vt 0.560020 0.757203
vt 0.560020 0.749243
vt 0.567433 0.749243
vt 0.567433 0.757203
vt 0.021905 0.824385
vt 0.021231 0.832346
vt 0.021231 0.824385
vt 0.726419 0.819595
vt 0.726419 0.811634
vt 0.727210 0.811634
vt 0.727210 0.819595
vt 0.951601 0.816915
vt 0.950486 0.816915
vt 0.950486 0.811634
vt 0.951601 0.811634
vt 0.184706 0.825500
vt 0.183758 0.825500
vt 0.183758 0.824385
vt 0.184706 0.824385
vt 0.816821 0.782609
vt 0.815872 0.782609
vt 0.815872 0.771302
vt 0.816821 0.771302
vt 0.605191 0.759300
vt 0.613151 0.759300
vt 0.613151 0.767313
vt 0.605191 0.767313
vt 0.758708 0.591828
vt 0.766668 0.591828
vt 0.778878 0.782609
vt 0.777929 0.782609
vt 0.777929 0.771302
vt 0.778878 0.771302
vt 0.745379 0.811634
vt 0.745379 0.819595
vt 0.417417 0.779263
vt 0.417417 0.771302
vt 0.421169 0.771303
vt 0.421169 0.779263
vt 0.952716 0.816915
vt 0.951601 0.816915
vt 0.951601 0.811634
vt 0.952716 0.811634
vt 0.462362 0.771302
vt 0.462362 0.779263
vt 0.458619 0.779263
vt 0.458619 0.771302
vt 0.060556 0.832346
vt 0.060556 0.824385
vt 0.061151 0.824385
vt 0.061151 0.832346
vt 0.005095 0.824385
vt 0.005095 0.832346
vt 0.066492 0.832346
vt 0.066492 0.824385
vt 0.067085 0.824385
vt 0.067085 0.832346
vt 0.752943 0.739732
vt 0.760904 0.739732
vt 0.545490 0.824385
vt 0.545490 0.825412
vt 0.544653 0.824385
vt 0.003348 0.824385
vt 0.003348 0.811634
vt 0.004185 0.811634
vt 0.004185 0.824385
vt 0.545491 0.825412
vt 0.545491 0.824385
vt 0.546327 0.824385
vt 0.546327 0.825412
vt 0.084534 0.811634
vt 0.084534 0.824385
vt 0.083697 0.824385
vt 0.083697 0.811634
vt 0.025939 0.832346
vt 0.025939 0.824385
vt 0.026612 0.824385
vt 0.026612 0.832346
vt 0.636152 0.761458
vt 0.628192 0.761458
vt 0.628192 0.752421
vt 0.636152 0.752421
vt 0.985056 0.819595
vt 0.985056 0.811634
vt 0.985784 0.811634
vt 0.985784 0.819595
vt 0.072777 0.825500
vt 0.072777 0.824385
vt 0.266282 0.824385
vt 0.266282 0.825412
vt 0.265333 0.825412
vt 0.265333 0.824385
vt 0.266282 0.825412
vt 0.266282 0.824385
vt 0.267230 0.824385
vt 0.267230 0.825412
vt 0.648534 0.771302
vt 0.649561 0.771302
vt 0.649561 0.781760
vt 0.648534 0.781760
vt 0.649561 0.771302
vt 0.650588 0.771302
vt 0.650588 0.781759
vt 0.649561 0.781759
vt 0.567451 0.733322
vt 0.567451 0.741283
vt 0.560020 0.741282
vt 0.560020 0.733321
vt 0.325947 0.744849
vt 0.325947 0.736889
vt 0.333360 0.736889
vt 0.333360 0.744849
vt 0.017187 0.824385
vt 0.017187 0.832346
vt 0.016513 0.832346
vt 0.016513 0.824385
vt 0.728001 0.811634
vt 0.728001 0.819595
vt 0.787762 0.816915
vt 0.786648 0.816915
vt 0.786648 0.811634
vt 0.787762 0.811634
vt 0.073725 0.825500
vt 0.072777 0.825500
vt 0.072777 0.824385
vt 0.073725 0.824385
vt 0.922113 0.782609
vt 0.921164 0.782609
vt 0.921164 0.771302
vt 0.922113 0.771302
vt 0.157037 0.759267
vt 0.157037 0.767280
vt 0.149077 0.767280
vt 0.766765 0.516048
vt 0.758805 0.516048
vt 0.923061 0.782609
vt 0.922113 0.771302
vt 0.923061 0.771302
vt 0.746959 0.811634
vt 0.746959 0.819595
vt 0.746169 0.819595
vt 0.746169 0.811634
vt 0.421169 0.779263
vt 0.421169 0.771302
vt 0.424922 0.771303
vt 0.424922 0.779263
vt 0.772159 0.816915
vt 0.771044 0.816915
vt 0.771044 0.811634
vt 0.772159 0.811634
vt 0.439903 0.779263
vt 0.439903 0.771302
vt 0.711097 0.811634
vt 0.711097 0.819595
vt 0.341811 0.819595
vt 0.341811 0.811634
vt 0.714445 0.819595
vt 0.714445 0.811634
vt 0.715282 0.811634
vt 0.715282 0.819595
vt 0.301008 0.720882
vt 0.293047 0.720882
vt 0.293047 0.708131
vt 0.301008 0.708131
vt 0.547164 0.824385
vt 0.547164 0.825412
vt 0.546327 0.825412
vt 0.546327 0.824385
vt 0.085371 0.811634
vt 0.085371 0.824385
vt 0.084534 0.824385
vt 0.084534 0.811634
vt 0.548001 0.824385
vt 0.548001 0.825412
vt 0.547164 0.824385
vt 0.085371 0.824385
vt 0.085371 0.811634
vt 0.086208 0.811634
vt 0.086208 0.824385
vt 0.516469 0.819595
vt 0.516469 0.811634
vt 0.517417 0.811634
vt 0.517417 0.819595
vt 0.575475 0.726208
vt 0.567515 0.726208
vt 0.567515 0.713457
vt 0.575475 0.713457
vt 0.289436 0.819595
vt 0.289436 0.811634
vt 0.290463 0.811634
vt 0.290463 0.819595
vt 0.113565 0.825500
vt 0.112616 0.825500
vt 0.112616 0.824385
vt 0.113565 0.824385
vt 0.417101 0.824385
vt 0.417101 0.825412
vt 0.416152 0.825412
vt 0.416152 0.824385
vt 0.418049 0.824385
vt 0.418049 0.825412
vt 0.651614 0.781759
vt 0.650588 0.781759
vt 0.650588 0.771302
vt 0.651614 0.771302
vt 0.652641 0.781759
vt 0.651614 0.771302
vt 0.652641 0.771302
vt 0.518429 0.735965
vt 0.526389 0.735965
vt 0.526389 0.746422
vt 0.518429 0.746422
vt 0.182837 0.754988
vt 0.174876 0.754988
vt 0.174876 0.744531
vt 0.182837 0.744531
vt 0.495601 0.811634
vt 0.495601 0.819595
vt 0.494653 0.819595
vt 0.494653 0.811634
vt 0.169551 0.819595
vt 0.169551 0.811634
vt 0.170666 0.811634
vt 0.170666 0.819595
vt 0.853521 0.811634
vt 0.854635 0.811634
vt 0.854635 0.816915
vt 0.853521 0.816915
vt 0.113565 0.824385
vt 0.114513 0.824385
vt 0.114513 0.825500
vt 0.113565 0.825500
vt 0.838638 0.782609
vt 0.837690 0.782609
vt 0.837690 0.771302
vt 0.838638 0.771302
vt 0.742884 0.533919
vt 0.734924 0.533919
vt 0.838638 0.771302
vt 0.839587 0.771302
vt 0.839587 0.782609
vt 0.838638 0.782609
vt 0.244226 0.811634
vt 0.244226 0.819595
vt 0.760904 0.726327
vt 0.766184 0.726327
vt 0.854635 0.811634
vt 0.855750 0.811634
vt 0.855750 0.816915
vt 0.854635 0.816915
vt 0.063366 0.771302
vt 0.063366 0.779263
vt 0.058086 0.779263
vt 0.058086 0.771302
vt 0.711934 0.811634
vt 0.711934 0.819595
vt 0.315110 0.811634
vt 0.315110 0.819595
vt 0.716119 0.811634
vt 0.716119 0.819595
vt 0.028246 0.723172
vt 0.020285 0.723172
vt 0.020285 0.710421
vt 0.028246 0.710421
vt 0.528751 0.824385
vt 0.528751 0.825412
vt 0.527914 0.825412
vt 0.527914 0.824385
vt 0.108805 0.824385
vt 0.108805 0.811634
vt 0.109642 0.811634
vt 0.109642 0.824385
vt 0.529588 0.824385
vt 0.529588 0.825412
vt 0.107968 0.824385
vt 0.107968 0.811634
vt 0.108805 0.811634
vt 0.108805 0.824385
vt 0.407387 0.819595
vt 0.407387 0.811634
vt 0.408335 0.819595
vt 0.726964 0.512751
vt 0.719004 0.512751
vt 0.719004 0.500000
vt 0.291490 0.811634
vt 0.291490 0.819595
vt 0.160044 0.824385
vt 0.160993 0.824385
vt 0.160993 0.825500
vt 0.160044 0.825500
vt 0.321298 0.824385
vt 0.321298 0.825412
vt 0.320349 0.825412
vt 0.320349 0.824385
vt 0.322246 0.824385
vt 0.322246 0.825412
vt 0.321298 0.825412
vt 0.321298 0.824385
vt 0.633129 0.781759
vt 0.632102 0.781759
vt 0.632102 0.771302
vt 0.633129 0.771302
vt 0.634156 0.781759
vt 0.633129 0.781759
vt 0.633129 0.771302
vt 0.634156 0.771302
vt 0.458997 0.738472
vt 0.466957 0.738472
vt 0.466957 0.748929
vt 0.458997 0.748929
vt 0.583435 0.758428
vt 0.583435 0.747971
vt 0.591396 0.747971
vt 0.496550 0.811634
vt 0.496550 0.819595
vt 0.495601 0.819595
vt 0.495601 0.811634
vt 0.199644 0.811634
vt 0.199644 0.819595
vt 0.855750 0.811634
vt 0.856864 0.811634
vt 0.856864 0.816915
vt 0.855750 0.816915
vt 0.161941 0.825500
vt 0.160993 0.825500
vt 0.160993 0.824385
vt 0.161941 0.824385
vt 0.817770 0.782609
vt 0.816821 0.782609
vt 0.816821 0.771302
vt 0.817770 0.771302
vt 0.485495 0.730926
vt 0.493455 0.730926
vt 0.493455 0.742232
vt 0.485495 0.742232
vt 0.817770 0.771302
vt 0.818718 0.771302
vt 0.818718 0.782609
vt 0.817770 0.782609
vt 0.049116 0.709918
vt 0.049116 0.701958
vt 0.054396 0.701958
vt 0.054396 0.709918
vt 0.857979 0.811634
vt 0.857979 0.816915
vt 0.190098 0.779263
vt 0.184817 0.779263
vt 0.184817 0.771302
vt 0.665064 0.811634
vt 0.665064 0.819595
vt 0.316137 0.811634
vt 0.316137 0.819595
vt 0.685151 0.819595
vt 0.685151 0.811634
vt 0.685988 0.811634
vt 0.685988 0.819595
vt 0.148164 0.721755
vt 0.140204 0.721755
vt 0.140204 0.709004
vt 0.148164 0.709004
vt 0.424131 0.824385
vt 0.424131 0.825412
vt 0.423294 0.825412
vt 0.423294 0.824385
vt 0.968593 0.771302
vt 0.969430 0.771302
vt 0.969430 0.784053
vt 0.424968 0.824385
vt 0.424968 0.825412
vt 0.959386 0.784053
vt 0.959386 0.771302
vt 0.517417 0.819595
vt 0.517417 0.811634
vt 0.518366 0.811634
vt 0.518366 0.819595
vt 0.726866 0.575780
vt 0.341811 0.811634
vt 0.341811 0.819595
vt 0.068034 0.824385
vt 0.068983 0.824385
vt 0.068983 0.825500
vt 0.068034 0.825500
vt 0.323195 0.824385
vt 0.323195 0.825412
vt 0.322246 0.825412
vt 0.322246 0.824385
vt 0.324143 0.824385
vt 0.324143 0.825412
vt 0.323195 0.825412
vt 0.323195 0.824385
vt 0.635183 0.781759
vt 0.634156 0.771302
vt 0.635183 0.771302
vt 0.636210 0.781759
vt 0.636210 0.771302
vt 0.744983 0.725857
vt 0.752943 0.725857
vt 0.752943 0.736314
vt 0.744983 0.736314
vt 0.526389 0.756879
vt 0.518429 0.756879
vt 0.518429 0.746422
vt 0.526389 0.746422
vt 0.394107 0.811634
vt 0.394107 0.819595
vt 0.393158 0.819595
vt 0.393158 0.811634
vt 0.199644 0.819595
vt 0.199644 0.811634
vt 0.903675 0.811634
vt 0.904790 0.811634
vt 0.904790 0.816915
vt 0.903675 0.816915
vt 0.069931 0.825500
vt 0.068983 0.825500
vt 0.068983 0.824385
vt 0.069931 0.824385
vt 0.819667 0.782609
vt 0.818718 0.782609
vt 0.818718 0.771302
vt 0.819667 0.771302
vt 0.399498 0.730986
vt 0.407458 0.730986
vt 0.407458 0.742292
vt 0.399498 0.742292
vt 0.439455 0.735158
vt 0.431495 0.735158
vt 0.431495 0.723852
vt 0.439455 0.723852
vt 0.819667 0.771302
vt 0.820615 0.771302
vt 0.820615 0.782609
vt 0.819667 0.782609
vt 0.245341 0.811634
vt 0.245341 0.819595
vt 0.604594 0.763342
vt 0.604594 0.771302
vt 0.904790 0.811634
vt 0.905904 0.811634
vt 0.905904 0.816915
vt 0.904790 0.816915
vt 0.052805 0.771302
vt 0.052805 0.779263
vt 0.047525 0.779263
vt 0.047525 0.771302
vt 0.512004 0.780595
vt 0.509838 0.782592
vt 0.509838 0.771302
vt 0.512004 0.773290
vt 0.538006 0.780592
vt 0.535839 0.782592
vt 0.535839 0.771302
vt 0.538006 0.773288
vt 0.488169 0.780590
vt 0.486002 0.782592
vt 0.486002 0.771302
vt 0.488169 0.773285
vt 0.499004 0.780595
vt 0.496837 0.782592
vt 0.496837 0.771302
vt 0.499004 0.773290
vt 0.447629 0.766677
vt 0.440324 0.766677
vt 0.440324 0.759372
vt 0.447629 0.759372
vt 0.228511 0.689339
vt 0.228511 0.700629
vt 0.217221 0.700629
vt 0.217221 0.689339
vt 0.586108 0.818939
vt 0.585178 0.818939
vt 0.585178 0.811634
vt 0.586108 0.811634
vt 0.529303 0.818939
vt 0.528309 0.818939
vt 0.528309 0.811634
vt 0.529303 0.811634
vt 0.604710 0.818939
vt 0.603780 0.818939
vt 0.603780 0.811634
vt 0.604710 0.811634
vt 0.549190 0.818939
vt 0.548195 0.818939
vt 0.548195 0.811634
vt 0.549190 0.811634
vt 0.598199 0.818939
vt 0.597269 0.818939
vt 0.597269 0.811634
vt 0.598199 0.811634
vt 0.542229 0.818939
vt 0.541235 0.818939
vt 0.541235 0.811634
vt 0.542229 0.811634
vt 0.590759 0.818939
vt 0.589829 0.818939
vt 0.589829 0.811634
vt 0.590759 0.811634
vt 0.534275 0.818939
vt 0.533281 0.818939
vt 0.533281 0.811634
vt 0.534275 0.811634
vt 0.518505 0.780595
vt 0.516338 0.782592
vt 0.516338 0.771302
vt 0.518505 0.773290
vt 0.531505 0.780593
vt 0.529339 0.782592
vt 0.529339 0.771302
vt 0.531505 0.773288
vt 0.477334 0.780590
vt 0.475167 0.782592
vt 0.475167 0.771302
vt 0.477334 0.773285
vt 0.501171 0.780595
vt 0.499004 0.782592
vt 0.499004 0.771302
vt 0.501171 0.773291
vt 0.651449 0.756898
vt 0.644144 0.756898
vt 0.644144 0.749593
vt 0.651449 0.749593
vt 0.590095 0.689416
vt 0.590095 0.700706
vt 0.578805 0.700706
vt 0.578805 0.689416
vt 0.584248 0.818939
vt 0.583318 0.818939
vt 0.583318 0.811634
vt 0.584248 0.811634
vt 0.528309 0.818939
vt 0.527315 0.818939
vt 0.527315 0.811634
vt 0.528309 0.811634
vt 0.599129 0.818939
vt 0.598199 0.818939
vt 0.598199 0.811634
vt 0.599129 0.811634
vt 0.543224 0.818939
vt 0.542230 0.818939
vt 0.542230 0.811634
vt 0.543224 0.811634
vt 0.592619 0.818939
vt 0.591689 0.818939
vt 0.591689 0.811634
vt 0.592619 0.811634
vt 0.536264 0.818939
vt 0.535269 0.818939
vt 0.535269 0.811634
vt 0.536264 0.811634
vt 0.576807 0.818939
vt 0.575877 0.818939
vt 0.575877 0.811634
vt 0.576807 0.811634
vt 0.520355 0.818939
vt 0.519360 0.818939
vt 0.519360 0.811634
vt 0.520355 0.811634
vt 0.520671 0.780595
vt 0.518505 0.782592
vt 0.518505 0.771302
vt 0.520671 0.773290
vt 0.533672 0.780592
vt 0.531505 0.782592
vt 0.531505 0.771302
vt 0.533672 0.773288
vt 0.481668 0.780590
vt 0.479501 0.782592
vt 0.479501 0.771302
vt 0.481668 0.773285
vt 0.503337 0.780595
vt 0.501171 0.782592
vt 0.501171 0.771302
vt 0.503337 0.773290
vt 0.333252 0.760114
vt 0.325947 0.760114
vt 0.325947 0.752809
vt 0.333252 0.752809
vt 0.194350 0.689484
vt 0.194350 0.700774
vt 0.183059 0.700774
vt 0.183059 0.689484
vt 0.582388 0.818939
vt 0.581458 0.818939
vt 0.581458 0.811634
vt 0.582388 0.811634
vt 0.525326 0.818939
vt 0.524332 0.818939
vt 0.524332 0.811634
vt 0.525326 0.811634
vt 0.600060 0.818939
vt 0.600060 0.811634
vt 0.544218 0.818939
vt 0.544218 0.811634
vt 0.595409 0.818939
vt 0.594479 0.818939
vt 0.594479 0.811634
vt 0.595409 0.811634
vt 0.539247 0.818939
vt 0.538252 0.818939
vt 0.538252 0.811634
vt 0.539247 0.811634
vt 0.577737 0.818939
vt 0.576807 0.818939
vt 0.576807 0.811634
vt 0.577737 0.811634
vt 0.521349 0.818939
vt 0.520355 0.811634
vt 0.521349 0.811634
vt 0.522838 0.780595
vt 0.520671 0.782592
vt 0.520671 0.771302
vt 0.522838 0.773290
vt 0.535839 0.780592
vt 0.533672 0.782592
vt 0.533672 0.771302
vt 0.535839 0.773288
vt 0.490336 0.780590
vt 0.488169 0.782592
vt 0.488169 0.771302
vt 0.490336 0.773285
vt 0.507671 0.780595
vt 0.505504 0.782592
vt 0.505504 0.771302
vt 0.507671 0.773290
vt 0.720554 0.694062
vt 0.713249 0.694062
vt 0.713249 0.686757
vt 0.720554 0.686757
vt 0.160367 0.690924
vt 0.160367 0.702214
vt 0.149077 0.702214
vt 0.149077 0.690924
vt 0.581458 0.818939
vt 0.580528 0.818939
vt 0.580528 0.811634
vt 0.524332 0.818939
vt 0.523337 0.818939
vt 0.523337 0.811634
vt 0.600990 0.818939
vt 0.600060 0.811634
vt 0.600990 0.811634
vt 0.545213 0.818939
vt 0.544218 0.811634
vt 0.545213 0.811634
vt 0.593549 0.818939
vt 0.592619 0.818939
vt 0.592619 0.811634
vt 0.593549 0.811634
vt 0.538252 0.818939
vt 0.537258 0.818939
vt 0.537258 0.811634
vt 0.538252 0.811634
vt 0.578668 0.818939
vt 0.577737 0.818939
vt 0.577737 0.811634
vt 0.578668 0.811634
vt 0.522343 0.818939
vt 0.521349 0.818939
vt 0.521349 0.811634
vt 0.522343 0.811634
vt 0.514171 0.780595
vt 0.512004 0.782592
vt 0.512004 0.771302
vt 0.514171 0.773290
vt 0.544506 0.780593
vt 0.542339 0.782592
vt 0.542339 0.771302
vt 0.544506 0.773288
vt 0.483835 0.780590
vt 0.481668 0.782592
vt 0.481668 0.771302
vt 0.483835 0.773285
vt 0.509838 0.780595
vt 0.507671 0.782592
vt 0.507671 0.771302
vt 0.509838 0.773290
vt 0.681910 0.753930
vt 0.681910 0.761235
vt 0.674605 0.761235
vt 0.674605 0.753930
vt 0.616481 0.702247
vt 0.605190 0.702247
vt 0.605190 0.690957
vt 0.616481 0.690957
vt 0.579598 0.818939
vt 0.579598 0.811634
vt 0.523337 0.818939
vt 0.522343 0.818939
vt 0.523337 0.811634
vt 0.601920 0.818939
vt 0.600990 0.818939
vt 0.600990 0.811634
vt 0.601920 0.811634
vt 0.546207 0.818939
vt 0.545213 0.811634
vt 0.546207 0.811634
vt 0.591689 0.818939
vt 0.590759 0.818939
vt 0.590759 0.811634
vt 0.591689 0.811634
vt 0.535269 0.818939
vt 0.534275 0.818939
vt 0.534275 0.811634
vt 0.535269 0.811634
vt 0.588898 0.818939
vt 0.587968 0.818939
vt 0.587968 0.811634
vt 0.588898 0.811634
vt 0.532286 0.818939
vt 0.531292 0.818939
vt 0.531292 0.811634
vt 0.532286 0.811634
vt 0.516338 0.780595
vt 0.514171 0.782592
vt 0.514171 0.771302
vt 0.516338 0.773290
vt 0.529339 0.780592
vt 0.527172 0.782592
vt 0.527172 0.771302
vt 0.529339 0.773288
vt 0.479501 0.780590
vt 0.477334 0.782592
vt 0.477334 0.771302
vt 0.479501 0.773285
vt 0.494670 0.780595
vt 0.492503 0.782592
vt 0.492503 0.771302
vt 0.494670 0.773291
vt 0.651449 0.764203
vt 0.644144 0.764203
vt 0.578805 0.689416
vt 0.578805 0.700706
vt 0.567515 0.700706
vt 0.567515 0.689416
vt 0.580528 0.818939
vt 0.580528 0.811634
vt 0.519360 0.818939
vt 0.518366 0.818939
vt 0.518366 0.811634
vt 0.602850 0.818939
vt 0.601920 0.811634
vt 0.602850 0.811634
vt 0.547201 0.818939
vt 0.546207 0.818939
vt 0.546207 0.811634
vt 0.547201 0.811634
vt 0.596339 0.818939
vt 0.595409 0.818939
vt 0.595409 0.811634
vt 0.596339 0.811634
vt 0.541235 0.818939
vt 0.540241 0.818939
vt 0.540241 0.811634
vt 0.541235 0.811634
vt 0.589829 0.818939
vt 0.588899 0.818939
vt 0.588899 0.811634
vt 0.589829 0.811634
vt 0.533281 0.818939
vt 0.532286 0.811634
vt 0.533281 0.811634
vt 0.525005 0.780595
vt 0.522838 0.782592
vt 0.522838 0.771302
vt 0.525005 0.773290
vt 0.540172 0.780592
vt 0.538006 0.782592
vt 0.538006 0.771302
vt 0.540172 0.773288
vt 0.492503 0.780590
vt 0.490336 0.782592
vt 0.490336 0.771302
vt 0.492503 0.773285
vt 0.505504 0.780595
vt 0.503337 0.782592
vt 0.503337 0.771302
vt 0.505504 0.773290
vt 0.567325 0.757203
vt 0.567325 0.764508
vt 0.560020 0.764508
vt 0.560020 0.757203
vt 0.052445 0.690668
vt 0.052445 0.701958
vt 0.041155 0.701958
vt 0.041155 0.690668
vt 0.585178 0.818939
vt 0.585178 0.811634
vt 0.527315 0.818939
vt 0.526320 0.818939
vt 0.526320 0.811634
vt 0.527315 0.811634
vt 0.603780 0.818939
vt 0.602850 0.818939
vt 0.602850 0.811634
vt 0.603780 0.811634
vt 0.548195 0.818939
vt 0.547201 0.818939
vt 0.547201 0.811634
vt 0.548195 0.811634
vt 0.597269 0.818939
vt 0.596339 0.818939
vt 0.596339 0.811634
vt 0.597269 0.811634
vt 0.540241 0.818939
vt 0.539247 0.811634
vt 0.540241 0.811634
vt 0.587038 0.818939
vt 0.586108 0.811634
vt 0.587038 0.811634
vt 0.530298 0.818939
vt 0.529303 0.811634
vt 0.530298 0.811634
vt 0.527172 0.780595
vt 0.525005 0.782592
vt 0.525005 0.771302
vt 0.527172 0.773290
vt 0.542339 0.780593
vt 0.540172 0.782592
vt 0.540172 0.771302
vt 0.542339 0.773288
vt 0.486002 0.780590
vt 0.483835 0.782592
vt 0.483835 0.771302
vt 0.486002 0.773285
vt 0.496837 0.780595
vt 0.494670 0.782592
vt 0.494670 0.771302
vt 0.496837 0.773290
vt 0.274222 0.756571
vt 0.274222 0.763876
vt 0.266917 0.763876
vt 0.266917 0.756571
vt 0.141305 0.702145
vt 0.130015 0.702145
vt 0.130015 0.690855
vt 0.583318 0.818939
vt 0.582388 0.811634
vt 0.583318 0.811634
vt 0.526320 0.818939
vt 0.525326 0.818939
vt 0.525326 0.811634
vt 0.526320 0.811634
vt 0.605640 0.818939
vt 0.604710 0.818939
vt 0.604710 0.811634
vt 0.605640 0.811634
vt 0.550184 0.818939
vt 0.549190 0.818939
vt 0.549190 0.811634
vt 0.550184 0.811634
vt 0.594479 0.818939
vt 0.593549 0.818939
vt 0.593549 0.811634
vt 0.594479 0.811634
vt 0.537258 0.818939
vt 0.537258 0.811634
vt 0.587968 0.818939
vt 0.587038 0.818939
vt 0.587038 0.811634
vt 0.530298 0.818939
vt 0.530298 0.811634
vt 0.614847 0.819595
vt 0.614847 0.811634
vt 0.615684 0.811634
vt 0.615684 0.819595
vt 0.291490 0.819595
vt 0.291490 0.811634
vt 0.292517 0.811634
vt 0.292517 0.819595
vt 0.665064 0.819595
vt 0.665064 0.811634
vt 0.665901 0.811634
vt 0.665901 0.819595
vt 0.129971 0.714650
vt 0.122011 0.714650
vt 0.122011 0.701899
vt 0.129971 0.701899
vt 0.569762 0.824385
vt 0.569762 0.825412
vt 0.568925 0.825412
vt 0.568925 0.824385
vt 0.985332 0.784053
vt 0.985332 0.771302
vt 0.986169 0.771302
vt 0.986169 0.784053
vt 0.548838 0.824385
vt 0.548838 0.825412
vt 0.041011 0.811634
vt 0.041011 0.824385
vt 0.040175 0.824385
vt 0.040175 0.811634
vt 0.414027 0.819595
vt 0.414027 0.811634
vt 0.414975 0.811634
vt 0.414975 0.819595
vt 0.375176 0.708054
vt 0.367216 0.708054
vt 0.367216 0.695303
vt 0.375176 0.695303
vt 0.389050 0.819595
vt 0.389050 0.811634
vt 0.390077 0.811634
vt 0.390077 0.819595
vt 0.075623 0.825500
vt 0.074674 0.825500
vt 0.074674 0.824385
vt 0.075623 0.824385
vt 0.325092 0.824385
vt 0.325092 0.825412
vt 0.324143 0.825412
vt 0.324143 0.824385
vt 0.325092 0.825412
vt 0.325092 0.824385
vt 0.326041 0.824385
vt 0.326041 0.825412
vt 0.658803 0.771302
vt 0.659830 0.771302
vt 0.659830 0.781759
vt 0.658803 0.781759
vt 0.659830 0.771302
vt 0.660857 0.771302
vt 0.660857 0.781759
vt 0.659830 0.781759
vt 0.274460 0.742994
vt 0.282421 0.742994
vt 0.282421 0.753451
vt 0.274460 0.753451
vt 0.315774 0.745153
vt 0.307814 0.734696
vt 0.315774 0.734696
vt 0.465248 0.811634
vt 0.465248 0.819595
vt 0.464299 0.811634
vt 0.112709 0.819595
vt 0.112709 0.811634
vt 0.113823 0.811634
vt 0.113823 0.819595
vt 0.810053 0.816915
vt 0.808939 0.816915
vt 0.808939 0.811634
vt 0.810053 0.811634
vt 0.083211 0.825500
vt 0.082262 0.825500
vt 0.082262 0.824385
vt 0.083211 0.824385
vt 0.868993 0.782609
vt 0.868044 0.782609
vt 0.868044 0.771302
vt 0.868993 0.771302
vt 0.119361 0.732082
vt 0.111400 0.732082
vt 0.111400 0.720776
vt 0.119361 0.720776
vt 0.869941 0.782609
vt 0.868993 0.782609
vt 0.868993 0.771302
vt 0.869941 0.771302
vt 0.171780 0.811634
vt 0.171780 0.819595
vt 0.170666 0.819595
vt 0.170666 0.811634
vt 0.032282 0.770843
vt 0.032282 0.762883
vt 0.037563 0.762883
vt 0.037563 0.770843
vt 0.918165 0.816915
vt 0.917050 0.816915
vt 0.917050 0.811634
vt 0.918165 0.811634
vt 0.306791 0.736905
vt 0.306791 0.744866
vt 0.301510 0.744866
vt 0.301510 0.736905
vt 0.614010 0.819595
vt 0.614010 0.811634
vt 0.614847 0.811634
vt 0.614847 0.819595
vt 0.316137 0.819595
vt 0.316137 0.811634
vt 0.317164 0.811634
vt 0.317164 0.819595
vt 0.685988 0.819595
vt 0.685988 0.811634
vt 0.686825 0.811634
vt 0.686825 0.819595
vt 0.233683 0.710441
vt 0.233683 0.697690
vt 0.241643 0.697690
vt 0.548838 0.825412
vt 0.549675 0.824385
vt 0.549675 0.825412
vt 0.978636 0.771303
vt 0.978636 0.784054
vt 0.977799 0.784054
vt 0.977799 0.771303
vt 0.550512 0.824385
vt 0.550512 0.825412
vt 0.979473 0.771303
vt 0.979473 0.784054
vt 0.476630 0.819595
vt 0.476630 0.811634
vt 0.477579 0.811634
vt 0.477579 0.819595
vt 0.721102 0.707237
vt 0.713142 0.707237
vt 0.713142 0.694486
vt 0.721102 0.694486
vt 0.292517 0.819595
vt 0.292517 0.811634
vt 0.293544 0.811634
vt 0.293544 0.819595
vt 0.097439 0.824385
vt 0.098388 0.824385
vt 0.098388 0.825500
vt 0.097439 0.825500
vt 0.364931 0.824385
vt 0.365880 0.824385
vt 0.365880 0.825412
vt 0.398130 0.824385
vt 0.398130 0.825412
vt 0.397181 0.825412
vt 0.397181 0.824385
vt 0.698854 0.781759
vt 0.697827 0.781759
vt 0.697827 0.771302
vt 0.698854 0.771302
vt 0.699881 0.781759
vt 0.698854 0.781759
vt 0.698854 0.771302
vt 0.699881 0.771302
vt 0.533536 0.734694
vt 0.541496 0.734694
vt 0.541496 0.745151
vt 0.533536 0.745151
vt 0.208260 0.752423
vt 0.200299 0.752423
vt 0.200299 0.741966
vt 0.208260 0.741966
vt 0.415924 0.811634
vt 0.415924 0.819595
vt 0.414975 0.819595
vt 0.414975 0.811634
vt 0.223050 0.819595
vt 0.223050 0.811634
vt 0.224164 0.811634
vt 0.224164 0.819595
vt 0.761013 0.811634
vt 0.762127 0.811634
vt 0.762127 0.816915
vt 0.761013 0.816915
vt 0.126845 0.824385
vt 0.127793 0.824385
vt 0.127793 0.825500
vt 0.126845 0.825500
vt 0.820615 0.771302
vt 0.821564 0.771302
vt 0.821564 0.782609
vt 0.820615 0.782609
vt 0.233683 0.723192
vt 0.241643 0.723192
vt 0.241643 0.734499
vt 0.233683 0.734499
vt 0.466957 0.727165
vt 0.458997 0.727165
vt 0.458997 0.715859
vt 0.466957 0.715859
vt 0.792158 0.771302
vt 0.793107 0.771302
vt 0.793107 0.782609
vt 0.792158 0.782609
vt 0.246455 0.811634
vt 0.246455 0.819595
vt 0.245341 0.819595
vt 0.245341 0.811634
vt 0.526389 0.745604
vt 0.526389 0.737644
vt 0.531669 0.737644
vt 0.531669 0.745604
vt 0.758784 0.811634
vt 0.759898 0.811634
vt 0.759898 0.816915
vt 0.758784 0.816915
vt 0.331228 0.760114
vt 0.331228 0.768074
vt 0.325947 0.768074
vt 0.325947 0.760114
vt 0.666738 0.811634
vt 0.666738 0.819595
vt 0.318191 0.811634
vt 0.318191 0.819595
vt 0.687662 0.811634
vt 0.687662 0.819595
vt 0.108110 0.710511
vt 0.100150 0.710511
vt 0.100150 0.697760
vt 0.108110 0.697760
vt 0.563904 0.825412
vt 0.563904 0.824385
vt 0.564741 0.824385
vt 0.564741 0.825412
vt 0.980310 0.771302
vt 0.980310 0.784054
vt 0.979473 0.771302
vt 0.565578 0.824385
vt 0.565578 0.825412
vt 0.564741 0.825412
vt 0.564741 0.824385
vt 0.955201 0.784054
vt 0.955201 0.771302
vt 0.956038 0.771302
vt 0.956038 0.784054
vt 0.478527 0.811634
vt 0.478527 0.819595
vt 0.567515 0.700706
vt 0.575475 0.700706
vt 0.257601 0.819595
vt 0.257601 0.811634
vt 0.258628 0.811634
vt 0.258628 0.819595
vt 0.077520 0.824385
vt 0.078468 0.824385
vt 0.078468 0.825500
vt 0.077520 0.825500
vt 0.291892 0.825412
vt 0.291892 0.824385
vt 0.292841 0.824385
vt 0.292841 0.825412
vt 0.293790 0.825412
vt 0.292841 0.825412
vt 0.292841 0.824385
vt 0.700908 0.781759
vt 0.699881 0.781759
vt 0.699881 0.771302
vt 0.700908 0.771302
vt 0.595132 0.781759
vt 0.594105 0.781759
vt 0.594105 0.771302
vt 0.595132 0.771302
vt 0.343523 0.734472
vt 0.351484 0.734472
vt 0.351484 0.744929
vt 0.343523 0.744929
vt 0.750747 0.597543
vt 0.742787 0.597543
vt 0.742787 0.587086
vt 0.750747 0.587086
vt 0.452917 0.811634
vt 0.452917 0.819595
vt 0.451968 0.819595
vt 0.451968 0.811634
vt 0.110479 0.819595
vt 0.110479 0.811634
vt 0.111594 0.811634
vt 0.111594 0.819595
vt 0.773273 0.811634
vt 0.773273 0.816915
vt 0.772159 0.816915
vt 0.078468 0.824385
vt 0.079417 0.824385
vt 0.079417 0.825500
vt 0.078468 0.825500
vt 0.941084 0.771302
vt 0.942033 0.771302
vt 0.942033 0.782609
vt 0.941084 0.782609
vt 0.705182 0.727488
vt 0.713142 0.738794
vt 0.705182 0.738794
vt 0.191020 0.737582
vt 0.183059 0.726276
vt 0.191020 0.726276
vt 0.942033 0.771302
vt 0.942981 0.771302
vt 0.942981 0.782609
vt 0.247570 0.811634
vt 0.247570 0.819595
vt 0.494174 0.733286
vt 0.494174 0.725326
vt 0.499454 0.725326
vt 0.499454 0.733286
vt 0.773273 0.811634
vt 0.774388 0.811634
vt 0.774388 0.816915
vt 0.773273 0.816915
vt 0.366340 0.758978
vt 0.366340 0.766938
vt 0.361060 0.766938
vt 0.361060 0.758978
vt 0.667575 0.811634
vt 0.667575 0.819595
vt 0.319218 0.811634
vt 0.319218 0.819595
vt 0.633260 0.819595
vt 0.633260 0.811634
vt 0.634097 0.811634
vt 0.634097 0.819595
vt 0.394349 0.712919
vt 0.386389 0.712919
vt 0.386389 0.700168
vt 0.394349 0.700168
vt 0.487740 0.825412
vt 0.487740 0.824385
vt 0.488577 0.824385
vt 0.488577 0.825412
vt 0.024272 0.811634
vt 0.024272 0.824385
vt 0.023435 0.824385
vt 0.023435 0.811634
vt 0.489414 0.824385
vt 0.489414 0.825412
vt 0.488577 0.825412
vt 0.488577 0.824385
vt 0.051055 0.824385
vt 0.051055 0.811634
vt 0.051892 0.811634
vt 0.051892 0.824385
vt 0.427306 0.819595
vt 0.427306 0.811634
vt 0.428255 0.811634
vt 0.428255 0.819595
vt 0.721102 0.719988
vt 0.713142 0.719988
vt 0.713142 0.707237
vt 0.721102 0.707237
vt 0.293544 0.819595
vt 0.293544 0.811634
vt 0.294571 0.811634
vt 0.294571 0.819595
vt 0.127793 0.824385
vt 0.128742 0.824385
vt 0.128742 0.825500
vt 0.127793 0.825500
vt 0.326041 0.825412
vt 0.326041 0.824385
vt 0.326989 0.824385
vt 0.326989 0.825412
vt 0.249208 0.824385
vt 0.249208 0.825412
vt 0.248259 0.825412
vt 0.248259 0.824385
vt 0.701935 0.781759
vt 0.700908 0.781759
vt 0.700908 0.771302
vt 0.701935 0.771302
vt 0.702962 0.781759
vt 0.701935 0.781759
vt 0.701935 0.771302
vt 0.702962 0.771302
vt 0.233683 0.734499
vt 0.241643 0.734499
vt 0.233683 0.744956
vt 0.644128 0.753498
vt 0.636168 0.753498
vt 0.636168 0.743041
vt 0.644128 0.743041
vt 0.405490 0.811634
vt 0.405490 0.819595
vt 0.404541 0.819595
vt 0.404541 0.811634
vt 0.224164 0.819595
vt 0.224164 0.811634
vt 0.225279 0.811634
vt 0.225279 0.819595
vt 0.847948 0.811634
vt 0.847948 0.816915
vt 0.210317 0.824385
vt 0.211266 0.824385
vt 0.211266 0.825500
vt 0.210317 0.825500
vt 0.923061 0.771302
vt 0.924010 0.771302
vt 0.924010 0.782609
vt 0.923061 0.782609
vt 0.100150 0.723262
vt 0.108110 0.723262
vt 0.108110 0.734568
vt 0.100150 0.734568
vt 0.440324 0.727821
vt 0.440324 0.716515
vt 0.448284 0.716515
vt 0.924010 0.771302
vt 0.924959 0.771302
vt 0.924959 0.782609
vt 0.924010 0.782609
vt 0.256486 0.811634
vt 0.256486 0.819595
vt 0.255372 0.819595
vt 0.255372 0.811634
vt 0.760904 0.734287
vt 0.760904 0.726327
vt 0.766184 0.726327
vt 0.766184 0.734287
vt 0.960517 0.811634
vt 0.961632 0.811634
vt 0.961632 0.816915
vt 0.960517 0.816915
vt 0.306790 0.760786
vt 0.306790 0.768746
vt 0.301510 0.768746
vt 0.301510 0.760786
vt 0.634934 0.811634
vt 0.634934 0.819595
vt 0.356188 0.819595
vt 0.356188 0.811634
vt 0.357215 0.811634
vt 0.357215 0.819595
vt 0.624890 0.819595
vt 0.624890 0.811634
vt 0.625727 0.811634
vt 0.625727 0.819595
vt 0.049116 0.714709
vt 0.041155 0.714709
vt 0.041155 0.701958
vt 0.049116 0.701958
vt 0.522056 0.824385
vt 0.522056 0.825412
vt 0.521219 0.825412
vt 0.521219 0.824385
vt 0.051892 0.824385
vt 0.051892 0.811634
vt 0.052729 0.811634
vt 0.052729 0.824385
vt 0.569762 0.824385
vt 0.570599 0.824385
vt 0.053566 0.811634
vt 0.053566 0.824385
vt 0.052729 0.811634
vt 0.452917 0.819595
vt 0.452917 0.811634
vt 0.453865 0.811634
vt 0.453865 0.819595
vt 0.439455 0.711101
vt 0.431495 0.711101
vt 0.431495 0.698350
vt 0.439455 0.698350
vt 0.373646 0.819595
vt 0.373646 0.811634
vt 0.374673 0.811634
vt 0.374673 0.819595
vt 0.085108 0.825500
vt 0.084160 0.825500
vt 0.084160 0.824385
vt 0.085108 0.824385
vt 0.399079 0.824385
vt 0.399079 0.825412
vt 0.398130 0.825412
vt 0.398130 0.824385
vt 0.399079 0.824385
vt 0.400027 0.824385
vt 0.400027 0.825412
vt 0.740959 0.771302
vt 0.741986 0.771302
vt 0.741986 0.781760
vt 0.740959 0.781760
vt 0.741986 0.771302
vt 0.743013 0.771302
vt 0.743013 0.781759
vt 0.741986 0.781759
vt 0.407458 0.739181
vt 0.415418 0.739181
vt 0.415418 0.749638
vt 0.407458 0.749638
vt 0.108110 0.745025
vt 0.100150 0.734568
vt 0.108110 0.734568
vt 0.413078 0.811634
vt 0.413078 0.819595
vt 0.412130 0.819595
vt 0.412130 0.811634
vt 0.140573 0.819595
vt 0.140573 0.811634
vt 0.141687 0.811634
vt 0.141687 0.819595
vt 0.841261 0.816915
vt 0.840146 0.816915
vt 0.840146 0.811634
vt 0.841261 0.811634
vt 0.086057 0.825500
vt 0.085108 0.825500
vt 0.086057 0.824385
vt 0.925907 0.782609
vt 0.925907 0.771302
vt 0.720309 0.660418
vt 0.728270 0.660418
vt 0.728270 0.671724
vt 0.720309 0.671724
vt 0.375176 0.732111
vt 0.367216 0.732111
vt 0.367216 0.720805
vt 0.375176 0.720805
vt 0.926856 0.782609
vt 0.925907 0.782609
vt 0.925907 0.771302
vt 0.112709 0.811634
vt 0.112709 0.819595
vt 0.628192 0.769418
vt 0.628192 0.761458
vt 0.633472 0.761458
vt 0.633472 0.769418
vt 0.842375 0.816915
vt 0.841261 0.816915
vt 0.841261 0.811634
vt 0.842375 0.811634
vt 0.054396 0.709918
vt 0.054396 0.717878
vt 0.049116 0.717878
vt 0.049116 0.709918
vt 0.687662 0.819595
vt 0.687662 0.811634
vt 0.688499 0.811634
vt 0.688499 0.819595
vt 0.266843 0.819595
vt 0.266843 0.811634
vt 0.267870 0.811634
vt 0.267870 0.819595
vt 0.667575 0.819595
vt 0.667575 0.811634
vt 0.668412 0.811634
vt 0.668412 0.819595
vt 0.062685 0.714741
vt 0.054725 0.714741
vt 0.054725 0.701990
vt 0.062685 0.701990
vt 0.490251 0.824385
vt 0.490251 0.825412
vt 0.489414 0.825412
vt 0.489414 0.824385
vt 0.004185 0.824385
vt 0.004185 0.811634
vt 0.005022 0.811634
vt 0.005022 0.824385
vt 0.490251 0.825412
vt 0.490251 0.824385
vt 0.491088 0.824385
vt 0.491088 0.825412
vt 0.005859 0.811634
vt 0.005859 0.824385
vt 0.005022 0.824385
vt 0.005022 0.811634
vt 0.453865 0.819595
vt 0.453865 0.811634
vt 0.454814 0.811634
vt 0.454814 0.819595
vt 0.549456 0.711303
vt 0.541496 0.711303
vt 0.549456 0.698552
vt 0.375700 0.811634
vt 0.375700 0.819595
vt 0.162890 0.825500
vt 0.161941 0.825500
vt 0.161941 0.824385
vt 0.162890 0.824385
vt 0.386748 0.824385
vt 0.386748 0.825412
vt 0.385799 0.825412
vt 0.386748 0.825412
vt 0.386748 0.824385
vt 0.608483 0.771302
vt 0.609510 0.771302
vt 0.609510 0.781759
vt 0.608483 0.781759
vt 0.610537 0.771302
vt 0.610537 0.781759
vt 0.609510 0.781759
vt 0.216220 0.741966
vt 0.216220 0.752423
vt 0.208260 0.752423
vt 0.667444 0.575388
vt 0.659483 0.575388
vt 0.659483 0.564931
vt 0.667444 0.564931
vt 0.426358 0.811634
vt 0.426358 0.819595
vt 0.425409 0.819595
vt 0.425409 0.811634
vt 0.181811 0.819595
vt 0.181811 0.811634
vt 0.182926 0.811634
vt 0.182926 0.819595
vt 0.768815 0.816915
vt 0.767700 0.816915
vt 0.767700 0.811634
vt 0.768815 0.811634
vt 0.163838 0.825500
vt 0.162890 0.825500
vt 0.162890 0.824385
vt 0.163838 0.824385
vt 0.794055 0.782609
vt 0.794055 0.771302
vt 0.721102 0.694486
vt 0.729062 0.694486
vt 0.729062 0.705792
vt 0.721102 0.705792
vt 0.301008 0.732188
vt 0.293047 0.732188
vt 0.293047 0.720882
vt 0.301008 0.720882
vt 0.795004 0.782609
vt 0.794055 0.782609
vt 0.794055 0.771302
vt 0.795004 0.771302
vt 0.172895 0.811634
vt 0.172895 0.819595
vt 0.367216 0.770532
vt 0.367216 0.762572
vt 0.372496 0.762572
vt 0.372496 0.770532
vt 0.843490 0.816915
vt 0.842375 0.816915
vt 0.842375 0.811634
vt 0.843490 0.811634
vt 0.366340 0.711216
vt 0.366340 0.719176
vt 0.361060 0.719176
vt 0.361060 0.711216
vt 0.689336 0.811634
vt 0.689336 0.819595
vt 0.358242 0.811634
vt 0.358242 0.819595
vt 0.616521 0.819595
vt 0.616521 0.811634
vt 0.617357 0.811634
vt 0.617357 0.819595
vt 0.137975 0.702145
vt 0.503642 0.824385
vt 0.503642 0.825412
vt 0.502806 0.825412
vt 0.502806 0.824385
vt 0.034316 0.824385
vt 0.034316 0.811634
vt 0.035153 0.811634
vt 0.035153 0.824385
vt 0.503642 0.825412
vt 0.503642 0.824385
vt 0.504479 0.824385
vt 0.504479 0.825412
vt 0.035990 0.811634
vt 0.035990 0.824385
vt 0.035153 0.824385
vt 0.035153 0.811634
vt 0.413078 0.819595
vt 0.413078 0.811634
vt 0.174876 0.710017
vt 0.166916 0.697266
vt 0.174876 0.697266
vt 0.390077 0.819595
vt 0.390077 0.811634
vt 0.391104 0.811634
vt 0.391104 0.819595
vt 0.076571 0.825500
vt 0.075623 0.825500
vt 0.075623 0.824385
vt 0.076571 0.824385
vt 0.400976 0.824385
vt 0.400976 0.825412
vt 0.400027 0.825412
vt 0.400027 0.824385
vt 0.400976 0.825412
vt 0.400976 0.824385
vt 0.401924 0.824385
vt 0.401924 0.825412
vt 0.744040 0.771302
vt 0.744040 0.781759
vt 0.743013 0.781759
vt 0.745067 0.771302
vt 0.745067 0.781759
vt 0.744040 0.781759
vt 0.744983 0.736314
vt 0.752943 0.736314
vt 0.752943 0.746771
vt 0.744983 0.746771
vt 0.456675 0.746379
vt 0.448715 0.746379
vt 0.448715 0.735922
vt 0.456675 0.735922
vt 0.466196 0.811634
vt 0.466196 0.819595
vt 0.465248 0.819595
vt 0.465248 0.811634
vt 0.114938 0.811634
vt 0.114938 0.819595
vt 0.844604 0.816915
vt 0.843490 0.816915
vt 0.843490 0.811634
vt 0.844604 0.811634
vt 0.084160 0.825500
vt 0.083211 0.825500
vt 0.083211 0.824385
vt 0.084160 0.824385
vt 0.870890 0.782609
vt 0.869941 0.782609
vt 0.869941 0.771302
vt 0.870890 0.771302
vt 0.729062 0.717098
vt 0.721102 0.717098
vt 0.384867 0.734611
vt 0.376906 0.734611
vt 0.376906 0.723305
vt 0.384867 0.723305
vt 0.871838 0.782609
vt 0.870890 0.782609
vt 0.870890 0.771302
vt 0.871838 0.771302
vt 0.174009 0.811634
vt 0.174009 0.819595
vt 0.172895 0.819595
vt 0.172895 0.811634
vt 0.508724 0.769516
vt 0.508724 0.761556
vt 0.514005 0.761556
vt 0.514005 0.769516
vt 0.942685 0.816915
vt 0.941570 0.816915
vt 0.941570 0.811634
vt 0.942685 0.811634
vt 0.054396 0.725839
vt 0.054396 0.733799
vt 0.049116 0.733799
vt 0.049116 0.725839
vt 0.626564 0.811634
vt 0.626564 0.819595
vt 0.264789 0.819595
vt 0.264789 0.811634
vt 0.265816 0.811634
vt 0.265816 0.819595
vt 0.634934 0.819595
vt 0.634934 0.811634
vt 0.635771 0.811634
vt 0.635771 0.819595
vt 0.384867 0.710554
vt 0.376906 0.710554
vt 0.376906 0.697803
vt 0.384867 0.697803
vt 0.491088 0.824385
vt 0.491925 0.824385
vt 0.491925 0.825412
vt 0.981147 0.771302
vt 0.981147 0.784053
vt 0.980310 0.784053
vt 0.980310 0.771302
vt 0.492762 0.824385
vt 0.492762 0.825412
vt 0.491925 0.824385
vt 0.981147 0.784054
vt 0.981147 0.771302
vt 0.981984 0.771302
vt 0.981984 0.784054
vt 0.457660 0.819595
vt 0.457660 0.811634
vt 0.458608 0.811634
vt 0.458608 0.819595
vt 0.721210 0.686757
vt 0.713249 0.686757
vt 0.713249 0.674006
vt 0.721210 0.674006
vt 0.294571 0.819595
vt 0.294571 0.811634
vt 0.295598 0.811634
vt 0.295598 0.819595
vt 0.150558 0.824385
vt 0.151507 0.824385
vt 0.151507 0.825500
vt 0.150558 0.825500
vt 0.365880 0.825412
vt 0.365880 0.824385
vt 0.366828 0.824385
vt 0.366828 0.825412
vt 0.367777 0.824385
vt 0.367777 0.825412
vt 0.366828 0.825412
vt 0.366828 0.824385
vt 0.721447 0.781759
vt 0.720420 0.781759
vt 0.720420 0.771302
vt 0.721447 0.771302
vt 0.722474 0.781759
vt 0.721447 0.781759
vt 0.721447 0.771302
vt 0.722474 0.771302
vt 0.284249 0.734650
vt 0.292210 0.734650
vt 0.292210 0.745107
vt 0.284249 0.745107
vt 0.508709 0.752672
vt 0.500748 0.752672
vt 0.500748 0.742215
vt 0.508709 0.742215
vt 0.431101 0.811634
vt 0.431101 0.819595
vt 0.430152 0.819595
vt 0.430152 0.811634
vt 0.225279 0.819595
vt 0.225279 0.811634
vt 0.226393 0.811634
vt 0.226393 0.819595
vt 0.817855 0.811634
vt 0.818970 0.811634
vt 0.818970 0.816915
vt 0.817855 0.816915
vt 0.151507 0.824385
vt 0.152455 0.824385
vt 0.152455 0.825500
vt 0.151507 0.825500
vt 0.856661 0.771302
vt 0.857610 0.771302
vt 0.857610 0.782609
vt 0.856661 0.782609
vt 0.284249 0.723344
vt 0.292210 0.723344
vt 0.292210 0.734650
vt 0.284249 0.734650
vt 0.729170 0.685313
vt 0.721210 0.685313
vt 0.721210 0.674006
vt 0.729170 0.674006
vt 0.857610 0.771302
vt 0.858558 0.771302
vt 0.858558 0.782609
vt 0.857610 0.782609
vt 0.248684 0.811634
vt 0.248684 0.819595
vt 0.494174 0.725326
vt 0.494174 0.717366
vt 0.499454 0.717366
vt 0.499454 0.725326
vt 0.818970 0.811634
vt 0.820084 0.811634
vt 0.820084 0.816915
vt 0.818970 0.816915
vt 0.121961 0.762543
vt 0.121961 0.770503
vt 0.116681 0.770503
vt 0.116681 0.762543
vt 0.627401 0.811634
vt 0.627401 0.819595
vt 0.320245 0.811634
vt 0.320245 0.819595
vt 0.689336 0.819595
vt 0.689336 0.811634
vt 0.690173 0.811634
vt 0.690173 0.819595
vt 0.292210 0.710593
vt 0.284249 0.710593
vt 0.284249 0.697842
vt 0.292210 0.697842
vt 0.565578 0.825412
vt 0.565578 0.824385
vt 0.566414 0.824385
vt 0.566414 0.825412
vt 0.036827 0.811634
vt 0.036827 0.824385
vt 0.035990 0.824385
vt 0.035990 0.811634
vt 0.567251 0.824385
vt 0.567251 0.825412
vt 0.036827 0.824385
vt 0.036827 0.811634
vt 0.037664 0.811634
vt 0.037664 0.824385
vt 0.470939 0.819595
vt 0.470939 0.811634
vt 0.471888 0.811634
vt 0.471888 0.819595
vt 0.583435 0.713457
vt 0.575475 0.713457
vt 0.575475 0.700706
vt 0.583435 0.700706
vt 0.260682 0.819595
vt 0.260682 0.811634
vt 0.261709 0.811634
vt 0.261709 0.819595
vt 0.067085 0.824385
vt 0.068034 0.824385
vt 0.068034 0.825500
vt 0.067085 0.825500
vt 0.254899 0.825412
vt 0.254899 0.824385
vt 0.255847 0.824385
vt 0.255847 0.825412
vt 0.255847 0.824385
vt 0.589997 0.781759
vt 0.588971 0.781759
vt 0.588971 0.771302
vt 0.589998 0.771302
vt 0.667019 0.781759
vt 0.665992 0.781759
vt 0.665992 0.771302
vt 0.667019 0.771302
vt 0.174876 0.734074
vt 0.174876 0.744531
vt 0.166916 0.744531
vt 0.750747 0.608000
vt 0.742787 0.608000
vt 0.742787 0.597543
vt 0.455763 0.811634
vt 0.455763 0.819595
vt 0.126083 0.819595
vt 0.126083 0.811634
vt 0.127198 0.811634
vt 0.127198 0.819595
vt 0.762128 0.811634
vt 0.763242 0.811634
vt 0.763242 0.816915
vt 0.762128 0.816915
vt 0.079417 0.824385
vt 0.080365 0.824385
vt 0.080365 0.825500
vt 0.079417 0.825500
vt 0.928753 0.771302
vt 0.929701 0.771302
vt 0.929701 0.782609
vt 0.928753 0.782609
vt 0.130015 0.727647
vt 0.137975 0.727647
vt 0.137975 0.738953
vt 0.130015 0.738953
vt 0.182837 0.734074
vt 0.182837 0.722768
vt 0.929701 0.771302
vt 0.930650 0.771302
vt 0.930650 0.782609
vt 0.929701 0.782609
vt 0.142802 0.811634
vt 0.142802 0.819595
vt 0.049116 0.725839
vt 0.054396 0.717878
vt 0.054396 0.725839
vt 0.759898 0.811634
vt 0.761013 0.811634
vt 0.761013 0.816915
vt 0.759898 0.816915
vt 0.718422 0.761755
vt 0.718422 0.769715
vt 0.713142 0.769715
vt 0.713142 0.761755
vt 0.628238 0.811634
vt 0.628238 0.819595
vt 0.321272 0.811634
vt 0.321272 0.819595
vt 0.690173 0.819595
vt 0.690173 0.811634
vt 0.691010 0.811634
vt 0.691010 0.819595
vt 0.659877 0.712987
vt 0.651916 0.712987
vt 0.651916 0.700236
vt 0.659877 0.700236
vt 0.529588 0.825412
vt 0.529588 0.824385
vt 0.530425 0.824385
vt 0.530425 0.825412
vt 0.073653 0.811634
vt 0.073653 0.824385
vt 0.072816 0.824385
vt 0.072816 0.811634
vt 0.531262 0.824385
vt 0.531262 0.825412
vt 0.530425 0.825412
vt 0.530425 0.824385
vt 0.053566 0.824385
vt 0.053566 0.811634
vt 0.054403 0.811634
vt 0.054403 0.824385
vt 0.466196 0.819595
vt 0.466196 0.811634
vt 0.467145 0.811634
vt 0.467145 0.819595
vt 0.690353 0.721267
vt 0.682393 0.721267
vt 0.682393 0.708516
vt 0.690353 0.708516
vt 0.295598 0.819595
vt 0.295598 0.811634
vt 0.296625 0.811634
vt 0.296625 0.819595
vt 0.223597 0.824385
vt 0.224545 0.824385
vt 0.224545 0.825500
vt 0.223597 0.825500
vt 0.367777 0.825412
vt 0.367777 0.824385
vt 0.368725 0.824385
vt 0.368725 0.825412
vt 0.369674 0.824385
vt 0.369674 0.825412
vt 0.368725 0.825412
vt 0.368725 0.824385
vt 0.703989 0.781759
vt 0.702962 0.781759
vt 0.702962 0.771302
vt 0.703989 0.771302
vt 0.705016 0.781759
vt 0.703989 0.781759
vt 0.703989 0.771302
vt 0.705016 0.771302
vt 0.020285 0.734478
vt 0.028246 0.734478
vt 0.028246 0.744935
vt 0.020285 0.744935
vt 0.483300 0.752427
vt 0.475340 0.752427
vt 0.475340 0.741970
vt 0.483300 0.741970
vt 0.416873 0.811634
vt 0.416873 0.819595
vt 0.415924 0.819595
vt 0.415924 0.811634
vt 0.226393 0.819595
vt 0.226393 0.811634
vt 0.227508 0.811634
vt 0.227508 0.819595
vt 0.961632 0.811634
vt 0.962747 0.811634
vt 0.962747 0.816915
vt 0.961632 0.816915
vt 0.224545 0.824385
vt 0.225494 0.824385
vt 0.225494 0.825500
vt 0.224545 0.825500
vt 0.858558 0.771302
vt 0.859507 0.771302
vt 0.859507 0.782609
vt 0.858558 0.782609
vt 0.307814 0.723390
vt 0.315774 0.723390
vt 0.307814 0.734696
vt 0.096109 0.730629
vt 0.088149 0.730629
vt 0.859507 0.771302
vt 0.860455 0.771302
vt 0.860455 0.782609
vt 0.257601 0.811634
vt 0.257601 0.819595
vt 0.256486 0.819595
vt 0.256486 0.811634
vt 0.361060 0.743057
vt 0.361060 0.735097
vt 0.366340 0.735097
vt 0.366340 0.743057
vt 0.962747 0.811634
vt 0.963861 0.811634
vt 0.963861 0.816915
vt 0.962747 0.816915
vt 0.279741 0.762149
vt 0.279741 0.770109
vt 0.274460 0.770109
vt 0.274460 0.762149
vt 0.691010 0.819595
vt 0.691010 0.811634
vt 0.691847 0.811634
vt 0.691847 0.819595
vt 0.296625 0.819595
vt 0.296625 0.811634
vt 0.297652 0.811634
vt 0.297652 0.819595
vt 0.629075 0.811634
vt 0.629075 0.819595
vt 0.149077 0.702214
vt 0.157037 0.702214
vt 0.472675 0.824385
vt 0.472675 0.825412
vt 0.471838 0.824385
vt 0.975288 0.771302
vt 0.976125 0.771302
vt 0.976125 0.784053
vt 0.527914 0.824385
vt 0.976962 0.771302
vt 0.976962 0.784053
vt 0.976125 0.784053
vt 0.976125 0.771302
vt 0.475682 0.819595
vt 0.475682 0.811634
vt 0.701794 0.711599
vt 0.693834 0.711599
vt 0.693834 0.698848
vt 0.701794 0.698848
vt 0.375700 0.819595
vt 0.375700 0.811634
vt 0.376727 0.811634
vt 0.376727 0.819595
vt 0.129690 0.825500
vt 0.128742 0.825500
vt 0.128742 0.824385
vt 0.129690 0.824385
vt 0.370622 0.824385
vt 0.370622 0.825412
vt 0.369674 0.825412
vt 0.369674 0.824385
vt 0.289047 0.824385
vt 0.289995 0.824385
vt 0.289995 0.825412
vt 0.770741 0.771302
vt 0.771768 0.771302
vt 0.771768 0.781760
vt 0.770741 0.781760
vt 0.771768 0.771302
vt 0.772795 0.771302
vt 0.772795 0.781759
vt 0.771768 0.781759
vt 0.011422 0.740509
vt 0.019382 0.740509
vt 0.019382 0.750966
vt 0.011422 0.750966
vt 0.182837 0.744531
vt 0.459557 0.811634
vt 0.459557 0.819595
vt 0.458608 0.811634
vt 0.182926 0.819595
vt 0.182926 0.811634
vt 0.184040 0.811634
vt 0.184040 0.819595
vt 0.764357 0.816915
vt 0.764357 0.811634
vt 0.099336 0.825500
vt 0.098388 0.825500
vt 0.098388 0.824385
vt 0.099336 0.824385
vt 0.861404 0.782609
vt 0.860455 0.782609
vt 0.860455 0.771302
vt 0.861404 0.771302
vt 0.467304 0.715500
vt 0.475265 0.715500
vt 0.475265 0.726806
vt 0.467304 0.726806
vt 0.040243 0.732422
vt 0.032282 0.732422
vt 0.040243 0.721116
vt 0.795952 0.782609
vt 0.795004 0.782609
vt 0.795004 0.771302
vt 0.795952 0.771302
vt 0.128313 0.811634
vt 0.128313 0.819595
vt 0.127198 0.819595
vt 0.127198 0.811634
vt 0.293047 0.770609
vt 0.298328 0.762649
vt 0.298328 0.770609
vt 0.766586 0.816915
vt 0.765471 0.816915
vt 0.765471 0.811634
vt 0.766586 0.811634
vt 0.366340 0.727136
vt 0.366340 0.735097
vt 0.361060 0.735097
vt 0.361060 0.727136
vt 0.643303 0.819595
vt 0.643303 0.811634
vt 0.644140 0.811634
vt 0.644140 0.819595
vt 0.298679 0.811634
vt 0.298679 0.819595
vt 0.618194 0.819595
vt 0.618194 0.811634
vt 0.619031 0.811634
vt 0.619031 0.819595
vt 0.613151 0.714998
vt 0.605190 0.714998
vt 0.605190 0.702247
vt 0.613151 0.702247
vt 0.522893 0.824385
vt 0.522893 0.825412
vt 0.037664 0.824385
vt 0.037664 0.811634
vt 0.038501 0.811634
vt 0.038501 0.824385
vt 0.522893 0.824385
vt 0.523730 0.824385
vt 0.523730 0.825412
vt 0.039338 0.811634
vt 0.039338 0.824385
vt 0.038501 0.824385
vt 0.038501 0.811634
vt 0.431101 0.819595
vt 0.431101 0.811634
vt 0.432049 0.811634
vt 0.432049 0.819595
vt 0.518429 0.699156
vt 0.526389 0.699156
vt 0.377754 0.811634
vt 0.377754 0.819595
vt 0.197986 0.825500
vt 0.197037 0.825500
vt 0.197037 0.824385
vt 0.197986 0.824385
vt 0.405718 0.824385
vt 0.405718 0.825412
vt 0.404770 0.825412
vt 0.404770 0.824385
vt 0.382953 0.825412
vt 0.382953 0.824385
vt 0.383902 0.824385
vt 0.383902 0.825412
vt 0.709124 0.771302
vt 0.710151 0.771302
vt 0.710151 0.781759
vt 0.709124 0.781759
vt 0.628192 0.741964
vt 0.636152 0.741964
vt 0.636152 0.752421
vt 0.628192 0.752421
vt 0.737023 0.736314
vt 0.737023 0.725857
vt 0.744983 0.725857
vt 0.468094 0.811634
vt 0.468094 0.819595
vt 0.467145 0.819595
vt 0.467145 0.811634
vt 0.185155 0.811634
vt 0.185155 0.819595
vt 0.927081 0.816915
vt 0.925966 0.816915
vt 0.925966 0.811634
vt 0.927081 0.811634
vt 0.198934 0.825500
vt 0.197986 0.825500
vt 0.197986 0.824385
vt 0.198934 0.824385
vt 0.914524 0.782609
vt 0.913576 0.782609
vt 0.913576 0.771302
vt 0.914524 0.771302
vt 0.200299 0.719354
vt 0.208260 0.719354
vt 0.208260 0.730660
vt 0.200299 0.730660
vt 0.690353 0.732573
vt 0.682393 0.721267
vt 0.690353 0.721267
vt 0.915473 0.782609
vt 0.914524 0.782609
vt 0.914524 0.771302
vt 0.915473 0.771302
vt 0.129427 0.811634
vt 0.129427 0.819595
vt 0.088149 0.769389
vt 0.088149 0.761428
vt 0.093430 0.761428
vt 0.093430 0.769389
vt 0.923737 0.816915
vt 0.922623 0.816915
vt 0.922623 0.811634
vt 0.923737 0.811634
vt 0.366340 0.719176
vt 0.366340 0.727136
vt 0.361060 0.727136
vt 0.361060 0.719176
vt 0.635771 0.819595
vt 0.635771 0.811634
vt 0.636608 0.811634
vt 0.636608 0.819595
vt 0.359269 0.811634
vt 0.359269 0.819595
vt 0.669249 0.811634
vt 0.669249 0.819595
vt 0.415418 0.715124
vt 0.407458 0.715124
vt 0.407458 0.702373
vt 0.415418 0.702373
vt 0.498621 0.824385
vt 0.497784 0.825412
vt 0.497784 0.824385
vt 0.086208 0.824385
vt 0.086208 0.811634
vt 0.087044 0.811634
vt 0.087044 0.824385
vt 0.550512 0.825412
vt 0.551349 0.824385
vt 0.551349 0.825412
vt 0.087881 0.811634
vt 0.087881 0.824385
vt 0.087044 0.824385
vt 0.087044 0.811634
vt 0.416872 0.819595
vt 0.416872 0.811634
vt 0.417821 0.811634
vt 0.417821 0.819595
vt 0.258825 0.711833
vt 0.250865 0.711833
vt 0.250865 0.699082
vt 0.258825 0.699082
vt 0.322299 0.811634
vt 0.322299 0.819595
vt 0.199883 0.825500
vt 0.198934 0.825500
vt 0.198934 0.824385
vt 0.199883 0.824385
vt 0.254899 0.824385
vt 0.254899 0.825412
vt 0.253950 0.825412
vt 0.253950 0.824385
vt 0.267230 0.825412
vt 0.267230 0.824385
vt 0.268179 0.824385
vt 0.268179 0.825412
vt 0.587944 0.771302
vt 0.587944 0.781759
vt 0.610537 0.771302
vt 0.610537 0.781759
vt 0.742884 0.500000
vt 0.750845 0.500000
vt 0.750845 0.510457
vt 0.742884 0.510457
vt 0.744983 0.704943
vt 0.737023 0.704943
vt 0.737023 0.694486
vt 0.744983 0.694486
vt 0.469042 0.811634
vt 0.469042 0.819595
vt 0.185155 0.819595
vt 0.185155 0.811634
vt 0.186270 0.811634
vt 0.186270 0.819595
vt 0.919279 0.816915
vt 0.918165 0.816915
vt 0.918165 0.811634
vt 0.919279 0.811634
vt 0.200832 0.825500
vt 0.199883 0.825500
vt 0.199883 0.824385
vt 0.200832 0.824385
vt 0.892707 0.782609
vt 0.891758 0.782609
vt 0.891758 0.771302
vt 0.892707 0.771302
vt 0.729062 0.728405
vt 0.721102 0.728405
vt 0.533536 0.734694
vt 0.533536 0.723388
vt 0.541496 0.723388
vt 0.905038 0.782609
vt 0.904090 0.782609
vt 0.904090 0.771302
vt 0.905038 0.771302
vt 0.228622 0.811634
vt 0.228622 0.819595
vt 0.227508 0.819595
vt 0.227508 0.811634
vt 0.761011 0.689927
vt 0.761011 0.681967
vt 0.766291 0.681967
vt 0.766291 0.689927
vt 0.920394 0.816915
vt 0.919279 0.816915
vt 0.920394 0.811634
vt 0.665157 0.727446
vt 0.665157 0.735406
vt 0.659877 0.735406
vt 0.659877 0.727446
vt 0.629075 0.819595
vt 0.629075 0.811634
vt 0.629912 0.811634
vt 0.629912 0.819595
vt 0.377754 0.819595
vt 0.377754 0.811634
vt 0.378781 0.811634
vt 0.378781 0.819595
vt 0.636608 0.819595
vt 0.637445 0.811634
vt 0.637445 0.819595
vt 0.315774 0.710639
vt 0.307814 0.710639
vt 0.307814 0.697888
vt 0.315774 0.697888
vt 0.492762 0.825412
vt 0.492762 0.824385
vt 0.493599 0.824385
vt 0.493599 0.825412
vt 0.055240 0.811634
vt 0.055240 0.824385
vt 0.054403 0.824385
vt 0.054403 0.811634
vt 0.467653 0.824385
vt 0.467653 0.825412
vt 0.466816 0.825412
vt 0.466816 0.824385
vt 0.055240 0.824385
vt 0.055240 0.811634
vt 0.056077 0.811634
vt 0.056077 0.824385
vt 0.459557 0.819595
vt 0.460505 0.811634
vt 0.460505 0.819595
vt 0.475265 0.715500
vt 0.467304 0.715500
vt 0.467304 0.702749
vt 0.475265 0.702749
vt 0.267870 0.819595
vt 0.267870 0.811634
vt 0.268897 0.811634
vt 0.268897 0.819595
vt 0.104079 0.824385
vt 0.105028 0.824385
vt 0.105028 0.825500
vt 0.104079 0.825500
vt 0.289995 0.825412
vt 0.289995 0.824385
vt 0.290944 0.824385
vt 0.290944 0.825412
vt 0.334578 0.824385
vt 0.334578 0.825412
vt 0.333629 0.825412
vt 0.333629 0.824385
vt 0.769714 0.781759
vt 0.768687 0.781759
vt 0.768687 0.771302
vt 0.769714 0.771302
vt 0.770741 0.781759
vt 0.770741 0.771302
vt 0.431495 0.735158
vt 0.439455 0.735158
vt 0.439455 0.745615
vt 0.431495 0.745615
vt 0.750845 0.520914
vt 0.742884 0.520914
vt 0.742884 0.510457
vt 0.750845 0.510457
vt 0.418770 0.811634
vt 0.418770 0.819595
vt 0.130542 0.811634
vt 0.130542 0.819595
vt 0.810053 0.811634
vt 0.811168 0.811634
vt 0.811168 0.816915
vt 0.810053 0.816915
vt 0.187552 0.824385
vt 0.188500 0.824385
vt 0.188500 0.825500
vt 0.187552 0.825500
vt 0.798798 0.771302
vt 0.799747 0.771302
vt 0.799747 0.782609
vt 0.798798 0.782609
vt 0.594033 0.721575
vt 0.601993 0.721575
vt 0.601993 0.732881
vt 0.594033 0.732881
vt 0.721102 0.731294
vt 0.713142 0.731294
vt 0.713142 0.719988
vt 0.721102 0.719988
vt 0.799747 0.771302
vt 0.800695 0.771302
vt 0.800695 0.782609
vt 0.799747 0.782609
vt 0.143916 0.811634
vt 0.143916 0.819595
vt 0.142802 0.819595
vt 0.142802 0.811634
vt 0.301510 0.728945
vt 0.306791 0.728945
vt 0.811168 0.811634
vt 0.812282 0.811634
vt 0.812282 0.816915
vt 0.811168 0.816915
vt 0.679886 0.761235
vt 0.679886 0.769195
vt 0.674605 0.769195
vt 0.674605 0.761235
vt 0.706075 0.819595
vt 0.706075 0.811634
vt 0.392131 0.811634
vt 0.392131 0.819595
vt 0.691847 0.811634
vt 0.692684 0.811634
vt 0.692684 0.819595
vt 0.028246 0.710421
vt 0.020285 0.697670
vt 0.028246 0.697670
vt 0.493599 0.825412
vt 0.493599 0.824385
vt 0.494436 0.824385
vt 0.494436 0.825412
vt 0.987006 0.771302
vt 0.987006 0.784053
vt 0.986169 0.784053
vt 0.986169 0.771302
vt 0.439196 0.824385
vt 0.438359 0.825412
vt 0.438359 0.824385
vt 0.987006 0.784053
vt 0.987006 0.771302
vt 0.987843 0.771302
vt 0.987843 0.784053
vt 0.479476 0.811634
vt 0.479476 0.819595
vt 0.704389 0.673169
vt 0.704389 0.660418
vt 0.269924 0.811634
vt 0.269924 0.819595
vt 0.228339 0.824385
vt 0.228339 0.825500
vt 0.334578 0.825412
vt 0.334578 0.824385
vt 0.335526 0.824385
vt 0.269127 0.824385
vt 0.269127 0.825412
vt 0.268179 0.825412
vt 0.268179 0.824385
vt 0.767660 0.781760
vt 0.766633 0.781760
vt 0.766633 0.771302
vt 0.767660 0.771302
vt 0.768687 0.781759
vt 0.767660 0.781759
vt 0.767660 0.771302
vt 0.768687 0.771302
vt 0.744983 0.715400
vt 0.737023 0.715400
vt 0.749862 0.650903
vt 0.741902 0.650903
vt 0.741902 0.640446
vt 0.749862 0.640446
vt 0.419718 0.811634
vt 0.419718 0.819595
vt 0.418770 0.819595
vt 0.418770 0.811634
vt 0.174010 0.819595
vt 0.174010 0.811634
vt 0.175124 0.811634
vt 0.175124 0.819595
vt 0.892530 0.811634
vt 0.892530 0.816915
vt 0.211266 0.824385
vt 0.212214 0.824385
vt 0.212214 0.825500
vt 0.211266 0.825500
vt 0.942982 0.771302
vt 0.943930 0.771302
vt 0.943930 0.782609
vt 0.942982 0.782609
vt 0.140204 0.721755
vt 0.148164 0.721755
vt 0.282421 0.731688
vt 0.274460 0.731688
vt 0.274460 0.720381
vt 0.282421 0.720381
vt 0.943930 0.771302
vt 0.944879 0.771302
vt 0.944879 0.782609
vt 0.943930 0.782609
vt 0.145031 0.811634
vt 0.145031 0.819595
vt 0.526389 0.737644
vt 0.526389 0.729683
vt 0.531669 0.729683
vt 0.531669 0.737644
vt 0.892530 0.811634
vt 0.893645 0.811634
vt 0.893645 0.816915
vt 0.892530 0.816915
vt 0.557340 0.761255
vt 0.557340 0.769215
vt 0.552060 0.769215
vt 0.552060 0.761255
vt 0.630749 0.811634
vt 0.630749 0.819595
vt 0.323326 0.811634
vt 0.323326 0.819595
vt 0.637445 0.819595
vt 0.637445 0.811634
vt 0.638282 0.811634
vt 0.638282 0.819595
vt 0.266785 0.711833
vt 0.266785 0.699082
vt 0.422457 0.825412
vt 0.422457 0.824385
vt 0.423294 0.824385
vt 0.423294 0.825412
vt 0.020924 0.811634
vt 0.020924 0.824385
vt 0.020087 0.824385
vt 0.020087 0.811634
vt 0.448403 0.824385
vt 0.448403 0.825412
vt 0.447566 0.825412
vt 0.447566 0.824385
vt 0.020924 0.824385
vt 0.020924 0.811634
vt 0.021761 0.811634
vt 0.021761 0.824385
vt 0.469991 0.811634
vt 0.469991 0.819595
vt 0.466957 0.715859
vt 0.458997 0.715859
vt 0.458997 0.703108
vt 0.466957 0.703108
vt 0.299706 0.811634
vt 0.299706 0.819595
vt 0.188500 0.824385
vt 0.189449 0.824385
vt 0.189449 0.825500
vt 0.188500 0.825500
vt 0.370622 0.825412
vt 0.370622 0.824385
vt 0.371571 0.824385
vt 0.371571 0.825412
vt 0.372519 0.824385
vt 0.372519 0.825412
vt 0.371571 0.825412
vt 0.371571 0.824385
vt 0.619779 0.781759
vt 0.618752 0.781759
vt 0.619779 0.771302
vt 0.620806 0.781759
vt 0.619779 0.781759
vt 0.619779 0.771302
vt 0.620806 0.771302
vt 0.541496 0.735360
vt 0.549456 0.735360
vt 0.541496 0.745817
vt 0.119361 0.753845
vt 0.111400 0.753845
vt 0.111400 0.743388
vt 0.119361 0.743388
vt 0.406438 0.811634
vt 0.406438 0.819595
vt 0.405490 0.819595
vt 0.405490 0.811634
vt 0.131656 0.811634
vt 0.131656 0.819595
vt 0.963861 0.811634
vt 0.964976 0.811634
vt 0.964976 0.816915
vt 0.963861 0.816915
vt 0.212214 0.824385
vt 0.213163 0.824385
vt 0.213163 0.825500
vt 0.212214 0.825500
vt 0.871838 0.771302
vt 0.872787 0.771302
vt 0.872787 0.782609
vt 0.871838 0.782609
vt 0.192178 0.722221
vt 0.200138 0.722221
vt 0.200138 0.733527
vt 0.192178 0.733527
vt 0.216220 0.730660
vt 0.216220 0.719354
vt 0.861404 0.771302
vt 0.862353 0.771302
vt 0.862353 0.782609
vt 0.861404 0.782609
vt 0.187384 0.811634
vt 0.187384 0.819595
vt 0.760904 0.742248
vt 0.766184 0.742248
vt 0.964976 0.811634
vt 0.966090 0.816915
vt 0.964976 0.816915
vt 0.770672 0.660418
vt 0.770672 0.668379
vt 0.638282 0.819595
vt 0.639118 0.811634
vt 0.639118 0.819595
vt 0.299706 0.819595
vt 0.299706 0.811634
vt 0.300733 0.811634
vt 0.300733 0.819595
vt 0.631586 0.811634
vt 0.631586 0.819595
vt 0.448284 0.716515
vt 0.440324 0.716515
vt 0.440324 0.703764
vt 0.448284 0.703764
vt 0.495273 0.824385
vt 0.495273 0.825412
vt 0.494436 0.825412
vt 0.494436 0.824385
vt 0.021761 0.824385
vt 0.021761 0.811634
vt 0.022598 0.811634
vt 0.022598 0.824385
vt 0.448403 0.825412
vt 0.448403 0.824385
vt 0.449240 0.824385
vt 0.449240 0.825412
vt 0.061936 0.811634
vt 0.061936 0.824385
vt 0.061099 0.824385
vt 0.061099 0.811634
vt 0.394107 0.819595
vt 0.394107 0.811634
vt 0.395055 0.811634
vt 0.395055 0.819595
vt 0.007960 0.713042
vt 0.000000 0.713042
vt 0.000000 0.700291
vt 0.007960 0.700291
vt 0.324353 0.811634
vt 0.324353 0.819595
vt 0.077520 0.825500
vt 0.076571 0.824385
vt 0.077520 0.824385
vt 0.248259 0.824385
vt 0.247310 0.825412
vt 0.247310 0.824385
vt 0.326989 0.825412
vt 0.326989 0.824385
vt 0.327938 0.824385
vt 0.327938 0.825412
vt 0.620806 0.771302
vt 0.621833 0.771302
vt 0.621833 0.781759
vt 0.620806 0.781759
vt 0.745067 0.771302
vt 0.746094 0.771302
vt 0.746094 0.781760
vt 0.745067 0.781760
vt 0.508724 0.742062
vt 0.516684 0.742062
vt 0.516684 0.752519
vt 0.508724 0.752519
vt 0.325947 0.746510
vt 0.317987 0.746510
vt 0.317987 0.736053
vt 0.325947 0.736053
vt 0.470939 0.811634
vt 0.470939 0.819595
vt 0.469991 0.819595
vt 0.469991 0.811634
vt 0.146146 0.811634
vt 0.146146 0.819595
vt 0.886957 0.816915
vt 0.885843 0.816915
vt 0.885843 0.811634
vt 0.886957 0.811634
vt 0.074674 0.825500
vt 0.073725 0.825500
vt 0.073725 0.824385
vt 0.074674 0.824385
vt 0.822512 0.782609
vt 0.821564 0.782609
vt 0.821564 0.771302
vt 0.822512 0.771302
vt 0.500748 0.719603
vt 0.508709 0.719603
vt 0.508709 0.730909
vt 0.500748 0.730909
vt 0.734761 0.622818
vt 0.726801 0.622818
vt 0.734761 0.611512
vt 0.823461 0.782609
vt 0.822512 0.782609
vt 0.822512 0.771302
vt 0.823461 0.771302
vt 0.176239 0.811634
vt 0.176239 0.819595
vt 0.399498 0.769407
vt 0.399498 0.761447
vt 0.404778 0.761447
vt 0.404778 0.769407
vt 0.888072 0.816915
vt 0.886957 0.816915
vt 0.886957 0.811634
vt 0.888072 0.811634
vt 0.766184 0.742248
vt 0.766184 0.750208
vt 0.760904 0.750208
vt 0.692684 0.811634
vt 0.693521 0.811634
vt 0.693521 0.819595
vt 0.300733 0.819595
vt 0.300733 0.811634
vt 0.301760 0.811634
vt 0.301760 0.819595
vt 0.670086 0.811634
vt 0.670086 0.819595
vt 0.019382 0.717897
vt 0.011422 0.717897
vt 0.011422 0.705146
vt 0.019382 0.705146
vt 0.552186 0.824385
vt 0.552186 0.825412
vt 0.551349 0.825412
vt 0.551349 0.824385
vt 0.069468 0.824385
vt 0.069468 0.811634
vt 0.070305 0.811634
vt 0.070305 0.824385
vt 0.552186 0.825412
vt 0.553023 0.825412
vt 0.110479 0.811634
vt 0.110479 0.824385
vt 0.109642 0.824385
vt 0.109642 0.811634
vt 0.225181 0.713380
vt 0.217221 0.713380
vt 0.217221 0.700629
vt 0.225181 0.700629
vt 0.379808 0.811634
vt 0.379808 0.819595
vt 0.100285 0.825500
vt 0.099336 0.825500
vt 0.099336 0.824385
vt 0.100285 0.824385
vt 0.328886 0.824385
vt 0.328886 0.825412
vt 0.327938 0.825412
vt 0.327938 0.824385
vt 0.328886 0.825412
vt 0.328886 0.824385
vt 0.329835 0.825412
vt 0.660857 0.771302
vt 0.661884 0.771302
vt 0.661884 0.781760
vt 0.660857 0.781760
vt 0.661884 0.771302
vt 0.662911 0.771302
vt 0.662911 0.781759
vt 0.661884 0.781759
vt 0.333832 0.739438
vt 0.341793 0.739438
vt 0.341793 0.749895
vt 0.333832 0.749895
vt 0.165859 0.745918
vt 0.157899 0.745918
vt 0.157899 0.735461
vt 0.165859 0.735461
vt 0.480424 0.811634
vt 0.480424 0.819595
vt 0.479476 0.819595
vt 0.479476 0.811634
vt 0.187384 0.819595
vt 0.187384 0.811634
vt 0.188499 0.811634
vt 0.188499 0.819595
vt 0.767700 0.816915
vt 0.767700 0.811634
vt 0.101234 0.825500
vt 0.100285 0.825500
vt 0.100285 0.824385
vt 0.101234 0.824385
vt 0.905987 0.782609
vt 0.905038 0.782609
vt 0.905038 0.771302
vt 0.905987 0.771302
vt 0.019382 0.717897
vt 0.019382 0.729203
vt 0.011422 0.729203
vt 0.734761 0.634125
vt 0.726801 0.634125
vt 0.726801 0.622818
vt 0.734761 0.622818
vt 0.906936 0.782609
vt 0.905987 0.782609
vt 0.905987 0.771302
vt 0.906936 0.771302
vt 0.132771 0.811634
vt 0.132771 0.819595
vt 0.131656 0.819595
vt 0.131656 0.811634
vt 0.093430 0.769389
vt 0.093430 0.761429
vt 0.098710 0.761428
vt 0.098710 0.769389
vt 0.769930 0.816915
vt 0.768815 0.816915
vt 0.768815 0.811634
vt 0.769930 0.811634
vt 0.766184 0.750208
vt 0.766184 0.758168
vt 0.760904 0.758168
vt 0.644140 0.819595
vt 0.644977 0.811634
vt 0.644977 0.819595
vt 0.302787 0.811634
vt 0.302787 0.819595
vt 0.617358 0.819595
vt 0.617358 0.811634
vt 0.618195 0.811634
vt 0.618195 0.819595
vt 0.718021 0.653197
vt 0.710061 0.653197
vt 0.710061 0.640446
vt 0.718021 0.640446
vt 0.468490 0.824385
vt 0.468490 0.825412
vt 0.467653 0.825412
vt 0.467653 0.824385
vt 0.030968 0.824385
vt 0.030968 0.811634
vt 0.031805 0.811634
vt 0.031805 0.824385
vt 0.504479 0.825412
vt 0.504479 0.824385
vt 0.505316 0.824385
vt 0.505316 0.825412
vt 0.032642 0.811634
vt 0.032642 0.824385
vt 0.031805 0.824385
vt 0.031805 0.811634
vt 0.419718 0.819595
vt 0.419718 0.811634
vt 0.420667 0.811634
vt 0.420667 0.819595
vt 0.242481 0.711879
vt 0.242481 0.699128
vt 0.250441 0.699128
vt 0.325380 0.811634
vt 0.325380 0.819595
vt 0.163838 0.825500
vt 0.163838 0.824385
vt 0.164787 0.824385
vt 0.272921 0.824385
vt 0.272921 0.825412
vt 0.271973 0.825412
vt 0.271973 0.824385
vt 0.272921 0.825412
vt 0.272921 0.824385
vt 0.273870 0.824385
vt 0.273870 0.825412
vt 0.621833 0.771302
vt 0.622860 0.771302
vt 0.622860 0.781759
vt 0.621833 0.781759
vt 0.595132 0.771302
vt 0.596159 0.771302
vt 0.596159 0.781759
vt 0.595132 0.781759
vt 0.745091 0.674006
vt 0.753051 0.674006
vt 0.753051 0.684463
vt 0.745091 0.684463
vt 0.693834 0.735656
vt 0.701794 0.735656
vt 0.432998 0.811634
vt 0.432998 0.819595
vt 0.432049 0.819595
vt 0.432049 0.811634
vt 0.249799 0.811634
vt 0.249799 0.819595
vt 0.102182 0.825500
vt 0.101234 0.825500
vt 0.101234 0.824385
vt 0.102182 0.824385
vt 0.907884 0.782609
vt 0.906936 0.771302
vt 0.907884 0.771302
vt 0.485495 0.719620
vt 0.493455 0.719620
vt 0.493455 0.730926
vt 0.485495 0.730926
vt 0.734815 0.546596
vt 0.726855 0.546596
vt 0.726855 0.535290
vt 0.734815 0.535290
vt 0.908833 0.782609
vt 0.907884 0.782609
vt 0.907884 0.771302
vt 0.908833 0.771302
vt 0.229737 0.811634
vt 0.229737 0.819595
vt 0.692954 0.763034
vt 0.692954 0.770994
vt 0.943799 0.816915
vt 0.943799 0.811634
vt 0.499454 0.741247
vt 0.499454 0.749207
vt 0.494174 0.749207
vt 0.494174 0.741247
vt 0.632423 0.811634
vt 0.632423 0.819595
vt 0.326406 0.811634
vt 0.326406 0.819595
vt 0.693521 0.819595
vt 0.693521 0.811634
vt 0.694358 0.811634
vt 0.694358 0.819595
vt 0.351484 0.710415
vt 0.343523 0.710415
vt 0.343523 0.697664
vt 0.351484 0.697664
vt 0.505316 0.825412
vt 0.505316 0.824385
vt 0.506153 0.824385
vt 0.506153 0.825412
vt 0.033479 0.811634
vt 0.033479 0.824385
vt 0.032642 0.824385
vt 0.032642 0.811634
vt 0.453425 0.824385
vt 0.453425 0.825412
vt 0.452588 0.825412
vt 0.452588 0.824385
vt 0.033479 0.824385
vt 0.034316 0.811634
vt 0.034316 0.824385
vt 0.461454 0.811634
vt 0.461454 0.819595
vt 0.601993 0.721575
vt 0.594033 0.721575
vt 0.594033 0.708824
vt 0.601993 0.708824
vt 0.303814 0.811634
vt 0.303814 0.819595
vt 0.208420 0.824385
vt 0.209368 0.824385
vt 0.209368 0.825500
vt 0.208420 0.825500
vt 0.381056 0.825412
vt 0.381056 0.824385
vt 0.382005 0.824385
vt 0.382005 0.825412
vt 0.382005 0.825412
vt 0.382005 0.824385
vt 0.775875 0.781759
vt 0.774849 0.781759
vt 0.774849 0.771302
vt 0.775875 0.771302
vt 0.723501 0.781759
vt 0.722474 0.781759
vt 0.722474 0.771302
vt 0.723501 0.771302
vt 0.258825 0.735890
vt 0.258825 0.746347
vt 0.250865 0.746347
vt 0.096109 0.752392
vt 0.088149 0.752392
vt 0.088149 0.741935
vt 0.429203 0.811634
vt 0.429203 0.819595
vt 0.428255 0.819595
vt 0.428255 0.811634
vt 0.176239 0.819595
vt 0.176239 0.811634
vt 0.177353 0.811634
vt 0.177353 0.819595
vt 0.923737 0.811634
vt 0.924852 0.811634
vt 0.924852 0.816915
vt 0.923737 0.816915
vt 0.209369 0.824385
vt 0.210317 0.824385
vt 0.210317 0.825500
vt 0.209369 0.825500
vt 0.873735 0.771302
vt 0.873735 0.782609
vt 0.872787 0.782609
vt 0.644128 0.720428
vt 0.644128 0.731735
vt 0.483300 0.730664
vt 0.483300 0.719358
vt 0.873736 0.771302
vt 0.874684 0.771302
vt 0.874684 0.782609
vt 0.873736 0.782609
vt 0.147260 0.811634
vt 0.147260 0.819595
vt 0.659877 0.719486
vt 0.659877 0.711526
vt 0.665157 0.711526
vt 0.665157 0.719486
vt 0.820084 0.811634
vt 0.821199 0.811634
vt 0.821199 0.816915
vt 0.820084 0.816915
vt 0.531669 0.761524
vt 0.531669 0.769485
vt 0.526389 0.769485
vt 0.526389 0.761524
vt 0.670923 0.811634
vt 0.670923 0.819595
vt 0.392131 0.819595
vt 0.392131 0.811634
vt 0.393158 0.811634
vt 0.393158 0.819595
vt 0.695195 0.811634
vt 0.695195 0.819595
vt 0.533536 0.697886
vt 0.541496 0.697886
vt 0.523729 0.825412
vt 0.523729 0.824385
vt 0.524566 0.824385
vt 0.524566 0.825412
vt 0.041848 0.811634
vt 0.041848 0.824385
vt 0.041011 0.824385
vt 0.041011 0.811634
vt 0.562230 0.824385
vt 0.561393 0.825412
vt 0.561393 0.824385
vt 0.078675 0.824385
vt 0.078675 0.811634
vt 0.079512 0.811634
vt 0.079512 0.824385
vt 0.433946 0.819595
vt 0.433946 0.811634
vt 0.434895 0.811634
vt 0.434895 0.819595
vt 0.361060 0.712677
vt 0.353100 0.712677
vt 0.353100 0.699926
vt 0.361060 0.699926
vt 0.262736 0.811634
vt 0.262736 0.819595
vt 0.214111 0.824385
vt 0.214111 0.825500
vt 0.213163 0.825500
vt 0.249208 0.825412
vt 0.249208 0.824385
vt 0.250156 0.824385
vt 0.250156 0.825412
vt 0.274818 0.824385
vt 0.274818 0.825412
vt 0.273870 0.825412
vt 0.273870 0.824385
vt 0.773822 0.781759
vt 0.773822 0.771302
vt 0.776902 0.781759
vt 0.776902 0.771302
vt 0.266785 0.735890
vt 0.560020 0.752557
vt 0.552060 0.752557
vt 0.552060 0.742100
vt 0.560020 0.742100
vt 0.421615 0.811634
vt 0.421615 0.819595
vt 0.420667 0.819595
vt 0.420667 0.811634
vt 0.132771 0.819595
vt 0.132771 0.811634
vt 0.133885 0.811634
vt 0.133885 0.819595
vt 0.921508 0.811634
vt 0.921508 0.816915
vt 0.215060 0.824385
vt 0.215060 0.825500
vt 0.214111 0.825500
vt 0.850021 0.771302
vt 0.850970 0.771302
vt 0.850970 0.782609
vt 0.850021 0.782609
vt 0.726855 0.546596
vt 0.734815 0.546596
vt 0.734815 0.557903
vt 0.726855 0.557903
vt 0.028246 0.734478
vt 0.020285 0.734478
vt 0.020285 0.723172
vt 0.851918 0.771302
vt 0.851918 0.782609
vt 0.850970 0.782609
vt 0.189613 0.811634
vt 0.189613 0.819595
vt 0.188499 0.819595
vt 0.188499 0.811634
vt 0.665157 0.719486
vt 0.921508 0.811634
vt 0.922623 0.811634
vt 0.922623 0.816915
vt 0.921508 0.816915
vt 0.506029 0.761370
vt 0.506029 0.769330
vt 0.500748 0.769330
vt 0.500748 0.761370
vt 0.327433 0.811634
vt 0.327433 0.819595
vt 0.695195 0.819595
vt 0.695195 0.811634
vt 0.696032 0.811634
vt 0.696032 0.819595
vt 0.325947 0.711995
vt 0.317987 0.711995
vt 0.317987 0.699244
vt 0.468490 0.825412
vt 0.468490 0.824385
vt 0.469327 0.824385
vt 0.469327 0.825412
vt 0.074490 0.811634
vt 0.074490 0.824385
vt 0.073653 0.824385
vt 0.073653 0.811634
vt 0.432501 0.824385
vt 0.432501 0.825412
vt 0.431664 0.824385
vt 0.074490 0.824385
vt 0.074490 0.811634
vt 0.075327 0.811634
vt 0.075327 0.824385
vt 0.471888 0.819595
vt 0.471888 0.811634
vt 0.472836 0.811634
vt 0.472836 0.819595
vt 0.718841 0.624263
vt 0.710881 0.624263
vt 0.710881 0.611512
vt 0.718841 0.611512
vt 0.359269 0.819595
vt 0.359269 0.811634
vt 0.360296 0.811634
vt 0.360296 0.819595
vt 0.215060 0.824385
vt 0.216008 0.824385
vt 0.216008 0.825500
vt 0.215060 0.825500
vt 0.301378 0.825412
vt 0.301378 0.824385
vt 0.302327 0.824385
vt 0.302327 0.825412
vt 0.373468 0.824385
vt 0.373468 0.825412
vt 0.372519 0.825412
vt 0.372519 0.824385
vt 0.614644 0.781759
vt 0.614644 0.771302
vt 0.615671 0.781759
vt 0.614644 0.781759
vt 0.614644 0.771302
vt 0.615671 0.771302
vt 0.376906 0.734611
vt 0.384867 0.734611
vt 0.384867 0.745068
vt 0.376906 0.745068
vt 0.721102 0.753057
vt 0.713142 0.753057
vt 0.713142 0.742600
vt 0.721102 0.742600
vt 0.422564 0.811634
vt 0.422564 0.819595
vt 0.421615 0.819595
vt 0.421615 0.811634
vt 0.135000 0.811634
vt 0.135000 0.819595
vt 0.821199 0.811634
vt 0.822313 0.811634
vt 0.822313 0.816915
vt 0.821199 0.816915
vt 0.216008 0.824385
vt 0.216957 0.825500
vt 0.216008 0.825500
vt 0.908833 0.771302
vt 0.909781 0.771302
vt 0.909781 0.782609
vt 0.908833 0.782609
vt 0.343523 0.723166
vt 0.351484 0.723166
vt 0.351484 0.734472
vt 0.343523 0.734472
vt 0.636152 0.730658
vt 0.628192 0.730658
vt 0.628192 0.719352
vt 0.909781 0.771302
vt 0.910730 0.771302
vt 0.910730 0.782609
vt 0.909781 0.782609
vt 0.190728 0.811634
vt 0.190728 0.819595
vt 0.659877 0.743367
vt 0.665157 0.743367
vt 0.954945 0.811634
vt 0.956059 0.811634
vt 0.956059 0.816915
vt 0.954945 0.816915
vt 0.641448 0.762196
vt 0.641448 0.770156
vt 0.636168 0.770156
vt 0.636168 0.762196
vt 0.615684 0.819595
vt 0.615684 0.811634
vt 0.616521 0.811634
vt 0.616521 0.819595
vt 0.361323 0.811634
vt 0.361323 0.819595
vt 0.642466 0.819595
vt 0.642466 0.811634
vt 0.643303 0.819595
vt 0.718841 0.637014
vt 0.710881 0.637014
vt 0.710881 0.624263
vt 0.718841 0.624263
vt 0.506990 0.824385
vt 0.506153 0.825412
vt 0.506153 0.824385
vt 0.981984 0.784053
vt 0.981984 0.771302
vt 0.982821 0.771302
vt 0.982821 0.784053
vt 0.525403 0.824385
vt 0.525403 0.825412
vt 0.023435 0.824385
vt 0.022598 0.824385
vt 0.022598 0.811634
vt 0.422564 0.819595
vt 0.422564 0.811634
vt 0.423512 0.811634
vt 0.423512 0.819595
vt 0.456675 0.711865
vt 0.448715 0.711865
vt 0.448715 0.699114
vt 0.456675 0.699114
vt 0.328460 0.811634
vt 0.328460 0.819595
vt 0.103131 0.825500
vt 0.102182 0.825500
vt 0.103131 0.824385
vt 0.374417 0.824385
vt 0.374417 0.825412
vt 0.373468 0.825412
vt 0.374417 0.825412
vt 0.374417 0.824385
vt 0.375365 0.824385
vt 0.375365 0.825412
vt 0.705016 0.771302
vt 0.706043 0.771302
vt 0.706043 0.781759
vt 0.705016 0.781759
vt 0.707070 0.771302
vt 0.707070 0.781759
vt 0.750845 0.531371
vt 0.742884 0.531371
vt 0.737023 0.715400
vt 0.744983 0.715400
vt 0.426358 0.819595
vt 0.426358 0.811634
vt 0.148375 0.811634
vt 0.148375 0.819595
vt 0.944914 0.816915
vt 0.943799 0.816915
vt 0.943799 0.811634
vt 0.944914 0.811634
vt 0.201780 0.825500
vt 0.201780 0.824385
vt 0.893656 0.782609
vt 0.892707 0.782609
vt 0.892707 0.771302
vt 0.893656 0.771302
vt 0.407458 0.719680
vt 0.407458 0.730986
vt 0.734815 0.569209
vt 0.726855 0.569209
vt 0.726855 0.557903
vt 0.734815 0.557903
vt 0.894604 0.782609
vt 0.893656 0.782609
vt 0.893656 0.771302
vt 0.894604 0.771302
vt 0.136114 0.811634
vt 0.136114 0.819595
vt 0.485495 0.769347
vt 0.490776 0.761387
vt 0.490776 0.769347
vt 0.946028 0.816915
vt 0.944914 0.816915
vt 0.944914 0.811634
vt 0.946028 0.811634
vt 0.645814 0.811634
vt 0.645814 0.819595
vt 0.269924 0.819595
vt 0.269924 0.811634
vt 0.270951 0.811634
vt 0.270951 0.819595
vt 0.619868 0.811634
vt 0.619868 0.819595
vt 0.718895 0.548041
vt 0.710935 0.548041
vt 0.710935 0.535290
vt 0.718895 0.535290
vt 0.470164 0.824385
vt 0.470164 0.825412
vt 0.469327 0.825412
vt 0.469327 0.824385
vt 0.070305 0.824385
vt 0.070305 0.811634
vt 0.071142 0.811634
vt 0.071142 0.824385
vt 0.470164 0.825412
vt 0.470164 0.824385
vt 0.471001 0.824385
vt 0.471001 0.825412
vt 0.071979 0.811634
vt 0.071979 0.824385
vt 0.071142 0.824385
vt 0.071142 0.811634
vt 0.432998 0.819595
vt 0.432998 0.811634
vt 0.433946 0.811634
vt 0.433946 0.819595
vt 0.233142 0.713380
vt 0.225181 0.713380
vt 0.225181 0.700629
vt 0.233142 0.700629
vt 0.329487 0.811634
vt 0.329487 0.819595
vt 0.130639 0.825500
vt 0.130639 0.824385
vt 0.345012 0.824385
vt 0.345012 0.825412
vt 0.344063 0.825412
vt 0.344063 0.824385
vt 0.290944 0.825412
vt 0.290944 0.824385
vt 0.291892 0.824385
vt 0.291892 0.825412
vt 0.707070 0.771302
vt 0.708097 0.771302
vt 0.708097 0.781759
vt 0.707070 0.781759
vt 0.708097 0.771302
vt 0.709124 0.771302
vt 0.709124 0.781759
vt 0.708097 0.781759
vt 0.744190 0.660418
vt 0.752151 0.660418
vt 0.752151 0.670875
vt 0.744190 0.670875
vt 0.737130 0.684463
vt 0.737130 0.674006
vt 0.745090 0.674006
vt 0.473785 0.811634
vt 0.473785 0.819595
vt 0.190728 0.819595
vt 0.190728 0.811634
vt 0.191842 0.811634
vt 0.191842 0.819595
vt 0.823428 0.816915
vt 0.822313 0.816915
vt 0.822313 0.811634
vt 0.823428 0.811634
vt 0.131587 0.825500
vt 0.130639 0.824385
vt 0.131587 0.824385
vt 0.895553 0.782609
vt 0.894604 0.782609
vt 0.895553 0.771302
vt 0.508724 0.719450
vt 0.508724 0.730756
vt 0.734827 0.587086
vt 0.726866 0.587086
vt 0.726866 0.575780
vt 0.734827 0.575780
vt 0.911678 0.782609
vt 0.910730 0.782609
vt 0.910730 0.771302
vt 0.911678 0.771302
vt 0.178468 0.811634
vt 0.178468 0.819595
vt 0.111400 0.770503
vt 0.111400 0.762543
vt 0.116681 0.762543
vt 0.116681 0.770503
vt 0.824542 0.816915
vt 0.823428 0.816915
vt 0.823428 0.811634
vt 0.824542 0.811634
vt 0.054396 0.733799
vt 0.054396 0.741759
vt 0.049116 0.741759
vt 0.049116 0.733799
vt 0.200299 0.553309
vt 0.228898 0.553309
vt 0.228898 0.586693
vt 0.577868 0.776003
vt 0.577868 0.771302
vt 0.581336 0.771302
vt 0.581336 0.776003
vt 0.250700 0.778688
vt 0.245998 0.778687
vt 0.245998 0.771302
vt 0.250700 0.771303
vt 0.574395 0.776003
vt 0.574395 0.771302
vt 0.558305 0.776003
vt 0.558305 0.771302
vt 0.562279 0.771302
vt 0.562279 0.776003
vt 0.028261 0.680973
vt 0.028261 0.670742
vt 0.032961 0.670846
vt 0.032961 0.681077
vt 0.470467 0.771302
vt 0.470467 0.776794
vt 0.465767 0.776898
vt 0.465767 0.771406
vt 0.053627 0.677097
vt 0.053627 0.687327
vt 0.048927 0.687431
vt 0.048927 0.677200
vt 0.470467 0.776794
vt 0.470467 0.771302
vt 0.475167 0.771406
vt 0.475167 0.776898
vt 0.245998 0.778705
vt 0.241297 0.778705
vt 0.241297 0.771302
vt 0.245998 0.771302
vt 0.707757 0.674006
vt 0.713249 0.674006
vt 0.713249 0.694486
vt 0.707757 0.694486
vt 0.562279 0.776004
vt 0.562279 0.771303
vt 0.566243 0.771302
vt 0.566243 0.776003
vt 0.160367 0.690924
vt 0.165859 0.690924
vt 0.165859 0.711403
vt 0.160367 0.711403
vt 0.707757 0.710431
vt 0.703056 0.710431
vt 0.703056 0.695629
vt 0.707757 0.695629
vt 0.278778 0.667289
vt 0.283479 0.667289
vt 0.283479 0.682110
vt 0.278778 0.682110
vt 0.266050 0.548127
vt 0.266050 0.581510
vt 0.262320 0.581510
vt 0.262320 0.548127
vt 0.232072 0.778705
vt 0.232072 0.771302
vt 0.237267 0.771302
vt 0.237267 0.778705
vt 0.267066 0.500000
vt 0.300449 0.500000
vt 0.300449 0.548087
vt 0.267066 0.548087
vt 0.494174 0.708068
vt 0.500127 0.706076
vt 0.500127 0.717366
vt 0.494174 0.715373
vt 0.200299 0.688892
vt 0.207699 0.688709
vt 0.207699 0.706420
vt 0.200299 0.706603
vt 0.062701 0.633615
vt 0.066439 0.633616
vt 0.066439 0.666999
vt 0.062701 0.666998
vt 0.267066 0.548127
vt 0.233683 0.548127
vt 0.033327 0.627880
vt 0.028261 0.629036
vt 0.028261 0.572770
vt 0.033327 0.571614
vt 0.433059 0.632500
vt 0.427994 0.631344
vt 0.427994 0.575078
vt 0.433059 0.576234
vt 0.690148 0.575079
vt 0.690148 0.567677
vt 0.696809 0.567677
vt 0.696809 0.575079
vt 0.481434 0.611958
vt 0.481434 0.645341
vt 0.467365 0.645341
vt 0.467365 0.611958
vt 0.095544 0.706233
vt 0.088149 0.706572
vt 0.088149 0.687232
vt 0.095544 0.686893
vt 0.433982 0.611597
vt 0.448069 0.611597
vt 0.448069 0.644981
vt 0.660195 0.640976
vt 0.666645 0.640976
vt 0.666645 0.674360
vt 0.660195 0.674360
vt 0.567515 0.578728
vt 0.534132 0.578726
vt 0.534132 0.540984
vt 0.567515 0.540986
vt 0.367216 0.577771
vt 0.333832 0.577771
vt 0.333832 0.543110
vt 0.367216 0.543110
vt 0.466264 0.667070
vt 0.460155 0.669725
vt 0.460155 0.628863
vt 0.466752 0.629783
vt 0.250865 0.615057
vt 0.263909 0.615058
vt 0.263909 0.648442
vt 0.250865 0.648440
vt 0.215471 0.706603
vt 0.208071 0.706420
vt 0.208071 0.688709
vt 0.215471 0.688892
vt 0.213314 0.620076
vt 0.213314 0.653459
vt 0.200299 0.620076
vt 0.570417 0.771302
vt 0.571412 0.771302
vt 0.571412 0.787760
vt 0.570417 0.787760
vt 0.123112 0.667683
vt 0.111822 0.667683
vt 0.111822 0.633955
vt 0.123112 0.633955
vt 0.559365 0.706737
vt 0.552060 0.706737
vt 0.552060 0.684915
vt 0.559365 0.684915
vt 0.594017 0.678575
vt 0.592025 0.684527
vt 0.592025 0.650800
vt 0.594017 0.656752
vt 0.267066 0.687274
vt 0.274460 0.687613
vt 0.274460 0.706953
vt 0.267066 0.706614
vt 0.665829 0.709533
vt 0.659876 0.711526
vt 0.659876 0.700236
vt 0.665829 0.702228
vt 0.131088 0.639908
vt 0.133081 0.633955
vt 0.133081 0.667683
vt 0.131088 0.661730
vt 0.583196 0.771303
vt 0.584126 0.771302
vt 0.584126 0.787760
vt 0.583196 0.787760
vt 0.009800 0.829881
vt 0.008805 0.829881
vt 0.008805 0.824385
vt 0.009800 0.824385
vt 0.050959 0.829881
vt 0.050029 0.829881
vt 0.050029 0.824385
vt 0.050959 0.824385
vt 0.038533 0.829888
vt 0.037603 0.829888
vt 0.037603 0.824385
vt 0.038533 0.824385
vt 0.006817 0.829888
vt 0.005822 0.829888
vt 0.005822 0.824385
vt 0.006817 0.824385
vt 0.585056 0.787725
vt 0.584126 0.787725
vt 0.584126 0.771302
vt 0.585056 0.771302
vt 0.572406 0.787725
vt 0.571412 0.787725
vt 0.571412 0.771302
vt 0.572406 0.771302
vt 0.301510 0.711687
vt 0.307463 0.709695
vt 0.307463 0.720985
vt 0.301510 0.718992
vt 0.568429 0.771303
vt 0.569423 0.771302
vt 0.569423 0.787760
vt 0.568429 0.787760
vt 0.111440 0.665427
vt 0.100150 0.665427
vt 0.100150 0.631699
vt 0.111440 0.631699
vt 0.643473 0.707677
vt 0.636168 0.707677
vt 0.636168 0.685855
vt 0.643473 0.685855
vt 0.053933 0.629837
vt 0.051940 0.635789
vt 0.051940 0.602062
vt 0.053933 0.608014
vt 0.433947 0.675181
vt 0.427994 0.677173
vt 0.427994 0.665883
vt 0.433947 0.667876
vt 0.164903 0.629365
vt 0.166896 0.623413
vt 0.166896 0.657140
vt 0.164903 0.651188
vt 0.581336 0.771302
vt 0.582266 0.771302
vt 0.582266 0.787760
vt 0.581336 0.787760
vt 0.010794 0.829881
vt 0.009800 0.829881
vt 0.009800 0.824385
vt 0.010794 0.824385
vt 0.051889 0.829881
vt 0.050959 0.829881
vt 0.050959 0.824385
vt 0.051889 0.824385
vt 0.039463 0.829888
vt 0.038533 0.829888
vt 0.039463 0.824385
vt 0.007811 0.829888
vt 0.006817 0.829888
vt 0.006817 0.824385
vt 0.007811 0.824385
vt 0.586917 0.787725
vt 0.585986 0.787725
vt 0.585986 0.771302
vt 0.586917 0.771302
vt 0.574395 0.787725
vt 0.573400 0.787725
vt 0.573400 0.771302
vt 0.526389 0.712426
vt 0.532342 0.710433
vt 0.532342 0.721723
vt 0.526389 0.719730
vt 0.569423 0.771303
vt 0.570417 0.771302
vt 0.570417 0.787760
vt 0.569423 0.787760
vt 0.099861 0.666908
vt 0.088571 0.666908
vt 0.088571 0.633180
vt 0.099861 0.633180
vt 0.492800 0.706869
vt 0.485495 0.706869
vt 0.485495 0.685047
vt 0.492800 0.685047
vt 0.485308 0.673116
vt 0.483316 0.679068
vt 0.483316 0.645341
vt 0.485308 0.651293
vt 0.367013 0.709223
vt 0.361060 0.699926
vt 0.367013 0.701919
vt 0.164903 0.595638
vt 0.166896 0.589685
vt 0.166896 0.623413
vt 0.164903 0.617460
vt 0.582266 0.771303
vt 0.583196 0.771302
vt 0.583196 0.787760
vt 0.582266 0.787760
vt 0.011788 0.829881
vt 0.011788 0.824385
vt 0.052819 0.829881
vt 0.052819 0.824385
vt 0.040393 0.829888
vt 0.039463 0.829888
vt 0.039463 0.824385
vt 0.040393 0.824385
vt 0.008805 0.829888
vt 0.007811 0.829888
vt 0.007811 0.824385
vt 0.008805 0.824385
vt 0.267066 0.581470
vt 0.284249 0.581470
vt 0.284249 0.614853
vt 0.386389 0.700168
vt 0.386389 0.688747
vt 0.389360 0.685776
vt 0.395148 0.685776
vt 0.397829 0.688456
vt 0.397829 0.700168
vt 0.399949 0.644938
vt 0.399949 0.664924
vt 0.394161 0.664924
vt 0.394161 0.644938
vt 0.663338 0.700236
vt 0.651916 0.680250
vt 0.663338 0.680250
vt 0.087830 0.674971
vt 0.087830 0.694957
vt 0.076390 0.674971
vt 0.317987 0.687823
vt 0.320958 0.684852
vt 0.326747 0.684852
vt 0.329427 0.687533
vt 0.329427 0.699244
vt 0.482199 0.701753
vt 0.482199 0.681767
vt 0.484880 0.681773
vt 0.484880 0.701759
vt 0.278778 0.687275
vt 0.267066 0.687275
vt 0.267066 0.667289
vt 0.613548 0.656994
vt 0.613548 0.637008
vt 0.616520 0.637008
vt 0.616520 0.656994
vt 0.020285 0.697670
vt 0.020285 0.685958
vt 0.022966 0.683277
vt 0.028755 0.683277
vt 0.031726 0.686248
vt 0.031726 0.697670
vt 0.054716 0.657111
vt 0.054716 0.677097
vt 0.048927 0.677097
vt 0.048927 0.657111
vt 0.678067 0.701020
vt 0.666645 0.681034
vt 0.678067 0.681034
vt 0.697162 0.616368
vt 0.697162 0.636354
vt 0.685721 0.636354
vt 0.685721 0.616368
vt 0.051940 0.655775
vt 0.051940 0.635789
vt 0.054621 0.635796
vt 0.054621 0.655781
vt 0.685722 0.636354
vt 0.674010 0.636354
vt 0.674010 0.616368
vt 0.685722 0.616368
vt 0.679422 0.697504
vt 0.679422 0.677518
vt 0.682393 0.677518
vt 0.682393 0.697504
vt 0.250865 0.699082
vt 0.250865 0.687370
vt 0.253545 0.684689
vt 0.259334 0.684689
vt 0.262305 0.687660
vt 0.262305 0.699082
vt 0.353100 0.699926
vt 0.353100 0.688504
vt 0.356071 0.685533
vt 0.361859 0.685533
vt 0.364540 0.688214
vt 0.364540 0.699926
vt 0.399949 0.664924
vt 0.399949 0.684910
vt 0.394161 0.684910
vt 0.394161 0.664924
vt 0.011421 0.700291
vt -0.000000 0.700291
vt 0.000000 0.680305
vt 0.011422 0.680305
vt 0.693833 0.674006
vt 0.693833 0.693992
vt 0.682393 0.693992
vt 0.682393 0.674006
vt 0.315178 0.686611
vt 0.315178 0.666625
vt 0.317859 0.666631
vt 0.317859 0.686617
vt 0.099861 0.686893
vt 0.088149 0.686893
vt 0.088149 0.666908
vt 0.263909 0.635042
vt 0.263909 0.615057
vt 0.266880 0.615057
vt 0.266880 0.635042
vt 0.448715 0.699114
vt 0.448715 0.687402
vt 0.451395 0.684721
vt 0.457184 0.684721
vt 0.460155 0.687692
vt 0.460155 0.699114
vt 0.420018 0.700119
vt 0.420018 0.688698
vt 0.422989 0.685727
vt 0.428778 0.685727
vt 0.431459 0.688407
vt 0.431459 0.700119
vt 0.200138 0.689484
vt 0.200138 0.709470
vt 0.194350 0.709470
vt 0.194350 0.689484
vt 0.066147 0.701990
vt 0.054725 0.701990
vt 0.054725 0.682004
vt 0.066147 0.682004
vt 0.442935 0.678364
vt 0.442935 0.698350
vt 0.431495 0.678364
vt 0.515583 0.701844
vt 0.515583 0.681858
vt 0.518264 0.681864
vt 0.518264 0.701850
vt 0.123112 0.687669
vt 0.111400 0.687669
vt 0.111400 0.667683
vt 0.123112 0.667683
vt 0.663674 0.694346
vt 0.663674 0.674360
vt 0.666645 0.674360
vt 0.666645 0.694346
vt 0.518429 0.699157
vt 0.518429 0.687445
vt 0.521109 0.684764
vt 0.526898 0.684764
vt 0.529869 0.687735
vt 0.529869 0.699157
vt 0.567336 0.771302
vt 0.567336 0.787971
vt 0.566243 0.787970
vt 0.566243 0.771302
vt 0.166916 0.621573
vt 0.183550 0.588190
vt 0.183550 0.621573
vt 0.567336 0.787970
vt 0.567336 0.771302
vt 0.568429 0.771302
vt 0.568429 0.787970
vt 0.240207 0.804686
vt 0.240207 0.771302
vt 0.241297 0.804686
vt 0.239116 0.804686
vt 0.239116 0.771302
vt 0.200182 0.621573
vt 0.200182 0.588190
vt 0.433307 0.632500
vt 0.433307 0.665883
vt 0.427994 0.665883
vt 0.427994 0.632500
vt 0.394161 0.644938
vt 0.394161 0.611555
vt 0.399481 0.611555
vt 0.399481 0.644938
vt 0.250865 0.614893
vt 0.233683 0.614893
vt 0.233683 0.581510
vt 0.250865 0.581510
vt 0.464065 0.788522
vt 0.462362 0.788522
vt 0.462362 0.771302
vt 0.464065 0.771302
vt 0.464065 0.771302
vt 0.465767 0.771302
vt 0.465767 0.788522
vt 0.197824 0.554807
vt 0.199523 0.554807
vt 0.199523 0.588190
vt 0.197824 0.588190
vt 0.593756 0.566767
vt 0.592058 0.566767
vt 0.593756 0.533384
vt 0.262320 0.581510
vt 0.233683 0.581510
vt 0.233683 0.548127
vt 0.262320 0.548127
vt 0.557650 0.771302
vt 0.558305 0.771302
vt 0.558305 0.804686
vt 0.557650 0.804686
vt 0.238192 0.811634
vt 0.237267 0.811634
vt 0.237267 0.771302
vt 0.238192 0.771302
vt 0.557650 0.804686
vt 0.556994 0.804686
vt 0.556994 0.771302
vt 0.557650 0.771302
vt 0.238192 0.771302
vt 0.239116 0.771302
vt 0.239116 0.811634
vt 0.238192 0.811634
vt 0.066766 0.632734
vt 0.079854 0.631869
vt 0.079854 0.660316
vt 0.066766 0.661180
vt 0.339151 0.695148
vt 0.339217 0.715381
vt 0.333832 0.715381
vt 0.333832 0.695148
vt 0.627416 0.670153
vt 0.627416 0.691563
vt 0.623884 0.691533
vt 0.624190 0.673020
vt 0.467304 0.702749
vt 0.467304 0.682516
vt 0.475077 0.682516
vt 0.475340 0.702749
vt 0.628192 0.706601
vt 0.628195 0.686318
vt 0.635834 0.686318
vt 0.635964 0.706601
vt 0.415663 0.682090
vt 0.415663 0.702373
vt 0.408120 0.702324
vt 0.407458 0.683924
vt 0.706977 0.677234
vt 0.707757 0.695629
vt 0.700693 0.695629
vt 0.702325 0.674006
vt 0.307814 0.709695
vt 0.301552 0.704085
vt 0.301510 0.698422
vt 0.307814 0.699938
vt 0.448284 0.682156
vt 0.446467 0.703764
vt 0.442935 0.703734
vt 0.442935 0.682323
vt 0.266387 0.695078
vt 0.262305 0.690041
vt 0.262305 0.684689
vt 0.266681 0.687719
vt 0.072085 0.695333
vt 0.072085 0.715306
vt 0.066989 0.715012
vt 0.066766 0.695263
vt 0.709708 0.640481
vt 0.710061 0.660228
vt 0.704389 0.660418
vt 0.704389 0.640446
vt 0.713076 0.694503
vt 0.713142 0.714737
vt 0.707757 0.714719
vt 0.707757 0.694486
vt 0.652119 0.566266
vt 0.657917 0.566655
vt 0.656176 0.572272
vt 0.652119 0.575730
vt 0.221781 0.772116
vt 0.226876 0.771302
vt 0.226876 0.776687
vt 0.221781 0.779480
vt 0.682378 0.722087
vt 0.674605 0.722087
vt 0.674605 0.712272
vt 0.682378 0.712272
vt 0.000000 0.000000
vt 0.500000 0.000000
vt 0.500000 0.500000
vt 0.000000 0.500000
vt 0.710946 0.611096
vt 0.718981 0.601282
vt 0.718585 0.611096
vt 0.272633 0.706953
vt 0.274460 0.716767
vt 0.266917 0.716767
vt 0.267314 0.706953
vt 0.533334 0.700450
vt 0.533334 0.710433
vt 0.528105 0.709459
vt 0.526389 0.699157
vt 0.077606 0.661813
vt 0.079364 0.672109
vt 0.074131 0.671156
vt 0.074131 0.661180
vt 0.670976 0.564931
vt 0.672763 0.574745
vt 0.667444 0.574745
vt 0.123112 0.701899
vt 0.123112 0.677057
vt 0.129971 0.677057
vt 0.129971 0.701899
vt 0.697162 0.636354
vt 0.697162 0.611512
vt 0.704021 0.611512
vt 0.704021 0.636354
vt 0.293047 0.708131
vt 0.293047 0.690061
vt 0.299907 0.690061
vt 0.299907 0.708131
vt 0.175287 0.707790
vt 0.175287 0.689720
vt 0.182147 0.689720
vt 0.182147 0.707790
vt 0.704086 0.611070
vt 0.704086 0.593425
vt 0.710946 0.593425
vt 0.710946 0.611070
vt 0.704184 0.517645
vt 0.704184 0.500000
vt 0.711043 0.500000
vt 0.711043 0.517645
vt 0.704184 0.535290
vt 0.704184 0.517645
vt 0.711043 0.517645
vt 0.711043 0.535290
vt 0.704086 0.575780
vt 0.710946 0.575780
vt 0.710946 0.593425
vt 0.559832 0.705766
vt 0.566691 0.680925
vt 0.566691 0.705766
vt 0.011422 0.705146
vt 0.011422 0.680305
vt 0.018281 0.680305
vt 0.018281 0.705146
vt 0.697325 0.549684
vt 0.697325 0.524842
vt 0.704184 0.524842
vt 0.704184 0.549684
vt 0.697325 0.500000
vt 0.704184 0.500000
vt 0.644144 0.706497
vt 0.644144 0.681657
vt 0.651004 0.681657
vt 0.651004 0.706497
vt 0.493267 0.706076
vt 0.493267 0.681235
vt 0.500127 0.681235
vt 0.500127 0.706076
vt 0.710881 0.611512
vt 0.710881 0.629199
vt 0.141305 0.709004
vt 0.141305 0.691317
vt 0.148164 0.691317
vt 0.148164 0.709004
vt 0.697530 0.665287
vt 0.697530 0.640446
vt 0.704389 0.640446
vt 0.704389 0.665287
vt 0.697325 0.574525
vt 0.697325 0.549684
vt 0.704184 0.549684
vt 0.704184 0.574525
vt 0.173776 0.672424
vt 0.173776 0.697266
vt 0.166916 0.697266
vt 0.166916 0.672424
vt 0.700693 0.674006
vt 0.700693 0.698848
vt 0.693833 0.698848
vt 0.693833 0.674006
vt 0.475340 0.706607
vt 0.475340 0.681767
vt 0.482199 0.681767
vt 0.482199 0.706607
vt 0.508724 0.681858
vt 0.515584 0.681858
vt 0.515584 0.706699
vt 0.500748 0.682013
vt 0.507608 0.682013
vt 0.507608 0.706852
vt 0.400599 0.706929
vt 0.400599 0.682090
vt 0.407458 0.682090
vt 0.594033 0.708823
vt 0.600892 0.691132
vt 0.600892 0.708824
vt 0.033383 0.708364
vt 0.033383 0.690671
vt 0.040243 0.690672
vt 0.040243 0.708365
vt 0.500000 0.500000
vt 0.500000 -0.000000
vt 1.000000 0.000000
vt 1.000000 0.500000
s 0
g off
usemtl master_material
f 65/1/1 47/2/1 48/3/1 64/4/1
f 73/5/2 35/6/2 1/7/2 72/8/2
f 64/9/3 48/10/3 49/11/3 80/12/3
f 81/13/4 36/14/4 35/15/4 73/16/4
f 80/17/5 49/18/5 50/19/5 88/20/5
f 89/21/6 37/22/6 36/23/6 81/24/6
f 88/25/7 50/26/7 51/27/7 96/28/7
f 97/29/8 38/30/8 37/31/8 89/32/8
f 96/33/9 51/34/9 52/35/9 104/36/9
f 105/37/10 39/38/10 38/39/10 97/40/10
f 104/41/11 52/42/11 53/43/11 112/44/11
f 113/45/12 40/46/12 39/47/12 105/48/12
f 112/49/13 53/50/13 54/51/13 120/52/13
f 121/53/14 41/54/14 40/55/14 113/56/14
f 120/57/15 54/58/15 55/59/15 128/60/15
f 133/61/16 3/62/16 42/63/16 132/64/16
f 128/65/17 55/66/17 56/67/17 140/68/17
f 132/69/18 42/70/18 43/71/18 144/72/18
f 140/73/19 56/74/19 57/75/19 148/76/19
f 144/77/4 43/78/4 44/79/4 152/80/4
f 148/81/20 57/82/20 58/83/20 156/84/20
f 152/85/21 44/86/21 45/87/21 160/88/21
f 161/89/22 4/90/22 3/91/22 133/92/22
f 156/93/23 58/94/23 59/95/23 168/96/23
f 160/97/24 45/98/24 46/99/24 172/100/24
f 173/101/25 2/102/25 4/103/25 161/104/25
f 168/105/26 59/106/26 60/107/26 180/108/26
f 172/109/27 46/110/27 47/111/27 65/112/27
f 72/113/28 1/114/28 2/115/28 173/116/28
f 8/117/28 69/118/28 176/119/28 7/120/28
f 69/121/29 70/122/29 175/123/29 176/124/29
f 70/125/28 71/126/28 174/127/28 175/128/28
f 71/122/30 72/129/30 173/130/30 174/123/30
f 20/131/27 169/132/27 68/133/27 21/134/27
f 169/135/31 170/136/31 67/137/31 68/138/31
f 170/139/27 171/140/27 66/141/27 67/142/27
f 171/143/32 172/135/32 65/138/32 66/144/32
f 33/145/26 165/146/26 177/147/26 34/148/26
f 165/149/33 166/150/33 178/151/33 177/152/33
f 166/153/26 167/154/26 179/155/26 178/156/26
f 167/157/34 168/158/34 180/159/34 179/160/34
f 7/161/25 176/162/25 164/163/25 5/164/25
f 176/165/35 175/166/35 163/167/35 164/168/35
f 175/169/25 174/170/25 162/171/25 163/172/25
f 174/173/36 173/174/36 161/175/36 162/176/36
f 19/177/24 157/178/24 169/98/24 20/179/24
f 157/180/37 158/181/37 170/182/37 169/183/37
f 158/184/24 159/185/24 171/186/24 170/187/24
f 159/188/38 160/189/38 172/190/38 171/191/38
f 32/40/23 153/39/23 165/192/23 33/193/23
f 153/194/39 154/195/39 166/196/39 165/197/39
f 154/198/23 155/199/23 167/200/23 166/201/23
f 155/202/40 156/203/40 168/204/40 167/205/40
f 5/206/22 164/207/22 136/208/22 6/209/22
f 164/210/41 163/211/41 135/212/41 136/213/41
f 163/214/22 162/215/22 134/216/22 135/217/22
f 162/218/42 161/219/42 133/220/42 134/221/42
f 18/222/21 149/223/21 157/224/21 19/225/21
f 149/226/43 150/227/43 158/228/43 157/229/43
f 150/230/21 151/231/21 159/232/21 158/233/21
f 151/234/44 152/235/44 160/236/44 159/237/44
f 31/238/20 145/239/20 153/52/20 32/240/20
f 145/241/45 146/242/45 154/243/45 153/244/45
f 146/245/20 147/246/20 155/247/20 154/248/20
f 147/249/46 148/250/46 156/251/46 155/252/46
f 17/253/4 141/30/4 149/254/4 18/255/4
f 141/256/47 142/257/47 150/258/47 149/259/47
f 142/260/4 143/261/4 151/262/4 150/263/4
f 143/264/48 144/265/48 152/266/48 151/267/48
f 30/268/19 137/269/19 145/270/19 31/271/19
f 137/272/49 138/273/49 146/274/49 145/275/49
f 138/276/19 139/277/19 147/278/19 146/279/19
f 139/280/50 140/281/50 148/282/50 147/283/50
f 16/284/18 129/285/18 141/286/18 17/287/18
f 129/288/51 130/289/51 142/290/51 141/291/51
f 130/292/18 131/293/18 143/97/18 142/294/18
f 131/295/52 132/296/52 144/297/52 143/298/52
f 29/299/17 125/300/17 137/94/17 30/93/17
f 125/301/53 126/302/53 138/303/53 137/304/53
f 126/305/17 127/306/17 139/307/17 138/308/17
f 127/309/54 128/310/54 140/311/54 139/303/54
f 6/62/16 136/312/16 129/313/16 16/314/16
f 136/315/55 135/316/55 130/317/55 129/318/55
f 135/319/16 134/320/16 131/321/16 130/322/16
f 134/323/56 133/324/56 132/325/56 131/326/56
f 28/327/15 117/328/15 125/329/15 29/330/15
f 117/331/57 118/332/57 126/333/57 125/334/57
f 118/335/15 119/336/15 127/337/15 126/338/15
f 119/339/58 120/340/58 128/341/58 127/342/58
f 15/343/14 124/344/14 116/345/14 14/346/14
f 124/347/59 123/348/59 115/349/59 116/350/59
f 123/351/14 122/352/14 114/353/14 115/354/14
f 122/355/60 121/356/60 113/357/60 114/358/60
f 27/50/13 109/359/13 117/360/13 28/51/13
f 109/361/61 110/362/61 118/363/61 117/364/61
f 110/365/13 111/366/13 119/367/13 118/368/13
f 111/369/62 112/370/62 120/371/62 119/372/62
f 14/373/12 116/374/12 108/375/12 13/376/12
f 116/377/63 115/378/63 107/379/63 108/380/63
f 115/381/12 114/382/12 106/383/12 107/384/12
f 114/385/64 113/386/64 105/387/64 106/388/64
f 26/389/11 101/390/11 109/391/11 27/392/11
f 101/393/65 102/394/65 110/395/65 109/396/65
f 102/397/11 103/398/11 111/399/11 110/400/11
f 103/401/66 104/402/66 112/403/66 111/404/66
f 13/405/10 108/406/10 100/407/10 12/408/10
f 108/409/67 107/410/67 99/411/67 100/412/67
f 107/413/10 106/414/10 98/415/10 99/416/10
f 106/417/68 105/418/68 97/419/68 98/420/68
f 25/421/9 93/422/9 101/423/9 26/424/9
f 93/425/69 94/426/69 102/427/69 101/428/69
f 94/429/9 95/430/9 103/431/9 102/432/9
f 95/433/70 96/434/70 104/435/70 103/436/70
f 12/437/8 100/438/8 92/439/8 11/440/8
f 100/441/71 99/442/71 91/443/71 92/444/71
f 99/445/8 98/446/8 90/447/8 91/448/8
f 98/449/72 97/450/72 89/451/72 90/452/72
f 24/453/7 85/454/7 93/455/7 25/27/7
f 85/456/73 86/457/73 94/458/73 93/459/73
f 86/460/7 87/461/7 95/462/7 94/463/7
f 87/464/74 88/465/74 96/466/74 95/467/74
f 11/468/6 92/469/6 84/470/6 10/471/6
f 92/472/75 91/473/75 83/474/75 84/475/75
f 91/476/6 90/477/6 82/478/6 83/479/6
f 90/480/76 89/481/76 81/482/76 82/483/76
f 23/484/5 77/485/5 85/486/5 24/487/5
f 77/488/77 78/489/77 86/490/77 85/491/77
f 78/492/78 79/493/78 87/494/78 86/495/78
f 79/496/79 80/497/79 88/498/79 87/499/79
f 10/500/4 84/13/4 76/16/4 9/103/4
f 84/501/80 83/502/80 75/503/80 76/504/80
f 83/505/4 82/506/4 74/507/4 75/508/4
f 82/509/81 81/510/81 73/511/81 74/512/81
f 22/10/3 61/513/3 77/514/3 23/11/3
f 61/515/82 62/516/82 78/517/82 77/518/82
f 62/519/3 63/520/3 79/448/3 78/521/3
f 63/522/83 64/523/83 80/524/83 79/525/83
f 9/526/2 76/527/2 69/528/2 8/529/2
f 76/530/84 75/531/84 70/532/84 69/533/84
f 75/534/2 74/535/2 71/536/2 70/537/2
f 74/538/85 73/539/85 72/540/85 71/541/85
f 21/542/1 68/543/1 61/544/1 22/545/1
f 68/546/86 67/547/86 62/548/86 61/549/86
f 67/550/1 66/551/1 63/552/1 62/553/1
f 66/554/87 65/555/87 64/556/87 63/557/87
f 228/558/88 234/559/88 295/560/88 289/561/88
f 210/562/89 209/563/89 270/564/89 271/565/89
f 184/566/90 183/95/90 245/567/90 246/568/90
f 237/569/91 235/570/91 296/571/91 298/572/91
f 211/573/92 210/574/92 271/575/92 272/576/92
f 185/577/93 184/578/93 246/579/93 247/580/93
f 238/581/94 237/582/94 298/583/94 299/584/94
f 212/585/95 210/586/95 271/587/95 273/588/95
f 186/589/96 185/590/96 247/591/96 248/592/96
f 239/593/97 238/594/97 299/595/97 300/596/97
f 207/597/98 211/598/98 272/599/98 268/600/98
f 187/601/99 186/602/99 248/603/99 249/604/99
f 240/605/100 239/606/100 300/607/100 301/608/100
f 211/609/101 203/610/101 264/611/101 272/612/101
f 188/613/102 187/614/102 249/615/102 250/616/102
f 214/617/103 213/618/103 274/619/103 275/620/103
f 190/621/104 195/622/104 256/623/104 251/624/104
f 235/625/105 296/625/105 303/625/105 242/625/105
f 215/626/106 214/627/106 275/628/106 276/629/106
f 191/630/107 190/631/107 251/632/107 252/633/107
f 241/625/105 302/625/105 294/625/105 233/625/105
f 215/634/108 276/635/108 253/636/108 192/637/108
f 192/638/109 253/639/109 252/640/109 191/641/109
f 193/642/110 192/643/110 253/644/110 254/645/110
f 217/646/111 216/647/111 277/648/111 278/649/111
f 194/650/112 193/651/112 254/652/112 255/653/112
f 218/654/88 217/581/88 278/655/88 279/656/88
f 195/654/113 194/657/113 255/658/113 256/659/113
f 219/660/114 218/661/114 279/662/114 280/663/114
f 196/664/115 191/665/115 252/666/115 257/667/115
f 220/668/27 219/669/27 280/670/27 281/671/27
f 197/672/116 196/673/116 257/674/116 258/675/116
f 221/676/117 220/569/117 281/572/117 282/677/117
f 198/678/118 197/679/118 258/680/118 259/681/118
f 222/682/119 221/683/119 282/684/119 283/685/119
f 199/686/93 260/687/93 259/688/93 198/689/93
f 224/583/120 285/682/120 284/690/120 223/691/120
f 200/692/121 261/693/121 260/694/121 199/695/121
f 216/696/122 222/697/122 283/698/122 277/699/122
f 201/700/123 262/701/123 261/702/123 200/703/123
f 225/704/124 286/705/124 285/706/124 224/707/124
f 202/708/125 263/709/125 262/710/125 201/711/125
f 3546/712/105 3552/713/105 313/714/105 227/715/105
f 203/716/126 264/717/126 263/718/126 202/719/126
f 229/720/127 228/721/127 289/722/127 290/723/127
f 204/724/128 265/725/128 264/726/128 203/727/128
f 230/728/129 229/729/129 290/730/129 291/731/129
f 205/732/130 266/733/130 265/734/130 204/735/130
f 231/736/131 230/737/131 291/738/131 292/739/131
f 206/439/132 267/740/132 266/741/132 205/742/132
f 232/598/133 231/743/133 292/744/133 293/599/133
f 213/745/134 212/746/134 273/747/134 274/748/134
f 233/582/135 232/749/135 293/750/135 294/751/135
f 198/752/136 259/753/136 267/754/136 206/755/136
f 347/625/105 371/625/105 364/625/105 340/625/105
f 234/756/137 233/757/137 294/758/137 295/759/137
f 208/760/27 207/761/27 268/762/27 269/763/27
f 182/764/138 181/765/138 243/766/138 244/767/138
f 236/768/139 297/604/139 296/769/139 235/770/139
f 209/771/140 208/772/140 269/773/140 270/774/140
f 183/775/141 182/776/141 244/777/141 245/778/141
f 3558/625/105 3560/625/105 304/625/105 226/625/105
f 3547/625/105 3549/625/105 307/625/105 288/625/105
f 226/625/105 304/625/105 306/625/105 287/625/105
f 288/625/105 307/625/105 305/625/105 227/625/105
f 307/625/105 311/625/105 309/625/105 305/625/105
f 3560/625/105 3562/625/105 308/625/105 304/625/105
f 304/625/105 308/625/105 310/625/105 306/625/105
f 3549/625/105 3551/625/105 311/625/105 307/625/105
f 3564/779/105 312/780/105 3566/781/105 3568/782/105
f 3559/783/142 3565/784/142 314/785/142 287/786/142
f 287/787/143 314/788/143 312/789/143 226/790/143
f 227/791/144 313/792/144 315/793/144 288/794/144
f 3562/795/145 3563/796/145 310/797/145 308/798/145
f 331/625/105 347/625/105 340/625/105 324/625/105
f 332/625/105 356/625/105 363/625/105 339/625/105
f 316/625/105 332/625/105 339/625/105 323/625/105
f 330/625/105 346/625/105 347/625/105 331/625/105
f 323/625/105 339/625/105 338/625/105 322/625/105
f 329/625/105 345/625/105 346/625/105 330/625/105
f 322/625/105 338/625/105 337/625/105 321/625/105
f 328/625/105 344/625/105 345/625/105 329/625/105
f 246/625/105 328/625/105 329/625/105 247/625/105
f 187/625/105 323/625/105 322/625/105 186/625/105
f 247/625/105 329/625/105 330/625/105 248/625/105
f 188/625/105 316/625/105 323/625/105 187/625/105
f 324/625/105 354/625/105 350/625/105 250/625/105
f 346/625/105 370/625/105 371/625/105 347/625/105
f 248/625/105 330/625/105 331/625/105 249/625/105
f 243/625/105 325/625/105 326/625/105 244/625/105
f 182/625/105 318/625/105 317/625/105 181/625/105
f 249/625/105 331/625/105 324/625/105 250/625/105
f 183/625/105 319/625/105 318/625/105 182/625/105
f 184/625/105 320/625/105 319/625/105 183/625/105
f 244/625/105 326/625/105 327/625/105 245/625/105
f 185/625/105 321/625/105 320/625/105 184/625/105
f 245/625/105 327/625/105 328/625/105 246/625/105
f 186/625/105 322/625/105 321/625/105 185/625/105
f 339/625/105 363/625/105 362/625/105 338/625/105
f 243/625/105 351/625/105 355/625/105 325/625/105
f 316/625/105 352/625/105 356/625/105 332/625/105
f 345/625/105 369/625/105 370/625/105 346/625/105
f 338/625/105 362/625/105 361/625/105 337/625/105
f 181/625/105 349/625/105 351/625/105 243/625/105
f 317/625/105 353/625/105 349/625/105 181/625/105
f 344/625/105 368/625/105 369/625/105 345/625/105
f 337/625/105 361/625/105 360/625/105 336/625/105
f 318/625/105 334/625/105 333/625/105 317/625/105
f 325/625/105 341/625/105 342/625/105 326/625/105
f 319/625/105 335/625/105 334/625/105 318/625/105
f 326/625/105 342/625/105 343/625/105 327/625/105
f 320/625/105 336/625/105 335/625/105 319/625/105
f 327/625/105 343/625/105 344/625/105 328/625/105
f 321/625/105 337/625/105 336/625/105 320/625/105
f 359/625/105 383/625/105 382/625/105 358/625/105
f 357/625/105 381/625/105 377/625/105 353/625/105
f 365/625/105 389/625/105 390/625/105 366/625/105
f 358/625/105 382/625/105 381/625/105 357/625/105
f 371/625/105 395/625/105 388/625/105 364/625/105
f 356/625/105 380/625/105 387/625/105 363/625/105
f 349/625/105 373/625/105 375/625/105 351/625/105
f 370/625/105 394/625/105 395/625/105 371/625/105
f 354/625/105 378/625/105 374/625/105 350/625/105
f 363/625/105 387/625/105 386/625/105 362/625/105
f 350/625/105 374/625/105 372/625/105 348/625/105
f 369/625/105 393/625/105 394/625/105 370/625/105
f 351/625/105 375/625/105 379/625/105 355/625/105
f 334/625/105 358/625/105 357/625/105 333/625/105
f 341/625/105 365/625/105 366/625/105 342/625/105
f 333/625/105 357/625/105 353/625/105 317/625/105
f 335/625/105 359/625/105 358/625/105 334/625/105
f 342/625/105 366/625/105 367/625/105 343/625/105
f 340/625/105 364/625/105 354/625/105 324/625/105
f 250/625/105 350/625/105 348/625/105 188/625/105
f 336/625/105 360/625/105 359/625/105 335/625/105
f 343/625/105 367/625/105 368/625/105 344/625/105
f 325/625/105 355/625/105 365/625/105 341/625/105
f 188/625/105 348/625/105 352/625/105 316/625/105
f 386/799/146 410/800/146 409/801/146 385/802/146
f 392/803/142 416/804/142 417/805/142 393/806/142
f 377/625/105 401/625/105 397/625/105 373/625/105
f 385/807/105 409/808/105 408/809/105 384/810/105
f 379/625/105 403/625/105 413/625/105 389/625/105
f 391/811/142 415/812/142 416/813/142 392/814/142
f 372/625/105 396/625/105 400/625/105 376/625/105
f 384/815/105 408/816/105 407/817/105 383/818/105
f 388/625/105 412/625/105 402/625/105 378/625/105
f 390/819/142 414/820/142 415/821/142 391/822/142
f 376/625/105 400/625/105 404/625/105 380/625/105
f 383/822/105 407/823/105 406/824/105 382/825/105
f 381/625/105 405/625/105 401/625/105 377/625/105
f 352/625/105 376/625/105 380/625/105 356/625/105
f 366/625/105 390/625/105 391/625/105 367/625/105
f 364/625/105 388/625/105 378/625/105 354/625/105
f 360/625/105 384/625/105 383/625/105 359/625/105
f 348/625/105 372/625/105 376/625/105 352/625/105
f 367/625/105 391/625/105 392/625/105 368/625/105
f 355/625/105 379/625/105 389/625/105 365/625/105
f 361/625/105 385/625/105 384/625/105 360/625/105
f 353/625/105 377/625/105 373/625/105 349/625/105
f 368/625/105 392/625/105 393/625/105 369/625/105
f 362/625/105 386/625/105 385/625/105 361/625/105
f 401/826/105 405/827/105 404/828/105 400/829/105
f 408/830/147 416/831/147 415/832/147 407/833/147
f 409/834/148 417/778/148 416/835/148 408/836/148
f 410/837/149 418/838/149 417/839/149 409/840/149
f 411/841/150 419/842/150 418/843/150 410/844/150
f 404/845/151 412/846/151 419/847/151 411/848/151
f 405/849/152 413/850/152 412/851/152 404/852/152
f 406/853/153 414/854/153 413/855/153 405/856/153
f 407/857/154 415/858/154 414/859/154 406/860/154
f 402/861/142 412/862/142 413/863/142 403/864/142
f 375/625/105 399/625/105 403/625/105 379/625/105
f 393/865/155 417/866/155 418/867/155 394/868/155
f 387/869/105 411/870/105 410/871/105 386/872/105
f 378/625/105 402/625/105 398/625/105 374/625/105
f 394/873/142 418/874/142 419/875/142 395/876/142
f 380/877/105 404/878/105 411/879/105 387/880/105
f 395/881/142 419/882/142 412/883/142 388/884/142
f 382/885/156 406/886/156 405/887/156 381/888/156
f 389/889/157 413/890/157 414/891/157 390/892/157
f 420/893/158 421/894/158 423/895/158 422/896/158
f 428/897/159 429/898/159 427/899/159 426/900/159
f 426/901/160 427/902/160 425/903/160 424/904/160
f 430/905/161 431/906/161 421/907/161 420/908/161
f 428/909/142 426/910/142 424/911/142 430/912/142
f 429/913/105 423/914/105 421/915/105 431/916/105
f 427/917/105 429/918/105 431/919/105 425/920/105
f 422/921/142 428/922/142 430/923/142 420/924/142
f 437/925/160 436/926/160 432/927/160 433/928/160
f 422/929/159 423/930/159 429/931/159 428/932/159
f 433/933/161 432/934/161 435/935/161 434/936/161
f 445/937/105 444/938/105 443/939/105 440/940/105
f 438/941/142 437/942/142 433/943/142 434/944/142
f 436/945/105 439/946/105 435/947/105 432/948/105
f 425/949/105 431/950/105 439/951/105 436/952/105
f 430/953/142 424/954/142 437/955/142 438/956/142
f 431/957/158 430/958/158 438/959/158 439/960/158
f 424/961/160 425/962/160 436/963/160 437/964/160
f 443/965/158 442/966/158 441/967/158 440/968/158
f 446/969/161 445/970/161 440/971/161 441/972/161
f 447/973/142 442/974/142 448/975/142 451/976/142
f 447/977/142 446/978/142 441/979/142 442/980/142
f 438/981/142 434/982/142 446/983/142 447/984/142
f 439/985/159 438/986/159 447/987/159 444/988/159
f 434/989/161 435/990/161 445/991/161 446/992/161
f 435/993/105 439/994/105 444/995/105 445/996/105
f 450/997/159 451/998/159 448/999/159 449/1000/159
f 442/1001/158 443/1002/158 449/1003/158 448/1004/158
f 443/1005/105 444/1006/105 450/1007/105 449/1008/105
f 444/1009/160 447/1010/160 451/1011/160 450/1012/160
f 452/1013/162 453/1014/162 455/1015/162 454/1016/162
f 460/1017/163 461/1018/163 459/1019/163 458/1020/163
f 458/1021/164 459/1022/164 457/1023/164 456/1024/164
f 462/1025/165 463/1026/165 453/1027/165 452/1028/165
f 460/1029/142 458/1030/142 456/918/142 462/1031/142
f 461/1032/105 455/1033/105 453/1034/105 463/1035/105
f 459/1036/105 461/1037/105 463/1038/105 457/1039/105
f 454/1040/142 460/1041/142 462/1042/142 452/1043/142
f 469/1044/164 468/1045/164 464/1046/164 465/1047/164
f 454/1048/163 455/1049/163 461/1050/163 460/1051/163
f 465/1052/165 464/1053/165 467/1054/165 466/1055/165
f 477/1056/105 476/1057/105 475/1058/105 472/1059/105
f 470/1060/142 469/1061/142 465/1062/142 466/1063/142
f 468/1064/105 471/1065/105 467/1066/105 464/1067/105
f 457/1068/105 463/1069/105 471/1070/105 468/1071/105
f 462/1072/142 456/1073/142 469/1074/142 470/1075/142
f 463/1076/162 462/1077/162 470/1078/162 471/1079/162
f 456/1080/164 457/1081/164 468/1082/164 469/1083/164
f 475/1084/162 474/1085/162 473/1086/162 472/1087/162
f 478/1088/165 477/1089/165 472/1090/165 473/1091/165
f 479/1092/142 474/1093/142 480/1094/142 483/1095/142
f 479/1096/142 478/1097/142 473/1098/142 474/1099/142
f 470/1100/142 466/1101/142 478/1102/142 479/1103/142
f 471/1104/163 470/1105/163 479/1106/163 476/1107/163
f 466/1108/165 467/1109/165 477/1110/165 478/1111/165
f 467/1112/105 471/1113/105 476/1114/105 477/1115/105
f 482/1116/163 483/1117/163 480/1118/163 481/1119/163
f 474/1120/162 475/1121/162 481/1122/162 480/1123/162
f 475/1124/105 476/1125/105 482/1126/105 481/1127/105
f 476/1128/164 479/1129/164 483/1130/164 482/1131/164
f 484/1016/162 485/1015/162 487/1132/162 486/1133/162
f 492/1134/163 493/1135/163 491/1136/163 490/1137/163
f 490/1138/164 491/1139/164 489/1140/164 488/1141/164
f 494/1142/165 495/1143/165 485/1144/165 484/1145/165
f 492/1146/142 490/1147/142 488/1039/142 494/1148/142
f 493/1149/105 487/1150/105 485/1151/105 495/1152/105
f 491/1153/105 493/1154/105 495/1155/105 489/1156/105
f 486/1157/142 492/1158/142 494/1159/142 484/1160/142
f 501/1047/164 500/1046/164 496/1161/164 497/1162/164
f 486/1163/163 487/1164/163 493/1165/163 492/1166/163
f 497/1167/165 496/1168/165 499/1169/165 498/1170/165
f 509/1171/105 508/1172/105 507/1173/105 504/1174/105
f 502/1175/142 501/1176/142 497/1177/142 498/1178/142
f 500/1179/105 503/1180/105 499/1181/105 496/1182/105
f 489/1183/105 495/1184/105 503/1185/105 500/1186/105
f 494/1187/142 488/1188/142 501/1189/142 502/1190/142
f 495/1145/162 494/1191/162 502/1192/162 503/1193/162
f 488/1194/164 489/1195/164 500/1196/164 501/1197/164
f 507/1198/162 506/1199/162 505/1200/162 504/1201/162
f 510/1202/165 509/1203/165 504/1204/165 505/1205/165
f 511/1206/142 506/1207/142 512/1208/142 515/1209/142
f 511/1210/142 510/1211/142 505/1212/142 506/1213/142
f 502/1214/142 498/1215/142 510/1216/142 511/1217/142
f 503/1218/163 502/1219/163 511/1220/163 508/1221/163
f 498/1222/165 499/1223/165 509/1224/165 510/1225/165
f 499/1226/105 503/1227/105 508/1228/105 509/1229/105
f 514/1230/163 515/1231/163 512/1232/163 513/1233/163
f 506/1123/162 507/1122/162 513/1234/162 512/1235/162
f 507/1236/105 508/1237/105 514/1238/105 513/1239/105
f 508/1240/164 511/1241/164 515/1242/164 514/1243/164
f 516/1133/162 517/1132/162 519/1244/162 518/1245/162
f 524/1020/163 525/1019/163 523/1246/163 522/1247/163
f 522/1141/164 523/1140/164 521/1248/164 520/1249/164
f 526/1250/165 527/1251/165 517/1252/165 516/991/165
f 524/1253/142 522/1254/142 520/1255/142 526/1256/142
f 525/1257/105 519/1258/105 517/1259/105 527/1260/105
f 523/1261/105 525/1262/105 527/1263/105 521/1264/105
f 518/1265/142 524/1266/142 526/1267/142 516/1268/142
f 533/1269/164 532/1270/164 528/1271/164 529/1272/164
f 518/1273/163 519/1274/163 525/1275/163 524/1276/163
f 529/1277/165 528/1278/165 531/1279/165 530/1280/165
f 541/1281/105 540/1282/105 539/1283/105 536/1284/105
f 534/1285/142 533/1286/142 529/1287/142 530/1288/142
f 532/1289/105 535/1290/105 531/1291/105 528/1292/105
f 521/1293/105 527/1187/105 535/1190/105 532/1294/105
f 526/1295/142 520/1296/142 533/1297/142 534/1298/142
f 527/1079/162 526/1078/162 534/1299/162 535/1300/162
f 520/1301/164 521/1302/164 532/1303/164 533/1304/164
f 539/1305/162 538/1306/162 537/1307/162 536/1308/162
f 542/1309/165 541/1310/165 536/1311/165 537/1312/165
f 543/1313/142 538/1314/142 544/1315/142 547/1316/142
f 543/1317/142 542/1318/142 537/1319/142 538/1320/142
f 534/1321/142 530/1322/142 542/1323/142 543/1324/142
f 535/1325/163 534/1326/163 543/1327/163 540/1328/163
f 530/1329/165 531/1330/165 541/1331/165 542/1332/165
f 531/1333/105 535/1334/105 540/1335/105 541/1336/105
f 546/1337/163 547/1338/163 544/1339/163 545/1340/163
f 538/1341/162 539/1342/162 545/1343/162 544/1344/162
f 539/1345/105 540/1346/105 546/1347/105 545/1348/105
f 540/1349/164 543/1350/164 547/1351/164 546/1352/164
f 548/1353/158 549/1354/158 551/1355/158 550/1356/158
f 556/1357/159 557/1358/159 555/1359/159 554/1360/159
f 554/904/160 555/903/160 553/1361/160 552/1362/160
f 558/1363/161 559/1364/161 549/1365/161 548/1366/161
f 556/1367/142 554/1368/142 552/1369/142 558/1370/142
f 557/1371/105 551/1372/105 549/1373/105 559/1374/105
f 555/1375/105 557/1376/105 559/1377/105 553/1378/105
f 550/1379/142 556/1380/142 558/1381/142 548/1382/142
f 565/1383/160 564/1384/160 560/1385/160 561/1386/160
f 550/1387/159 551/1388/159 557/1389/159 556/1390/159
f 561/1391/161 560/1392/161 563/1045/161 562/1044/161
f 573/1393/105 572/1394/105 571/1395/105 568/1396/105
f 566/1397/142 565/1398/142 561/1399/142 562/1400/142
f 564/1401/105 567/1402/105 563/1403/105 560/1404/105
f 553/1405/105 559/1406/105 567/1407/105 564/1408/105
f 558/1409/142 552/1410/142 565/1411/142 566/1412/142
f 559/1413/158 558/1414/158 566/1415/158 567/1416/158
f 552/1417/160 553/959/160 564/1418/160 565/1419/160
f 571/1384/158 570/1383/158 569/966/158 568/965/158
f 574/972/161 573/971/161 568/1420/161 569/1421/161
f 575/1422/142 570/1423/142 576/1424/142 579/1425/142
f 575/1426/142 574/1427/142 569/1428/142 570/1429/142
f 566/1430/142 562/1431/142 574/1432/142 575/1433/142
f 567/1434/159 566/1435/159 575/1436/159 572/1437/159
f 562/1438/161 563/1439/161 573/1440/161 574/1441/161
f 563/1442/105 567/1443/105 572/1444/105 573/1445/105
f 578/1446/159 579/1447/159 576/1448/159 577/1449/159
f 570/1450/158 571/1451/158 577/1002/158 576/1001/158
f 571/1452/105 572/1453/105 578/1454/105 577/1455/105
f 572/1012/160 575/1011/160 579/1456/160 578/1457/160
f 580/1458/158 581/1459/158 583/1460/158 582/1461/158
f 588/1462/159 589/1463/159 587/1464/159 586/1465/159
f 586/1466/160 587/1467/160 585/1468/160 584/1469/160
f 590/1470/161 591/1471/161 581/1472/161 580/1473/161
f 588/1474/142 586/1475/142 584/1476/142 590/1477/142
f 589/1478/105 583/1479/105 581/1480/105 591/1481/105
f 587/1482/105 589/1483/105 591/1484/105 585/1485/105
f 582/1486/142 588/1487/142 590/1488/142 580/1489/142
f 597/1386/160 596/1385/160 592/926/160 593/925/160
f 582/1490/159 583/1491/159 589/1492/159 588/1493/159
f 593/1360/161 592/1359/161 595/934/161 594/933/161
f 605/1494/105 604/1495/105 603/1496/105 600/1497/105
f 598/1498/142 597/1499/142 593/1500/142 594/1501/142
f 596/1502/105 599/1503/105 595/1504/105 592/1505/105
f 585/1506/105 591/1507/105 599/1508/105 596/1509/105
f 590/1510/142 584/1511/142 597/1512/142 598/1513/142
f 591/1514/158 590/1515/158 598/1516/158 599/1517/158
f 584/1518/160 585/1519/160 596/1520/160 597/1521/160
f 603/1522/158 602/1523/158 601/1524/158 600/1525/158
f 606/1526/161 605/1527/161 600/1528/161 601/1529/161
f 607/1530/142 602/1347/142 608/1346/142 611/1531/142
f 607/1532/142 606/1533/142 601/1534/142 602/1535/142
f 598/1536/142 594/1537/142 606/1538/142 607/1539/142
f 599/1540/159 598/1541/159 607/1542/159 604/1543/159
f 594/1544/161 595/1545/161 605/1546/161 606/1547/161
f 595/1548/105 599/1549/105 604/1550/105 605/1551/105
f 610/1552/159 611/1553/159 608/1554/159 609/1555/159
f 602/1556/158 603/1557/158 609/1457/158 608/1456/158
f 603/1558/105 604/1559/105 610/1560/105 609/1561/105
f 604/1562/160 607/1563/160 611/1564/160 610/1565/160
f 612/1566/164 613/1567/164 615/1568/164 614/1569/164
f 620/1570/165 621/1571/165 619/1572/165 618/1573/165
f 618/1574/162 619/1575/162 617/1576/162 616/1577/162
f 622/1578/163 623/1579/163 613/1580/163 612/1581/163
f 620/1582/142 618/1583/142 616/1584/142 622/1585/142
f 621/1586/105 615/1587/105 613/1588/105 623/1589/105
f 619/1590/105 621/1591/105 623/1483/105 617/1592/105
f 614/1593/142 620/1594/142 622/1595/142 612/1596/142
f 629/1306/162 628/1305/162 624/1597/162 625/1598/162
f 614/1599/165 615/1600/165 621/1601/165 620/1602/165
f 625/1603/163 624/1604/163 627/1605/163 626/1606/163
f 637/1607/105 636/1608/105 635/1609/105 632/1610/105
f 630/1611/142 629/1612/142 625/1613/142 626/1614/142
f 628/1615/105 631/1616/105 627/1617/105 624/1618/105
f 617/1619/105 623/1620/105 631/1621/105 628/1622/105
f 622/1623/142 616/1624/142 629/1625/142 630/1626/142
f 623/1627/164 622/1628/164 630/1629/164 631/1630/164
f 616/1631/162 617/1632/162 628/1633/162 629/1634/162
f 635/1635/164 634/1636/164 633/1637/164 632/1638/164
f 638/1117/163 637/1116/163 632/1639/163 633/1640/163
f 639/1641/142 634/1642/142 640/1643/142 643/1644/142
f 639/1645/142 638/1646/142 633/1647/142 634/1648/142
f 630/1649/142 626/1650/142 638/1651/142 639/1652/142
f 631/1653/165 630/1654/165 639/1655/165 636/1656/165
f 626/1657/163 627/1658/163 637/1659/163 638/1660/163
f 627/1661/105 631/1662/105 636/1663/105 637/1664/105
f 642/1665/165 643/1666/165 640/1667/165 641/1668/165
f 634/1669/164 635/1670/164 641/1671/164 640/1672/164
f 635/1673/105 636/1674/105 642/1675/105 641/1676/105
f 636/1677/162 639/1678/162 643/1679/162 642/1680/162
f 644/1245/162 645/1244/162 647/1681/162 646/1682/162
f 652/1683/163 653/1684/163 651/1685/163 650/1686/163
f 650/1687/164 651/1688/164 649/1689/164 648/1690/164
f 654/1691/165 655/1692/165 645/1693/165 644/1694/165
f 652/1695/142 650/1696/142 648/1697/142 654/1698/142
f 653/1699/105 647/1700/105 645/1701/105 655/1702/105
f 651/1696/105 653/1695/105 655/1703/105 649/1704/105
f 646/1705/142 652/1706/142 654/1707/142 644/1708/142
f 661/1709/164 660/1710/164 656/1711/164 657/1712/164
f 646/1713/163 647/1714/163 653/1715/163 652/1716/163
f 657/1717/165 656/1718/165 659/1719/165 658/1720/165
f 669/1721/105 668/1722/105 667/1723/105 664/1724/105
f 662/1725/142 661/1726/142 657/1727/142 658/1728/142
f 660/1729/105 663/1730/105 659/1731/105 656/1732/105
f 649/1733/105 655/1734/105 663/1735/105 660/1736/105
f 654/1737/142 648/1738/142 661/1739/142 662/1740/142
f 655/1741/162 654/1742/162 662/1743/162 663/1744/162
f 648/1745/164 649/1746/164 660/1747/164 661/1748/164
f 667/1749/162 666/1750/162 665/1751/162 664/1752/162
f 670/1753/165 669/1754/165 664/1755/165 665/1756/165
f 671/1757/142 666/1758/142 672/1759/142 675/1760/142
f 671/1761/142 670/1762/142 665/1763/142 666/1764/142
f 662/1765/142 658/1766/142 670/1767/142 671/1768/142
f 663/1769/163 662/1770/163 671/1771/163 668/1772/163
f 658/1773/165 659/1774/165 669/1775/165 670/1776/165
f 659/1777/105 663/1778/105 668/1779/105 669/1780/105
f 674/1781/163 675/1782/163 672/1640/163 673/1639/163
f 666/1344/162 667/1343/162 673/1783/162 672/1784/162
f 667/1785/105 668/1786/105 674/1787/105 673/1788/105
f 668/1789/164 671/1790/164 675/1791/164 674/1792/164
f 676/1577/162 677/1576/162 679/1793/162 678/1794/162
f 684/1795/163 685/1796/163 683/1135/163 682/1134/163
f 682/1024/164 683/1023/164 681/1797/164 680/1798/164
f 686/1799/165 687/1800/165 677/1801/165 676/1802/165
f 684/1803/142 682/1804/142 680/1805/142 686/1806/142
f 685/1807/105 679/1808/105 677/1809/105 687/1810/105
f 683/1811/105 685/1812/105 687/1813/105 681/1814/105
f 678/1815/142 684/1816/142 686/1817/142 676/1818/142
f 693/1819/164 692/1820/164 688/1821/164 689/1822/164
f 678/1823/163 679/1824/163 685/1825/163 684/1826/163
f 689/1827/165 688/1828/165 691/1829/165 690/1830/165
f 701/1831/105 700/1832/105 699/1833/105 696/1834/105
f 694/1835/142 693/1836/142 689/1837/142 690/1838/142
f 692/1839/105 695/1840/105 691/1841/105 688/1842/105
f 681/1843/105 687/1844/105 695/1845/105 692/1846/105
f 686/1847/142 680/1848/142 693/1849/142 694/1850/142
f 687/1300/162 686/1299/162 694/1851/162 695/1852/162
f 680/1853/164 681/1854/164 692/1855/164 693/1856/164
f 699/1857/162 698/1858/162 697/1859/162 696/1860/162
f 702/1861/165 701/1862/165 696/1863/165 697/1864/165
f 703/1865/142 698/1866/142 704/1867/142 707/1868/142
f 703/1869/142 702/1870/142 697/1871/142 698/1872/142
f 694/1873/142 690/1777/142 702/1874/142 703/1875/142
f 695/1876/163 694/1877/163 703/1878/163 700/1879/163
f 690/1880/165 691/1881/165 701/1882/165 702/1883/165
f 691/1884/105 695/1885/105 700/1336/105 701/1886/105
f 706/1119/163 707/1118/163 704/1887/163 705/1888/163
f 698/1678/162 699/1677/162 705/1889/162 704/1890/162
f 699/1891/105 700/1892/105 706/1893/105 705/1894/105
f 700/1895/164 703/1896/164 707/1897/164 706/1898/164
f 708/1899/162 709/1900/162 711/1901/162 710/1902/162
f 716/1903/163 717/1904/163 715/1905/163 714/1906/163
f 714/1907/166 715/1908/166 713/1909/166 712/1910/166
f 718/1911/165 719/1912/165 709/1913/165 708/1914/165
f 716/1915/142 714/1916/142 712/1917/142 718/1918/142
f 717/1919/105 711/1920/105 709/1921/105 719/1922/105
f 715/1923/105 717/1924/105 719/1925/105 713/1926/105
f 710/1927/142 716/1928/142 718/1929/142 708/1930/142
f 725/1822/164 724/1821/164 720/1931/164 721/1932/164
f 710/1933/163 711/1934/163 717/1935/163 716/1936/163
f 721/1937/165 720/1938/165 723/1939/165 722/1940/165
f 733/1941/105 732/1942/105 731/1943/105 728/1944/105
f 726/1945/142 725/1946/142 721/1947/142 722/1948/142
f 724/1949/105 727/1950/105 723/1951/105 720/1952/105
f 713/1953/105 719/1954/105 727/1955/105 724/1956/105
f 718/1848/142 712/1957/142 725/1958/142 726/1959/142
f 719/1960/162 718/1961/162 726/1962/162 727/1963/162
f 712/1964/164 713/1965/164 724/1966/164 725/1967/164
f 731/1968/162 730/1969/162 729/1970/162 728/1971/162
f 734/1972/165 733/1973/165 728/1974/165 729/1975/165
f 735/1976/142 730/1977/142 736/1978/142 739/1979/142
f 735/1980/142 734/1981/142 729/1982/142 730/1983/142
f 726/1984/142 722/1985/142 734/1986/142 735/1987/142
f 727/1988/163 726/1989/163 735/1990/163 732/1991/163
f 722/1992/165 723/1993/165 733/1994/165 734/1995/165
f 723/1996/105 727/1997/105 732/1998/105 733/1999/105
f 738/1888/163 739/1887/163 736/2000/163 737/2001/163
f 730/1890/162 731/1889/162 737/2002/162 736/2003/162
f 731/2004/105 732/2005/105 738/2006/105 737/2007/105
f 732/2008/164 735/2009/164 739/1790/164 738/1789/164
f 740/2010/164 741/2011/164 743/2012/164 742/2013/164
f 748/2014/165 749/2015/165 747/2016/165 746/2017/165
f 746/2018/167 747/2019/167 745/2020/167 744/2021/167
f 750/2022/163 751/2023/163 741/2024/163 740/2025/163
f 748/2026/142 746/2027/142 744/2028/142 750/2029/142
f 749/2030/105 743/2031/105 741/2032/105 751/2033/105
f 747/2034/105 749/2035/105 751/2036/105 745/2037/105
f 742/2038/142 748/2039/142 750/2040/142 740/2041/142
f 757/2042/162 756/2043/162 752/2044/162 753/2045/162
f 742/2046/165 743/2047/165 749/2048/165 748/1633/165
f 753/2049/163 752/2050/163 755/2051/163 754/2052/163
f 765/2053/105 764/2054/105 763/2055/105 760/2056/105
f 758/2057/142 757/2058/142 753/2059/142 754/2060/142
f 756/2061/105 759/2062/105 755/2063/105 752/2064/105
f 745/2065/105 751/2066/105 759/2067/105 756/2068/105
f 750/2069/142 744/2070/142 757/2071/142 758/2072/142
f 751/2073/164 750/2074/164 758/2075/164 759/2076/164
f 744/2077/162 745/2078/162 756/1852/162 757/1851/162
f 763/2079/166 762/2080/166 761/2081/166 760/2082/166
f 766/1782/163 765/1781/163 760/2083/163 761/2084/163
f 767/2085/142 762/2086/142 768/2087/142 771/2088/142
f 767/2089/142 766/2090/142 761/2091/142 762/2092/142
f 758/2093/142 754/2094/142 766/2095/142 767/2096/142
f 759/2097/165 758/2098/165 767/2099/165 764/2100/165
f 754/2101/163 755/2102/163 765/2103/163 766/2104/163
f 755/2105/105 759/2106/105 764/2107/105 765/2108/105
f 770/2109/168 771/2110/168 768/2111/168 769/2112/168
f 762/2113/164 763/2114/164 769/2115/164 768/2116/164
f 763/2117/105 764/2118/105 770/2119/105 769/2120/105
f 764/2121/162 767/2122/162 771/2123/162 770/2124/162
f 772/2125/164 773/2126/164 775/2127/164 774/2128/164
f 780/2129/165 781/2130/165 779/2131/165 778/2132/165
f 778/1682/162 779/1681/162 777/2133/162 776/2134/162
f 782/2135/163 783/2136/163 773/2137/163 772/2138/163
f 780/2139/142 778/2140/142 776/2141/142 782/2142/142
f 781/2143/105 775/2144/105 773/2145/105 783/2146/105
f 779/2147/105 781/2148/105 783/2149/105 777/2150/105
f 774/1706/142 780/2151/142 782/2152/142 772/2153/142
f 789/2154/162 788/2155/162 784/2156/162 785/2157/162
f 774/2158/165 775/2159/165 781/2160/165 780/2161/165
f 785/2162/163 784/2163/163 787/2164/163 786/2165/163
f 797/2166/105 796/2167/105 795/2168/105 792/2169/105
f 790/2170/142 789/2171/142 785/2172/142 786/2173/142
f 788/2174/105 791/2175/105 787/2176/105 784/2177/105
f 777/2178/105 783/2179/105 791/2180/105 788/2181/105
f 782/2182/142 776/2183/142 789/2184/142 790/2185/142
f 783/2186/164 782/2187/164 790/2188/164 791/2189/164
f 776/2190/162 777/2191/162 788/2192/162 789/2193/162
f 795/2194/164 794/2195/164 793/1162/164 792/1161/164
f 798/2084/163 797/2083/163 792/2196/163 793/2197/163
f 799/2198/142 794/2199/142 800/2200/142 803/2201/142
f 799/2202/142 798/2203/142 793/2204/142 794/2205/142
f 790/2206/142 786/2207/142 798/2208/142 799/2209/142
f 791/2210/165 790/2211/165 799/2212/165 796/2213/165
f 786/2214/163 787/2215/163 797/2216/163 798/2217/163
f 787/2218/105 791/2219/105 796/2220/105 797/2221/105
f 802/2222/165 803/2223/165 800/2224/165 801/2225/165
f 794/2226/164 795/2227/164 801/2124/164 800/2123/164
f 795/2228/105 796/2229/105 802/2230/105 801/2231/105
f 796/2232/162 799/2233/162 803/2234/162 802/2235/162
f 804/2013/164 805/2012/164 807/2236/164 806/2237/164
f 812/2238/165 813/2239/165 811/2240/165 810/2241/165
f 810/2134/162 811/2133/162 809/2242/162 808/2243/162
f 814/2244/163 815/2245/163 805/2246/163 804/2247/163
f 812/2248/142 810/2249/142 808/2250/142 814/2251/142
f 813/2252/105 807/2253/105 805/2254/105 815/2255/105
f 811/2256/105 813/2257/105 815/2258/105 809/2259/105
f 806/2260/142 812/2261/142 814/2262/142 804/2263/142
f 821/2264/162 820/2265/162 816/2266/162 817/2267/162
f 806/2268/165 807/2269/165 813/2270/165 812/2271/165
f 817/2272/163 816/2273/163 819/2274/163 818/2275/163
f 829/2276/105 828/2277/105 827/2278/105 824/2279/105
f 822/2280/142 821/2281/142 817/2282/142 818/2283/142
f 820/2284/105 823/2285/105 819/2286/105 816/2287/105
f 809/2288/105 815/2289/105 823/2290/105 820/2291/105
f 814/2292/142 808/2293/142 821/2294/142 822/2295/142
f 815/2296/164 814/2297/164 822/2298/164 823/2299/164
f 808/2300/162 809/2301/162 820/2302/162 821/2303/162
f 827/2304/164 826/2305/164 825/2195/164 824/2194/164
f 830/1338/163 829/1337/163 824/2306/163 825/2307/163
f 831/2308/142 826/2309/142 832/2310/142 835/2311/142
f 831/2312/142 830/2313/142 825/2314/142 826/2315/142
f 822/2316/142 818/2317/142 830/2318/142 831/2319/142
f 823/2320/165 822/2321/165 831/2322/165 828/2323/165
f 818/2324/163 819/2325/163 829/2326/163 830/2327/163
f 819/2328/105 823/2329/105 828/2330/105 829/2331/105
f 834/2332/165 835/2333/165 832/2334/165 833/2335/165
f 826/1896/164 827/1895/164 833/2336/164 832/2337/164
f 827/2338/105 828/2339/105 834/2340/105 833/2341/105
f 828/2342/162 831/2343/162 835/2344/162 834/2345/162
f 836/2346/162 837/2347/162 839/2348/162 838/2349/162
f 844/2350/163 845/2351/163 843/1018/163 842/1017/163
f 842/2352/164 843/2353/164 841/2354/164 840/2355/164
f 846/2356/165 847/2357/165 837/2358/165 836/2359/165
f 844/2360/142 842/2361/142 840/2362/142 846/2363/142
f 845/2364/105 839/2365/105 837/2366/105 847/2367/105
f 843/2368/105 845/2369/105 847/2370/105 841/2371/105
f 838/2372/142 844/2373/142 846/2374/142 836/2375/142
f 853/2376/164 852/2377/164 848/2378/164 849/2379/164
f 838/2380/163 839/1273/163 845/2381/163 844/2382/163
f 849/2383/165 848/2384/165 851/2385/165 850/2386/165
f 861/2387/105 860/2388/105 859/2389/105 856/2390/105
f 854/2391/142 853/2392/142 849/2393/142 850/2394/142
f 852/2395/105 855/2396/105 851/2397/105 848/2398/105
f 841/2399/105 847/1621/105 855/1620/105 852/2400/105
f 846/2401/142 840/2402/142 853/2403/142 854/2404/142
f 847/2405/162 846/2406/162 854/2407/162 855/2408/162
f 840/2409/164 841/2410/164 852/2411/164 853/2412/164
f 859/2413/162 858/2414/162 857/2415/162 856/2416/162
f 862/2417/165 861/2418/165 856/2419/165 857/2420/165
f 863/2421/142 858/2422/142 864/2423/142 867/2424/142
f 863/2425/142 862/2426/142 857/2427/142 858/2428/142
f 854/2429/142 850/2430/142 862/2431/142 863/2432/142
f 855/2433/163 854/2434/163 863/2435/163 860/2436/163
f 850/2437/165 851/2326/165 861/2438/165 862/2439/165
f 851/2440/105 855/2441/105 860/2442/105 861/2443/105
f 866/2444/163 867/2445/163 864/2307/163 865/2306/163
f 858/2446/162 859/2447/162 865/2448/162 864/2449/162
f 859/2450/105 860/2451/105 866/2452/105 865/2453/105
f 860/2454/164 863/2455/164 867/2456/164 866/2457/164
f 868/2458/162 869/2459/162 871/2460/162 870/2461/162
f 876/2462/163 877/2463/163 875/2163/163 874/2162/163
f 874/2464/164 875/2465/164 873/2466/164 872/2467/164
f 878/2468/165 879/2469/165 869/2470/165 868/2471/165
f 876/2472/142 874/2473/142 872/2474/142 878/2475/142
f 877/2476/105 871/2477/105 869/2478/105 879/2479/105
f 875/2480/105 877/2481/105 879/2482/105 873/2483/105
f 870/2484/142 876/2485/142 878/2486/142 868/2487/142
f 885/2080/164 884/2079/164 880/2488/164 881/2489/164
f 870/2490/163 871/2491/163 877/2492/163 876/2493/163
f 881/2494/165 880/2495/165 883/2496/165 882/2497/165
f 893/2498/105 892/2499/105 891/2500/105 888/2501/105
f 886/2502/142 885/2503/142 881/2504/142 882/2505/142
f 884/2506/105 887/2507/105 883/2508/105 880/2509/105
f 873/2510/105 879/2511/105 887/2512/105 884/2513/105
f 878/2514/142 872/2515/142 885/2516/142 886/2517/142
f 879/2518/162 878/2519/162 886/2520/162 887/2521/162
f 872/2522/164 873/2523/164 884/2524/164 885/2525/164
f 891/2265/162 890/2264/162 889/2526/162 888/2527/162
f 894/2528/165 893/2529/165 888/2530/165 889/2531/165
f 895/2532/142 890/2533/142 896/2534/142 899/2535/142
f 895/2536/142 894/2537/142 889/2501/142 890/2538/142
f 886/2539/142 882/2540/142 894/2541/142 895/2542/142
f 887/2543/163 886/2544/163 895/2545/163 892/2546/163
f 882/2547/165 883/2548/165 893/2549/165 894/2550/165
f 883/2551/105 887/1984/105 892/1987/105 893/2552/105
f 898/2001/163 899/2000/163 896/1231/163 897/1230/163
f 890/2553/162 891/2554/162 897/2555/162 896/2556/162
f 891/2557/105 892/2558/105 898/2559/105 897/2560/105
f 892/2561/164 895/2562/164 899/2337/164 898/2336/164
f 900/2563/162 901/2564/162 903/2565/162 902/2566/162
f 908/2052/163 909/2051/163 907/2567/163 906/2568/163
f 906/2355/164 907/2354/164 905/2569/164 904/2570/164
f 910/2571/165 911/2572/165 901/2573/165 900/2574/165
f 908/2575/142 906/2576/142 904/2577/142 910/2578/142
f 909/2579/105 903/2580/105 901/2581/105 911/2582/105
f 907/2583/105 909/2584/105 911/2585/105 905/2586/105
f 902/2587/142 908/2588/142 910/2589/142 900/2590/142
f 917/2591/164 916/2592/164 912/2593/164 913/2594/164
f 902/2595/163 903/2596/163 909/2597/163 908/2598/163
f 913/2599/165 912/2600/165 915/2601/165 914/2602/165
f 925/2603/105 924/2314/105 923/2604/105 920/2605/105
f 918/2606/142 917/2607/142 913/2608/142 914/2609/142
f 916/2607/105 919/2610/105 915/2611/105 912/2612/105
f 905/2613/105 911/2614/105 919/2615/105 916/2616/105
f 910/2617/142 904/2618/142 917/2619/142 918/2620/142
f 911/2621/162 910/2622/162 918/2623/162 919/2624/162
f 904/2625/164 905/2626/164 916/2627/164 917/2628/164
f 923/1308/162 922/1307/162 921/2629/162 920/2630/162
f 926/2631/165 925/2632/165 920/1233/165 921/1232/165
f 927/2633/142 922/2634/142 928/2635/142 931/2636/142
f 927/2637/142 926/2638/142 921/2639/142 922/2640/142
f 918/2641/142 914/2642/142 926/2643/142 927/2644/142
f 919/2645/163 918/2646/163 927/2647/163 924/2648/163
f 914/2649/165 915/2650/165 925/2651/165 926/2652/165
f 915/2653/105 919/2654/105 924/2655/105 925/2656/105
f 930/2657/163 931/2658/163 928/2659/163 929/2660/163
f 922/2661/162 923/2662/162 929/2663/162 928/2664/162
f 923/2665/105 924/2666/105 930/2667/105 929/2668/105
f 924/2669/164 927/2670/164 931/2009/164 930/2008/164
f 932/2467/164 933/2466/164 935/2671/164 934/2672/164
f 940/2673/165 941/2674/165 939/2675/165 938/2676/165
f 938/2677/162 939/2678/162 937/2679/162 936/2680/162
f 942/2681/163 943/2682/163 933/2683/163 932/2684/163
f 940/2473/142 938/2472/142 936/2685/142 942/2686/142
f 941/2687/105 935/2688/105 933/2689/105 943/2690/105
f 939/2691/105 941/2692/105 943/2693/105 937/2694/105
f 934/2695/142 940/2696/142 942/2697/142 932/2698/142
f 949/2699/162 948/2700/162 944/2701/162 945/2702/162
f 934/2703/165 935/2704/165 941/2705/165 940/2706/165
f 945/2707/163 944/2708/163 947/2709/163 946/2710/163
f 957/2711/105 956/2712/105 955/2713/105 952/2714/105
f 950/2715/142 949/2716/142 945/2717/142 946/2718/142
f 948/2719/105 951/2720/105 947/2721/105 944/2722/105
f 937/2723/105 943/2724/105 951/2725/105 948/2726/105
f 942/2727/142 936/2728/142 949/2729/142 950/2730/142
f 943/2731/164 942/2732/164 950/2733/164 951/2734/164
f 936/2735/162 937/2736/162 948/1963/162 949/1962/162
f 955/2737/164 954/2738/164 953/2489/164 952/2488/164
f 958/2197/163 957/2196/163 952/2739/163 953/2740/163
f 959/2741/142 954/2742/142 960/2743/142 963/2744/142
f 959/2745/142 958/2746/142 953/2747/142 954/2748/142
f 950/2749/142 946/2750/142 958/2751/142 959/2752/142
f 951/2753/165 950/2754/165 959/2755/165 956/2756/165
f 946/2757/163 947/2758/163 957/2759/163 958/2760/163
f 947/2761/105 951/2762/105 956/2763/105 957/2764/105
f 962/2765/165 963/2766/165 960/2767/165 961/2768/165
f 954/2769/164 955/2770/164 961/2771/164 960/2772/164
f 955/2773/105 956/2774/105 962/2775/105 961/2776/105
f 956/2345/162 959/2777/162 963/2122/162 962/2121/162
f 964/2570/164 965/2569/164 967/2778/164 966/2779/164
f 972/2780/165 973/2781/165 971/2782/165 970/2783/165
f 970/2784/162 971/2785/162 969/1900/162 968/1899/162
f 974/2786/163 975/2787/163 965/2788/163 964/2789/163
f 972/1591/142 970/1590/142 968/2790/142 974/2791/142
f 973/2690/105 967/2792/105 965/2793/105 975/2794/105
f 971/2795/105 973/2796/105 975/2797/105 969/2798/105
f 966/2799/142 972/1259/142 974/2800/142 964/2801/142
f 981/2802/162 980/2803/162 976/2804/162 977/2805/162
f 966/2806/165 967/2807/165 973/2808/165 972/2809/165
f 977/2810/163 976/2811/163 979/2812/163 978/2813/163
f 989/2814/105 988/2815/105 987/2816/105 984/2817/105
f 982/2818/142 981/2819/142 977/2820/142 978/2821/142
f 980/2822/105 983/2823/105 979/2824/105 976/2825/105
f 969/2826/105 975/2827/105 983/2828/105 980/2829/105
f 974/2830/142 968/2831/142 981/2832/142 982/2833/142
f 975/2189/164 974/2188/164 982/2834/164 983/2835/164
f 968/2836/162 969/2837/162 980/2303/162 981/2838/162
f 987/2592/164 986/2591/164 985/2738/164 984/2737/164
f 990/2839/163 989/2840/163 984/2660/163 985/2659/163
f 991/2841/142 986/2842/142 992/2843/142 995/2844/142
f 991/2845/142 990/2846/142 985/2847/142 986/2848/142
f 982/2219/142 978/2849/142 990/2850/142 991/2851/142
f 983/2852/165 982/2853/165 991/2854/165 988/2855/165
f 978/2856/163 979/2857/163 989/2858/163 990/2859/163
f 979/2860/105 983/2861/105 988/2862/105 989/2863/105
f 994/2864/165 995/2865/165 992/2866/165 993/2867/165
f 986/2868/164 987/2869/164 993/2870/164 992/2871/164
f 987/2872/105 988/2873/105 994/2874/105 993/2875/105
f 988/2876/162 991/2877/162 995/2664/162 994/2663/162
f 996/2878/93 997/2879/93 999/2880/93 998/2881/93
f 1004/2882/9 1005/2883/9 1003/2884/9 1002/2885/9
f 1002/2886/27 1003/2887/27 1001/2888/27 1000/2889/27
f 1006/2890/169 1007/2891/169 997/2892/169 996/2893/169
f 1004/2894/142 1002/2895/142 1000/2896/142 1006/2897/142
f 1005/2898/105 999/2899/105 997/2900/105 1007/2901/105
f 1003/2902/105 1005/2903/105 1007/2904/105 1001/2905/105
f 998/2906/142 1004/2907/142 1006/2908/142 996/2898/142
f 1013/2909/27 1012/2910/27 1008/2911/27 1009/2912/27
f 998/2913/9 999/2914/9 1005/2915/9 1004/2916/9
f 1009/2917/169 1008/2918/169 1011/2919/169 1010/2920/169
f 1021/2921/105 1020/2922/105 1019/2923/105 1016/2924/105
f 1014/2925/142 1013/2926/142 1009/2927/142 1010/2928/142
f 1012/2929/105 1015/2930/105 1011/2931/105 1008/2932/105
f 1001/2933/105 1007/2934/105 1015/2935/105 1012/2936/105
f 1006/2937/142 1000/2933/142 1013/2936/142 1014/2938/142
f 1007/2939/93 1006/2940/93 1014/2941/93 1015/2942/93
f 1000/2943/27 1001/2944/27 1012/2945/27 1013/2946/27
f 1019/2947/93 1018/2948/93 1017/2949/93 1016/2950/93
f 1022/2951/169 1021/2952/169 1016/2953/169 1017/2954/169
f 1023/2955/142 1018/2956/142 1024/2957/142 1027/2958/142
f 1023/2959/142 1022/2960/142 1017/2922/142 1018/2961/142
f 1014/2962/142 1010/2963/142 1022/2964/142 1023/2965/142
f 1015/2966/9 1014/2967/9 1023/2968/9 1020/2969/9
f 1010/2970/169 1011/2971/169 1021/2972/169 1022/2973/169
f 1011/2965/105 1015/2974/105 1020/2975/105 1021/2962/105
f 1026/2976/9 1027/2977/9 1024/2978/9 1025/2979/9
f 1018/2980/93 1019/2981/93 1025/2982/93 1024/2983/93
f 1019/2956/105 1020/2984/105 1026/2985/105 1025/2957/105
f 1020/2986/27 1023/2987/27 1027/2988/27 1026/2989/27
f 1028/2990/93 1029/2991/93 1031/2992/93 1030/2993/93
f 1036/2885/9 1037/2884/9 1035/2994/9 1034/2995/9
f 1034/2996/27 1035/2997/27 1033/2998/27 1032/2999/27
f 1038/3000/169 1039/3001/169 1029/3002/169 1028/3003/169
f 1036/3004/142 1034/3005/142 1032/3006/142 1038/3007/142
f 1037/3008/105 1031/3009/105 1029/3010/105 1039/3011/105
f 1035/3012/105 1037/3013/105 1039/3014/105 1033/3015/105
f 1030/3016/142 1036/3017/142 1038/3018/142 1028/3019/142
f 1045/3020/27 1044/3021/27 1040/3022/27 1041/3023/27
f 1030/3024/9 1031/3025/9 1037/3026/9 1036/3027/9
f 1041/2920/169 1040/2919/169 1043/3028/169 1042/3029/169
f 1053/3030/105 1052/3031/105 1051/3032/105 1048/3033/105
f 1046/3034/142 1045/3035/142 1041/3036/142 1042/3037/142
f 1044/3038/105 1047/3039/105 1043/3040/105 1040/3041/105
f 1033/3042/105 1039/3043/105 1047/3044/105 1044/3045/105
f 1038/3046/142 1032/3042/142 1045/3045/142 1046/3047/142
f 1039/3048/93 1038/3049/93 1046/3050/93 1047/3051/93
f 1032/3052/27 1033/3053/27 1044/3054/27 1045/3055/27
f 1051/3056/93 1050/3057/93 1049/3058/93 1048/3059/93
f 1054/2954/169 1053/2953/169 1048/3060/169 1049/3061/169
f 1055/2666/142 1050/3062/142 1056/3063/142 1059/2667/142
f 1055/3064/142 1054/3065/142 1049/3066/142 1050/3067/142
f 1046/3068/142 1042/3069/142 1054/3070/142 1055/3071/142
f 1047/3072/9 1046/3073/9 1055/3074/9 1052/3075/9
f 1042/3076/169 1043/3077/169 1053/3078/169 1054/3079/169
f 1043/3071/105 1047/3080/105 1052/3081/105 1053/3082/105
f 1058/3083/9 1059/3084/9 1056/3085/9 1057/3086/9
f 1050/3087/93 1051/3088/93 1057/3089/93 1056/3090/93
f 1051/3062/105 1052/3091/105 1058/3092/105 1057/3063/105
f 1052/3093/27 1055/3094/27 1059/3095/27 1058/3096/27
f 1060/2881/93 1061/2880/93 1063/3097/93 1062/3098/93
f 1068/3099/9 1069/3100/9 1067/3101/9 1066/3102/9
f 1066/3103/27 1067/3104/27 1065/3105/27 1064/3106/27
f 1070/3107/169 1071/3108/169 1061/3109/169 1060/3110/169
f 1068/3111/142 1066/3112/142 1064/3113/142 1070/3114/142
f 1069/3115/105 1063/3116/105 1061/3117/105 1071/2478/105
f 1067/3118/105 1069/3119/105 1071/3120/105 1065/3121/105
f 1062/3122/142 1068/3123/142 1070/3124/142 1060/3115/142
f 1077/3125/27 1076/3126/27 1072/3127/27 1073/3128/27
f 1062/3129/9 1063/3130/9 1069/3131/9 1068/3132/9
f 1073/3133/169 1072/3134/169 1075/3135/169 1074/3136/169
f 1085/3137/105 1084/3138/105 1083/3139/105 1080/3140/105
f 1078/3141/142 1077/3142/142 1073/3143/142 1074/3144/142
f 1076/3145/105 1079/3146/105 1075/3142/105 1072/3141/105
f 1065/3147/105 1071/3148/105 1079/3149/105 1076/3150/105
f 1070/3151/142 1064/3147/142 1077/3150/142 1078/3152/142
f 1071/3153/93 1070/3154/93 1078/3155/93 1079/3156/93
f 1064/3157/27 1065/2759/27 1076/3158/27 1077/3159/27
f 1083/3160/93 1082/3161/93 1081/3162/93 1080/3163/93
f 1086/3061/169 1085/3060/169 1080/3164/169 1081/3165/169
f 1087/1425/142 1082/3166/142 1088/3167/142 1091/1422/142
f 1087/3168/142 1086/3169/142 1081/3138/142 1082/3170/142
f 1078/3171/142 1074/3172/142 1086/3173/142 1087/3174/142
f 1079/3175/9 1078/3176/9 1087/3177/9 1084/3178/9
f 1074/3179/169 1075/3180/169 1085/3001/169 1086/3000/169
f 1075/3181/105 1079/3182/105 1084/3183/105 1085/3184/105
f 1090/3185/9 1091/3186/9 1088/3187/9 1089/3188/9
f 1082/3189/93 1083/3190/93 1089/3191/93 1088/3192/93
f 1083/3193/105 1084/3194/105 1090/3195/105 1089/3196/105
f 1084/3197/27 1087/3198/27 1091/3199/27 1090/3200/27
f 1092/3201/93 1093/3202/93 1095/3203/93 1094/3204/93
f 1100/3205/9 1101/3206/9 1099/3207/9 1098/3208/9
f 1098/3209/27 1099/3210/27 1097/3211/27 1096/3212/27
f 1102/3213/169 1103/3214/169 1093/3215/169 1092/3216/169
f 1100/3217/142 1098/3218/142 1096/2483/142 1102/2482/142
f 1101/3219/105 1095/3220/105 1093/3221/105 1103/3222/105
f 1099/3223/105 1101/3224/105 1103/3225/105 1097/3217/105
f 1094/3226/142 1100/3227/142 1102/3228/142 1092/3229/142
f 1109/3230/27 1108/3231/27 1104/3232/27 1105/3233/27
f 1094/3234/9 1095/3235/9 1101/3236/9 1100/3237/9
f 1105/3029/169 1104/3028/169 1107/3238/169 1106/3239/169
f 1117/3240/105 1116/3241/105 1115/3242/105 1112/3243/105
f 1110/3244/142 1109/3245/142 1105/3246/142 1106/3247/142
f 1108/3248/105 1111/3249/105 1107/3245/105 1104/3250/105
f 1097/3251/105 1103/3252/105 1111/3253/105 1108/3254/105
f 1102/3255/142 1096/3251/142 1109/3254/142 1110/3256/142
f 1103/3257/93 1102/3258/93 1110/3259/93 1111/3260/93
f 1096/3261/27 1097/3262/27 1108/3263/27 1109/3264/27
f 1115/3265/93 1114/3266/93 1113/3267/93 1112/3268/93
f 1118/3269/169 1117/3270/169 1112/3271/169 1113/3272/169
f 1119/3273/142 1114/3274/142 1120/3275/142 1123/3276/142
f 1119/3277/142 1118/3278/142 1113/3241/142 1114/3279/142
f 1110/3280/142 1106/3281/142 1118/3282/142 1119/3283/142
f 1111/3284/9 1110/3285/9 1119/3286/9 1116/3287/9
f 1106/3288/169 1107/3289/169 1117/3290/169 1118/3291/169
f 1107/3292/105 1111/3293/105 1116/3294/105 1117/3295/105
f 1122/3296/9 1123/3297/9 1120/3298/9 1121/3299/9
f 1114/3300/93 1115/3301/93 1121/3302/93 1120/3303/93
f 1115/3304/105 1116/3305/105 1122/3306/105 1121/3307/105
f 1116/3308/27 1119/3309/27 1123/3310/27 1122/3311/27
f 1124/3312/93 1125/3313/93 1127/3314/93 1126/3315/93
f 1132/3316/9 1133/3317/9 1131/3318/9 1130/3319/9
f 1130/3320/27 1131/3321/27 1129/3322/27 1128/3323/27
f 1134/3324/169 1135/3325/169 1125/3326/169 1124/3327/169
f 1132/3328/142 1130/3329/142 1128/3330/142 1134/3331/142
f 1133/3332/105 1127/3333/105 1125/3334/105 1135/3335/105
f 1131/3336/105 1133/3337/105 1135/3338/105 1129/3328/105
f 1126/3339/142 1132/3340/142 1134/3341/142 1124/3342/142
f 1141/3343/27 1140/3344/27 1136/3345/27 1137/3346/27
f 1126/3347/9 1127/3348/9 1133/3349/9 1132/3350/9
f 1137/3239/169 1136/3238/169 1139/3351/169 1138/3352/169
f 1149/3353/105 1148/3354/105 1147/3355/105 1144/3356/105
f 1142/3357/142 1141/3358/142 1137/3359/142 1138/3360/142
f 1140/3361/105 1143/3362/105 1139/3360/105 1136/3363/105
f 1129/3364/105 1135/3365/105 1143/3366/105 1140/3367/105
f 1134/3368/142 1128/3364/142 1141/3367/142 1142/3369/142
f 1135/2942/93 1134/2941/93 1142/3370/93 1143/3371/93
f 1128/3372/27 1129/3373/27 1140/3374/27 1141/3375/27
f 1147/3376/93 1146/3377/93 1145/3266/93 1144/3265/93
f 1150/3378/169 1149/3379/169 1144/3380/169 1145/3381/169
f 1151/2120/142 1146/3382/142 1152/3383/142 1155/2117/142
f 1151/3384/142 1150/3385/142 1145/3354/142 1146/3386/142
f 1142/3387/142 1138/3388/142 1150/3389/142 1151/3390/142
f 1143/3391/9 1142/3392/9 1151/3393/9 1148/3394/9
f 1138/3395/169 1139/3396/169 1149/3025/169 1150/3024/169
f 1139/3397/105 1143/3398/105 1148/3399/105 1149/3400/105
f 1154/3401/9 1155/3402/9 1152/3403/9 1153/3404/9
f 1146/3405/93 1147/3406/93 1153/3407/93 1152/3408/93
f 1147/3382/105 1148/3409/105 1154/3410/105 1153/3383/105
f 1148/3411/27 1151/3412/27 1155/3413/27 1154/3414/27
f 1156/3204/93 1157/3203/93 1159/3415/93 1158/3416/93
f 1164/3417/9 1165/3418/9 1163/3419/9 1162/3420/9
f 1162/3421/27 1163/3422/27 1161/3423/27 1160/3424/27
f 1166/3425/169 1167/3426/169 1157/3427/169 1156/3428/169
f 1164/3429/142 1162/3430/142 1160/3431/142 1166/3432/142
f 1165/3433/105 1159/3434/105 1157/3435/105 1167/3436/105
f 1163/3437/105 1165/3438/105 1167/3439/105 1161/3440/105
f 1158/3441/142 1164/3442/142 1166/3443/142 1156/3444/142
f 1173/3445/27 1172/3446/27 1168/3447/27 1169/3448/27
f 1158/3449/9 1159/3450/9 1165/3451/9 1164/3452/9
f 1169/3453/169 1168/3454/169 1171/3455/169 1170/3456/169
f 1181/3457/105 1180/3458/105 1179/3459/105 1176/3460/105
f 1174/3461/142 1173/3462/142 1169/1952/142 1170/1951/142
f 1172/3463/105 1175/3464/105 1171/3462/105 1168/3461/105
f 1161/3465/105 1167/3466/105 1175/3467/105 1172/3468/105
f 1166/3469/142 1160/3465/142 1173/3468/142 1174/3470/142
f 1167/3471/93 1166/3472/93 1174/3473/93 1175/3474/93
f 1160/3475/27 1161/3476/27 1172/3477/27 1173/3478/27
f 1179/3479/93 1178/3480/93 1177/3377/93 1176/3376/93
f 1182/3272/169 1181/3271/169 1176/3481/169 1177/3482/169
f 1183/3483/142 1178/3484/142 1184/3485/142 1187/3486/142
f 1183/3487/142 1182/3488/142 1177/3458/142 1178/3489/142
f 1174/3490/142 1170/3491/142 1182/3492/142 1183/3493/142
f 1175/3494/9 1174/3495/9 1183/3496/9 1180/3257/9
f 1170/3497/169 1171/3498/169 1181/3499/169 1182/3500/169
f 1171/3501/105 1175/2330/105 1180/3502/105 1181/3503/105
f 1186/3188/9 1187/3187/9 1184/3504/9 1185/3505/9
f 1178/3506/93 1179/3507/93 1185/3508/93 1184/3509/93
f 1179/3484/105 1180/3510/105 1186/3511/105 1185/3512/105
f 1180/3513/27 1183/3514/27 1187/3515/27 1186/3516/27
f 1188/3098/93 1189/3097/93 1191/3517/93 1190/3518/93
f 1196/3319/9 1197/3318/9 1195/3519/9 1194/3520/9
f 1194/3521/27 1195/3522/27 1193/3523/27 1192/3524/27
f 1198/2916/169 1199/2915/169 1189/3525/169 1188/3526/169
f 1196/3527/142 1194/3528/142 1192/3529/142 1198/3530/142
f 1197/3531/105 1191/3532/105 1189/3533/105 1199/3534/105
f 1195/3535/105 1197/3536/105 1199/3537/105 1193/3538/105
f 1190/3539/142 1196/3540/142 1198/3541/142 1188/3542/142
f 1205/3543/27 1204/3544/27 1200/3545/27 1201/3546/27
f 1190/3547/9 1191/3548/9 1197/3549/9 1196/3550/9
f 1201/3352/169 1200/3351/169 1203/3551/169 1202/3552/169
f 1213/3553/105 1212/3554/105 1211/3555/105 1208/3556/105
f 1206/3557/142 1205/3558/142 1201/3559/142 1202/3560/142
f 1204/2932/105 1207/2931/105 1203/3561/105 1200/3562/105
f 1193/3563/105 1199/2937/105 1207/2938/105 1204/3564/105
f 1198/3565/142 1192/3563/142 1205/3564/142 1206/3566/142
f 1199/3567/93 1198/3568/93 1206/2381/93 1207/3569/93
f 1192/3570/27 1193/3571/27 1204/3572/27 1205/3573/27
f 1211/3574/93 1210/3575/93 1209/3576/93 1208/3577/93
f 1214/3578/169 1213/3579/169 1208/3580/169 1209/3581/169
f 1215/3582/142 1210/3583/142 1216/3584/142 1219/3585/142
f 1215/3586/142 1214/3587/142 1209/3588/142 1210/3589/142
f 1206/3590/142 1202/3591/142 1214/3592/142 1215/3593/142
f 1207/3594/9 1206/3595/9 1215/3596/9 1212/3597/9
f 1202/3598/169 1203/3599/169 1213/3600/169 1214/3601/169
f 1203/3602/105 1207/3603/105 1212/3604/105 1213/3605/105
f 1218/3606/9 1219/3607/9 1216/3608/9 1217/3609/9
f 1210/3610/93 1211/3611/93 1217/3612/93 1216/3613/93
f 1211/3614/105 1212/3615/105 1218/3616/105 1217/3617/105
f 1212/3618/27 1215/3619/27 1219/3620/27 1218/3621/27
f 1220/3622/93 1221/3623/93 1223/3624/93 1222/3625/93
f 1228/3520/9 1229/3519/9 1227/3626/9 1226/3627/9
f 1226/3628/27 1227/3629/27 1225/3630/27 1224/3631/27
f 1230/3632/169 1231/3633/169 1221/3634/169 1220/3635/169
f 1228/3636/142 1226/3637/142 1224/3638/142 1230/3639/142
f 1229/3640/105 1223/3641/105 1221/3642/105 1231/3643/105
f 1227/3644/105 1229/3645/105 1231/3637/105 1225/3636/105
f 1222/3641/142 1228/3646/142 1230/3647/142 1220/3648/142
f 1237/3023/27 1236/3022/27 1232/3649/27 1233/3650/27
f 1222/3651/9 1223/3449/9 1229/3452/9 1228/3652/9
f 1233/3552/169 1232/3551/169 1235/3653/169 1234/3654/169
f 1245/3655/105 1244/3656/105 1243/3657/105 1240/3658/105
f 1238/3041/142 1237/3659/142 1233/3660/142 1234/3661/142
f 1236/3661/105 1239/3660/105 1235/3662/105 1232/3663/105
f 1225/3664/105 1231/3665/105 1239/3666/105 1236/3667/105
f 1230/3668/142 1224/3664/142 1237/3667/142 1238/3669/142
f 1231/3670/93 1230/3671/93 1238/3672/93 1239/3673/93
f 1224/3674/27 1225/3675/27 1236/3676/27 1237/3677/27
f 1243/3678/93 1242/3679/93 1241/3680/93 1240/3681/93
f 1246/3165/169 1245/3164/169 1240/3682/169 1241/3683/169
f 1247/3684/142 1242/3685/142 1248/3686/142 1251/3687/142
f 1247/3688/142 1246/3689/142 1241/3690/142 1242/3691/142
f 1238/3692/142 1234/1100/142 1246/1103/142 1247/3693/142
f 1239/3694/9 1238/3695/9 1247/3696/9 1244/3697/9
f 1234/3698/169 1235/3699/169 1245/3700/169 1246/3701/169
f 1235/3702/105 1239/3703/105 1244/3704/105 1245/3705/105
f 1250/3706/9 1251/3707/9 1248/3708/9 1249/3709/9
f 1242/3710/93 1243/3711/93 1249/3712/93 1248/3713/93
f 1243/3714/105 1244/3715/105 1250/3716/105 1249/3717/105
f 1244/3718/27 1247/3719/27 1251/3720/27 1250/3721/27
f 1252/3518/93 1253/3517/93 1255/3722/93 1254/3723/93
f 1260/3420/9 1261/3419/9 1259/3724/9 1258/3725/9
f 1258/3524/27 1259/3523/27 1257/3726/27 1256/3727/27
f 1262/3728/169 1263/3729/169 1253/3730/169 1252/3731/169
f 1260/3732/142 1258/3733/142 1256/3734/142 1262/3735/142
f 1261/3736/105 1255/3737/105 1253/3738/105 1263/3539/105
f 1259/3739/105 1261/3740/105 1263/3741/105 1257/3742/105
f 1254/3743/142 1260/3744/142 1262/3745/142 1252/3746/142
f 1269/3128/27 1268/3127/27 1264/3747/27 1265/3748/27
f 1254/3291/9 1255/3290/9 1261/3749/9 1260/3750/9
f 1265/3751/169 1264/3752/169 1267/3753/169 1266/3754/169
f 1277/3755/105 1276/3756/105 1275/3757/105 1272/3758/105
f 1270/3759/142 1269/3760/142 1265/3761/142 1266/3762/142
f 1268/3763/105 1271/3764/105 1267/3760/105 1264/3759/105
f 1257/3765/105 1263/3766/105 1271/3767/105 1268/3768/105
f 1262/3769/142 1256/3770/142 1269/3771/142 1270/3772/142
f 1263/3773/93 1262/3774/93 1270/3775/93 1271/3776/93
f 1256/3777/27 1257/1218/27 1268/3778/27 1269/3779/27
f 1275/3780/93 1274/3781/93 1273/3782/93 1272/3783/93
f 1278/3581/169 1277/3580/169 1272/3784/169 1273/3785/169
f 1279/3786/142 1274/3787/142 1280/3788/142 1283/3789/142
f 1279/3790/142 1278/3791/142 1273/3792/142 1274/3793/142
f 1270/3794/142 1266/3795/142 1278/3796/142 1279/3797/142
f 1271/3798/9 1270/3799/9 1279/3800/9 1276/3801/9
f 1266/3802/169 1267/3803/169 1277/3130/169 1278/3129/169
f 1267/3804/105 1271/3805/105 1276/3806/105 1277/3807/105
f 1282/3808/9 1283/3809/9 1280/3707/9 1281/3706/9
f 1274/3810/93 1275/3811/93 1281/3812/93 1280/3813/93
f 1275/3814/105 1276/3815/105 1282/3816/105 1281/3817/105
f 1276/3818/27 1279/3819/27 1283/3820/27 1282/3821/27
f 1284/3625/93 1285/3624/93 1287/3822/93 1286/3823/93
f 1292/3725/9 1293/3724/9 1291/3824/9 1290/3825/9
f 1290/3826/27 1291/3827/27 1289/3828/27 1288/3829/27
f 1294/3830/169 1295/3500/169 1285/3831/169 1284/3832/169
f 1292/3833/142 1290/3834/142 1288/3536/142 1294/3535/142
f 1293/3835/105 1287/3836/105 1285/3837/105 1295/3838/105
f 1291/3839/105 1293/3840/105 1295/3834/105 1289/3833/105
f 1286/3841/142 1292/3842/142 1294/3843/142 1284/3844/142
f 1301/3845/27 1300/3846/27 1296/3847/27 1297/3848/27
f 1286/1388/9 1287/3849/9 1293/3850/9 1292/3851/9
f 1297/3654/169 1296/3653/169 1299/3852/169 1298/3853/169
f 1309/3854/105 1308/3855/105 1307/3856/105 1304/3857/105
f 1302/3858/142 1301/3859/142 1297/3860/142 1298/3861/142
f 1300/3862/105 1303/3863/105 1299/3864/105 1296/3865/105
f 1289/3866/105 1295/3867/105 1303/3868/105 1300/3869/105
f 1294/3870/142 1288/3866/142 1301/3869/142 1302/3871/142
f 1295/3872/93 1294/3873/93 1302/3874/93 1303/3875/93
f 1288/3876/27 1289/3877/27 1300/3878/27 1301/3879/27
f 1307/3880/93 1306/3881/93 1305/3679/93 1304/3678/93
f 1310/3683/169 1309/3682/169 1304/3882/169 1305/3883/169
f 1311/3884/142 1306/3885/142 1312/3886/142 1315/3887/142
f 1311/3888/142 1310/3889/142 1305/3890/142 1306/3891/142
f 1302/3892/142 1298/3893/142 1310/3894/142 1311/3895/142
f 1303/3896/9 1302/3897/9 1311/3898/9 1308/3899/9
f 1298/3900/169 1299/3901/169 1309/3902/169 1310/3903/169
f 1299/3904/105 1303/3806/105 1308/3805/105 1309/3905/105
f 1314/3906/9 1315/3907/9 1312/3809/9 1313/3808/9
f 1306/3908/93 1307/3909/93 1313/3910/93 1312/3911/93
f 1307/3885/105 1308/3912/105 1314/3913/105 1313/3886/105
f 1308/3516/27 1311/3914/27 1315/3915/27 1314/3308/27
f 1316/3823/93 1317/3822/93 1319/3916/93 1318/3917/93
f 1324/3825/9 1325/3824/9 1323/3918/9 1322/3919/9
f 1322/3920/27 1323/3921/27 1321/3922/27 1320/3923/27
f 1326/3027/169 1327/3026/169 1317/3924/169 1316/3925/169
f 1324/3926/142 1322/3927/142 1320/3928/142 1326/3929/142
f 1325/3930/105 1319/3931/105 1317/3932/105 1327/3933/105
f 1323/3934/105 1325/3935/105 1327/3936/105 1321/3937/105
f 1318/3938/142 1324/3939/142 1326/3940/142 1316/3941/142
f 1333/3848/27 1332/3942/27 1328/3943/27 1329/3944/27
f 1318/3945/9 1319/3946/9 1325/3947/9 1324/3948/9
f 1329/3853/169 1328/3852/169 1331/3949/169 1330/3950/169
f 1341/3951/105 1340/3952/105 1339/3953/105 1336/3954/105
f 1334/3955/142 1333/3956/142 1329/3957/142 1330/3958/142
f 1332/3959/105 1335/3960/105 1331/3961/105 1328/3962/105
f 1321/3963/105 1327/3565/105 1335/3566/105 1332/3964/105
f 1326/3965/142 1320/3963/142 1333/3964/142 1334/3966/142
f 1327/3371/93 1326/3370/93 1334/3967/93 1335/3968/93
f 1320/3969/27 1321/3970/27 1332/3971/27 1333/3972/27
f 1339/3973/93 1338/3974/93 1337/3975/93 1336/3976/93
f 1342/3785/169 1341/3784/169 1336/3977/169 1337/3978/169
f 1343/3979/142 1338/3980/142 1344/3981/142 1347/3982/142
f 1343/3983/142 1342/3984/142 1337/3952/142 1338/3985/142
f 1334/3986/142 1330/3987/142 1342/3988/142 1343/3989/142
f 1335/3990/9 1334/3991/9 1343/3992/9 1340/3993/9
f 1330/3994/169 1331/3995/169 1341/3996/169 1342/3997/169
f 1331/3998/105 1335/3999/105 1340/4000/105 1341/4001/105
f 1346/4002/9 1347/4003/9 1344/4004/9 1345/4005/9
f 1338/4006/93 1339/4007/93 1345/4008/93 1344/4009/93
f 1339/3980/105 1340/4010/105 1346/4011/105 1345/3981/105
f 1340/4012/27 1343/4013/27 1347/4014/27 1346/4015/27
f 1348/3416/93 1349/3415/93 1351/4016/93 1350/4017/93
f 1356/4018/9 1357/4019/9 1355/4020/9 1354/4021/9
f 1354/4022/27 1355/4023/27 1353/4024/27 1352/4025/27
f 1358/4026/169 1359/4027/169 1349/4028/169 1348/4029/169
f 1356/4030/142 1354/4031/142 1352/4032/142 1358/3839/142
f 1357/4033/105 1351/4034/105 1349/4035/105 1359/3122/105
f 1355/4036/105 1357/4037/105 1359/4038/105 1353/4030/105
f 1350/4039/142 1356/4040/142 1358/4041/142 1348/4042/142
f 1365/4043/27 1364/4044/27 1360/4045/27 1361/4046/27
f 1350/4047/9 1351/4048/9 1357/4049/9 1356/4050/9
f 1361/3754/169 1360/3753/169 1363/4051/169 1362/4052/169
f 1373/4053/105 1372/4054/105 1371/4055/105 1368/4056/105
f 1366/4057/142 1365/4058/142 1361/4059/142 1362/4060/142
f 1364/4061/105 1367/4062/105 1363/4063/105 1360/4064/105
f 1353/4065/105 1359/4066/105 1367/4067/105 1364/4068/105
f 1358/4069/142 1352/4070/142 1365/4071/142 1366/4072/142
f 1359/4073/93 1358/4074/93 1366/4075/93 1367/4076/93
f 1352/4077/27 1353/4078/27 1364/4079/27 1365/4080/27
f 1371/4081/93 1370/4082/93 1369/4083/93 1368/4084/93
f 1374/4085/169 1373/4086/169 1368/4087/169 1369/4088/169
f 1375/4089/142 1370/4090/142 1376/4091/142 1379/4092/142
f 1375/4093/142 1374/4094/142 1369/4095/142 1370/4096/142
f 1366/4097/142 1362/4098/142 1374/4099/142 1375/4100/142
f 1367/4101/9 1366/4102/9 1375/4103/9 1372/4104/9
f 1362/4105/169 1363/4106/169 1373/4107/169 1374/4108/169
f 1363/4098/105 1367/4109/105 1372/4110/105 1373/4111/105
f 1378/4112/9 1379/4113/9 1376/3907/9 1377/3906/9
f 1370/4114/93 1371/4115/93 1377/4116/93 1376/4117/93
f 1371/4090/105 1372/4118/105 1378/4119/105 1377/4120/105
f 1372/4121/27 1375/4122/27 1379/3514/27 1378/3513/27
f 1380/3727/27 1381/3726/27 1383/4123/27 1382/4124/27
f 1388/4125/169 1389/4126/169 1387/4127/169 1386/4128/169
f 1386/3723/93 1387/3722/93 1385/4129/93 1384/4130/93
f 1390/4131/9 1391/4132/9 1381/4133/9 1380/4134/9
f 1388/4135/142 1386/4136/142 1384/4137/142 1390/4138/142
f 1389/4139/105 1383/4140/105 1381/4141/105 1391/4142/105
f 1387/4143/105 1389/4144/105 1391/4145/105 1385/4146/105
f 1382/4142/142 1388/4141/142 1390/4147/142 1380/4148/142
f 1397/4149/93 1396/4150/93 1392/4151/93 1393/4152/93
f 1382/4153/169 1383/4154/169 1389/4155/169 1388/4156/169
f 1393/4157/9 1392/4158/9 1395/4159/9 1394/4160/9
f 1405/4161/105 1404/4162/105 1403/4163/105 1400/4164/105
f 1398/4165/142 1397/4166/142 1393/4167/142 1394/4168/142
f 1396/4168/105 1399/4167/105 1395/4169/105 1392/4170/105
f 1385/4171/105 1391/4172/105 1399/4173/105 1396/4174/105
f 1390/4172/142 1384/4175/142 1397/4176/142 1398/4173/142
f 1391/4177/27 1390/4178/27 1398/1326/27 1399/4179/27
f 1384/4180/93 1385/4181/93 1396/4182/93 1397/4183/93
f 1403/4184/27 1402/4185/27 1401/4186/27 1400/4187/27
f 1406/4188/9 1405/4189/9 1400/4190/9 1401/4191/9
f 1407/4192/142 1402/4193/142 1408/4194/142 1411/4195/142
f 1407/4196/142 1406/4197/142 1401/4198/142 1402/4199/142
f 1398/4200/142 1394/4201/142 1406/4202/142 1407/4203/142
f 1399/4204/169 1398/4205/169 1407/4206/169 1404/4207/169
f 1394/4208/9 1395/4209/9 1405/4210/9 1406/4211/9
f 1395/4212/105 1399/4213/105 1404/4214/105 1405/4215/105
f 1410/4216/169 1411/4217/169 1408/4218/169 1409/4219/169
f 1402/4220/27 1403/4221/27 1409/4222/27 1408/4223/27
f 1403/4224/105 1404/4192/105 1410/4195/105 1409/4225/105
f 1404/4226/93 1407/4227/93 1411/4228/93 1410/4229/93
f 1412/4025/27 1413/4024/27 1415/4230/27 1414/4231/27
f 1420/3950/169 1421/3949/169 1419/4232/169 1418/4233/169
f 1418/3917/93 1419/3916/93 1417/4234/93 1416/4235/93
f 1422/4236/9 1423/4237/9 1413/4238/9 1412/4239/9
f 1420/4037/142 1418/4036/142 1416/4240/142 1422/4241/142
f 1421/4242/105 1415/4243/105 1413/4244/105 1423/4245/105
f 1419/4241/105 1421/4240/105 1423/4246/105 1417/4247/105
f 1414/4245/142 1420/4248/142 1422/4249/142 1412/4250/142
f 1429/4251/93 1428/4252/93 1424/4253/93 1425/4254/93
f 1414/4255/169 1415/4256/169 1421/4257/169 1420/4258/169
f 1425/4021/9 1424/4020/9 1427/4259/9 1426/4260/9
f 1437/4261/105 1436/4262/105 1435/4263/105 1432/4264/105
f 1430/4265/142 1429/4266/142 1425/4267/142 1426/4268/142
f 1428/4266/105 1431/4265/105 1427/4269/105 1424/4270/105
f 1417/4271/105 1423/4272/105 1431/4273/105 1428/4274/105
f 1422/4275/142 1416/4276/142 1429/4277/142 1430/4278/142
f 1423/4279/27 1422/4280/27 1430/4281/27 1431/4282/27
f 1416/4283/93 1417/4284/93 1428/4285/93 1429/4286/93
f 1435/4287/27 1434/4288/27 1433/4289/27 1432/4290/27
f 1438/3186/9 1437/3185/9 1432/4291/9 1433/4292/9
f 1439/4293/142 1434/4294/142 1440/4295/142 1443/4296/142
f 1439/4297/142 1438/4298/142 1433/4299/142 1434/4300/142
f 1430/3905/142 1426/4301/142 1438/4302/142 1439/3904/142
f 1431/4303/169 1430/4304/169 1439/4305/169 1436/4306/169
f 1426/4307/9 1427/4308/9 1437/4309/9 1438/4310/9
f 1427/4311/105 1431/4312/105 1436/4313/105 1437/4314/105
f 1442/4315/169 1443/4316/169 1440/3883/169 1441/3882/169
f 1434/4317/27 1435/4318/27 1441/4319/27 1440/4320/27
f 1435/4321/105 1436/4322/105 1442/4323/105 1441/4324/105
f 1436/4325/93 1439/4326/93 1443/4327/93 1442/4328/93
f 1444/4329/27 1445/4330/27 1447/4331/27 1446/4332/27
f 1452/4333/169 1453/4334/169 1451/4335/169 1450/4336/169
f 1450/4235/93 1451/4234/93 1449/4337/93 1448/4338/93
f 1454/4339/9 1455/4340/9 1445/4341/9 1444/4342/9
f 1452/4343/142 1450/4344/142 1448/4146/142 1454/4145/142
f 1453/4345/105 1447/4346/105 1445/4347/105 1455/4348/105
f 1451/4349/105 1453/4350/105 1455/4351/105 1449/4352/105
f 1446/4353/142 1452/4354/142 1454/4355/142 1444/4356/142
f 1461/4357/93 1460/4358/93 1456/4359/93 1457/4360/93
f 1446/4361/169 1447/4362/169 1453/4363/169 1452/4364/169
f 1457/4365/9 1456/4366/9 1459/4367/9 1458/4368/9
f 1469/4369/105 1468/3790/105 1467/3793/105 1464/4370/105
f 1462/4371/142 1461/4169/142 1457/4372/142 1458/4373/142
f 1460/4374/105 1463/4375/105 1459/4376/105 1456/4377/105
f 1449/4378/105 1455/4379/105 1463/4380/105 1460/4381/105
f 1454/4382/142 1448/4383/142 1461/4384/142 1462/4385/142
f 1455/4386/27 1454/4387/27 1462/4388/27 1463/4389/27
f 1448/4390/93 1449/2246/93 1460/4207/93 1461/4206/93
f 1467/4391/27 1466/4392/27 1465/4393/27 1464/4394/27
f 1470/4191/9 1469/4190/9 1464/4395/9 1465/4396/9
f 1471/4397/142 1466/4398/142 1472/4399/142 1475/4400/142
f 1471/4401/142 1470/4402/142 1465/4403/142 1466/4404/142
f 1462/4405/142 1458/4406/142 1470/4407/142 1471/4408/142
f 1463/4409/169 1462/4410/169 1471/4411/169 1468/4412/169
f 1458/4413/9 1459/4414/9 1469/4415/9 1470/4416/9
f 1459/4417/105 1463/4418/105 1468/4419/105 1469/4420/105
f 1474/4421/169 1475/4422/169 1472/4217/169 1473/4216/169
f 1466/4423/27 1467/4424/27 1473/4425/27 1472/4426/27
f 1467/4427/105 1468/4397/105 1474/4428/105 1473/4429/105
f 1468/4430/93 1471/4431/93 1475/4432/93 1474/4433/93
f 1476/4434/27 1477/4435/27 1479/4436/27 1478/4437/27
f 1484/4233/169 1485/4232/169 1483/4438/169 1482/4439/169
f 1482/4440/93 1483/4441/93 1481/4442/93 1480/4443/93
f 1486/4444/9 1487/4445/9 1477/4446/9 1476/4447/9
f 1484/4448/142 1482/4449/142 1480/4450/142 1486/4451/142
f 1485/3442/105 1479/4452/105 1477/4453/105 1487/4454/105
f 1483/4455/105 1485/4456/105 1487/4457/105 1481/4458/105
f 1478/4459/142 1484/4460/142 1486/4461/142 1476/4462/142
f 1493/4463/93 1492/4464/93 1488/4465/93 1489/4466/93
f 1478/4467/169 1479/4468/169 1485/4469/169 1484/4470/169
f 1489/4260/9 1488/4259/9 1491/4471/9 1490/4472/9
f 1501/4473/105 1500/4474/105 1499/4475/105 1496/4476/105
f 1494/4477/142 1493/4478/142 1489/4479/142 1490/4480/142
f 1492/4481/105 1495/4482/105 1491/4483/105 1488/4484/105
f 1481/4485/105 1487/4486/105 1495/4487/105 1492/4488/105
f 1486/4486/142 1480/4489/142 1493/4490/142 1494/4487/142
f 1487/4491/27 1486/4492/27 1494/4493/27 1495/4494/27
f 1480/4495/93 1481/4496/93 1492/4497/93 1493/4498/93
f 1499/4499/27 1498/4500/27 1497/4501/27 1496/4391/27
f 1502/4502/9 1501/4503/9 1496/4504/9 1497/4505/9
f 1503/4506/142 1498/4119/142 1504/4118/142 1507/4507/142
f 1503/4476/142 1502/4508/142 1497/4509/142 1498/4473/142
f 1494/4510/142 1490/4511/142 1502/4512/142 1503/4513/142
f 1495/4514/169 1494/4515/169 1503/4516/169 1500/4286/169
f 1490/4517/9 1491/4518/9 1501/4519/9 1502/4520/9
f 1491/4521/105 1495/4522/105 1500/4523/105 1501/4524/105
f 1506/4525/169 1507/4526/169 1504/4422/169 1505/4421/169
f 1498/4527/27 1499/4528/27 1505/4529/27 1504/4530/27
f 1499/4531/105 1500/4506/105 1506/4507/105 1505/4532/105
f 1500/4533/93 1503/4534/93 1507/4535/93 1506/4536/93
f 1508/4537/27 1509/4538/27 1511/3422/27 1510/3421/27
f 1516/4439/169 1517/4438/169 1515/4539/169 1514/4540/169
f 1514/4541/93 1515/4542/93 1513/3313/93 1512/3312/93
f 1518/4543/9 1519/4544/9 1509/4545/9 1508/4546/9
f 1516/4547/142 1514/4548/142 1512/4549/142 1518/4550/142
f 1517/4551/105 1511/4552/105 1509/4553/105 1519/4554/105
f 1515/4555/105 1517/4556/105 1519/4557/105 1513/4558/105
f 1510/4559/142 1516/4560/142 1518/4554/142 1508/4553/142
f 1525/4561/93 1524/4562/93 1520/4563/93 1521/4564/93
f 1510/4565/169 1511/4566/169 1517/4567/169 1516/4568/169
f 1521/4472/9 1520/4471/9 1523/4569/9 1522/4570/9
f 1533/4571/105 1532/4572/105 1531/4573/105 1528/4574/105
f 1526/4575/142 1525/4576/142 1521/4577/142 1522/4578/142
f 1524/4579/105 1527/4575/105 1523/4580/105 1520/4581/105
f 1513/4582/105 1519/4583/105 1527/4584/105 1524/4585/105
f 1518/4583/142 1512/4586/142 1525/4587/142 1526/4584/142
f 1519/4588/27 1518/4589/27 1526/4590/27 1527/4591/27
f 1512/4592/93 1513/4593/93 1524/4594/93 1525/4595/93
f 1531/4596/27 1530/4597/27 1529/4046/27 1528/4045/27
f 1534/4598/9 1533/4599/9 1528/4600/9 1529/4601/9
f 1535/4602/142 1530/4603/142 1536/4604/142 1539/4605/142
f 1535/4574/142 1534/4606/142 1529/4607/142 1530/4608/142
f 1526/4609/142 1522/4610/142 1534/4611/142 1535/4612/142
f 1527/4613/169 1526/4614/169 1535/4498/169 1532/4497/169
f 1522/4615/9 1523/4616/9 1533/4617/9 1534/4618/9
f 1523/4619/105 1527/4620/105 1532/4621/105 1533/4622/105
f 1538/4623/169 1539/4624/169 1536/4526/169 1537/4525/169
f 1530/4625/27 1531/4626/27 1537/4627/27 1536/4628/27
f 1531/4629/105 1532/4630/105 1538/4631/105 1537/4632/105
f 1532/3507/93 1535/3506/93 1539/4633/93 1538/4634/93
f 1540/4635/27 1541/4636/27 1543/4637/27 1542/4638/27
f 1548/4540/169 1549/4539/169 1547/4639/169 1546/4640/169
f 1546/4641/93 1547/4642/93 1545/4643/93 1544/4644/93
f 1550/4645/9 1551/4646/9 1541/4647/9 1540/4648/9
f 1548/4649/142 1546/4650/142 1544/4651/142 1550/4652/142
f 1549/4653/105 1543/4654/105 1541/4655/105 1551/4656/105
f 1547/4657/105 1549/4658/105 1551/4659/105 1545/4660/105
f 1542/4661/142 1548/4662/142 1550/4663/142 1540/4655/142
f 1557/4664/93 1556/4665/93 1552/4666/93 1553/4667/93
f 1542/4668/169 1543/4669/169 1549/4670/169 1548/4671/169
f 1553/4672/9 1552/4673/9 1555/4674/9 1554/4675/9
f 1565/4676/105 1564/4677/105 1563/4678/105 1560/4679/105
f 1558/4680/142 1557/4681/142 1553/4682/142 1554/4683/142
f 1556/4684/105 1559/4685/105 1555/4686/105 1552/4687/105
f 1545/4489/105 1551/4688/105 1559/4689/105 1556/4490/105
f 1550/4690/142 1544/4691/142 1557/4692/142 1558/4693/142
f 1551/4694/27 1550/4695/27 1558/4696/27 1559/2433/27
f 1544/4697/93 1545/4698/93 1556/4699/93 1557/4700/93
f 1563/4701/27 1562/4702/27 1561/4703/27 1560/4704/27
f 1566/4705/9 1565/4706/9 1560/4707/9 1561/4708/9
f 1567/4709/142 1562/4710/142 1568/4711/142 1571/4712/142
f 1567/4713/142 1566/4714/142 1561/4715/142 1562/4716/142
f 1558/4717/142 1554/4718/142 1566/4719/142 1567/4720/142
f 1559/4721/169 1558/4722/169 1567/4723/169 1564/4724/169
f 1554/4725/9 1555/4726/9 1565/4727/9 1566/4728/9
f 1555/4729/105 1559/4730/105 1564/4731/105 1565/4732/105
f 1570/4733/169 1571/4734/169 1568/4735/169 1569/4736/169
f 1562/4628/27 1563/4737/27 1569/4738/27 1568/4739/27
f 1563/4740/105 1564/4709/105 1570/4741/105 1569/4742/105
f 1564/4743/93 1567/4744/93 1571/4745/93 1570/4746/93
f 1572/4338/169 1573/4337/169 1575/4747/169 1574/4748/169
f 1580/4052/93 1581/4051/93 1579/4749/93 1578/4750/93
f 1578/3923/9 1579/3922/9 1577/4751/9 1576/4752/9
f 1582/4753/27 1583/4754/27 1573/4755/27 1572/4756/27
f 1580/4757/142 1578/4758/142 1576/4759/142 1582/4760/142
f 1581/4761/105 1575/4762/105 1573/4763/105 1583/4764/105
f 1579/4765/105 1581/4766/105 1583/4767/105 1577/4768/105
f 1574/4769/142 1580/4770/142 1582/4764/142 1572/4763/142
f 1589/4771/9 1588/4772/9 1584/4773/9 1585/4774/9
f 1574/4775/93 1575/4776/93 1581/4777/93 1580/4778/93
f 1585/4779/27 1584/4780/27 1587/4781/27 1586/4782/27
f 1597/4783/105 1596/4784/105 1595/4785/105 1592/4786/105
f 1590/4787/142 1589/4788/142 1585/3764/142 1586/4789/142
f 1588/4788/105 1591/4787/105 1587/4790/105 1584/4791/105
f 1577/4792/105 1583/4793/105 1591/4794/105 1588/4795/105
f 1582/4796/142 1576/4797/142 1589/4798/142 1590/4799/142
f 1583/4286/169 1582/4516/169 1590/4800/169 1591/4283/169
f 1576/4801/9 1577/4802/9 1588/4803/9 1589/4804/9
f 1595/4805/169 1594/4806/169 1593/4564/169 1592/4563/169
f 1598/4807/27 1597/4808/27 1592/4809/27 1593/4810/27
f 1599/4811/142 1594/4812/142 1600/4813/142 1603/4814/142
f 1599/4815/142 1598/4816/142 1593/4817/142 1594/4818/142
f 1590/4819/142 1586/4820/142 1598/4821/142 1599/4822/142
f 1591/4823/93 1590/4824/93 1599/4825/93 1596/4826/93
f 1586/4827/27 1587/4828/27 1597/4829/27 1598/4830/27
f 1587/4831/105 1591/4819/105 1596/4822/105 1597/4832/105
f 1602/4833/93 1603/4834/93 1600/3482/93 1601/3481/93
f 1594/4835/169 1595/4836/169 1601/4837/169 1600/4838/169
f 1595/4814/105 1596/4839/105 1602/4840/105 1601/4811/105
f 1596/4841/9 1599/4842/9 1603/4843/9 1602/4844/9
f 1604/4748/169 1605/4747/169 1607/4845/169 1606/4846/169
f 1612/4640/93 1613/4639/93 1611/4847/93 1610/4848/93
f 1610/4752/9 1611/4751/9 1609/4849/9 1608/4850/9
f 1614/4614/27 1615/4613/27 1605/4851/27 1604/4852/27
f 1612/4853/142 1610/4854/142 1608/4855/142 1614/2795/142
f 1613/4856/105 1607/4857/105 1605/4858/105 1615/4859/105
f 1611/4860/105 1613/4861/105 1615/4862/105 1609/4863/105
f 1606/4864/142 1612/4865/142 1614/4866/142 1604/4867/142
f 1621/4868/9 1620/4869/9 1616/4870/9 1617/4871/9
f 1606/4872/93 1607/4873/93 1613/4874/93 1612/4875/93
f 1617/4876/27 1616/4877/27 1619/4878/27 1618/4879/27
f 1629/4880/105 1628/4881/105 1627/4882/105 1624/4883/105
f 1622/4884/142 1621/4885/142 1617/4886/142 1618/4887/142
f 1620/4888/105 1623/4889/105 1619/4890/105 1616/4891/105
f 1609/4892/105 1615/4893/105 1623/4894/105 1620/4895/105
f 1614/4896/142 1608/4897/142 1621/4898/142 1622/4899/142
f 1615/4900/169 1614/4901/169 1622/4902/169 1623/4903/169
f 1608/2855/9 1609/4904/9 1620/4905/9 1621/4906/9
f 1627/4907/169 1626/4908/169 1625/4909/169 1624/4910/169
f 1630/4911/27 1629/4912/27 1624/4913/27 1625/4914/27
f 1631/4915/142 1626/4916/142 1632/4917/142 1635/4918/142
f 1631/4919/142 1630/4880/142 1625/4883/142 1626/4920/142
f 1622/4921/142 1618/4922/142 1630/2861/142 1631/4923/142
f 1623/4924/93 1622/4925/93 1631/4926/93 1628/4927/93
f 1618/4928/27 1619/4929/27 1629/4930/27 1630/4931/27
f 1619/4932/105 1623/4933/105 1628/4934/105 1629/4935/105
f 1634/4936/93 1635/4937/93 1632/4938/93 1633/4939/93
f 1626/4940/169 1627/4941/169 1633/4942/169 1632/4943/169
f 1627/4944/105 1628/4945/105 1634/4946/105 1633/4947/105
f 1628/4948/9 1631/4949/9 1635/4950/9 1634/4951/9
f 1636/4846/169 1637/4845/169 1639/4952/169 1638/4953/169
f 1644/4954/93 1645/4955/93 1643/4956/93 1642/4957/93
f 1642/4850/9 1643/4849/9 1641/4958/9 1640/4959/9
f 1646/4960/27 1647/4961/27 1637/4962/27 1636/4963/27
f 1644/4964/142 1642/4965/142 1640/3935/142 1646/3934/142
f 1645/4966/105 1639/4967/105 1637/4968/105 1647/4969/105
f 1643/4970/105 1645/4971/105 1647/4972/105 1641/4973/105
f 1638/4974/142 1644/4975/142 1646/4976/142 1636/4977/142
f 1653/4978/9 1652/4979/9 1648/4980/9 1649/4981/9
f 1638/4982/93 1639/4983/93 1645/4984/93 1644/4985/93
f 1649/4986/27 1648/4878/27 1651/4987/27 1650/4988/27
f 1661/4989/105 1660/4990/105 1659/4991/105 1656/4992/105
f 1654/4993/142 1653/4994/142 1649/4995/142 1650/4996/142
f 1652/4994/105 1655/4993/105 1651/4997/105 1648/4998/105
f 1641/4999/105 1647/4892/105 1655/5000/105 1652/5001/105
f 1646/5001/142 1640/5002/142 1653/5003/142 1654/4999/142
f 1647/5004/169 1646/5005/169 1654/5006/169 1655/5007/169
f 1640/5008/9 1641/5009/9 1652/4616/9 1653/4615/9
f 1659/5010/169 1658/5011/169 1657/5012/169 1656/5013/169
f 1662/5014/27 1661/5015/27 1656/5016/27 1657/5017/27
f 1663/5018/142 1658/5019/142 1664/5020/142 1667/5021/142
f 1663/5022/142 1662/5023/142 1657/5024/142 1658/5025/142
f 1654/5026/142 1650/5027/142 1662/5028/142 1663/5029/142
f 1655/5030/93 1654/5031/93 1663/5032/93 1660/5033/93
f 1650/5034/27 1651/5035/27 1661/5036/27 1662/5037/27
f 1651/5038/105 1655/5039/105 1660/5040/105 1661/5041/105
f 1666/5042/93 1667/5043/93 1664/5044/93 1665/5045/93
f 1658/3090/169 1659/3089/169 1665/5046/169 1664/5047/169
f 1659/5048/105 1660/5049/105 1666/5050/105 1665/5018/105
f 1660/5051/9 1663/5052/9 1667/5053/9 1666/5054/9
f 1668/5055/170 1669/5056/170 1671/5057/170 1670/5058/170
f 1676/5059/171 1677/5060/171 1675/5061/171 1674/5062/171
f 1674/5063/172 1675/5064/172 1673/5065/172 1672/5066/172
f 1678/5067/173 1679/5068/173 1669/5069/173 1668/5070/173
f 1676/5071/142 1674/5072/142 1672/5073/142 1678/5074/142
f 1677/5075/105 1671/5076/105 1669/5077/105 1679/5078/105
f 1675/5079/105 1677/5080/105 1679/5081/105 1673/5082/105
f 1670/5083/142 1676/5084/142 1678/5085/142 1668/5086/142
f 1685/5087/172 1684/5088/172 1680/5089/172 1681/5090/172
f 1670/5091/171 1671/5092/171 1677/5093/171 1676/5094/171
f 1681/1598/173 1680/1597/173 1683/5095/173 1682/5096/173
f 1693/5097/105 1692/5098/105 1691/5099/105 1688/5100/105
f 1686/5101/142 1685/5102/142 1681/5103/142 1682/5104/142
f 1684/5105/105 1687/5106/105 1683/5107/105 1680/5108/105
f 1673/5109/105 1679/5110/105 1687/5111/105 1684/5112/105
f 1678/5113/142 1672/5114/142 1685/5115/142 1686/5116/142
f 1679/5117/170 1678/5118/170 1686/5119/170 1687/5120/170
f 1672/5121/172 1673/5122/172 1684/5123/172 1685/5124/172
f 1691/5125/170 1690/5126/170 1689/5127/170 1688/5128/170
f 1694/5129/173 1693/5130/173 1688/5131/173 1689/5132/173
f 1695/5133/142 1690/5134/142 1696/5135/142 1699/5136/142
f 1695/5137/142 1694/5138/142 1689/5139/142 1690/5140/142
f 1686/4935/142 1682/5141/142 1694/5142/142 1695/4932/142
f 1687/5143/171 1686/5144/171 1695/5145/171 1692/5146/171
f 1682/5147/173 1683/5148/173 1693/5149/173 1694/5150/173
f 1683/5151/105 1687/5152/105 1692/5153/105 1693/5154/105
f 1698/5155/171 1699/5156/171 1696/5157/171 1697/5158/171
f 1690/5159/170 1691/5160/170 1697/5161/170 1696/5162/170
f 1691/5163/105 1692/5164/105 1698/5165/105 1697/5166/105
f 1692/5167/172 1695/5168/172 1699/5169/172 1698/5170/172
f 1700/5171/172 1701/5172/172 1703/5173/172 1702/5174/172
f 1708/5175/173 1709/5176/173 1707/5177/173 1706/5178/173
f 1706/5058/170 1707/5057/170 1705/5179/170 1704/5180/170
f 1710/5181/171 1711/5182/171 1701/5183/171 1700/5184/171
f 1708/5185/142 1706/5186/142 1704/5187/142 1710/5188/142
f 1709/4460/105 1703/4459/105 1701/5189/105 1711/5190/105
f 1707/5191/105 1709/5192/105 1711/5193/105 1705/5194/105
f 1702/5195/142 1708/5196/142 1710/5197/142 1700/5198/142
f 1717/5199/170 1716/5200/170 1712/5128/170 1713/5127/170
f 1702/5201/173 1703/5202/173 1709/5203/173 1708/5204/173
f 1713/5205/171 1712/5206/171 1715/5207/171 1714/5208/171
f 1725/5209/105 1724/5210/105 1723/5211/105 1720/5212/105
f 1718/5213/142 1717/5214/142 1713/5215/142 1714/5216/142
f 1716/5217/105 1719/5218/105 1715/5219/105 1712/5220/105
f 1705/5221/105 1711/5222/105 1719/5223/105 1716/5224/105
f 1710/5225/142 1704/5226/142 1717/5227/142 1718/5228/142
f 1711/5229/172 1710/5230/172 1718/5231/172 1719/5232/172
f 1704/5233/170 1705/5234/170 1716/5235/170 1717/5236/170
f 1723/5237/172 1722/5238/172 1721/5239/172 1720/5240/172
f 1726/5241/171 1725/5242/171 1720/5243/171 1721/5244/171
f 1727/5245/142 1722/5246/142 1728/5247/142 1731/5248/142
f 1727/5249/142 1726/5250/142 1721/5251/142 1722/5252/142
f 1718/5253/142 1714/5254/142 1726/5255/142 1727/5256/142
f 1719/5257/173 1718/5258/173 1727/5259/173 1724/5260/173
f 1714/5261/171 1715/5262/171 1725/5263/171 1726/5264/171
f 1715/5265/105 1719/5266/105 1724/5267/105 1725/5268/105
f 1730/5269/173 1731/5270/173 1728/5271/173 1729/5272/173
f 1722/5273/172 1723/5274/172 1729/5275/172 1728/5276/172
f 1723/5277/105 1724/4840/105 1730/5278/105 1729/5279/105
f 1724/5280/170 1727/5281/170 1731/5282/170 1730/5283/170
f 1732/5284/172 1733/5285/172 1735/5286/172 1734/5287/172
f 1740/5288/173 1741/5289/173 1739/5290/173 1738/5291/173
f 1738/5180/170 1739/5179/170 1737/5292/170 1736/5293/170
f 1742/5294/171 1743/5295/171 1733/5296/171 1732/5297/171
f 1740/5298/142 1738/5299/142 1736/5300/142 1742/5073/142
f 1741/5301/105 1735/5302/105 1733/5303/105 1743/5304/105
f 1739/5305/105 1741/5306/105 1743/5307/105 1737/5308/105
f 1734/5309/142 1740/5310/142 1742/5311/142 1732/5312/142
f 1749/5313/170 1748/5314/170 1744/5315/170 1745/5316/170
f 1734/5317/173 1735/5318/173 1741/5319/173 1740/5320/173
f 1745/5321/171 1744/5322/171 1747/5323/171 1746/5324/171
f 1757/5325/105 1756/5326/105 1755/5327/105 1752/5328/105
f 1750/5329/142 1749/5330/142 1745/5331/142 1746/5332/142
f 1748/5333/105 1751/5334/105 1747/5335/105 1744/5336/105
f 1737/2070/105 1743/5337/105 1751/5338/105 1748/5339/105
f 1742/5340/142 1736/5341/142 1749/5342/142 1750/5343/142
f 1743/5344/172 1742/5345/172 1750/5346/172 1751/5347/172
f 1736/5348/170 1737/5349/170 1748/5350/170 1749/5351/170
f 1755/5352/172 1754/5353/172 1753/5354/172 1752/5355/172
f 1758/5244/171 1757/5243/171 1752/5356/171 1753/5357/171
f 1759/5358/142 1754/5359/142 1760/5360/142 1763/5361/142
f 1759/5362/142 1758/5363/142 1753/5364/142 1754/5365/142
f 1750/5366/142 1746/3692/142 1758/5367/142 1759/5368/142
f 1751/5369/173 1750/5370/173 1759/5371/173 1756/5372/173
f 1746/5373/171 1747/5374/171 1757/5375/171 1758/5376/171
f 1747/5377/105 1751/5378/105 1756/5379/105 1757/5380/105
f 1762/5272/173 1763/5271/173 1760/5381/173 1761/5382/173
f 1754/5383/172 1755/5384/172 1761/5385/172 1760/5386/172
f 1755/5387/105 1756/5388/105 1762/5389/105 1761/5390/105
f 1756/5391/170 1759/5392/170 1763/5393/170 1762/5394/170
f 1764/5395/172 1765/5396/172 1767/5397/172 1766/5398/172
f 1772/5399/173 1773/5400/173 1771/5401/173 1770/5402/173
f 1770/5293/170 1771/5292/170 1769/5403/170 1768/5404/170
f 1774/5405/171 1775/5406/171 1765/1366/171 1764/5407/171
f 1772/5408/142 1770/5409/142 1768/5410/142 1774/5411/142
f 1773/5412/105 1767/5413/105 1765/5414/105 1775/5415/105
f 1771/5416/105 1773/5417/105 1775/5418/105 1769/5419/105
f 1766/5420/142 1772/5421/142 1774/5415/142 1764/5422/142
f 1781/5423/170 1780/5424/170 1776/5425/170 1777/5426/170
f 1766/5427/173 1767/5428/173 1773/5429/173 1772/5430/173
f 1777/5431/171 1776/5432/171 1779/5433/171 1778/5434/171
f 1789/5435/105 1788/5436/105 1787/5437/105 1784/5438/105
f 1782/5439/142 1781/5440/142 1777/5441/142 1778/5442/142
f 1780/5443/105 1783/5105/105 1779/5444/105 1776/5445/105
f 1769/2289/105 1775/5446/105 1783/5447/105 1780/2290/105
f 1774/5448/142 1768/5449/142 1781/5450/142 1782/5451/142
f 1775/5452/172 1774/5453/172 1782/5454/172 1783/5455/172
f 1768/5456/170 1769/5457/170 1780/5458/170 1781/5459/170
f 1787/5460/172 1786/5461/172 1785/5462/172 1784/5463/172
f 1790/5464/171 1789/5465/171 1784/5466/171 1785/5467/171
f 1791/5468/142 1786/3195/142 1792/3194/142 1795/5469/142
f 1791/5470/142 1790/5471/142 1785/5472/142 1786/5473/142
f 1782/5474/142 1778/5475/142 1790/5476/142 1791/5477/142
f 1783/5478/173 1782/5479/173 1791/5480/173 1788/5481/173
f 1778/5482/171 1779/5483/171 1789/2469/171 1790/5484/171
f 1779/5485/105 1783/5486/105 1788/5487/105 1789/5488/105
f 1794/5489/173 1795/5490/173 1792/5270/173 1793/5269/173
f 1786/5491/172 1787/5492/172 1793/5493/172 1792/5494/172
f 1787/5495/105 1788/5496/105 1794/5497/105 1793/5498/105
f 1788/5499/170 1791/5500/170 1795/5392/170 1794/5391/170
f 1796/5501/170 1797/5502/170 1799/5503/170 1798/5504/170
f 1804/5434/171 1805/5433/171 1803/5505/171 1802/5506/171
f 1802/5507/172 1803/5508/172 1801/5509/172 1800/5510/172
f 1806/5511/173 1807/5512/173 1797/5513/173 1796/5514/173
f 1804/5515/142 1802/5516/142 1800/5517/142 1806/5518/142
f 1805/5519/105 1799/5520/105 1797/5521/105 1807/5522/105
f 1803/5523/105 1805/5524/105 1807/5518/105 1801/5517/105
f 1798/5525/142 1804/5526/142 1806/5527/142 1796/5528/142
f 1813/5529/172 1812/5530/172 1808/5531/172 1809/5532/172
f 1798/5533/171 1799/5534/171 1805/5535/171 1804/5536/171
f 1809/5402/173 1808/5401/173 1811/5537/173 1810/5538/173
f 1821/5539/105 1820/5540/105 1819/5541/105 1816/5542/105
f 1814/5543/142 1813/5544/142 1809/5545/142 1810/5546/142
f 1812/5547/105 1815/5548/105 1811/5549/105 1808/5550/105
f 1801/5551/105 1807/5552/105 1815/5553/105 1812/5554/105
f 1806/5555/142 1800/5556/142 1813/5557/142 1814/5558/142
f 1807/5559/170 1806/5560/170 1814/5561/170 1815/5562/170
f 1800/5563/172 1801/5564/172 1812/5565/172 1813/5566/172
f 1819/1908/170 1818/1907/170 1817/5567/170 1816/5568/170
f 1822/5490/173 1821/5489/173 1816/5130/173 1817/5129/173
f 1823/5569/142 1818/5570/142 1824/5571/142 1827/5572/142
f 1823/5573/142 1822/5574/142 1817/5575/142 1818/5576/142
f 1814/5577/142 1810/5578/142 1822/5579/142 1823/5580/142
f 1815/5581/171 1814/5582/171 1823/5583/171 1820/5584/171
f 1810/5585/173 1811/5586/173 1821/5587/173 1822/5588/173
f 1811/5589/105 1815/5590/105 1820/5591/105 1821/5592/105
f 1826/5593/171 1827/5594/171 1824/5595/171 1825/5596/171
f 1818/5597/170 1819/5598/170 1825/5599/170 1824/5600/170
f 1819/4429/105 1820/5601/105 1826/5602/105 1825/4427/105
f 1820/5603/172 1823/5604/172 1827/5605/172 1826/5606/172
f 1828/5607/170 1829/5608/170 1831/5609/170 1830/5610/170
f 1836/5611/171 1837/5612/171 1835/5613/171 1834/5614/171
f 1834/5615/172 1835/5616/172 1833/5617/172 1832/5618/172
f 1838/5619/173 1839/5620/173 1829/5512/173 1828/5511/173
f 1836/5621/142 1834/5622/142 1832/5623/142 1838/5624/142
f 1837/5625/105 1831/5626/105 1829/5627/105 1839/5628/105
f 1835/5629/105 1837/5630/105 1839/5631/105 1833/5632/105
f 1830/5633/142 1836/5634/142 1838/5635/142 1828/5636/142
f 1845/5637/172 1844/5638/172 1840/5639/172 1841/5640/172
f 1830/5641/171 1831/5642/171 1837/5643/171 1836/5644/171
f 1841/5538/173 1840/5537/173 1843/5645/173 1842/5646/173
f 1853/5647/105 1852/5648/105 1851/5649/105 1848/5650/105
f 1846/5651/142 1845/5652/142 1841/5653/142 1842/5654/142
f 1844/5655/105 1847/5656/105 1843/5657/105 1840/5658/105
f 1833/5659/105 1839/5660/105 1847/5661/105 1844/5662/105
f 1838/5663/142 1832/5664/142 1845/5665/142 1846/5666/142
f 1839/5667/170 1838/5668/170 1846/5669/170 1847/5456/170
f 1832/5670/172 1833/5671/172 1844/5672/172 1845/5673/172
f 1851/5674/170 1850/5675/170 1849/5126/170 1848/5125/170
f 1854/5676/173 1853/5677/173 1848/5678/173 1849/5679/173
f 1855/5680/142 1850/5681/142 1856/5682/142 1859/5683/142
f 1855/5684/142 1854/5685/142 1849/5686/142 1850/5687/142
f 1846/5688/142 1842/5689/142 1854/5690/142 1855/5691/142
f 1847/5692/171 1846/5693/171 1855/5694/171 1852/5695/171
f 1842/5696/173 1843/5697/173 1853/5698/173 1854/5699/173
f 1843/5700/105 1847/5701/105 1852/5702/105 1853/5703/105
f 1858/5704/171 1859/5705/171 1856/5706/171 1857/5707/171
f 1850/5708/170 1851/5709/170 1857/5160/170 1856/5159/170
f 1851/5710/105 1852/5711/105 1858/5712/105 1857/5713/105
f 1852/5714/172 1855/5715/172 1859/5716/172 1858/5717/172
f 1860/5718/169 1861/5719/169 1863/5720/169 1862/5721/169
f 1868/4750/93 1869/4749/93 1867/5722/93 1866/5723/93
f 1866/5724/9 1867/5725/9 1865/5726/9 1864/5727/9
f 1870/5728/27 1871/5729/27 1861/5730/27 1860/5731/27
f 1868/5732/142 1866/5733/142 1864/5734/142 1870/5735/142
f 1869/5736/105 1863/5737/105 1861/5738/105 1871/5739/105
f 1867/5740/105 1869/5741/105 1871/5742/105 1865/5743/105
f 1862/5744/142 1868/5745/142 1870/5746/142 1860/5747/142
f 1877/5748/9 1876/5749/9 1872/5750/9 1873/5751/9
f 1862/5752/93 1863/5753/93 1869/5754/93 1868/5755/93
f 1873/5756/27 1872/5757/27 1875/5758/27 1874/5759/27
f 1885/5760/105 1884/5761/105 1883/5762/105 1880/5763/105
f 1878/5764/142 1877/5765/142 1873/5766/142 1874/5767/142
f 1876/5765/105 1879/5764/105 1875/5768/105 1872/5769/105
f 1865/5770/105 1871/5771/105 1879/5772/105 1876/5773/105
f 1870/5774/142 1864/5775/142 1877/5776/142 1878/5777/142
f 1871/5778/169 1870/5779/169 1878/5780/169 1879/5781/169
f 1864/5782/9 1865/5783/9 1876/5784/9 1877/5785/9
f 1883/5786/169 1882/5787/169 1881/5788/169 1880/5789/169
f 1886/5790/27 1885/5791/27 1880/5792/27 1881/5793/27
f 1887/5794/142 1882/5795/142 1888/5796/142 1891/5797/142
f 1887/5798/142 1886/5799/142 1881/5800/142 1882/5801/142
f 1878/5802/142 1874/5803/142 1886/5804/142 1887/5805/142
f 1879/4237/93 1878/4236/93 1887/3049/93 1884/3048/93
f 1874/5806/27 1875/5807/27 1885/5808/27 1886/5809/27
f 1875/5810/105 1879/5811/105 1884/5812/105 1885/5813/105
f 1890/5814/93 1891/5815/93 1888/5043/93 1889/5042/93
f 1882/5816/169 1883/3189/169 1889/3192/169 1888/5817/169
f 1883/5818/105 1884/5819/105 1890/5820/105 1889/5794/105
f 1884/5821/9 1887/5822/9 1891/5823/9 1890/5824/9
f 1892/5721/169 1893/5720/169 1895/5825/169 1894/5826/169
f 1900/4957/93 1901/4956/93 1899/5827/93 1898/5828/93
f 1898/5829/9 1899/5830/9 1897/5831/9 1896/5832/9
f 1902/5833/27 1903/5834/27 1893/5835/27 1892/5836/27
f 1900/5837/142 1898/5838/142 1896/5839/142 1902/5840/142
f 1901/4865/105 1895/4864/105 1893/5841/105 1903/5842/105
f 1899/5838/105 1901/5837/105 1903/5843/105 1897/5844/105
f 1894/5845/142 1900/5846/142 1902/5842/142 1892/5841/142
f 1909/5847/9 1908/5848/9 1904/5849/9 1905/5850/9
f 1894/5851/93 1895/5852/93 1901/5853/93 1900/5854/93
f 1905/5855/27 1904/5856/27 1907/5857/27 1906/5858/27
f 1917/5859/105 1916/5860/105 1915/5861/105 1912/5862/105
f 1910/5863/142 1909/5864/142 1905/5865/142 1906/5866/142
f 1908/5867/105 1911/5868/105 1907/5869/105 1904/5870/105
f 1897/5871/105 1903/5872/105 1911/5873/105 1908/5874/105
f 1902/5874/142 1896/5875/142 1909/5876/142 1910/5871/142
f 1903/5877/169 1902/5878/169 1910/5879/169 1911/5880/169
f 1896/5881/9 1897/5882/9 1908/5883/9 1909/5884/9
f 1915/5885/169 1914/5886/169 1913/5787/169 1912/5786/169
f 1918/5887/27 1917/5888/27 1912/5889/27 1913/5890/27
f 1919/5891/142 1914/5892/142 1920/5893/142 1923/5894/142
f 1919/5895/142 1918/5896/142 1913/5897/142 1914/5898/142
f 1910/5899/142 1906/5900/142 1918/5901/142 1919/5902/142
f 1911/5903/93 1910/5904/93 1919/5905/93 1916/5906/93
f 1906/5907/27 1907/5908/27 1917/5909/27 1918/5910/27
f 1907/5911/105 1911/5899/105 1916/5902/105 1917/5912/105
f 1922/5913/93 1923/5914/93 1920/5915/93 1921/5916/93
f 1914/5917/169 1915/3610/169 1921/5918/169 1920/5919/169
f 1915/5920/105 1916/5921/105 1922/5892/105 1921/5922/105
f 1916/5923/9 1919/5924/9 1923/5822/9 1922/5821/9
f 1924/5826/169 1925/5825/169 1927/5925/169 1926/5926/169
f 1932/5927/93 1933/5928/93 1931/5929/93 1930/5930/93
f 1930/5727/9 1931/5726/9 1929/5931/9 1928/5932/9
f 1934/5933/27 1935/5934/27 1925/5935/27 1924/5936/27
f 1932/5937/142 1930/5938/142 1928/5844/142 1934/5939/142
f 1933/5846/105 1927/5845/105 1925/5940/105 1935/5941/105
f 1931/5938/105 1933/5937/105 1935/5942/105 1929/5943/105
f 1926/5944/142 1932/5945/142 1934/5941/142 1924/5940/142
f 1941/4871/9 1940/4870/9 1936/5946/9 1937/5947/9
f 1926/5948/93 1927/5949/93 1933/5950/93 1932/5951/93
f 1937/4988/27 1936/4987/27 1939/5952/27 1938/5953/27
f 1949/5954/105 1948/5955/105 1947/5685/105 1944/5956/105
f 1942/5957/142 1941/5958/142 1937/5959/142 1938/5960/142
f 1940/5958/105 1943/5957/105 1939/5961/105 1936/5962/105
f 1929/5963/105 1935/5964/105 1943/5965/105 1940/5966/105
f 1934/5966/142 1928/5967/142 1941/5968/142 1942/5963/142
f 1935/5969/169 1934/5970/169 1942/4280/169 1943/5971/169
f 1928/5972/9 1929/5973/9 1940/5974/9 1941/5975/9
f 1947/5976/169 1946/5977/169 1945/5978/169 1944/5979/169
f 1950/5815/27 1949/5814/27 1944/5980/27 1945/5981/27
f 1951/5982/142 1946/5983/142 1952/5984/142 1955/5985/142
f 1951/5986/142 1950/5987/142 1945/5988/142 1946/5989/142
f 1942/5990/142 1938/5991/142 1950/5992/142 1951/5993/142
f 1943/5994/93 1942/4339/93 1951/5995/93 1948/5996/93
f 1938/4804/27 1939/4803/27 1949/5997/27 1950/5998/27
f 1939/5999/105 1943/6000/105 1948/6001/105 1949/6002/105
f 1954/6003/93 1955/6004/93 1952/6005/93 1953/6006/93
f 1946/6007/169 1947/6008/169 1953/6009/169 1952/6010/169
f 1947/6011/105 1948/6012/105 1954/6013/105 1953/6014/105
f 1948/4844/9 1951/4843/9 1955/5924/9 1954/5923/9
f 1956/6015/93 1957/6016/93 1959/6017/93 1958/6018/93
f 1964/3627/9 1965/3626/9 1963/6019/9 1962/6020/9
f 1962/6021/27 1963/6022/27 1961/6023/27 1960/6024/27
f 1966/6025/169 1967/6026/169 1957/6027/169 1956/6028/169
f 1964/6029/142 1962/6030/142 1960/6031/142 1966/6032/142
f 1965/6033/105 1959/6034/105 1957/6035/105 1967/6036/105
f 1963/6037/105 1965/6038/105 1967/6039/105 1961/6040/105
f 1958/6041/142 1964/6042/142 1966/6043/142 1956/6044/142
f 1973/6045/27 1972/6046/27 1968/6047/27 1969/6048/27
f 1958/6049/9 1959/6050/9 1965/6051/9 1964/6052/9
f 1969/6053/169 1968/6054/169 1971/6055/169 1970/6056/169
f 1981/6057/105 1980/6058/105 1979/6059/105 1976/6060/105
f 1974/6061/142 1973/6062/142 1969/6063/142 1970/6064/142
f 1972/6065/105 1975/6066/105 1971/6067/105 1968/6068/105
f 1961/6069/105 1967/6070/105 1975/6071/105 1972/6072/105
f 1966/6073/142 1960/6069/142 1973/6072/142 1974/6074/142
f 1967/5007/93 1966/5006/93 1974/6075/93 1975/6076/93
f 1960/1660/27 1961/6077/27 1972/6078/27 1973/6079/27
f 1979/6080/93 1978/6081/93 1977/6082/93 1976/6083/93
f 1982/6084/169 1981/6085/169 1976/6086/169 1977/6087/169
f 1983/6088/142 1978/6089/142 1984/6090/142 1987/6091/142
f 1983/6092/142 1982/6093/142 1977/6094/142 1978/6095/142
f 1974/6096/142 1970/6097/142 1982/6098/142 1983/5474/142
f 1975/6099/9 1974/6100/9 1983/3568/9 1980/3567/9
f 1970/6101/169 1971/6102/169 1981/6103/169 1982/6104/169
f 1971/6105/105 1975/6098/105 1980/6097/105 1981/6106/105
f 1986/6107/9 1987/6108/9 1984/6109/9 1985/6110/9
f 1978/6111/93 1979/6112/93 1985/6113/93 1984/6114/93
f 1979/6115/105 1980/6116/105 1986/6117/105 1985/6118/105
f 1980/6119/27 1983/6120/27 1987/6121/27 1986/6122/27
f 1988/5926/93 1989/5925/93 1991/6123/93 1990/6124/93
f 1996/6125/9 1997/6126/9 1995/6127/9 1994/6128/9
f 1994/6024/27 1995/6023/27 1993/6129/27 1992/6130/27
f 1998/6131/169 1999/6132/169 1989/6026/169 1988/6025/169
f 1996/6133/142 1994/6134/142 1992/5943/142 1998/6135/142
f 1997/6136/105 1991/6137/105 1989/6138/105 1999/6139/105
f 1995/6140/105 1997/6141/105 1999/6134/105 1993/6142/105
f 1990/6137/142 1996/6143/142 1998/6144/142 1988/6145/142
f 2005/4500/27 2004/6146/27 2000/6147/27 2001/6148/27
f 1990/3701/9 1991/3700/9 1997/6149/9 1996/6150/9
f 2001/6151/169 2000/6152/169 2003/6153/169 2002/6154/169
f 2013/6155/105 2012/6156/105 2011/6157/105 2008/6158/105
f 2006/6159/142 2005/6160/142 2001/6161/142 2002/6162/142
f 2004/6163/105 2007/6164/105 2003/6165/105 2000/6166/105
f 1993/6167/105 1999/6168/105 2007/6169/105 2004/6170/105
f 1998/6171/142 1992/6172/142 2005/6173/142 2006/6174/142
f 1999/6175/93 1998/6176/93 2006/6177/93 2007/6178/93
f 1992/2406/27 1993/6179/27 2004/6180/27 2005/6181/27
f 2011/6182/93 2010/6183/93 2009/6184/93 2008/6185/93
f 2014/6087/169 2013/6086/169 2008/6186/169 2009/6187/169
f 2015/6188/142 2010/6189/142 2016/6190/142 2019/6191/142
f 2015/6192/142 2014/6193/142 2009/6194/142 2010/6195/142
f 2006/6196/142 2002/2095/142 2014/6197/142 2015/6198/142
f 2007/6100/9 2006/6199/9 2015/6200/9 2012/3568/9
f 2002/6199/169 2003/6100/169 2013/6201/169 2014/6202/169
f 2003/6203/105 2007/6204/105 2012/6205/105 2013/6206/105
f 2018/6207/9 2019/6208/9 2016/6209/9 2017/6210/9
f 2010/6211/93 2011/6212/93 2017/6213/93 2016/6214/93
f 2011/6189/105 2012/6215/105 2018/6216/105 2017/6190/105
f 2012/6217/27 2015/6218/27 2019/6219/27 2018/6220/27
f 2020/6124/93 2021/6123/93 2023/6221/93 2022/6222/93
f 2028/6020/9 2029/6019/9 2027/6223/9 2026/6224/9
f 2026/6225/27 2027/6226/27 2025/6227/27 2024/6228/27
f 2030/6229/169 2031/6230/169 2021/6231/169 2020/6232/169
f 2028/6233/142 2026/6234/142 2024/6235/142 2030/6236/142
f 2029/6237/105 2023/6238/105 2021/6239/105 2031/6240/105
f 2027/6241/105 2029/6242/105 2031/6234/105 2025/6233/105
f 2022/6243/142 2028/6244/142 2030/6245/142 2020/6246/142
f 2037/6148/27 2036/6147/27 2032/6247/27 2033/6248/27
f 2022/6249/9 2023/6250/9 2029/6251/9 2028/6252/9
f 2033/6056/169 2032/6055/169 2035/6253/169 2034/6254/169
f 2045/6255/105 2044/6256/105 2043/6257/105 2040/6258/105
f 2038/6259/142 2037/6260/142 2033/6261/142 2034/6262/142
f 2036/6263/105 2039/6264/105 2035/6265/105 2032/6259/105
f 2025/6266/105 2031/6267/105 2039/6268/105 2036/6269/105
f 2030/4899/142 2024/6266/142 2037/6269/142 2038/4896/142
f 2031/6270/93 2030/6271/93 2038/6272/93 2039/6273/93
f 2024/6274/27 2025/6275/27 2036/6276/27 2037/2186/27
f 2043/6277/93 2042/6278/93 2041/5011/93 2040/5010/93
f 2046/6187/169 2045/6186/169 2040/3270/169 2041/3269/169
f 2047/6279/142 2042/6280/142 2048/6281/142 2051/6282/142
f 2047/6283/142 2046/6284/142 2041/6285/142 2042/6286/142
f 2038/6287/142 2034/6288/142 2046/6289/142 2047/6290/142
f 2039/2973/9 2038/6291/9 2047/6292/9 2044/6293/9
f 2034/6294/169 2035/6295/169 2045/6296/169 2046/6297/169
f 2035/6298/105 2039/6299/105 2044/6300/105 2045/6301/105
f 2050/6302/9 2051/6303/9 2048/6304/9 2049/6305/9
f 2042/2981/93 2043/3810/93 2049/3813/93 2048/2982/93
f 2043/6280/105 2044/6306/105 2050/6307/105 2049/6308/105
f 2044/6309/27 2047/6310/27 2051/3619/27 2050/6311/27
f 2052/6130/27 2053/6129/27 2055/6312/27 2054/6313/27
f 2060/6314/169 2061/6315/169 2059/6316/169 2058/6317/169
f 2058/6222/93 2059/6221/93 2057/6318/93 2056/6319/93
f 2062/6320/9 2063/6321/9 2053/6322/9 2052/6323/9
f 2060/6324/142 2058/6325/142 2056/6326/142 2062/6327/142
f 2061/6328/105 2055/6144/105 2053/6329/105 2063/6330/105
f 2059/6327/105 2061/6326/105 2063/6331/105 2057/6332/105
f 2054/6333/142 2060/6334/142 2062/6335/142 2052/6336/142
f 2069/6337/93 2068/6338/93 2064/6339/93 2065/6340/93
f 2054/6341/169 2055/6342/169 2061/6343/169 2060/6344/169
f 2065/6345/9 2064/6346/9 2067/6347/9 2066/6348/9
f 2077/6349/105 2076/6350/105 2075/6351/105 2072/6352/105
f 2070/6353/142 2069/6354/142 2065/6355/142 2066/6356/142
f 2068/6357/105 2071/6358/105 2067/6359/105 2064/6360/105
f 2057/6361/105 2063/6362/105 2071/6363/105 2068/6364/105
f 2062/6362/142 2056/6365/142 2069/6366/142 2070/6363/142
f 2063/3972/27 2062/6367/27 2070/6368/27 2071/3969/27
f 2056/6369/93 2057/6370/93 2068/6371/93 2069/6372/93
f 2075/6373/27 2074/6374/27 2073/6375/27 2072/6376/27
f 2078/6377/9 2077/6378/9 2072/6379/9 2073/6380/9
f 2079/6381/142 2074/6307/142 2080/6306/142 2083/6382/142
f 2079/6383/142 2078/6384/142 2073/6385/142 2074/6386/142
f 2070/6387/142 2066/6388/142 2078/6389/142 2079/6390/142
f 2071/3077/169 2070/3076/169 2079/6391/169 2076/6392/169
f 2066/6393/9 2067/6394/9 2077/6395/9 2078/6396/9
f 2067/6397/105 2071/6398/105 2076/6399/105 2077/6400/105
f 2082/6401/169 2083/6402/169 2080/6403/169 2081/6404/169
f 2074/6405/27 2075/6406/27 2081/6407/27 2080/6408/27
f 2075/6409/105 2076/6381/105 2082/6382/105 2081/6410/105
f 2076/4227/93 2079/6411/93 2083/6412/93 2082/4228/93
f 2084/6413/93 2085/6414/93 2087/6415/93 2086/6416/93
f 2092/6417/9 2093/6418/9 2091/6419/9 2090/6420/9
f 2090/6421/27 2091/6422/27 2089/6423/27 2088/6424/27
f 2094/6425/169 2095/6426/169 2085/6427/169 2084/6428/169
f 2092/6429/142 2090/6430/142 2088/6431/142 2094/6432/142
f 2093/6433/105 2087/6434/105 2085/6435/105 2095/6436/105
f 2091/6437/105 2093/6438/105 2095/6439/105 2089/6440/105
f 2086/6441/142 2092/6442/142 2094/6434/142 2084/6433/142
f 2101/6443/27 2100/6444/27 2096/6445/27 2097/6446/27
f 2086/6447/9 2087/6448/9 2093/6449/9 2092/6450/9
f 2097/6451/169 2096/6452/169 2099/6453/169 2098/6454/169
f 2109/6455/105 2108/6456/105 2107/6350/105 2104/6457/105
f 2102/6458/142 2101/6459/142 2097/6460/142 2098/6461/142
f 2100/6462/105 2103/6463/105 2099/6464/105 2096/6465/105
f 2089/6466/105 2095/6467/105 2103/6468/105 2100/6469/105
f 2094/6470/142 2088/6471/142 2101/6472/142 2102/6473/142
f 2095/6474/93 2094/6475/93 2102/6476/93 2103/6477/93
f 2088/6478/27 2089/6479/27 2100/6480/27 2101/6481/27
f 2107/6482/93 2106/6483/93 2105/6484/93 2104/6485/93
f 2110/6402/169 2109/6401/169 2104/6486/169 2105/6487/169
f 2111/6488/142 2106/6489/142 2112/6490/142 2115/6491/142
f 2111/6457/142 2110/6492/142 2105/6493/142 2106/6494/142
f 2102/6495/142 2098/6496/142 2110/6497/142 2111/6498/142
f 2103/6499/9 2102/2939/9 2111/6500/9 2108/6501/9
f 2098/6502/169 2099/6503/169 2109/6504/169 2110/6505/169
f 2099/6506/105 2103/6507/105 2108/6508/105 2109/6509/105
f 2114/6510/9 2115/6511/9 2112/6512/9 2113/6513/9
f 2106/6514/93 2107/4432/93 2113/4431/93 2112/6515/93
f 2107/6516/105 2108/6517/105 2114/6518/105 2113/6519/105
f 2108/6520/27 2111/6521/27 2115/6522/27 2114/6523/27
f 2116/6524/93 2117/6525/93 2119/6526/93 2118/6527/93
f 2124/6528/9 2125/6529/9 2123/6530/9 2122/6531/9
f 2122/6424/27 2123/6423/27 2121/6532/27 2120/6533/27
f 2126/6534/169 2127/6535/169 2117/6536/169 2116/6537/169
f 2124/6538/142 2122/6539/142 2120/6540/142 2126/6541/142
f 2125/6542/105 2119/6543/105 2117/6442/105 2127/6441/105
f 2123/6544/105 2125/6545/105 2127/6546/105 2121/6547/105
f 2118/6548/142 2124/6549/142 2126/6543/142 2116/6550/142
f 2133/6551/27 2132/6552/27 2128/6553/27 2129/6554/27
f 2118/6555/9 2119/6556/9 2125/6557/9 2124/6558/9
f 2129/6559/169 2128/6560/169 2131/6561/169 2130/6562/169
f 2141/6563/105 2140/6564/105 2139/6565/105 2136/6385/105
f 2134/6566/142 2133/6567/142 2129/3146/142 2130/3145/142
f 2132/6568/105 2135/6569/105 2131/6570/105 2128/6571/105
f 2121/6572/105 2127/3965/105 2135/6573/105 2132/6574/105
f 2126/6575/142 2120/6572/142 2133/6574/142 2134/6576/142
f 2127/6577/93 2126/6578/93 2134/6579/93 2135/6580/93
f 2120/6581/27 2121/6582/27 2132/6583/27 2133/6584/27
f 2139/6585/93 2138/6586/93 2137/6587/93 2136/6588/93
f 2142/6487/169 2141/6486/169 2136/6589/169 2137/6590/169
f 2143/6410/142 2138/6591/142 2144/6592/142 2147/6409/142
f 2143/6593/142 2142/6565/142 2137/6594/142 2138/6595/142
f 2134/6596/142 2130/6597/142 2142/6598/142 2143/6599/142
f 2135/6600/9 2134/5004/9 2143/6601/9 2140/6602/9
f 2130/6603/169 2131/6604/169 2141/6605/169 2142/6606/169
f 2131/6599/105 2135/6607/105 2140/6608/105 2141/6596/105
f 2146/6609/9 2147/6610/9 2144/6611/9 2145/6612/9
f 2138/6613/93 2139/4835/93 2145/6614/93 2144/6615/93
f 2139/6616/105 2140/6617/105 2146/6618/105 2145/6619/105
f 2140/6620/27 2143/6621/27 2147/6622/27 2146/6623/27
f 2148/6319/93 2149/6318/93 2151/6624/93 2150/6625/93
f 2156/6420/9 2157/6419/9 2155/6626/9 2154/6627/9
f 2154/6628/27 2155/6629/27 2153/6630/27 2152/6631/27
f 2158/6632/169 2159/6633/169 2149/6634/169 2148/6635/169
f 2156/6636/142 2154/6637/142 2152/5743/142 2158/6638/142
f 2157/6639/105 2151/6640/105 2149/6641/105 2159/6642/105
f 2155/6643/105 2157/1484/105 2159/6637/105 2153/6644/105
f 2150/6645/142 2156/6646/142 2158/6647/142 2148/6648/142
f 2165/6649/27 2164/6650/27 2160/6651/27 2161/6652/27
f 2150/6653/9 2151/6654/9 2157/6655/9 2156/6656/9
f 2161/6657/169 2160/6658/169 2163/6659/169 2162/6660/169
f 2173/6661/105 2172/6662/105 2171/6663/105 2168/6664/105
f 2166/6665/142 2165/6666/142 2161/6667/142 2162/6668/142
f 2164/6669/105 2167/1062/105 2163/6670/105 2160/6671/105
f 2153/6672/105 2159/6673/105 2167/6674/105 2164/6675/105
f 2158/6676/142 2152/6672/142 2165/6677/142 2166/6678/142
f 2159/6372/93 2158/6679/93 2166/6680/93 2167/6369/93
f 2152/1304/27 2153/1303/27 2164/6681/27 2165/6682/27
f 2171/6683/93 2170/6684/93 2169/6278/93 2168/6277/93
f 2174/6685/169 2173/6686/169 2168/6687/169 2169/6688/169
f 2175/6689/142 2170/6690/142 2176/6691/142 2179/6692/142
f 2175/6693/142 2174/6694/142 2169/6695/142 2170/6696/142
f 2166/6697/142 2162/6698/142 2174/6699/142 2175/6700/142
f 2167/6602/9 2166/6601/9 2175/6701/9 2172/6702/9
f 2162/6703/169 2163/6704/169 2173/6556/169 2174/6555/169
f 2163/6705/105 2167/6706/105 2172/6707/105 2173/6708/105
f 2178/6709/9 2179/6710/9 2176/6711/9 2177/6712/9
f 2170/6713/93 2171/6714/93 2177/6715/93 2176/6716/93
f 2171/6717/105 2172/6718/105 2178/6719/105 2177/6720/105
f 2172/6721/27 2175/6722/27 2179/6723/27 2178/6724/27
f 2180/6631/27 2181/6630/27 2183/6725/27 2182/6726/27
f 2188/6727/169 2189/6728/169 2187/6729/169 2186/6730/169
f 2186/6625/93 2187/6624/93 2185/6731/93 2184/6732/93
f 2190/6733/9 2191/6734/9 2181/6735/9 2180/6736/9
f 2188/6332/142 2186/6331/142 2184/6737/142 2190/6738/142
f 2189/6739/105 2183/4769/105 2181/6740/105 2191/6741/105
f 2187/6738/105 2189/6742/105 2191/6743/105 2185/6744/105
f 2182/6745/142 2188/6746/142 2190/6747/142 2180/6748/142
f 2197/6749/93 2196/6750/93 2192/6751/93 2193/6752/93
f 2182/6344/169 2183/6343/169 2189/6753/169 2188/6754/169
f 2193/6755/9 2192/6756/9 2195/6126/9 2194/6125/9
f 2205/6757/105 2204/6758/105 2203/6759/105 2200/6760/105
f 2198/5656/142 2197/6761/142 2193/6762/142 2194/6763/142
f 2196/6764/105 2199/6765/105 2195/6766/105 2192/6767/105
f 2185/6768/105 2191/6769/105 2199/6770/105 2196/6771/105
f 2190/6772/142 2184/6773/142 2197/6774/142 2198/6775/142
f 2191/6776/27 2190/6777/27 2198/6778/27 2199/6779/27
f 2184/6780/93 2185/6781/93 2196/6782/93 2197/6783/93
f 2203/6784/27 2202/6785/27 2201/6248/27 2200/6247/27
f 2206/6786/9 2205/6787/9 2200/6788/9 2201/6789/9
f 2207/6790/142 2202/6791/142 2208/6792/142 2211/6793/142
f 2207/6794/142 2206/6795/142 2201/6796/142 2202/6797/142
f 2198/6798/142 2194/6799/142 2206/6800/142 2207/6801/142
f 2199/6802/169 2198/6803/169 2207/2973/169 2204/2972/169
f 2194/6804/9 2195/6805/9 2205/6806/9 2206/6807/9
f 2195/1215/105 2199/6800/105 2204/6799/105 2205/1216/105
f 2210/6808/169 2211/6809/169 2208/6810/169 2209/6811/169
f 2202/6812/27 2203/6813/27 2209/6814/27 2208/6815/27
f 2203/6816/105 2204/6817/105 2210/6818/105 2209/6819/105
f 2204/6820/93 2207/6821/93 2211/6822/93 2210/6823/93
f 2212/6726/27 2213/6725/27 2215/6824/27 2214/6825/27
f 2220/6317/169 2221/6316/169 2219/6826/169 2218/6827/169
f 2218/6527/93 2219/6526/93 2217/6828/93 2216/6829/93
f 2222/6830/9 2223/4409/9 2213/6831/9 2212/6832/9
f 2220/6833/142 2218/6834/142 2216/6835/142 2222/6836/142
f 2221/6837/105 2215/6838/105 2213/6839/105 2223/6840/105
f 2219/6841/105 2221/6842/105 2223/6843/105 2217/6844/105
f 2214/6845/142 2220/6846/142 2222/6847/142 2212/6848/142
f 2229/6849/93 2228/6850/93 2224/6851/93 2225/6852/93
f 2214/6853/169 2215/6854/169 2221/6855/169 2220/6856/169
f 2225/6224/9 2224/6223/9 2227/6857/9 2226/6858/9
f 2237/6859/105 2236/6860/105 2235/6286/105 2232/6861/105
f 2230/6862/142 2229/6863/142 2225/6864/142 2226/6865/142
f 2228/6866/105 2231/6867/105 2227/6868/105 2224/6869/105
f 2217/6870/105 2223/6871/105 2231/6872/105 2228/6873/105
f 2222/6874/142 2216/6875/142 2229/6876/142 2230/6877/142
f 2223/6878/27 2222/6879/27 2230/6880/27 2231/6881/27
f 2216/6882/93 2217/6883/93 2228/6884/93 2229/6885/93
f 2235/6886/27 2234/6887/27 2233/6785/27 2232/6784/27
f 2238/6888/9 2237/6889/9 2232/6890/9 2233/6891/9
f 2239/6892/142 2234/6893/142 2240/6894/142 2243/6895/142
f 2239/6896/142 2238/6897/142 2233/6898/142 2234/6899/142
f 2230/6900/142 2226/6901/142 2238/6902/142 2239/6903/142
f 2231/6904/169 2230/6905/169 2239/6906/169 2236/6907/169
f 2226/6908/9 2227/6909/9 2237/6910/9 2238/6911/9
f 2227/6912/105 2231/6902/105 2236/6913/105 2237/6914/105
f 2242/6915/169 2243/6916/169 2240/6917/169 2241/6918/169
f 2234/6919/27 2235/6920/27 2241/3721/27 2240/3720/27
f 2235/6921/105 2236/6892/105 2242/6895/105 2241/6922/105
f 2236/6923/93 2239/6924/93 2243/6925/93 2242/6926/93
f 2244/6927/27 2245/6928/27 2247/6226/27 2246/6225/27
f 2252/6929/169 2253/6930/169 2251/6152/169 2250/6151/169
f 2250/6829/93 2251/6828/93 2249/6931/93 2248/6932/93
f 2254/6933/9 2255/6934/9 2245/6935/9 2244/6936/9
f 2252/6937/142 2250/6938/142 2248/6939/142 2254/6940/142
f 2253/6246/105 2247/6941/105 2245/6942/105 2255/6943/105
f 2251/6944/105 2253/6945/105 2255/6946/105 2249/6947/105
f 2246/6948/142 2252/6949/142 2254/6950/142 2244/6951/142
f 2261/6952/93 2260/6953/93 2256/6954/93 2257/6955/93
f 2246/3850/169 2247/6956/169 2253/6957/169 2252/6958/169
f 2257/6959/9 2256/6960/9 2259/6961/9 2258/6962/9
f 2269/6963/105 2268/6964/105 2267/6965/105 2264/6966/105
f 2262/6967/142 2261/6968/142 2257/6969/142 2258/6970/142
f 2260/6971/105 2263/6972/105 2259/6973/105 2256/6974/105
f 2249/6975/105 2255/6976/105 2263/6977/105 2260/6978/105
f 2254/6979/142 2248/6980/142 2261/6981/142 2262/6982/142
f 2255/6983/27 2254/6984/27 2262/1251/27 2263/6985/27
f 2248/1223/93 2249/6986/93 2260/6987/93 2261/6988/93
f 2267/6989/27 2266/6990/27 2265/6991/27 2264/6992/27
f 2270/6993/9 2269/6994/9 2264/6995/9 2265/6996/9
f 2271/6997/142 2266/6998/142 2272/6999/142 2275/7000/142
f 2271/7001/142 2270/7002/142 2265/7003/142 2266/7004/142
f 2262/7005/142 2258/7006/142 2270/7007/142 2271/7008/142
f 2263/7009/169 2262/7010/169 2271/7011/169 2268/7012/169
f 2258/7013/9 2259/7014/9 2269/7015/9 2270/7016/9
f 2259/7017/105 2263/7007/105 2268/7006/105 2269/7018/105
f 2274/7019/169 2275/7020/169 2272/7021/169 2273/7022/169
f 2266/7023/27 2267/7024/27 2273/7025/27 2272/7026/27
f 2267/7027/105 2268/7028/105 2274/7029/105 2273/7030/105
f 2268/7031/93 2271/7032/93 2275/7033/93 2274/7034/93
f 2276/6932/93 2277/6931/93 2279/7035/93 2278/7036/93
f 2284/6730/9 2285/6729/9 2283/6529/9 2282/6528/9
f 2282/6825/27 2283/6824/27 2281/7037/27 2280/7038/27
f 2286/7039/169 2287/7040/169 2277/7041/169 2276/7042/169
f 2284/7043/142 2282/7044/142 2280/7045/142 2286/7046/142
f 2285/7047/105 2279/7048/105 2277/7049/105 2287/7050/105
f 2283/7051/105 2285/7052/105 2287/7053/105 2281/7054/105
f 2278/7055/142 2284/7056/142 2286/7048/142 2276/7057/142
f 2293/7058/27 2292/7059/27 2288/7060/27 2289/7061/27
f 2278/7062/9 2279/6830/9 2285/6832/9 2284/7063/9
f 2289/5930/169 2288/5929/169 2291/7064/169 2290/7065/169
f 2301/7066/105 2300/7067/105 2299/7068/105 2296/7069/105
f 2294/7070/142 2293/7071/142 2289/7072/142 2290/7073/142
f 2292/7074/105 2295/7075/105 2291/7076/105 2288/7077/105
f 2281/7078/105 2287/6171/105 2295/6174/105 2292/7079/105
f 2286/7080/142 2280/7078/142 2293/7079/142 2294/7081/142
f 2287/7082/93 2286/7083/93 2294/7084/93 2295/7085/93
f 2280/2193/27 2281/2192/27 2292/7086/27 2293/7087/27
f 2299/7088/93 2298/7089/93 2297/7090/93 2296/7091/93
f 2302/7092/169 2301/7093/169 2296/7094/169 2297/7095/169
f 2303/6819/142 2298/7096/142 2304/7097/142 2307/7098/142
f 2303/7099/142 2302/7100/142 2297/7101/142 2298/7102/142
f 2294/7103/142 2290/7104/142 2302/7105/142 2303/7106/142
f 2295/3079/9 2294/7107/9 2303/7108/9 2300/7109/9
f 2290/5970/169 2291/7110/169 2301/7111/169 2302/7112/169
f 2291/7113/105 2295/7114/105 2300/7115/105 2301/7116/105
f 2306/7117/9 2307/7118/9 2304/7119/9 2305/7120/9
f 2298/7121/93 2299/1332/93 2305/7122/93 2304/7123/93
f 2299/7096/105 2300/7124/105 2306/7125/105 2305/7126/105
f 2300/7127/27 2303/7023/27 2307/3719/27 2306/7128/27
f 2308/6732/93 2309/6731/93 2311/7129/93 2310/7130/93
f 2316/6858/9 2317/6857/9 2315/7131/9 2314/7132/9
f 2314/7133/27 2315/7037/27 2313/7134/27 2312/7135/27
f 2318/7136/169 2319/7137/169 2309/7138/169 2308/7139/169
f 2316/7140/142 2314/7141/142 2312/7142/142 2318/7143/142
f 2317/7144/105 2311/7145/105 2309/7146/105 2319/6645/105
f 2315/7147/105 2317/7148/105 2319/7141/105 2313/7140/105
f 2310/7149/142 2316/7150/142 2318/7151/142 2308/7152/142
f 2325/7153/27 2324/7154/27 2320/7155/27 2321/7156/27
f 2310/7157/9 2311/7158/9 2317/7159/9 2316/7160/9
f 2321/6827/169 2320/6826/169 2323/7161/169 2322/7162/169
f 2333/7102/105 2332/7163/105 2331/7164/105 2328/7165/105
f 2326/7166/142 2325/7167/142 2321/7168/142 2322/7169/142
f 2324/7170/105 2327/7171/105 2323/7172/105 2320/7173/105
f 2313/7174/105 2319/7175/105 2327/7176/105 2324/7177/105
f 2318/7178/142 2312/7179/142 2325/7180/142 2326/6870/142
f 2319/7181/93 2318/7182/93 2326/7183/93 2327/7184/93
f 2312/7185/27 2313/7186/27 2324/7187/27 2325/7188/27
f 2331/7189/93 2330/7190/93 2329/7191/93 2328/7192/93
f 2334/7193/169 2333/7194/169 2328/6889/169 2329/6888/169
f 2335/6591/142 2330/7195/142 2336/7196/142 2339/6592/142
f 2335/4262/142 2334/7164/142 2329/7163/142 2330/4263/142
f 2326/7197/142 2322/7198/142 2334/7199/142 2335/7200/142
f 2327/7201/9 2326/7202/9 2335/7203/9 2332/7204/9
f 2322/7205/169 2323/7206/169 2333/7207/169 2334/7208/169
f 2323/7209/105 2327/7210/105 2332/7211/105 2333/7212/105
f 2338/7213/9 2339/7214/9 2336/7215/9 2337/7216/9
f 2330/7217/93 2331/7218/93 2337/7219/93 2336/7220/93
f 2331/7195/105 2332/7221/105 2338/7222/105 2337/7196/105
f 2332/7223/27 2335/7224/27 2339/7225/27 2338/6520/27
f 2340/7226/93 2341/7227/93 2343/7228/93 2342/7229/93
f 2348/7230/9 2349/7231/9 2347/7232/9 2346/7233/9
f 2346/7234/27 2347/7235/27 2345/7236/27 2344/7237/27
f 2350/7238/169 2351/7239/169 2341/6956/169 2340/3850/169
f 2348/7240/142 2346/7241/142 2344/7242/142 2350/7243/142
f 2349/7244/105 2343/7245/105 2341/7246/105 2351/7247/105
f 2347/7248/105 2349/7249/105 2351/7250/105 2345/7240/105
f 2342/7251/142 2348/7252/142 2350/7253/142 2340/7254/142
f 2357/7255/27 2356/7256/27 2352/7257/27 2353/7258/27
f 2342/7259/9 2343/7260/9 2349/7261/9 2348/7262/9
f 2353/7263/169 2352/7264/169 2355/7265/169 2354/7266/169
f 2365/7267/105 2364/7268/105 2363/7269/105 2360/7270/105
f 2358/7271/142 2357/7272/142 2353/7273/142 2354/7274/142
f 2356/7275/105 2359/7276/105 2355/7272/105 2352/7277/105
f 2345/7278/105 2351/7279/105 2359/7280/105 2356/7281/105
f 2350/7282/142 2344/7283/142 2357/7284/142 2358/2619/142
f 2351/7285/93 2350/4926/93 2358/7286/93 2359/7287/93
f 2344/7288/27 2345/7289/27 2356/7290/27 2357/7291/27
f 2363/7292/93 2362/7293/93 2361/6955/93 2360/6954/93
f 2366/7294/169 2365/7295/169 2360/7296/169 2361/7297/169
f 2367/7298/142 2362/7299/142 2368/7300/142 2371/7301/142
f 2367/7302/142 2366/7303/142 2361/7304/142 2362/7305/142
f 2358/7306/142 2354/6196/142 2366/7307/142 2367/7308/142
f 2359/3076/9 2358/7309/9 2367/7310/9 2364/7311/9
f 2354/7312/169 2355/7313/169 2365/7314/169 2366/7315/169
f 2355/7316/105 2359/7317/105 2364/7318/105 2365/7319/105
f 2370/7320/9 2371/7321/9 2368/7214/9 2369/7213/9
f 2362/7322/93 2363/7323/93 2369/7324/93 2368/7325/93
f 2363/7299/105 2364/7326/105 2370/7327/105 2369/7300/105
f 2364/7328/27 2367/7329/27 2371/7330/27 2370/7223/27
f 2372/7331/27 2373/7332/27 2375/7333/27 2374/7334/27
f 2380/7335/169 2381/7336/169 2379/6418/169 2378/6417/169
f 2378/7229/93 2379/7228/93 2377/7337/93 2376/7338/93
f 2382/7339/9 2383/7340/9 2373/7341/9 2372/7342/9
f 2380/7343/142 2378/7248/142 2376/7344/142 2382/7345/142
f 2381/7346/105 2375/7347/105 2373/7348/105 2383/7349/105
f 2379/7350/105 2381/7344/105 2383/7351/105 2377/7352/105
f 2374/7353/142 2380/7354/142 2382/7355/142 2372/7356/142
f 2389/7293/93 2388/7292/93 2384/7357/93 2385/7358/93
f 2374/7359/169 2375/7360/169 2381/7361/169 2380/7362/169
f 2385/7233/9 2384/7232/9 2387/7363/9 2386/7364/9
f 2397/7365/105 2396/7366/105 2395/7367/105 2392/7368/105
f 2390/7369/142 2389/7370/142 2385/7371/142 2386/7372/142
f 2388/7373/105 2391/7374/105 2387/7375/105 2384/7376/105
f 2377/7377/105 2383/7378/105 2391/7379/105 2388/6876/105
f 2382/7378/142 2376/7380/142 2389/7381/142 2390/7379/142
f 2383/7382/27 2382/7383/27 2390/2303/27 2391/7384/27
f 2376/7385/93 2377/7386/93 2388/7387/93 2389/7388/93
f 2395/7389/27 2394/7390/27 2393/7391/27 2392/7392/27
f 2398/7393/9 2397/7394/9 2392/7395/9 2393/7396/9
f 2399/7397/142 2394/7398/142 2400/6517/142 2403/7399/142
f 2399/7400/142 2398/7401/142 2393/4572/142 2394/7402/142
f 2390/7403/142 2386/7404/142 2398/7405/142 2399/7406/142
f 2391/6250/169 2390/6249/169 2399/7407/169 2396/7408/169
f 2386/7409/9 2387/7410/9 2397/6803/9 2398/7411/9
f 2387/7412/105 2391/7017/105 2396/7018/105 2397/2093/105
f 2402/7413/169 2403/7414/169 2400/7297/169 2401/7296/169
f 2394/7415/27 2395/7416/27 2401/7417/27 2400/7418/27
f 2395/7419/105 2396/7420/105 2402/7421/105 2401/7422/105
f 2396/7325/93 2399/7423/93 2403/7424/93 2402/7322/93
f 2404/7425/27 2405/7426/27 2407/7427/27 2406/7428/27
f 2412/6254/169 2413/6253/169 2411/7429/169 2410/7430/169
f 2410/7338/93 2411/7337/93 2409/7431/93 2408/7432/93
f 2414/7433/9 2415/7339/9 2405/7342/9 2404/7434/9
f 2412/7435/142 2410/7436/142 2408/7437/142 2414/7438/142
f 2413/7439/105 2407/7440/105 2405/7441/105 2415/7442/105
f 2411/7443/105 2413/7437/105 2415/6325/105 2409/7444/105
f 2406/7445/142 2412/7446/142 2414/7447/142 2404/6641/142
f 2421/7448/93 2420/7449/93 2416/7450/93 2417/7451/93
f 2406/7452/169 2407/7453/169 2413/7454/169 2412/7455/169
f 2417/6962/9 2416/6961/9 2419/3134/9 2418/3133/9
f 2429/7456/105 2428/6693/105 2427/6696/105 2424/7457/105
f 2422/7458/142 2421/7459/142 2417/7460/142 2418/7461/142
f 2420/7462/105 2423/7463/105 2419/7464/105 2416/7465/105
f 2409/7466/105 2415/7467/105 2423/7468/105 2420/7469/105
f 2414/7470/142 2408/7471/142 2421/7472/142 2422/7473/142
f 2415/7474/27 2414/7475/27 2422/7476/27 2423/7477/27
f 2408/2047/93 2409/7478/93 2420/7479/93 2421/7480/93
f 2427/7481/27 2426/3125/27 2425/7061/27 2424/7482/27
f 2430/7483/9 2429/7484/9 2424/6787/9 2425/6786/9
f 2431/7485/142 2426/7486/142 2432/7487/142 2435/7488/142
f 2431/7489/142 2430/7490/142 2425/7491/142 2426/7456/142
f 2422/7404/142 2418/7492/142 2430/7493/142 2431/7405/142
f 2423/6392/169 2422/7311/169 2431/7494/169 2428/7495/169
f 2418/7496/9 2419/7497/9 2429/7498/9 2430/7499/9
f 2419/7500/105 2423/7493/105 2428/7492/105 2429/7501/105
f 2434/7022/169 2435/7021/169 2432/7502/169 2433/7503/169
f 2426/7504/27 2427/7505/27 2433/7506/27 2432/7507/27
f 2427/7508/105 2428/7509/105 2434/7510/105 2433/7511/105
f 2428/7512/93 2431/7513/93 2435/7514/93 2434/7515/93
f 2436/7516/172 2437/7517/172 2439/7518/172 2438/7519/172
f 2444/5646/173 2445/5645/173 2443/7520/173 2442/7521/173
f 2442/5404/170 2443/5403/170 2441/5502/170 2440/5501/170
f 2446/7522/171 2447/7523/171 2437/7524/171 2436/7525/171
f 2444/7526/142 2442/7527/142 2440/6360/142 2446/7528/142
f 2445/7529/105 2439/7530/105 2437/7531/105 2447/7532/105
f 2443/7533/105 2445/7534/105 2447/7535/105 2441/7536/105
f 2438/7537/142 2444/7538/142 2446/7539/142 2436/7540/142
f 2453/5316/170 2452/5315/170 2448/7541/170 2449/7542/170
f 2438/7543/173 2439/7544/173 2445/7545/173 2444/7546/173
f 2449/5506/171 2448/5505/171 2451/7547/171 2450/7548/171
f 2461/7549/105 2460/7550/105 2459/7551/105 2456/7552/105
f 2454/7553/142 2453/7554/142 2449/7555/142 2450/7556/142
f 2452/7557/105 2455/7558/105 2451/7559/105 2448/2715/105
f 2441/7560/105 2447/7561/105 2455/7562/105 2452/7563/105
f 2446/7564/142 2440/7565/142 2453/7566/142 2454/7567/142
f 2447/7568/172 2446/7569/172 2454/7570/172 2455/7571/172
f 2440/7572/170 2441/7573/170 2452/7574/170 2453/7575/170
f 2459/7576/172 2458/7577/172 2457/7578/172 2456/7579/172
f 2462/7580/171 2461/7581/171 2456/7582/171 2457/7583/171
f 2463/7584/142 2458/7585/142 2464/7586/142 2467/7587/142
f 2463/7588/142 2462/7589/142 2457/7590/142 2458/7591/142
f 2454/7592/142 2450/7593/142 2462/7594/142 2463/5028/142
f 2455/7595/173 2454/7596/173 2463/7597/173 2460/7598/173
f 2450/7599/171 2451/7600/171 2461/7601/171 2462/7602/171
f 2451/7603/105 2455/7604/105 2460/7605/105 2461/7606/105
f 2466/7607/173 2467/7608/173 2464/7609/173 2465/7610/173
f 2458/7611/172 2459/7612/172 2465/7613/172 2464/7614/172
f 2459/7615/105 2460/7616/105 2466/7030/105 2465/7617/105
f 2460/7618/170 2463/7619/170 2467/5500/170 2466/5499/170
f 2468/7620/172 2469/7621/172 2471/7622/172 2470/7623/172
f 2476/7521/173 2477/7520/173 2475/7624/173 2474/7625/173
f 2474/7626/170 2475/7627/170 2473/7628/170 2472/7629/170
f 2478/7630/171 2479/7631/171 2469/7632/171 2468/7633/171
f 2476/7634/142 2474/7635/142 2472/7636/142 2478/7637/142
f 2477/7638/105 2471/7639/105 2469/7640/105 2479/7641/105
f 2475/7635/105 2477/7642/105 2479/7643/105 2473/7644/105
f 2470/7645/142 2476/7646/142 2478/7647/142 2468/7648/142
f 2485/7542/170 2484/7541/170 2480/5200/170 2481/5199/170
f 2470/7649/173 2471/7650/173 2477/7651/173 2476/7652/173
f 2481/7548/171 2480/7547/171 2483/7653/171 2482/7654/171
f 2493/7655/105 2492/7656/105 2491/7657/105 2488/7658/105
f 2486/7659/142 2485/7660/142 2481/7661/142 2482/7662/142
f 2484/7663/105 2487/7664/105 2483/7665/105 2480/7666/105
f 2473/5446/105 2479/7667/105 2487/7668/105 2484/5447/105
f 2478/7669/142 2472/7670/142 2485/7671/142 2486/7672/142
f 2479/7673/172 2478/7674/172 2486/7675/172 2487/7676/172
f 2472/7677/170 2473/7678/170 2484/7679/170 2485/7680/170
f 2491/7681/172 2490/5313/172 2489/7682/172 2488/7683/172
f 2494/7684/171 2493/7685/171 2488/7686/171 2489/7687/171
f 2495/7688/142 2490/7689/142 2496/7690/142 2499/7691/142
f 2495/7692/142 2494/7693/142 2489/7694/142 2490/7695/142
f 2486/7696/142 2482/7697/142 2494/7698/142 2495/7699/142
f 2487/7700/173 2486/7701/173 2495/7702/173 2492/7703/173
f 2482/7602/171 2483/7601/171 2493/7704/171 2494/7705/171
f 2483/7706/105 2487/7707/105 2492/7708/105 2493/7709/105
f 2498/7710/173 2499/7711/173 2496/5679/173 2497/5678/173
f 2490/7712/172 2491/7713/172 2497/7714/172 2496/7715/172
f 2491/7716/105 2492/7717/105 2498/7718/105 2497/7719/105
f 2492/7720/170 2495/7721/170 2499/7722/170 2498/7723/170
f 2500/7724/172 2501/7725/172 2503/7726/172 2502/7727/172
f 2508/7625/173 2509/7624/173 2507/7728/173 2506/7729/173
f 2506/7730/170 2507/7731/170 2505/7732/170 2504/7733/170
f 2510/5070/171 2511/5069/171 2501/7734/171 2500/7735/171
f 2508/7736/142 2506/7737/142 2504/6141/142 2510/7738/142
f 2509/7739/105 2503/7740/105 2501/7741/105 2511/7742/105
f 2507/7743/105 2509/7744/105 2511/7745/105 2505/7746/105
f 2502/7747/142 2508/7748/142 2510/7749/142 2500/7750/142
f 2517/7751/170 2516/7752/170 2512/7753/170 2513/7754/170
f 2502/7755/173 2503/7756/173 2509/7757/173 2508/7758/173
f 2513/7759/171 2512/7760/171 2515/7761/171 2514/7762/171
f 2525/7763/105 2524/5022/105 2523/5025/105 2520/7764/105
f 2518/7765/142 2517/7766/142 2513/7767/142 2514/7768/142
f 2516/7769/105 2519/7770/105 2515/7771/105 2512/7772/105
f 2505/7773/105 2511/7774/105 2519/7775/105 2516/7776/105
f 2510/7777/142 2504/7778/142 2517/7779/142 2518/7780/142
f 2511/7781/172 2510/7782/172 2518/7783/172 2519/7784/172
f 2504/7785/170 2505/7786/170 2516/7787/170 2517/7788/170
f 2523/7789/172 2522/7790/172 2521/7791/172 2520/7792/172
f 2526/7687/171 2525/7686/171 2520/7793/171 2521/7794/171
f 2527/7795/142 2522/7796/142 2528/7797/142 2531/7798/142
f 2527/7799/142 2526/7800/142 2521/7801/142 2522/7802/142
f 2518/7803/142 2514/7804/142 2526/7805/142 2527/7806/142
f 2519/2245/173 2518/7807/173 2527/7808/173 2524/7809/173
f 2514/7810/171 2515/7811/171 2525/5483/171 2526/5482/171
f 2515/7812/105 2519/7803/105 2524/7813/105 2525/7814/105
f 2530/7815/173 2531/7816/173 2528/7817/173 2529/7818/173
f 2522/7819/172 2523/7820/172 2529/7821/172 2528/7822/172
f 2523/7823/105 2524/7824/105 2530/7825/105 2529/7826/105
f 2524/5283/170 2527/5282/170 2531/7827/170 2530/7828/170
f 2532/5832/93 2533/5831/93 2535/7829/93 2534/7830/93
f 2540/7831/9 2541/7832/9 2539/7336/9 2538/7335/9
f 2538/7833/27 2539/7834/27 2537/7835/27 2536/7836/27
f 2542/7837/169 2543/7838/169 2533/7839/169 2532/7840/169
f 2540/7841/142 2538/7842/142 2536/7843/142 2542/7844/142
f 2541/7845/105 2535/7846/105 2533/7847/105 2543/7848/105
f 2539/7849/105 2541/7850/105 2543/7842/105 2537/7851/105
f 2534/7852/142 2540/7853/142 2542/7854/142 2532/7855/142
f 2549/7856/27 2548/7857/27 2544/7858/27 2545/7859/27
f 2534/7860/9 2535/7861/9 2541/7862/9 2540/7863/9
f 2545/7864/169 2544/7865/169 2547/7866/169 2546/7867/169
f 2557/7868/105 2556/7869/105 2555/7870/105 2552/7871/105
f 2550/7872/142 2549/7873/142 2545/7874/142 2546/7875/142
f 2548/7876/105 2551/7877/105 2547/7873/105 2544/7872/105
f 2537/7878/105 2543/7879/105 2551/7880/105 2548/7881/105
f 2542/7882/142 2536/7878/142 2549/7883/142 2550/7884/142
f 2543/7885/93 2542/7886/93 2550/7887/93 2551/7888/93
f 2536/7889/27 2537/7890/27 2548/7891/27 2549/7892/27
f 2555/7893/93 2554/7894/93 2553/7895/93 2552/7896/93
f 2558/7897/169 2557/7898/169 2552/7899/169 2553/7900/169
f 2559/7901/142 2554/7902/142 2560/7903/142 2563/7904/142
f 2559/7905/142 2558/7906/142 2553/7907/142 2554/7908/142
f 2550/7909/142 2546/7910/142 2558/7911/142 2559/7912/142
f 2551/7311/9 2550/7310/9 2559/7913/9 2556/7914/9
f 2546/6372/169 2547/6371/169 2557/7340/169 2558/7339/169
f 2547/7915/105 2551/7916/105 2556/7917/105 2557/7918/105
f 2562/7919/9 2563/7920/9 2560/6303/9 2561/6302/9
f 2554/7921/93 2555/7514/93 2561/7513/93 2560/7922/93
f 2555/7923/105 2556/7924/105 2562/7925/105 2561/7926/105
f 2556/7927/27 2559/7928/27 2563/7929/27 2562/7930/27
f 2564/7830/93 2565/7829/93 2567/7931/93 2566/7932/93
f 2572/4675/9 2573/4674/9 2571/7933/9 2570/7934/9
f 2570/7836/27 2571/7835/27 2569/7935/27 2568/7936/27
f 2574/7937/169 2575/7938/169 2565/7939/169 2564/7940/169
f 2572/7941/142 2570/7942/142 2568/7943/142 2574/7944/142
f 2573/7945/105 2567/7946/105 2565/7947/105 2575/7948/105
f 2571/7949/105 2573/7950/105 2575/7942/105 2569/7941/105
f 2566/7951/142 2572/7952/142 2574/7953/142 2564/7954/142
f 2581/7955/27 2580/7956/27 2576/6650/27 2577/7957/27
f 2566/7958/9 2567/7959/9 2573/7960/9 2572/3078/9
f 2577/7867/169 2576/7866/169 2579/7961/169 2578/7962/169
f 2589/7963/105 2588/7964/105 2587/7965/105 2584/7966/105
f 2582/7967/142 2581/7968/142 2577/7969/142 2578/7970/142
f 2580/7971/105 2583/7972/105 2579/7973/105 2576/7974/105
f 2569/7975/105 2575/7976/105 2583/7977/105 2580/7978/105
f 2574/7979/142 2568/7980/142 2581/7981/142 2582/7982/142
f 2575/7983/93 2574/7984/93 2582/7985/93 2583/7986/93
f 2568/2838/27 2569/7987/27 2580/7988/27 2581/7989/27
f 2587/7990/93 2586/7991/93 2585/7992/93 2584/7993/93
f 2590/7396/169 2589/7395/169 2584/7994/169 2585/7995/169
f 2591/7996/142 2586/7997/142 2592/7998/142 2595/7999/142
f 2591/8000/142 2590/8001/142 2585/8002/142 2586/8003/142
f 2582/8004/142 2578/8005/142 2590/8006/142 2591/8007/142
f 2583/8008/9 2582/8009/9 2591/8010/9 2588/8011/9
f 2578/6679/169 2579/6372/169 2589/7339/169 2590/7433/169
f 2579/8012/105 2583/8013/105 2588/8014/105 2589/8015/105
f 2594/6612/9 2595/6611/9 2592/7321/9 2593/7320/9
f 2586/8016/93 2587/8017/93 2593/8018/93 2592/8019/93
f 2587/7997/105 2588/8020/105 2594/8021/105 2593/7998/105
f 2588/6724/27 2591/8022/27 2595/8023/27 2594/8024/27
f 2596/7432/93 2597/7431/93 2599/8025/93 2598/8026/93
f 2604/7934/9 2605/7933/9 2603/8027/9 2602/8028/9
f 2602/8029/27 2603/8030/27 2601/8031/27 2600/8032/27
f 2606/8033/169 2607/8034/169 2597/8035/169 2596/8036/169
f 2604/8037/142 2602/8038/142 2600/8039/142 2606/8040/142
f 2605/6240/105 2599/8041/105 2597/8042/105 2607/8043/105
f 2603/8044/105 2605/8045/105 2607/8038/105 2601/8037/105
f 2598/8046/142 2604/8047/142 2606/6436/142 2596/6435/142
f 2613/8048/27 2612/8049/27 2608/8050/27 2609/8051/27
f 2598/7160/9 2599/7159/9 2605/6754/9 2604/8052/9
f 2609/7162/169 2608/7161/169 2611/8053/169 2610/8054/169
f 2621/8055/105 2620/8056/105 2619/8057/105 2616/8058/105
f 2614/8059/142 2613/8060/142 2609/8061/142 2610/8062/142
f 2612/8063/105 2615/8064/105 2611/8065/105 2608/8066/105
f 2601/8067/105 2607/7979/105 2615/8068/105 2612/8069/105
f 2606/8070/142 2600/8067/142 2613/8069/142 2614/8071/142
f 2607/8072/93 2606/8073/93 2614/8074/93 2615/8075/93
f 2600/8076/27 2601/8077/27 2612/8078/27 2613/8079/27
f 2619/8080/93 2618/8081/93 2617/8082/93 2616/8083/93
f 2622/8084/169 2621/8085/169 2616/6110/169 2617/6109/169
f 2623/8086/142 2618/8087/142 2624/8088/142 2627/8089/142
f 2623/8090/142 2622/8091/142 2617/8092/142 2618/8093/142
f 2614/8094/142 2610/8095/142 2622/8096/142 2623/8097/142
f 2615/8098/9 2614/8099/9 2623/8100/9 2620/8101/9
f 2610/8102/169 2611/8103/169 2621/8104/169 2622/8105/169
f 2611/8106/105 2615/8107/105 2620/8108/105 2621/8109/105
f 2626/8110/9 2627/8111/9 2624/7920/9 2625/7919/9
f 2618/7123/93 2619/7122/93 2625/8112/93 2624/8113/93
f 2619/8114/105 2620/8115/105 2626/8116/105 2625/8117/105
f 2620/8118/27 2623/8119/27 2627/8120/27 2626/8121/27
f 2637/8122/174 2629/8123/174 2631/8124/174 2638/8125/174
f 2638/8126/175 2631/8127/175 2635/8128/175 2640/8129/175
f 2640/8130/176 2635/8131/176 2633/8132/176 2642/8133/176
f 2642/8134/177 2633/8135/177 2629/8136/177 2637/8137/177
f 2630/8138/142 2634/8139/142 2632/8140/142 2628/8141/142
f 2635/8142/105 2631/8143/105 2629/8144/105 2633/8145/105
f 2632/8146/169 2643/8147/169 2636/8148/169 2628/8149/169
f 2643/8150/169 2642/8151/169 2637/8152/169 2636/8153/169
f 2634/8154/27 2641/8155/27 2643/8156/27 2632/8157/27
f 2641/8158/27 2640/8159/27 2642/8160/27 2643/8161/27
f 2630/8162/9 2639/8163/9 2641/8164/9 2634/8165/9
f 2639/8166/9 2638/8167/9 2640/8168/9 2641/8169/9
f 2628/8170/93 2636/8171/93 2639/8172/93 2630/8173/93
f 2636/8174/93 2637/8175/93 2638/8176/93 2639/8177/93
f 2653/8178/174 2645/8179/174 2647/8180/174 2654/8181/174
f 2654/8182/175 2647/8183/175 2651/8184/175 2656/8185/175
f 2656/8186/176 2651/8187/176 2649/8188/176 2658/8189/176
f 2658/8190/177 2649/8191/177 2645/8192/177 2653/8193/177
f 2646/8194/142 2650/8195/142 2648/8196/142 2644/8197/142
f 2651/8198/105 2647/8199/105 2645/8200/105 2649/8201/105
f 2648/8202/169 2659/8203/169 2652/8204/169 2644/8205/169
f 2659/8206/169 2658/8207/169 2653/8208/169 2652/8209/169
f 2650/8210/27 2657/8211/27 2659/8212/27 2648/8213/27
f 2657/8214/27 2656/8215/27 2658/8216/27 2659/8217/27
f 2646/8218/9 2655/8219/9 2657/8220/9 2650/8221/9
f 2655/8222/9 2654/8223/9 2656/8224/9 2657/8225/9
f 2644/8226/93 2652/8227/93 2655/8228/93 2646/8229/93
f 2652/8230/93 2653/8231/93 2654/8232/93 2655/8233/93
f 2669/8234/174 2661/8235/174 2663/8236/174 2670/8237/174
f 2670/8238/175 2663/8239/175 2667/8240/175 2672/8241/175
f 2672/8242/176 2667/8243/176 2665/8244/176 2674/8245/176
f 2674/8246/177 2665/8247/177 2661/8248/177 2669/8249/177
f 2662/8250/142 2666/8251/142 2664/8252/142 2660/8253/142
f 2667/8254/105 2663/8255/105 2661/8256/105 2665/8257/105
f 2664/8258/169 2675/8259/169 2668/8260/169 2660/8261/169
f 2675/8262/169 2674/8263/169 2669/8264/169 2668/8265/169
f 2666/8266/27 2673/8210/27 2675/8213/27 2664/8267/27
f 2673/8268/27 2672/8214/27 2674/8217/27 2675/8269/27
f 2662/8270/9 2671/8271/9 2673/8272/9 2666/8273/9
f 2671/8274/9 2670/8275/9 2672/8276/9 2673/8277/9
f 2660/8278/93 2668/8279/93 2671/8280/93 2662/8281/93
f 2668/8282/93 2669/8230/93 2670/8283/93 2671/8284/93
f 2685/8285/174 2677/8286/174 2679/8287/174 2686/8288/174
f 2686/8289/175 2679/8290/175 2683/8291/175 2688/8292/175
f 2688/8293/176 2683/8294/176 2681/8295/176 2690/8296/176
f 2690/8297/177 2681/8298/177 2677/8299/177 2685/8300/177
f 2678/8301/142 2682/8302/142 2680/8303/142 2676/8304/142
f 2683/8305/105 2679/8306/105 2677/8307/105 2681/8308/105
f 2680/8309/169 2691/8310/169 2684/8311/169 2676/8260/169
f 2691/8312/169 2690/8313/169 2685/8314/169 2684/8264/169
f 2682/8315/27 2689/8266/27 2691/8316/27 2680/8317/27
f 2689/8318/27 2688/8268/27 2690/8319/27 2691/8320/27
f 2678/8321/9 2687/8322/9 2689/8323/9 2682/8324/9
f 2687/8325/9 2686/8326/9 2688/8327/9 2689/8328/9
f 2676/8329/93 2684/8330/93 2687/8331/93 2678/8332/93
f 2684/8333/93 2685/8334/93 2686/8335/93 2687/8336/93
f 2701/8337/174 2693/8338/174 2695/8339/174 2702/8340/174
f 2702/8341/175 2695/8342/175 2699/8343/175 2704/8344/175
f 2704/8345/176 2699/8346/176 2697/8347/176 2706/8348/176
f 2706/8349/177 2697/8350/177 2693/8351/177 2701/8352/177
f 2694/8353/142 2698/8354/142 2696/8355/142 2692/8356/142
f 2699/8357/105 2695/8358/105 2693/8359/105 2697/8360/105
f 2696/8361/169 2707/8329/169 2700/8332/169 2692/8362/169
f 2707/8363/169 2706/8364/169 2701/8336/169 2700/8365/169
f 2698/8366/27 2705/8367/27 2707/8368/27 2696/8369/27
f 2705/8370/27 2704/8318/27 2706/8371/27 2707/8372/27
f 2694/8373/9 2703/8374/9 2705/8375/9 2698/8376/9
f 2703/8377/9 2702/8378/9 2704/8379/9 2705/8380/9
f 2692/8381/93 2700/8382/93 2703/8383/93 2694/8384/93
f 2700/8385/93 2701/8386/93 2702/8387/93 2703/8388/93
f 2717/8389/174 2709/8390/174 2711/8391/174 2718/8392/174
f 2718/8393/175 2711/8394/175 2715/8395/175 2720/8396/175
f 2720/8397/176 2715/8398/176 2713/8399/176 2722/8400/176
f 2722/8401/177 2713/8402/177 2709/8403/177 2717/8404/177
f 2710/8405/142 2714/8406/142 2712/8195/142 2708/8194/142
f 2715/8407/105 2711/8408/105 2709/8409/105 2713/8410/105
f 2712/8411/169 2723/8361/169 2716/8362/169 2708/8412/169
f 2723/8413/169 2722/8414/169 2717/8415/169 2716/8232/169
f 2714/8416/27 2721/8366/27 2723/8417/27 2712/8418/27
f 2721/8419/27 2720/8420/27 2722/8421/27 2723/8422/27
f 2710/8423/9 2719/8424/9 2721/8425/9 2714/8426/9
f 2719/8427/9 2718/8428/9 2720/8429/9 2721/8430/9
f 2708/8431/93 2716/8432/93 2719/8433/93 2710/8434/93
f 2716/8435/93 2717/8385/93 2718/8436/93 2719/8437/93
f 2733/8438/174 2725/8439/174 2727/8440/174 2734/8441/174
f 2734/8442/175 2727/8443/175 2731/8444/175 2736/8445/175
f 2736/8446/176 2731/8447/176 2729/8448/176 2738/8449/176
f 2738/8450/177 2729/8451/177 2725/8452/177 2733/8453/177
f 2726/8454/142 2730/8455/142 2728/8456/142 2724/8457/142
f 2731/8458/105 2727/8459/105 2725/8460/105 2729/8461/105
f 2728/8462/169 2739/8202/169 2732/8205/169 2724/8463/169
f 2739/8464/169 2738/8465/169 2733/8466/169 2732/8467/169
f 2730/8468/27 2737/8469/27 2739/8470/27 2728/8471/27
f 2737/8472/27 2736/8473/27 2738/8474/27 2739/8475/27
f 2726/8476/9 2735/8477/9 2737/8478/9 2730/8479/9
f 2735/8480/9 2734/8274/9 2736/8481/9 2737/8482/9
f 2724/8483/93 2732/8146/93 2735/8484/93 2726/8485/93
f 2732/8486/93 2733/8150/93 2734/8487/93 2735/8488/93
f 2749/8489/174 2741/8490/174 2743/8491/174 2750/8492/174
f 2750/8493/175 2743/8494/175 2747/8495/175 2752/8496/175
f 2752/8497/176 2747/8498/176 2745/8499/176 2754/8500/176
f 2754/8501/177 2745/8502/177 2741/8503/177 2749/8504/177
f 2742/8505/142 2746/8506/142 2744/8507/142 2740/8508/142
f 2747/101/105 2743/8509/105 2741/8510/105 2745/8511/105
f 2744/8512/169 2755/8258/169 2748/8513/169 2740/8514/169
f 2755/8515/169 2754/8516/169 2749/8517/169 2748/8518/169
f 2746/8519/27 2753/8520/27 2755/8521/27 2744/8522/27
f 2753/8523/27 2752/8524/27 2754/8525/27 2755/8526/27
f 2742/8527/9 2751/8528/9 2753/8529/9 2746/8530/9
f 2751/8531/9 2750/8222/9 2752/8225/9 2753/8532/9
f 2740/8533/93 2748/8534/93 2751/8535/93 2742/8383/93
f 2748/8386/93 2749/8536/93 2750/8537/93 2751/8387/93
f 2756/8538/178 2757/8539/178 2759/8540/178 2758/8541/178
f 2764/8542/179 2765/8543/179 2763/8544/179 2762/8545/179
f 2762/8546/180 2763/8547/180 2761/8548/180 2760/8549/180
f 2766/8550/181 2767/8551/181 2757/8552/181 2756/8553/181
f 2764/8554/142 2762/8555/142 2760/8556/142 2766/8557/142
f 2765/8558/105 2759/8559/105 2757/8560/105 2767/8561/105
f 2763/7850/105 2765/7849/105 2767/8562/105 2761/8563/105
f 2758/8564/142 2764/8565/142 2766/8566/142 2756/8567/142
f 2773/8568/180 2772/8569/180 2768/8570/180 2769/8571/180
f 2758/8572/179 2759/8573/179 2765/8574/179 2764/8575/179
f 2769/8576/181 2768/8577/181 2771/8578/181 2770/8579/181
f 2781/8580/105 2780/8581/105 2779/8582/105 2776/8583/105
f 2774/8584/142 2773/8585/142 2769/8586/142 2770/8587/142
f 2772/8588/105 2775/8589/105 2771/8590/105 2768/8591/105
f 2761/8592/105 2767/8593/105 2775/8594/105 2772/8595/105
f 2766/8596/142 2760/8597/142 2773/8598/142 2774/8599/142
f 2767/8600/178 2766/8601/178 2774/8602/178 2775/8603/178
f 2760/8604/180 2761/3778/180 2772/8605/180 2773/8606/180
f 2779/8607/178 2778/8608/178 2777/5947/178 2776/8609/178
f 2782/8610/181 2781/8611/181 2776/8612/181 2777/8613/181
f 2783/8614/142 2778/8615/142 2784/8616/142 2787/8617/142
f 2783/8618/142 2782/8619/142 2777/8620/142 2778/8621/142
f 2774/8622/142 2770/8623/142 2782/8624/142 2783/8625/142
f 2775/4468/179 2774/4467/179 2783/4520/179 2780/4519/179
f 2770/8626/181 2771/8627/181 2781/8628/181 2782/8629/181
f 2771/8630/105 2775/8631/105 2780/8632/105 2781/8633/105
f 2786/8634/179 2787/8635/179 2784/8636/179 2785/8637/179
f 2778/8638/178 2779/8639/178 2785/8640/178 2784/8641/178
f 2779/8642/105 2780/8643/105 2786/8644/105 2785/8645/105
f 2780/8646/180 2783/8647/180 2787/8648/180 2786/8649/180
f 2788/8650/180 2789/8651/180 2791/8652/180 2790/8653/180
f 2796/8654/181 2797/8655/181 2795/8656/181 2794/8657/181
f 2794/8658/178 2795/8659/178 2793/8660/178 2792/8661/178
f 2798/4985/179 2799/8662/179 2789/8663/179 2788/8664/179
f 2796/8665/142 2794/8562/142 2792/8666/142 2798/8667/142
f 2797/8668/105 2791/8669/105 2789/8670/105 2799/8671/105
f 2795/8672/105 2797/8673/105 2799/8667/105 2793/8666/105
f 2790/8669/142 2796/8668/142 2798/8674/142 2788/8675/142
f 2805/8676/178 2804/8677/178 2800/8678/178 2801/8679/178
f 2790/8680/181 2791/8681/181 2797/8682/181 2796/8683/181
f 2801/8684/179 2800/8685/179 2803/8686/179 2802/8687/179
f 2813/8688/105 2812/8689/105 2811/8690/105 2808/8691/105
f 2806/4687/142 2805/8692/142 2801/8693/142 2802/8694/142
f 2804/8695/105 2807/8696/105 2803/8697/105 2800/8698/105
f 2793/8699/105 2799/8700/105 2807/8701/105 2804/8702/105
f 2798/8703/142 2792/8704/142 2805/8705/142 2806/8706/142
f 2799/8707/180 2798/8708/180 2806/8709/180 2807/8710/180
f 2792/8711/178 2793/8712/178 2804/8713/178 2805/8714/178
f 2811/8715/180 2810/8716/180 2809/8717/180 2808/8718/180
f 2814/8719/179 2813/8720/179 2808/8721/179 2809/8722/179
f 2815/8723/142 2810/8724/142 2816/8725/142 2819/8726/142
f 2815/8727/142 2814/8728/142 2809/8729/142 2810/8730/142
f 2806/8731/142 2802/8732/142 2814/8733/142 2815/8734/142
f 2807/8735/181 2806/8736/181 2815/8737/181 2812/8738/181
f 2802/8739/179 2803/8740/179 2813/8741/179 2814/8742/179
f 2803/8743/105 2807/8744/105 2812/8745/105 2813/8746/105
f 2818/8747/181 2819/8748/181 2816/8749/181 2817/8750/181
f 2810/8751/180 2811/8752/180 2817/8753/180 2816/8754/180
f 2811/8755/105 2812/8756/105 2818/8757/105 2817/8758/105
f 2812/8759/178 2815/8760/178 2819/8761/178 2818/8762/178
f 2820/8549/180 2821/8548/180 2823/8763/180 2822/8764/180
f 2828/8657/181 2829/8656/181 2827/8765/181 2826/8766/181
f 2826/8661/178 2827/8660/178 2825/8767/178 2824/8768/178
f 2830/8769/179 2831/8770/179 2821/8771/179 2820/8772/179
f 2828/8773/142 2826/8774/142 2824/8775/142 2830/8776/142
f 2829/8777/105 2823/8778/105 2821/8675/105 2831/8779/105
f 2827/8780/105 2829/8781/105 2831/8782/105 2825/8783/105
f 2822/8784/142 2828/8785/142 2830/8786/142 2820/8787/142
f 2837/8679/178 2836/8678/178 2832/8788/178 2833/8789/178
f 2822/6831/181 2823/7862/181 2829/8790/181 2828/8791/181
f 2833/8792/179 2832/8793/179 2835/8794/179 2834/8795/179
f 2845/8796/105 2844/8797/105 2843/8798/105 2840/8799/105
f 2838/8800/142 2837/8801/142 2833/8802/142 2834/8803/142
f 2836/6064/105 2839/8804/105 2835/8805/105 2832/8806/105
f 2825/8807/105 2831/8808/105 2839/8809/105 2836/8810/105
f 2830/8811/142 2824/8812/142 2837/8813/142 2838/8814/142
f 2831/8815/180 2830/8816/180 2838/8817/180 2839/8818/180
f 2824/8819/178 2825/8820/178 2836/8821/178 2837/8822/178
f 2843/8823/180 2842/8824/180 2841/8825/180 2840/8826/180
f 2846/8827/179 2845/8828/179 2840/8829/179 2841/8830/179
f 2847/7826/142 2842/8831/142 2848/8832/142 2851/8833/142
f 2847/8834/142 2846/8835/142 2841/8836/142 2842/8837/142
f 2838/8838/142 2834/8839/142 2846/8840/142 2847/8841/142
f 2839/8842/181 2838/4543/181 2847/8843/181 2844/8844/181
f 2834/8845/179 2835/6175/179 2845/8846/179 2846/8847/179
f 2835/8848/105 2839/8849/105 2844/8850/105 2845/8840/105
f 2850/8851/181 2851/8852/181 2848/8748/181 2849/8747/181
f 2842/8853/180 2843/8854/180 2849/8855/180 2848/8856/180
f 2843/8857/105 2844/8858/105 2850/8859/105 2849/8860/105
f 2844/8861/178 2847/8862/178 2851/8863/178 2850/8864/178
f 2852/8764/180 2853/8763/180 2855/8865/180 2854/8866/180
f 2860/8766/181 2861/8765/181 2859/8867/181 2858/8868/181
f 2858/8869/178 2859/8870/178 2857/8871/178 2856/8872/178
f 2862/8873/179 2863/8874/179 2853/8875/179 2852/8876/179
f 2860/8877/142 2858/8878/142 2856/8879/142 2862/8880/142
f 2861/8881/105 2855/8882/105 2853/8883/105 2863/8884/105
f 2859/8885/105 2861/8886/105 2863/8887/105 2857/8888/105
f 2854/8889/142 2860/8890/142 2862/8891/142 2852/8892/142
f 2869/8893/178 2868/8894/178 2864/8895/178 2865/8896/178
f 2854/8897/181 2855/8898/181 2861/8899/181 2860/8900/181
f 2865/8901/179 2864/8902/179 2867/8903/179 2866/8904/179
f 2877/8905/105 2876/8906/105 2875/8907/105 2872/8908/105
f 2870/8909/142 2869/8910/142 2865/8911/142 2866/8912/142
f 2868/8913/105 2871/8914/105 2867/8915/105 2864/8916/105
f 2857/8917/105 2863/8918/105 2871/8919/105 2868/8920/105
f 2862/8921/142 2856/8922/142 2869/8923/142 2870/8924/142
f 2863/8925/180 2862/8926/180 2870/3159/180 2871/8927/180
f 2856/8928/178 2857/8929/178 2868/8930/178 2869/8931/178
f 2875/8932/180 2874/8933/180 2873/8934/180 2872/8935/180
f 2878/8936/179 2877/8937/179 2872/8938/179 2873/8939/179
f 2879/4225/142 2874/8940/142 2880/8941/142 2883/4224/142
f 2879/8942/142 2878/8943/142 2873/8944/142 2874/8945/142
f 2870/8946/142 2866/8947/142 2878/8948/142 2879/8949/142
f 2871/8950/181 2870/8951/181 2879/8952/181 2876/8953/181
f 2866/4728/179 2867/8954/179 2877/8955/179 2878/8956/179
f 2867/8957/105 2871/8958/105 2876/8959/105 2877/8960/105
f 2882/8961/181 2883/8962/181 2880/8963/181 2881/8964/181
f 2874/8965/180 2875/8966/180 2881/8967/180 2880/8968/180
f 2875/8969/105 2876/8970/105 2882/8971/105 2881/8972/105
f 2876/8973/178 2879/8974/178 2883/8975/178 2882/8976/178
f 2884/8872/178 2885/8871/178 2887/8977/178 2886/8978/178
f 2892/8979/179 2893/8980/179 2891/8981/179 2890/8982/179
f 2890/8983/180 2891/8984/180 2889/8985/180 2888/8986/180
f 2894/8987/181 2895/8988/181 2885/8989/181 2884/8990/181
f 2892/8991/142 2890/8992/142 2888/8993/142 2894/8994/142
f 2893/8995/105 2887/8996/105 2885/8997/105 2895/8998/105
f 2891/8555/105 2893/8999/105 2895/9000/105 2889/3006/105
f 2886/9001/142 2892/9002/142 2894/8998/142 2884/9003/142
f 2901/9004/180 2900/9005/180 2896/9006/180 2897/9007/180
f 2886/9008/179 2887/9009/179 2893/9010/179 2892/9011/179
f 2897/9012/181 2896/9013/181 2899/9014/181 2898/9015/181
f 2909/9016/105 2908/9017/105 2907/9018/105 2904/9019/105
f 2902/9020/142 2901/9021/142 2897/9022/142 2898/9023/142
f 2900/9021/105 2903/9024/105 2899/9025/105 2896/9026/105
f 2889/9027/105 2895/9028/105 2903/9029/105 2900/9030/105
f 2894/9031/142 2888/9032/142 2901/9033/142 2902/9034/142
f 2895/9035/178 2894/9036/178 2902/9037/178 2903/9038/178
f 2888/9039/180 2889/3374/180 2900/9040/180 2901/9041/180
f 2907/9042/178 2906/9043/178 2905/9044/178 2904/9045/178
f 2910/9046/181 2909/9047/181 2904/9048/181 2905/9049/181
f 2911/9050/142 2906/9051/142 2912/9052/142 2915/9053/142
f 2911/9054/142 2910/9055/142 2905/9019/142 2906/9056/142
f 2902/9057/142 2898/8959/142 2910/8958/142 2911/9058/142
f 2903/9059/179 2902/9060/179 2911/9061/179 2908/9062/179
f 2898/9063/181 2899/9064/181 2909/9065/181 2910/9066/181
f 2899/9067/105 2903/9068/105 2908/9069/105 2909/3173/105
f 2914/9070/179 2915/9071/179 2912/8830/179 2913/8829/179
f 2906/9072/178 2907/9073/178 2913/9074/178 2912/9075/178
f 2907/9076/105 2908/9077/105 2914/9078/105 2913/9079/105
f 2908/9080/180 2911/9081/180 2915/9082/180 2914/9083/180
f 2916/9084/178 2917/9085/178 2919/9086/178 2918/9087/178
f 2924/9088/179 2925/9089/179 2923/9090/179 2922/9091/179
f 2922/9092/180 2923/9093/180 2921/9094/180 2920/9095/180
f 2926/9096/181 2927/9097/181 2917/9098/181 2916/9099/181
f 2924/9100/142 2922/9101/142 2920/9102/142 2926/9103/142
f 2925/9104/105 2919/9105/105 2917/9106/105 2927/9107/105
f 2923/9108/105 2925/9109/105 2927/9110/105 2921/9111/105
f 2918/9112/142 2924/9113/142 2926/9114/142 2916/9115/142
f 2933/9116/180 2932/9117/180 2928/9118/180 2929/9119/180
f 2918/9120/179 2919/9121/179 2925/754/179 2924/9122/179
f 2929/9015/181 2928/9014/181 2931/9123/181 2930/9124/181
f 2941/9125/105 2940/9126/105 2939/9127/105 2936/9128/105
f 2934/9129/142 2933/9130/142 2929/9131/142 2930/6263/142
f 2932/9132/105 2935/9133/105 2931/3762/105 2928/3761/105
f 2921/9134/105 2927/9135/105 2935/9136/105 2932/9137/105
f 2926/9135/142 2920/9138/142 2933/9139/142 2934/9140/142
f 2927/8714/178 2926/9141/178 2934/9142/178 2935/9143/178
f 2920/9144/180 2921/9145/180 2932/9146/180 2933/9147/180
f 2939/9148/178 2938/9149/178 2937/9150/178 2936/9151/178
f 2942/9152/181 2941/9153/181 2936/9154/181 2937/9155/181
f 2943/9156/142 2938/9157/142 2944/9158/142 2947/9159/142
f 2943/9160/142 2942/9161/142 2937/9162/142 2938/9163/142
f 2934/9164/142 2930/8745/142 2942/8744/142 2943/9165/142
f 2935/9166/179 2934/9167/179 2943/9168/179 2940/9169/179
f 2930/9170/181 2931/9171/181 2941/9172/181 2942/9173/181
f 2931/9174/105 2935/9175/105 2940/9176/105 2941/9177/105
f 2946/9178/179 2947/9179/179 2944/8635/179 2945/8634/179
f 2938/9180/178 2939/9181/178 2945/9182/178 2944/9183/178
f 2939/9184/105 2940/9185/105 2946/9186/105 2945/9187/105
f 2940/9188/180 2943/9189/180 2947/9190/180 2946/9191/180
f 2948/9087/178 2949/9086/178 2951/9192/178 2950/9193/178
f 2956/8982/179 2957/8981/179 2955/9194/179 2954/9195/179
f 2954/9196/180 2955/9197/180 2953/9198/180 2952/9199/180
f 2958/4756/181 2959/4755/181 2949/8510/181 2948/9200/181
f 2956/9201/142 2954/9202/142 2952/9203/142 2958/9204/142
f 2957/9205/105 2951/9206/105 2949/9207/105 2959/9208/105
f 2955/9209/105 2957/9210/105 2959/9211/105 2953/9212/105
f 2950/9213/142 2956/9214/142 2958/9215/142 2948/9216/142
f 2965/9217/180 2964/9218/180 2960/8569/180 2961/8568/180
f 2950/9219/179 2951/3634/179 2957/9220/179 2956/9221/179
f 2961/9222/181 2960/9223/181 2963/9224/181 2962/9225/181
f 2973/9226/105 2972/9227/105 2971/9228/105 2968/9229/105
f 2966/9230/142 2965/9231/142 2961/9232/142 2962/9233/142
f 2964/9234/105 2967/9235/105 2963/9236/105 2960/9237/105
f 2953/9032/105 2959/9238/105 2967/9239/105 2964/9240/105
f 2958/9238/142 2952/9241/142 2965/9242/142 2966/9243/142
f 2959/9244/178 2958/9245/178 2966/9246/178 2967/9247/178
f 2952/9248/180 2953/9249/180 2964/9250/180 2965/9251/180
f 2971/9252/178 2970/9253/178 2969/9254/178 2968/9255/178
f 2974/8613/181 2973/8612/181 2968/9256/181 2969/9257/181
f 2975/9258/142 2970/9259/142 2976/9260/142 2979/9261/142
f 2975/9262/142 2974/9263/142 2969/9264/142 2970/9265/142
f 2966/9266/142 2962/9267/142 2974/9268/142 2975/9269/142
f 2967/9169/179 2966/9168/179 2975/9270/179 2972/9271/179
f 2962/9272/181 2963/9273/181 2973/9274/181 2974/9275/181
f 2963/9276/105 2967/9277/105 2972/9278/105 2973/9279/105
f 2978/9280/179 2979/9281/179 2976/9282/179 2977/9283/179
f 2970/9284/178 2971/9285/178 2977/9286/178 2976/9287/178
f 2971/9288/105 2972/9289/105 2978/9290/105 2977/9291/105
f 2972/9292/180 2975/9293/180 2979/9294/180 2978/9295/180
f 2980/8986/180 2981/8985/180 2983/9296/180 2982/9297/180
f 2988/9298/181 2989/9299/181 2987/9300/181 2986/9301/181
f 2986/9302/178 2987/9303/178 2985/9304/178 2984/9305/178
f 2990/9306/179 2991/9307/179 2981/9308/179 2980/9309/179
f 2988/9111/142 2986/9310/142 2984/9311/142 2990/9312/142
f 2989/9313/105 2983/9314/105 2981/9315/105 2991/9316/105
f 2987/9317/105 2989/9318/105 2991/9312/105 2985/9319/105
f 2982/9320/142 2988/9321/142 2990/9322/142 2980/9323/142
f 2997/9324/178 2996/9325/178 2992/9326/178 2993/9327/178
f 2982/9328/181 2983/9329/181 2989/9330/181 2988/9331/181
f 2993/9332/179 2992/9333/179 2995/9334/179 2994/9335/179
f 3005/9336/105 3004/9337/105 3003/9338/105 3000/9339/105
f 2998/9340/142 2997/9341/142 2993/9342/142 2994/9343/142
f 2996/9344/105 2999/9345/105 2995/9346/105 2992/9347/105
f 2985/9348/105 2991/9349/105 2999/9350/105 2996/9351/105
f 2990/9352/142 2984/9353/142 2997/9354/142 2998/9355/142
f 2991/9356/180 2990/9357/180 2998/9358/180 2999/9359/180
f 2984/9360/178 2985/9361/178 2996/9362/178 2997/9363/178
f 3003/9364/180 3002/9365/180 3001/9366/180 3000/9367/180
f 3006/9368/179 3005/9369/179 3000/9370/179 3001/9371/179
f 3007/9372/142 3002/9373/142 3008/9374/142 3011/9375/142
f 3007/9376/142 3006/9377/142 3001/9378/142 3002/9379/142
f 2998/9380/142 2994/9381/142 3006/9382/142 3007/9383/142
f 2999/9384/181 2998/9385/181 3007/9386/181 3004/9387/181
f 2994/9388/179 2995/9389/179 3005/9390/179 3006/9391/179
f 2995/9392/105 2999/9393/105 3004/9394/105 3005/9395/105
f 3010/9396/181 3011/9397/181 3008/8852/181 3009/8851/181
f 3002/9398/180 3003/9399/180 3009/9400/180 3008/9401/180
f 3003/9402/105 3004/9403/105 3010/9404/105 3009/9405/105
f 3004/9406/178 3007/9407/178 3011/9408/178 3010/9409/178
f 3012/9297/180 3013/9296/180 3015/9410/180 3014/9411/180
f 3020/8868/181 3021/8867/181 3019/9412/181 3018/9413/181
f 3018/9414/178 3019/9415/178 3017/9416/178 3016/9417/178
f 3022/9418/179 3023/9419/179 3013/9420/179 3012/9421/179
f 3020/9422/142 3018/9423/142 3016/9424/142 3022/9425/142
f 3021/9426/105 3015/9427/105 3013/9428/105 3023/9429/105
f 3019/9430/105 3021/9431/105 3023/9425/105 3017/9424/105
f 3014/9432/142 3020/9433/142 3022/9434/142 3012/9435/142
f 3029/9436/178 3028/9437/178 3024/9438/178 3025/9439/178
f 3014/9440/181 3015/9441/181 3021/9442/181 3020/9443/181
f 3025/9444/179 3024/9445/179 3027/9446/179 3026/9447/179
f 3037/9448/105 3036/9449/105 3035/9450/105 3032/9451/105
f 3030/9452/142 3029/9453/142 3025/9454/142 3026/9455/142
f 3028/4996/105 3031/4995/105 3027/9455/105 3024/9456/105
f 3017/9457/105 3023/9458/105 3031/9459/105 3028/9460/105
f 3022/9461/142 3016/9462/142 3029/9463/142 3030/9464/142
f 3023/3498/180 3022/9465/180 3030/9466/180 3031/9467/180
f 3016/9468/178 3017/9469/178 3028/9470/178 3029/8819/178
f 3035/9471/180 3034/9472/180 3033/9119/180 3032/9118/180
f 3038/9473/179 3037/9474/179 3032/9475/179 3033/9476/179
f 3039/9477/142 3034/9478/142 3040/9479/142 3043/9480/142
f 3039/9481/142 3038/9482/142 3033/9483/142 3034/9484/142
f 3030/9485/142 3026/9486/142 3038/9487/142 3039/9488/142
f 3031/9489/181 3030/9490/181 3039/9491/181 3036/9492/181
f 3026/9493/179 3027/3497/179 3037/3632/179 3038/9494/179
f 3027/9495/105 3031/9496/105 3036/9497/105 3037/9498/105
f 3042/9499/181 3043/9500/181 3040/9049/181 3041/9048/181
f 3034/9501/180 3035/9082/180 3041/9502/180 3040/9503/180
f 3035/9504/105 3036/9505/105 3042/9506/105 3041/9507/105
f 3036/9508/178 3039/9509/178 3043/9510/178 3042/9511/178
f 3044/9411/180 3045/9410/180 3047/9512/180 3046/9513/180
f 3052/9413/181 3053/9412/181 3051/9514/181 3050/9515/181
f 3050/9516/178 3051/9517/178 3049/9518/178 3048/9519/178
f 3054/9520/179 3055/9521/179 3045/9522/179 3044/9523/179
f 3052/9524/142 3050/9525/142 3048/9526/142 3054/9527/142
f 3053/9528/105 3047/9529/105 3045/9530/105 3055/9531/105
f 3051/9532/105 3053/9533/105 3055/9534/105 3049/9535/105
f 3046/9536/142 3052/9537/142 3054/9538/142 3044/9539/142
f 3061/9540/178 3060/9541/178 3056/9542/178 3057/9543/178
f 3046/9544/181 3047/9545/181 3053/9546/181 3052/9547/181
f 3057/9548/179 3056/9549/179 3059/9550/179 3058/9551/179
f 3069/9552/105 3068/9553/105 3067/9554/105 3064/9555/105
f 3062/9556/142 3061/9557/142 3057/9558/142 3058/9559/142
f 3060/9560/105 3063/9561/105 3059/9562/105 3056/9563/105
f 3049/9564/105 3055/9565/105 3063/9566/105 3060/9567/105
f 3054/9568/142 3048/9569/142 3061/9570/142 3062/9571/142
f 3055/9572/180 3054/9573/180 3062/9574/180 3063/9575/180
f 3048/9576/178 3049/9577/178 3060/9578/178 3061/9579/178
f 3067/9580/180 3066/9581/180 3065/9582/180 3064/9583/180
f 3070/9584/179 3069/9585/179 3064/9586/179 3065/9587/179
f 3071/9588/142 3066/9589/142 3072/9590/142 3075/9591/142
f 3071/9592/142 3070/9593/142 3065/9594/142 3066/9595/142
f 3062/9596/142 3058/9597/142 3070/9598/142 3071/9599/142
f 3063/9600/181 3062/9601/181 3071/8606/181 3068/9602/181
f 3058/9603/179 3059/9604/179 3069/7360/179 3070/7359/179
f 3059/9605/105 3063/9606/105 3068/9607/105 3069/9598/105
f 3074/9608/181 3075/9609/181 3072/9610/181 3073/9611/181
f 3066/9612/180 3067/9613/180 3073/9614/180 3072/9615/180
f 3067/9616/105 3068/9617/105 3074/9618/105 3073/9619/105
f 3068/9620/178 3071/9621/178 3075/9622/178 3074/9623/178
f 3076/9624/178 3077/9625/178 3079/9626/178 3078/9627/178
f 3084/9628/179 3085/9629/179 3083/9630/179 3082/9631/179
f 3082/9513/180 3083/9512/180 3081/9632/180 3080/9633/180
f 3086/5731/181 3087/5730/181 3077/9634/181 3076/9635/181
f 3084/9636/142 3082/9637/142 3080/2251/142 3086/9638/142
f 3085/2698/105 3079/9639/105 3077/9640/105 3087/9641/105
f 3083/4558/105 3085/4557/105 3087/9642/105 3081/7943/105
f 3078/9643/142 3084/9644/142 3086/9645/142 3076/9646/142
f 3093/9647/180 3092/9648/180 3088/8677/180 3089/8676/180
f 3078/9649/179 3079/9650/179 3085/9651/179 3084/9652/179
f 3089/9653/181 3088/9654/181 3091/9655/181 3090/9656/181
f 3101/9657/105 3100/9658/105 3099/9659/105 3096/9660/105
f 3094/9661/142 3093/9662/142 3089/9663/142 3090/9664/142
f 3092/3960/105 3095/9665/105 3091/9666/105 3088/9667/105
f 3081/9668/105 3087/9669/105 3095/9670/105 3092/9671/105
f 3086/9672/142 3080/9673/142 3093/9674/142 3094/9675/142
f 3087/9676/178 3086/9677/178 3094/9678/178 3095/9679/178
f 3080/9680/180 3081/9466/180 3092/3497/180 3093/9493/180
f 3099/9681/178 3098/9682/178 3097/9327/178 3096/9683/178
f 3102/9684/181 3101/9685/181 3096/9686/181 3097/9687/181
f 3103/9688/142 3098/9479/142 3104/9478/142 3107/9689/142
f 3103/9690/142 3102/9691/142 3097/9692/142 3098/9693/142
f 3094/9694/142 3090/9695/142 3102/9696/142 3103/9697/142
f 3095/9698/179 3094/9699/179 3103/9700/179 3100/9701/179
f 3090/9702/181 3091/9703/181 3101/6854/181 3102/9704/181
f 3091/9705/105 3095/9706/105 3100/9707/105 3101/9708/105
f 3106/9709/179 3107/9710/179 3104/9711/179 3105/9712/179
f 3098/9713/178 3099/1225/178 3105/9714/178 3104/9715/178
f 3099/9716/105 3100/9717/105 3106/9718/105 3105/9719/105
f 3100/9720/180 3103/9721/180 3107/9722/180 3106/9723/180
f 3108/9724/178 3109/9725/178 3111/9726/178 3110/9727/178
f 3116/9631/179 3117/9630/179 3115/9728/179 3114/9729/179
f 3114/9730/180 3115/9731/180 3113/9732/180 3112/9733/180
f 3118/9734/181 3119/9735/181 3109/9736/181 3108/9737/181
f 3116/9738/142 3114/9739/142 3112/8992/142 3118/8991/142
f 3117/9740/105 3111/9741/105 3109/9742/105 3119/9743/105
f 3115/9739/105 3117/9744/105 3119/9745/105 3113/9746/105
f 3110/9747/142 3116/9748/142 3118/9749/142 3108/9750/142
f 3125/9751/180 3124/9752/180 3120/9753/180 3121/9754/180
f 3110/6052/179 3111/6051/179 3117/9755/179 3116/9756/179
f 3121/9656/181 3120/9655/181 3123/9757/181 3122/9758/181
f 3133/9759/105 3132/9760/105 3131/9761/105 3128/9762/105
f 3126/9763/142 3125/9764/142 3121/9765/142 3122/9766/142
f 3124/9767/105 3127/9768/105 3123/9769/105 3120/9770/105
f 3113/9771/105 3119/9772/105 3127/9773/105 3124/9774/105
f 3118/5337/142 3112/1189/142 3125/1188/142 3126/5338/142
f 3119/9775/178 3118/9776/178 3126/9777/178 3127/9778/178
f 3112/9244/180 3113/9779/180 3124/9780/180 3125/9781/180
f 3131/9782/178 3130/9783/178 3129/9784/178 3128/9785/178
f 3134/9687/181 3133/9686/181 3128/9786/181 3129/9787/181
f 3135/9788/142 3130/9789/142 3136/9790/142 3139/9791/142
f 3135/9792/142 3134/9793/142 3129/9794/142 3130/9795/142
f 3126/9796/142 3122/9797/142 3134/9798/142 3135/9799/142
f 3127/9800/179 3126/9801/179 3135/9802/179 3132/9803/179
f 3122/9804/181 3123/4930/181 3133/9805/181 3134/9806/181
f 3123/9807/105 3127/9808/105 3132/9809/105 3133/9810/105
f 3138/9811/179 3139/9812/179 3136/9710/179 3137/9709/179
f 3130/9813/178 3131/9814/178 3137/9815/178 3136/9816/178
f 3131/9817/105 3132/9818/105 3138/9819/105 3137/9820/105
f 3132/9821/180 3135/9822/180 3139/9823/180 3138/9824/180
f 3140/9825/178 3141/9826/178 3143/9827/178 3142/9828/178
f 3148/9195/179 3149/9194/179 3147/9829/179 3146/9830/179
f 3146/9095/180 3147/9094/180 3145/9831/180 3144/9832/180
f 3150/9833/181 3151/9834/181 3141/9835/181 3140/9836/181
f 3148/9837/142 3146/6031/142 3144/9838/142 3150/9839/142
f 3149/9840/105 3143/9841/105 3141/9842/105 3151/9843/105
f 3147/9844/105 3149/8672/105 3151/9845/105 3145/9846/105
f 3142/9847/142 3148/9848/142 3150/9849/142 3140/9850/142
f 3157/9851/180 3156/9852/180 3152/9853/180 3153/9854/180
f 3142/9855/179 3143/9856/179 3149/9857/179 3148/9858/179
f 3153/9515/181 3152/9514/181 3155/9859/181 3154/9860/181
f 3165/9861/105 3164/9862/105 3163/9863/105 3160/9864/105
f 3158/9865/142 3157/9866/142 3153/9867/142 3154/9868/142
f 3156/9869/105 3159/9870/105 3155/9871/105 3152/9872/105
f 3145/9873/105 3151/9459/105 3159/9458/105 3156/9874/105
f 3150/9875/142 3144/3467/142 3157/3466/142 3158/9876/142
f 3151/9877/178 3150/9878/178 3158/9879/178 3159/9880/178
f 3144/9881/180 3145/9882/180 3156/9883/180 3157/9884/180
f 3163/9885/178 3162/9886/178 3161/9783/178 3160/9782/178
f 3166/9887/181 3165/9888/181 3160/9889/181 3161/9890/181
f 3167/9891/142 3162/9892/142 3168/9893/142 3171/9894/142
f 3167/9895/142 3166/9896/142 3161/9897/142 3162/9898/142
f 3158/9899/142 3154/9900/142 3166/9901/142 3167/9902/142
f 3159/9271/179 3158/9270/179 3167/9903/179 3164/9904/179
f 3154/8708/181 3155/9905/181 3165/9906/181 3166/9907/181
f 3155/9908/105 3159/9909/105 3164/9910/105 3165/9911/105
f 3170/9912/179 3171/9913/179 3168/9914/179 3169/9915/179
f 3162/9916/178 3163/9917/178 3169/9918/178 3168/9919/178
f 3163/9920/105 3164/9921/105 3170/9894/105 3169/9922/105
f 3164/9923/180 3167/9924/180 3171/9925/180 3170/9926/180
f 3172/9927/180 3173/9928/180 3175/9929/180 3174/9930/180
f 3180/9931/181 3181/9932/181 3179/9933/181 3178/9934/181
f 3178/9935/178 3179/9827/178 3177/9936/178 3176/9937/178
f 3182/9938/179 3183/9939/179 3173/9940/179 3172/9941/179
f 3180/9942/142 3178/9943/142 3176/9944/142 3182/9945/142
f 3181/9946/105 3175/9947/105 3173/9948/105 3183/9949/105
f 3179/9950/105 3181/9951/105 3183/9952/105 3177/9953/105
f 3174/9954/142 3180/9955/142 3182/9956/142 3172/9957/142
f 3189/9958/178 3188/9681/178 3184/9959/178 3185/9960/178
f 3174/9961/181 3175/9962/181 3181/9963/181 3180/9964/181
f 3185/9965/179 3184/9966/179 3187/9967/179 3186/9968/179
f 3197/9969/105 3196/9970/105 3195/9971/105 3192/9972/105
f 3190/9973/142 3189/9974/142 3185/9975/142 3186/9976/142
f 3188/9977/105 3191/9978/105 3187/9979/105 3184/9980/105
f 3177/9981/105 3183/9982/105 3191/9983/105 3188/9984/105
f 3182/9985/142 3176/9981/142 3189/9984/142 3190/9986/142
f 3183/9987/180 3182/9988/180 3190/9989/180 3191/9990/180
f 3176/9991/178 3177/9992/178 3188/9993/178 3189/9994/178
f 3195/9995/180 3194/9996/180 3193/9854/180 3192/9853/180
f 3198/9812/179 3197/9811/179 3192/9997/179 3193/9998/179
f 3199/9999/142 3194/10000/142 3200/10001/142 3203/10002/142
f 3199/10003/142 3198/10004/142 3193/10005/142 3194/10006/142
f 3190/10007/142 3186/10008/142 3198/10009/142 3199/10010/142
f 3191/10011/181 3190/10012/181 3199/10013/181 3196/10014/181
f 3186/10015/179 3187/10016/179 3197/10017/179 3198/10018/179
f 3187/10019/105 3191/10020/105 3196/10021/105 3197/10022/105
f 3202/10023/181 3203/10024/181 3200/10025/181 3201/10026/181
f 3194/8649/180 3195/10027/180 3201/10028/180 3200/8646/180
f 3195/10029/105 3196/10030/105 3202/10031/105 3201/10032/105
f 3196/10033/178 3199/10034/178 3203/10035/178 3202/10036/178
f 3204/10037/180 3205/10038/180 3207/3321/180 3206/3320/180
f 3212/9225/181 3213/9224/181 3211/10039/181 3210/10040/181
f 3210/9627/178 3211/10041/178 3209/10042/178 3208/10043/178
f 3214/10044/179 3215/7939/179 3205/10045/179 3204/10046/179
f 3212/10047/142 3210/10048/142 3208/10049/142 3214/10050/142
f 3213/10051/105 3207/10052/105 3205/10053/105 3215/10054/105
f 3211/10055/105 3213/6540/105 3215/10056/105 3209/10057/105
f 3206/10058/142 3212/10059/142 3214/10060/142 3204/10061/142
f 3221/8789/178 3220/8788/178 3216/10062/178 3217/10063/178
f 3206/6230/181 3207/10064/181 3213/10065/181 3212/6231/181
f 3217/9968/179 3216/9967/179 3219/10066/179 3218/10067/179
f 3229/3691/105 3228/10068/105 3227/10069/105 3224/3688/105
f 3222/10070/142 3221/10071/142 3217/10072/142 3218/6967/142
f 3220/10073/105 3223/10074/105 3219/10075/105 3216/10076/105
f 3209/10077/105 3215/10078/105 3223/10079/105 3220/10080/105
f 3214/10081/142 3208/10082/142 3221/10083/142 3222/10084/142
f 3215/9882/180 3214/9881/180 3222/10085/180 3223/10086/180
f 3208/10087/178 3209/10088/178 3220/10089/178 3221/10090/178
f 3227/10091/180 3226/10092/180 3225/10093/180 3224/10094/180
f 3230/10095/179 3229/10096/179 3224/10097/179 3225/10098/179
f 3231/7511/142 3226/10099/142 3232/10100/142 3235/7508/142
f 3231/10101/142 3230/10102/142 3225/10103/142 3226/10104/142
f 3222/10105/142 3218/10106/142 3230/10107/142 3231/10108/142
f 3223/10109/181 3222/10110/181 3231/5998/181 3228/5997/181
f 3218/10111/179 3219/10112/179 3229/10113/179 3230/10114/179
f 3219/10115/105 3223/10116/105 3228/10117/105 3229/10118/105
f 3234/10119/181 3235/10120/181 3232/10024/181 3233/10023/181
f 3226/10121/180 3227/10122/180 3233/10123/180 3232/10124/180
f 3227/10125/105 3228/10126/105 3234/10127/105 3233/10128/105
f 3228/10129/178 3231/10130/178 3235/10131/178 3234/10132/178
f 3236/9930/180 3237/9929/180 3239/10133/180 3238/10134/180
f 3244/9860/181 3245/9859/181 3243/10135/181 3242/10136/181
f 3242/10137/178 3243/10138/178 3241/10139/178 3240/10140/178
f 3246/10141/179 3247/9855/179 3237/9858/179 3236/10142/179
f 3244/10143/142 3242/10144/142 3240/10145/142 3246/10146/142
f 3245/10147/105 3239/10148/105 3237/10149/105 3247/10150/105
f 3243/10151/105 3245/10152/105 3247/10153/105 3241/10154/105
f 3238/10155/142 3244/10156/142 3246/10157/142 3236/10158/142
f 3253/9886/178 3252/9885/178 3248/10159/178 3249/10160/178
f 3238/10161/181 3239/10162/181 3245/10163/181 3244/10164/181
f 3249/9729/179 3248/9728/179 3251/10165/179 3250/10166/179
f 3261/10167/105 3260/10168/105 3259/10169/105 3256/10170/105
f 3254/10171/142 3253/10172/142 3249/10173/142 3250/10174/142
f 3252/10175/105 3255/10176/105 3251/10177/105 3248/10178/105
f 3241/10179/105 3247/10180/105 3255/5449/105 3252/10181/105
f 3246/10182/142 3240/10183/142 3253/10184/142 3254/10185/142
f 3247/10186/180 3246/10187/180 3254/4695/180 3255/10188/180
f 3240/10189/178 3241/10190/178 3252/10191/178 3253/10192/178
f 3259/10193/180 3258/10194/180 3257/10195/180 3256/10196/180
f 3262/9998/179 3261/9997/179 3256/10197/179 3257/10198/179
f 3263/10199/142 3258/10200/142 3264/10201/142 3267/10202/142
f 3263/10203/142 3262/10204/142 3257/10205/142 3258/10206/142
f 3254/10207/142 3250/10208/142 3262/10209/142 3263/10210/142
f 3255/10211/181 3254/10212/181 3263/10213/181 3260/10214/181
f 3250/10215/179 3251/9802/179 3261/9801/179 3262/10216/179
f 3251/10217/105 3255/10218/105 3260/10219/105 3261/10220/105
f 3266/10221/181 3267/10222/181 3264/9890/181 3265/9889/181
f 3258/10223/180 3259/8965/180 3265/8968/180 3264/10224/180
f 3259/10225/105 3260/1463/105 3266/10226/105 3265/10227/105
f 3260/10228/178 3263/10229/178 3267/6716/178 3266/6715/178
f 3268/10230/178 3269/10139/178 3271/10231/178 3270/10232/178
f 3276/10233/179 3277/10234/179 3275/10235/179 3274/10236/179
f 3274/10134/180 3275/10133/180 3273/10237/180 3272/10238/180
f 3278/10239/181 3279/10240/181 3269/10241/181 3268/10242/181
f 3276/10243/142 3274/10244/142 3272/10245/142 3278/10246/142
f 3277/10247/105 3271/10248/105 3269/10249/105 3279/10250/105
f 3275/10251/105 3277/10252/105 3279/10253/105 3273/10254/105
f 3270/10255/142 3276/10256/142 3278/10257/142 3268/10258/142
f 3285/10259/180 3284/10260/180 3280/10261/180 3281/10262/180
f 3270/10263/179 3271/10264/179 3277/10265/179 3276/10266/179
f 3281/10136/181 3280/10135/181 3283/10267/181 3282/10268/181
f 3293/10269/105 3292/9226/105 3291/10270/105 3288/10271/105
f 3286/10272/142 3285/8915/142 3281/10273/142 3282/10274/142
f 3284/10275/105 3287/10276/105 3283/10277/105 3280/10278/105
f 3273/10279/105 3279/10280/105 3287/10281/105 3284/10282/105
f 3278/10283/142 3272/10284/142 3285/10285/142 3286/10286/142
f 3279/10287/178 3278/10288/178 3286/10289/178 3287/10290/178
f 3272/10291/180 3273/10292/180 3284/10293/180 3285/10294/180
f 3291/10295/178 3290/10296/178 3289/10297/178 3288/10298/178
f 3294/10120/181 3293/10119/181 3288/10299/181 3289/10300/181
f 3295/10301/142 3290/10302/142 3296/10303/142 3299/10304/142
f 3295/10305/142 3294/10306/142 3289/10307/142 3290/10308/142
f 3286/10309/142 3282/10310/142 3294/10311/142 3295/10312/142
f 3287/10313/179 3286/10314/179 3295/10315/179 3292/10316/179
f 3282/10317/181 3283/10318/181 3293/3237/181 3294/10319/181
f 3283/10320/105 3287/10321/105 3292/10322/105 3293/10323/105
f 3298/10324/179 3299/10325/179 3296/10098/179 3297/10097/179
f 3290/10326/178 3291/10327/178 3297/10328/178 3296/10329/178
f 3291/10330/105 3292/10331/105 3298/10332/105 3297/10333/105
f 3292/10334/180 3295/10335/180 3299/10336/180 3298/10223/180
f 3300/10043/178 3301/10337/178 3303/10338/178 3302/10339/178
f 3308/10340/179 3309/10341/179 3307/10342/179 3306/10343/179
f 3306/9832/180 3307/9831/180 3305/10344/180 3304/10345/180
f 3310/10346/181 3311/10347/181 3301/10348/181 3300/10349/181
f 3308/10350/142 3306/10351/142 3304/10352/142 3310/10353/142
f 3309/10354/105 3303/10355/105 3301/10356/105 3311/10357/105
f 3307/10358/105 3309/10350/105 3311/7436/105 3305/10359/105
f 3302/10360/142 3308/10361/142 3310/10362/142 3300/10363/142
f 3317/10194/180 3316/10193/180 3312/7956/180 3313/7955/180
f 3302/10364/179 3303/10365/179 3309/10366/179 3308/10367/179
f 3313/9934/181 3312/9933/181 3315/10368/181 3314/10369/181
f 3325/10370/105 3324/10371/105 3323/10372/105 3320/10373/105
f 3318/10374/142 3317/10375/142 3313/10376/142 3314/10377/142
f 3316/10378/105 3319/10379/105 3315/2507/105 3312/10380/105
f 3305/10381/105 3311/10382/105 3319/10383/105 3316/10384/105
f 3310/10385/142 3304/10386/142 3317/10387/142 3318/10388/142
f 3311/10389/178 3310/10390/178 3318/10391/178 3319/10392/178
f 3304/10393/180 3305/10394/180 3316/10395/180 3317/10396/180
f 3323/10397/178 3322/10398/178 3321/10399/178 3320/10400/178
f 3326/10401/181 3325/10402/181 3320/10403/181 3321/10404/181
f 3327/10405/142 3322/9716/142 3328/9719/142 3331/10406/142
f 3327/10407/142 3326/10408/142 3321/10409/142 3322/10410/142
f 3318/10411/142 3314/10412/142 3326/10413/142 3327/10414/142
f 3319/10347/179 3318/10415/179 3327/10416/179 3324/10417/179
f 3314/10418/181 3315/10419/181 3325/10420/181 3326/10421/181
f 3315/10422/105 3319/10423/105 3324/10424/105 3325/10425/105
f 3330/10426/179 3331/10427/179 3328/10428/179 3329/10429/179
f 3322/10430/178 3323/10431/178 3329/10432/178 3328/10433/178
f 3323/10434/105 3324/10435/105 3330/10436/105 3329/10437/105
f 3324/10438/180 3327/10439/180 3331/10440/180 3330/10336/180
f 3332/10441/178 3333/9726/178 3335/10442/178 3334/10443/178
f 3340/10343/179 3341/10342/179 3339/10444/179 3338/10445/179
f 3338/10446/180 3339/10447/180 3337/10448/180 3336/10449/180
f 3342/10450/181 3343/10451/181 3333/10452/181 3332/10453/181
f 3340/10454/142 3338/10455/142 3336/10456/142 3342/10457/142
f 3341/10458/105 3335/10459/105 3333/10460/105 3343/10461/105
f 3339/10462/105 3341/10463/105 3343/10464/105 3337/10465/105
f 3334/10466/142 3340/10467/142 3342/10468/142 3332/10469/142
f 3349/10470/180 3348/10471/180 3344/10472/180 3345/10473/180
f 3334/4050/179 3335/10474/179 3341/10475/179 3340/10476/179
f 3345/10268/181 3344/10267/181 3347/10477/181 3346/10478/181
f 3357/2169/105 3356/10479/105 3355/10480/105 3352/10481/105
f 3350/10482/142 3349/10483/142 3345/10484/142 3346/10485/142
f 3348/10486/105 3351/10487/105 3347/10488/105 3344/10489/105
f 3337/10490/105 3343/10491/105 3351/10492/105 3348/10493/105
f 3342/10494/142 3336/10495/142 3349/10496/142 3350/10497/142
f 3343/10498/178 3342/10499/178 3350/10500/178 3351/10501/178
f 3336/3573/180 3337/3572/180 3348/10502/180 3349/10503/180
f 3355/10504/178 3354/10505/178 3353/10506/178 3352/10507/178
f 3358/9397/181 3357/9396/181 3352/10508/181 3353/10509/181
f 3359/5019/142 3354/8941/142 3360/8940/142 3363/5020/142
f 3359/10510/142 3358/10511/142 3353/10512/142 3354/10513/142
f 3350/10514/142 3346/10422/142 3358/10515/142 3359/10516/142
f 3351/10517/179 3350/10518/179 3359/10519/179 3356/10520/179
f 3346/10521/181 3347/10522/181 3357/10523/181 3358/10524/181
f 3347/10525/105 3351/10526/105 3356/10527/105 3357/10528/105
f 3362/10529/179 3363/10530/179 3360/9913/179 3361/9912/179
f 3354/3713/178 3355/3712/178 3361/10531/178 3360/10532/178
f 3355/10533/105 3356/9288/105 3362/9291/105 3361/10534/105
f 3356/10535/180 3359/10536/180 3363/10537/180 3362/10538/180
f 3364/10238/180 3365/10237/180 3367/10539/180 3366/10540/180
f 3372/10478/181 3373/10477/181 3371/10541/181 3370/10542/181
f 3370/10543/178 3371/10544/178 3369/10545/178 3368/10546/178
f 3374/10547/179 3375/10548/179 3365/10549/179 3364/10550/179
f 3372/10551/142 3370/10552/142 3368/10553/142 3374/10554/142
f 3373/10555/105 3367/10556/105 3365/10557/105 3375/10558/105
f 3371/10559/105 3373/10560/105 3375/10561/105 3369/10562/105
f 3366/10563/142 3372/10555/142 3374/10564/142 3364/10565/142
f 3381/9960/178 3380/9959/178 3376/10566/178 3377/10567/178
f 3366/10568/181 3367/10569/181 3373/10570/181 3372/10571/181
f 3377/10445/179 3376/10444/179 3379/10572/179 3378/10573/179
f 3389/10574/105 3388/10575/105 3387/10576/105 3384/10577/105
f 3382/10578/142 3381/10579/142 3377/10580/142 3378/10581/142
f 3380/9768/105 3383/9767/105 3379/10582/105 3376/10583/105
f 3369/10584/105 3375/10585/105 3383/10586/105 3380/10587/105
f 3374/10588/142 3368/10589/142 3381/10590/142 3382/10591/142
f 3375/3901/180 3374/10592/180 3382/10593/180 3383/10594/180
f 3368/10595/178 3369/10596/178 3380/10597/178 3381/3074/178
f 3387/10598/180 3386/10599/180 3385/10600/180 3384/10601/180
f 3390/10602/179 3389/10603/179 3384/10604/179 3385/10605/179
f 3391/10606/142 3386/10607/142 3392/10608/142 3395/10609/142
f 3391/10610/142 3390/10611/142 3385/10612/142 3386/10613/142
f 3382/10208/142 3378/10614/142 3390/10615/142 3391/10616/142
f 3383/6633/181 3382/10617/181 3391/10618/181 3388/3798/181
f 3378/10619/179 3379/4101/179 3389/3108/179 3390/10620/179
f 3379/10621/105 3383/10622/105 3388/10623/105 3389/10624/105
f 3394/10625/181 3395/10626/181 3392/10300/181 3393/10299/181
f 3386/10627/180 3387/10628/180 3393/10629/180 3392/10630/180
f 3387/10631/105 3388/10632/105 3394/10633/105 3393/10634/105
f 3388/10635/178 3391/10636/178 3395/10637/178 3394/10638/178
f 3396/10345/180 3397/10344/180 3399/10639/180 3398/10640/180
f 3404/10641/181 3405/10642/181 3403/10643/181 3402/10644/181
f 3402/10546/178 3403/10545/178 3401/10645/178 3400/10646/178
f 3406/4364/179 3407/4363/179 3397/10647/179 3396/10648/179
f 3404/10649/142 3402/10650/142 3400/10651/142 3406/10652/142
f 3405/10653/105 3399/10654/105 3397/10655/105 3407/10656/105
f 3403/10657/105 3405/7142/105 3407/10658/105 3401/10659/105
f 3398/10660/142 3404/10661/142 3406/10662/142 3396/10663/142
f 3413/10664/178 3412/10665/178 3408/10666/178 3409/10667/178
f 3398/10668/181 3399/10669/181 3405/10670/181 3404/10671/181
f 3409/9447/179 3408/9446/179 3411/10672/179 3410/10673/179
f 3421/10204/105 3420/10674/105 3419/10675/105 3416/10676/105
f 3414/10677/142 3413/10678/142 3409/10679/142 3410/10680/142
f 3412/10681/105 3415/10682/105 3411/10683/105 3408/10684/105
f 3401/10585/105 3407/10685/105 3415/10686/105 3412/10586/105
f 3406/10687/142 3400/10584/142 3413/10587/142 3414/10688/142
f 3407/10592/180 3406/10689/180 3414/6367/180 3415/10593/180
f 3400/10690/178 3401/10691/178 3412/10692/178 3413/10693/178
f 3419/10694/180 3418/10695/180 3417/10696/180 3416/10697/180
f 3422/10698/179 3421/10699/179 3416/10700/179 3417/10701/179
f 3423/9922/142 3418/10702/142 3424/10703/142 3427/9920/142
f 3423/10674/142 3422/10704/142 3417/10705/142 3418/10706/142
f 3414/10707/142 3410/10708/142 3422/10709/142 3423/10710/142
f 3415/10711/181 3414/10712/181 3423/10713/181 3420/10714/181
f 3410/10715/179 3411/10716/179 3421/10717/179 3422/7937/179
f 3411/10708/105 3415/10718/105 3420/10719/105 3421/10720/105
f 3426/10721/181 3427/10722/181 3424/10723/181 3425/10724/181
f 3418/9926/180 3419/10627/180 3425/10725/180 3424/9923/180
f 3419/10726/105 3420/10727/105 3426/10728/105 3425/10729/105
f 3420/10730/178 3423/10731/178 3427/10732/178 3426/10733/178
f 3428/10540/180 3429/10539/180 3431/8870/180 3430/8869/180
f 3436/10542/181 3437/10541/181 3435/10734/181 3434/10735/181
f 3434/10736/178 3435/10737/178 3433/10738/178 3432/10739/178
f 3438/10740/179 3439/10741/179 3429/10742/179 3428/155/179
f 3436/10743/142 3434/10744/142 3432/10745/142 3438/10746/142
f 3437/10747/105 3431/10748/105 3429/10749/105 3439/10750/105
f 3435/10751/105 3437/10752/105 3439/4350/105 3433/10753/105
f 3430/10754/142 3436/10755/142 3438/10756/142 3428/10757/142
f 3445/10758/178 3444/10759/178 3440/10760/178 3441/10761/178
f 3430/10762/181 3431/10763/181 3437/10764/181 3436/10765/181
f 3441/10766/179 3440/10767/179 3443/10768/179 3442/10769/179
f 3453/10770/105 3452/10771/105 3451/10772/105 3448/10773/105
f 3446/10774/142 3445/10775/142 3441/10776/142 3442/10777/142
f 3444/10778/105 3447/10779/105 3443/10780/105 3440/10781/105
f 3433/10782/105 3439/3469/105 3447/3470/105 3444/10783/105
f 3438/10784/142 3432/10785/142 3445/10786/142 3446/10787/142
f 3439/10788/180 3438/10789/180 3446/10790/180 3447/10791/180
f 3432/10792/178 3433/10793/178 3444/10794/178 3445/10795/178
f 3451/10796/180 3450/10797/180 3449/10798/180 3448/10799/180
f 3454/10701/179 3453/10700/179 3448/10800/179 3449/10801/179
f 3455/10802/142 3450/10803/142 3456/10804/142 3459/10805/142
f 3455/10806/142 3454/2921/142 3449/10807/142 3450/10808/142
f 3446/10809/142 3442/10810/142 3454/10811/142 3455/10812/142
f 3447/10813/181 3446/10814/181 3455/10815/181 3452/10816/181
f 3442/10817/179 3443/10818/179 3453/10819/179 3454/3213/179
f 3443/10820/105 3447/10821/105 3452/10822/105 3453/10823/105
f 3458/10824/181 3459/10825/181 3456/10722/181 3457/10721/181
f 3450/10826/180 3451/9925/180 3457/9924/180 3456/10827/180
f 3451/10828/105 3452/10829/105 3458/10830/105 3457/10831/105
f 3452/10832/178 3455/10833/178 3459/10834/178 3458/10835/178
f 3460/10836/178 3461/10837/178 3463/10838/178 3462/10839/178
f 3468/10769/179 3469/10768/179 3467/10840/179 3466/10841/179
f 3466/10842/180 3467/10843/180 3465/9725/180 3464/10844/180
f 3470/10845/181 3471/10846/181 3461/10847/181 3460/10848/181
f 3468/10849/142 3466/4651/142 3464/10850/142 3470/10851/142
f 3469/10852/105 3463/10853/105 3461/10854/105 3471/10855/105
f 3467/10652/105 3469/10651/105 3471/10856/105 3465/10857/105
f 3462/8884/142 3468/10858/142 3470/10859/142 3460/10860/142
f 3477/10861/180 3476/10862/180 3472/10863/180 3473/10864/180
f 3462/10865/179 3463/10866/179 3469/10867/179 3468/10868/179
f 3473/10735/181 3472/10734/181 3475/10869/181 3474/10870/181
f 3485/10871/105 3484/10872/105 3483/10513/105 3480/10873/105
f 3478/10874/142 3477/10875/142 3473/10876/142 3474/10778/142
f 3476/10877/105 3479/10878/105 3475/10879/105 3472/10880/105
f 3465/10881/105 3471/10882/105 3479/10883/105 3476/10884/105
f 3470/10882/142 3464/10885/142 3477/10886/142 3478/10883/142
f 3471/9992/178 3470/9991/178 3478/10887/178 3479/10888/178
f 3464/9781/180 3465/9780/180 3476/10889/180 3477/10890/180
f 3483/8894/178 3482/8893/178 3481/10891/178 3480/10892/178
f 3486/10626/181 3485/10625/181 3480/10893/181 3481/10894/181
f 3487/10895/142 3482/10896/142 3488/10897/142 3491/10898/142
f 3487/10899/142 3486/9895/142 3481/9898/142 3482/10900/142
f 3478/10901/142 3474/10902/142 3486/10903/142 3487/10904/142
f 3479/5753/179 3478/10905/179 3487/10906/179 3484/8098/179
f 3474/10907/181 3475/10908/181 3485/10909/181 3486/10910/181
f 3475/10911/105 3479/10912/105 3484/10913/105 3485/10914/105
f 3490/10915/179 3491/10916/179 3488/10801/179 3489/10800/179
f 3482/10917/178 3483/2098/178 3489/10918/178 3488/10919/178
f 3483/10920/105 3484/10921/105 3490/10922/105 3489/10923/105
f 3484/8856/180 3487/10535/180 3491/10538/180 3490/8853/180
f 3492/10443/178 3493/10442/178 3495/10924/178 3494/10925/178
f 3500/10926/179 3501/10927/179 3499/10928/179 3498/10929/179
f 3498/9733/180 3499/9732/180 3497/10930/180 3496/10931/180
f 3502/10932/181 3503/10933/181 3493/10934/181 3492/10935/181
f 3500/10936/142 3498/10937/142 3496/10938/142 3502/10939/142
f 3501/10940/105 3495/10941/105 3493/10942/105 3503/10943/105
f 3499/10944/105 3501/10945/105 3503/10946/105 3497/10947/105
f 3494/10948/142 3500/10949/142 3502/10950/142 3492/10951/142
f 3509/10952/180 3508/10953/180 3504/10954/180 3505/10955/180
f 3494/10956/179 3495/10957/179 3501/10958/179 3500/10959/179
f 3505/10870/181 3504/10869/181 3507/10960/181 3506/10961/181
f 3517/10962/105 3516/9657/105 3515/9660/105 3512/10963/105
f 3510/10964/142 3509/10965/142 3505/10966/142 3506/10967/142
f 3508/10968/105 3511/10969/105 3507/10970/105 3504/10971/105
f 3497/10972/105 3503/10973/105 3511/10974/105 3508/10975/105
f 3502/10976/142 3496/10977/142 3509/10978/142 3510/10979/142
f 3503/10980/178 3502/10981/178 3510/10982/178 3511/10983/178
f 3496/2159/180 3497/10984/180 3508/10985/180 3509/10986/180
f 3515/10987/178 3514/10988/178 3513/10761/178 3512/10760/178
f 3518/10989/181 3517/10990/181 3512/10991/181 3513/10992/181
f 3519/10993/142 3514/10994/142 3520/10995/142 3523/10996/142
f 3519/10997/142 3518/10962/142 3513/10998/142 3514/10999/142
f 3510/11000/142 3506/11001/142 3518/10914/142 3519/11002/142
f 3511/11003/179 3510/3324/179 3519/4416/179 3516/11004/179
f 3506/11005/181 3507/11006/181 3517/11007/181 3518/11008/181
f 3507/11009/105 3511/11010/105 3516/11011/105 3517/11012/105
f 3522/11013/179 3523/11014/179 3520/10605/179 3521/10604/179
f 3514/11015/178 3515/11016/178 3521/11017/178 3520/11018/178
f 3515/11019/105 3516/11020/105 3522/11021/105 3521/11022/105
f 3516/11023/180 3519/11024/180 3523/11025/180 3522/11026/180
f 3529/742/182 3528/11027/182 3524/11028/182 3525/11029/182
f 3530/11030/183 3531/11031/183 3533/11032/183 3532/11033/183
f 3538/11034/184 3539/11035/184 3537/11036/184 3536/11037/184
f 3536/11038/185 3537/11039/185 3535/11031/185 3534/11030/185
f 3540/11040/186 3541/11041/186 3531/11042/186 3530/11043/186
f 3538/11044/142 3536/11045/142 3534/11046/142 3540/11047/142
f 3539/11048/105 3533/11049/105 3531/11050/105 3541/11051/105
f 3537/11052/105 3539/11053/105 3541/11054/105 3535/11055/105
f 3532/11056/142 3538/11057/142 3540/11058/142 3530/11059/142
f 3534/11060/186 3535/11061/186 3541/11062/186 3540/11063/186
f 3538/11064/142 3532/11065/142 3543/11066/142 3544/11067/142
f 3543/11068/184 3542/11069/184 3545/11070/184 3544/11071/184
f 3533/11072/105 3539/11073/105 3545/11074/105 3542/11075/105
f 3532/11076/187 3533/11077/187 3542/11078/187 3543/11079/187
f 3539/11080/188 3538/11081/188 3544/11082/188 3545/11083/188
f 309/11084/145 311/11085/145 3551/11086/145 3550/11087/145
f 288/11088/142 315/11089/142 3553/11090/142 3547/11091/142
f 3552/11092/189 3553/11093/189 3556/11094/189 3554/11095/189
f 3573/625/105 3575/625/105 3551/625/105 3549/625/105
f 305/625/105 309/625/105 3550/625/105 3548/625/105
f 3600/11096/190 3591/11097/190 3587/11098/190 3595/11099/190
f 227/625/105 305/625/105 3548/625/105 3546/625/105
f 3570/11100/105 3576/11101/105 3552/11102/105 3546/11103/105
f 3555/11104/191 3554/11105/191 3556/11106/191 3557/11107/191
f 315/11108/192 313/11109/192 3555/662/192 3557/11092/192
f 313/11110/105 3552/11111/105 3554/11112/105 3555/11113/105
f 3553/11114/142 315/11115/142 3557/11116/142 3556/11117/142
f 226/11118/105 312/11119/105 3564/11120/105 3558/11121/105
f 287/625/105 306/625/105 3561/625/105 3559/625/105
f 306/625/105 310/625/105 3563/625/105 3561/625/105
f 3582/11122/193 3583/11123/193 3563/11124/193 3562/11125/193
f 3579/11126/142 3585/11127/142 3565/11128/142 3559/11129/142
f 3584/11130/194 3564/11131/194 3565/11132/194 3585/664/194
f 3580/625/105 3582/625/105 3562/625/105 3560/625/105
f 3578/625/105 3580/625/105 3560/625/105 3558/625/105
f 3568/11133/195 3566/11134/195 3567/11135/195 3569/11136/195
f 3565/11137/196 3564/11138/196 3568/11139/196 3569/11140/196
f 312/11141/197 314/11142/197 3567/11143/197 3566/11144/197
f 314/11145/142 3565/11146/142 3569/11147/142 3567/11148/142
f 3546/625/105 3548/625/105 3572/625/105 3570/625/105
f 3548/625/105 3550/625/105 3574/625/105 3572/625/105
f 3552/11149/198 3576/11150/198 3577/11151/198 3553/11152/198
f 3547/11153/142 3553/11154/142 3577/11155/142 3571/11156/142
f 3550/11157/199 3551/11158/199 3575/455/199 3574/11159/199
f 3599/11160/200 3598/11161/200 3600/11162/200 3601/11163/200
f 3593/11164/105 3589/11165/105 3587/11166/105 3591/11167/105
f 3588/11168/142 3592/11169/142 3590/11170/142 3586/11171/142
f 3561/625/105 3563/625/105 3583/625/105 3581/625/105
f 3598/11172/201 3593/11173/201 3591/11174/201 3600/11175/201
f 3558/11176/105 3564/11177/105 3584/11178/105 3578/11179/105
f 3596/11180/202 3589/11181/202 3593/11182/202 3598/11183/202
f 3595/11184/203 3587/11185/203 3589/11186/203 3596/11187/203
f 3592/11188/200 3599/11189/200 3601/11190/200 3590/11191/200
f 3601/11192/204 3600/11193/204 3595/11194/204 3594/11195/204
f 3590/11196/204 3601/11197/204 3594/11198/204 3586/11199/204
f 3588/11200/205 3597/11201/205 3599/11202/205 3592/11203/205
f 3597/11204/205 3596/11205/205 3598/11206/205 3599/11207/205
f 3586/11208/206 3594/11209/206 3597/11210/206 3588/11211/206
f 3594/11212/206 3595/11213/206 3596/11214/206 3597/11215/206
f 3616/11216/190 3607/11217/190 3603/11218/190 3611/11219/190
f 3615/11220/200 3614/11221/200 3616/11222/200 3617/11223/200
f 3609/11224/105 3605/11225/105 3603/11226/105 3607/11227/105
f 3604/11228/142 3608/11229/142 3606/11230/142 3602/11231/142
f 3614/11232/201 3609/11233/201 3607/11234/201 3616/11235/201
f 3612/11236/202 3605/11237/202 3609/11238/202 3614/11239/202
f 3611/11240/203 3603/11241/203 3605/11242/203 3612/11243/203
f 3608/11244/200 3615/11245/200 3617/11246/200 3606/11247/200
f 3617/11248/204 3616/11249/204 3611/11250/204 3610/11251/204
f 3606/11252/204 3617/11253/204 3610/11254/204 3602/11255/204
f 3604/11256/205 3613/11257/205 3615/11203/205 3608/11258/205
f 3613/11259/205 3612/11260/205 3614/11261/205 3615/11262/205
f 3602/11263/206 3610/11264/206 3613/11265/206 3604/11266/206
f 3610/11267/206 3611/11268/206 3612/11269/206 3613/11039/206
f 3632/11270/190 3623/11271/190 3619/11272/190 3627/11273/190
f 3631/11274/200 3630/11275/200 3632/11276/200 3633/11277/200
f 3625/11278/105 3621/11279/105 3619/11280/105 3623/11281/105
f 3620/11282/142 3624/11283/142 3622/11284/142 3618/11285/142
f 3630/11286/201 3625/11287/201 3623/11288/201 3632/11289/201
f 3628/11290/202 3621/9191/202 3625/11291/202 3630/11292/202
f 3627/11293/203 3619/11294/203 3621/11295/203 3628/11296/203
f 3624/11297/200 3631/11298/200 3633/11299/200 3622/11300/200
f 3633/11301/204 3632/11248/204 3627/11251/204 3626/11302/204
f 3622/11303/204 3633/11252/204 3626/11255/204 3618/11304/204
f 3620/11305/205 3629/11306/205 3631/11307/205 3624/11308/205
f 3629/11309/205 3628/11310/205 3630/11311/205 3631/11312/205
f 3618/11264/206 3626/11208/206 3629/11211/206 3620/11265/206
f 3626/11268/206 3627/11212/206 3628/11215/206 3629/11269/206
f 3639/488/207 3638/11313/207 3634/11314/207 3635/11315/207
f 219/625/105 3636/625/105 3691/625/105 3689/625/105
f 3644/11316/27 3652/11317/27 3653/11318/27 3648/11319/27 3649/11320/27 3643/11321/27
f 3653/11322/105 3650/11323/105 3647/11324/105 3648/11325/105
f 3641/11326/9 3651/9522/9 3652/11327/9 3644/11328/9
f 3641/11329/142 3644/11330/142 3643/107/142 3640/11331/142
f 3655/10742/27 3662/11332/27 3663/11333/27 3658/11334/27 3659/11335/27 3654/11336/27
f 3648/11337/208 3647/11338/208 3646/11339/208 3649/11340/208
f 3643/11341/169 3649/11342/169 3646/11343/169 3640/11080/169
f 3650/11344/209 3653/11345/209 3652/11346/209 3651/11347/209
f 3640/11348/93 3646/11349/93 3647/11350/93 3650/11351/93 3651/11352/93 3641/11353/93
f 3663/11354/105 3660/11355/105 3657/11356/105 3658/11357/105
f 3642/11358/9 3661/3924/9 3662/11359/9 3655/11360/9
f 3642/11361/142 3655/11362/142 3654/11363/142 3645/11364/142
f 3658/11365/208 3657/11366/208 3656/11367/208 3659/11368/208
f 3654/11369/169 3659/11370/169 3656/11371/169 3645/11372/169
f 3660/11373/209 3663/11374/209 3662/11375/209 3661/11376/209
f 3645/11377/93 3656/11378/93 3657/11379/93 3660/11380/93 3661/11381/93 3642/11382/93
f 3667/11383/27 3674/11384/27 3675/11385/27 3670/11386/27 3671/11387/27 3666/11388/27
f 3675/11389/105 3672/11390/105 3669/11391/105 3670/11392/105
f 3664/11393/9 3673/11394/9 3674/11395/9 3667/11396/9
f 3664/11397/142 3667/11398/142 3666/11399/142 3665/11400/142
f 3670/11401/208 3669/11402/208 3668/11403/208 3671/11404/208
f 3666/11405/169 3671/11406/169 3668/11407/169 3665/11278/169
f 3672/11408/209 3675/11409/209 3674/11410/209 3673/11411/209
f 3665/11412/93 3668/11413/93 3669/11414/93 3672/11415/93 3673/11416/93 3664/11417/93
f 3679/11418/27 3686/11419/27 3687/11420/27 3682/11421/27 3683/11422/27 3678/11423/27
f 3687/11424/105 3684/11425/105 3681/11426/105 3682/11427/105
f 3676/11428/9 3685/11429/9 3686/11430/9 3679/11431/9
f 3676/11432/142 3679/11433/142 3678/9010/142 3677/11434/142
f 3682/11435/208 3681/11436/208 3680/11437/208 3683/11438/208
f 3678/11439/169 3683/11440/169 3680/11441/169 3677/11442/169
f 3684/11443/209 3687/11444/209 3686/11445/209 3685/11446/209
f 3677/11447/93 3680/11448/93 3681/11449/93 3684/11450/93 3685/11451/93 3676/11452/93
f 3690/11453/142 3688/11454/142 3692/11455/142 3694/11456/142
f 280/625/105 219/625/105 3689/625/105 3688/625/105
f 3636/625/105 3637/625/105 3690/625/105 3691/625/105
f 3637/625/105 280/625/105 3688/625/105 3690/625/105
f 3692/11457/207 3693/600/207 3695/11458/207 3694/11459/207
f 3689/11460/105 3691/11461/105 3695/11462/105 3693/11463/105
f 3688/11464/210 3689/11465/210 3693/11062/210 3692/11466/210
f 3691/11465/211 3690/11464/211 3694/11467/211 3695/11468/211
f 3688/11469/212 3690/11459/212 3691/11458/212 3689/11470/212
f 3572/11471/143 3574/11471/143 3575/11472/143 3573/11472/143 3571/11472/143 3577/11473/143 3576/11474/143 3570/11471/143
f 3583/11475/144 3582/11476/144 3580/11476/144 3578/11476/144 3584/11477/144 3585/11478/144 3579/11475/144 3581/11475/144
f 3699/11479/212 3696/11480/212 3697/11481/212 3698/11482/212
f 3638/11483/105 3698/11484/105 3697/11485/105 3634/11486/105
f 3635/11487/142 3696/11488/142 3699/11489/142 3639/11483/142
f 3634/11490/211 3697/11491/211 3696/11492/211 3635/11493/211
f 3639/11494/210 3699/11495/210 3698/578/210 3638/11496/210
f 3703/11497/213 3700/11498/213 3701/11499/213 3702/11500/213
f 3524/11501/214 3701/11502/214 3700/11503/214 3525/11504/214
f 3525/11505/142 3700/11506/142 3703/11507/142 3529/11508/142
f 3529/11509/215 3703/11510/215 3702/11511/215 3528/11512/215
f 3528/11513/105 3702/11514/105 3701/11515/105 3524/11516/105
f 15/11517/105 34/11518/105 3705/11519/105 3704/11520/105
f 3718/11521/216 3723/11522/216 3707/11523/216 3709/11524/216
f 3717/11525/217 3716/11526/217 3708/11527/217 3706/11528/217
f 3705/11529/216 34/11530/216 177/11531/216 3710/11532/216
f 15/11533/218 3704/11534/218 3712/11535/218 124/11536/218
f 124/11537/219 3712/11538/219 3711/11539/219 3713/11540/219
f 3713/11541/220 3711/11542/220 3715/11543/220 3714/11544/220
f 124/11545/221 3713/11546/221 3714/11547/221 123/11548/221
f 3714/11549/222 3715/11550/222 3716/11551/222 3717/11552/222
f 123/11553/223 3714/11554/223 3717/11555/223 122/11556/223
f 3710/11557/224 177/11558/224 3721/11559/224 3720/11560/224
f 3720/11561/225 3721/11562/225 3722/11563/225 3719/11564/225
f 3719/11565/216 3722/11566/216 3723/11567/216 3718/11568/216
f 178/11569/226 3722/11570/226 3721/11571/226 177/11572/226
f 179/11573/227 3723/11574/227 3722/11575/227 178/11576/227
f 180/11577/228 60/11578/228 41/11579/228 121/11580/228
f 3724/11581/142 3726/11582/142 3727/11583/142 3725/11584/142
f 3704/11585/228 3705/6342/228 3710/11586/228 3712/11587/228
f 3720/11588/228 3711/11589/228 3712/11590/228 3710/11591/228
f 3711/11592/228 3720/11593/228 3719/11594/228 3715/11595/228
f 3715/11596/228 3719/11597/228 3718/11598/228 3716/11599/228
f 3716/11600/228 3718/11601/228 3709/11602/228 3708/9147/228
f 3728/11603/9 3729/11604/9 3731/11605/9 3730/11606/9
f 3732/11607/9 3733/11608/9 3735/11609/9 3734/11610/9
f 3736/11611/229 3737/11612/229 3739/11613/229 3738/11614/229
f 3740/11615/229 3741/11616/229 3743/11617/229 3742/11618/229
f 3744/11619/230 3745/11620/230 3747/11621/230 3746/11622/230
f 3748/11623/230 3749/11624/230 3751/11625/230 3750/11626/230
f 3752/11627/230 3753/11628/230 3755/11629/230 3754/11630/230
f 3756/11620/230 3757/11631/230 3759/11632/230 3758/11633/230
f 3760/11634/231 3761/551/231 3763/11635/231 3762/11636/231
f 3764/11637/231 3765/11638/231 3767/11639/231 3766/11640/231
f 3768/11641/232 3769/11642/232 3771/11643/232 3770/11644/232
f 3772/11642/232 3773/11645/232 3775/11646/232 3774/11643/232
f 3776/11647/233 3777/11648/233 3779/11649/233 3778/11650/233
f 3780/11651/233 3781/11652/233 3783/11653/233 3782/11654/233
f 3784/6212/234 3785/11609/234 3787/11655/234 3786/11656/234
f 3788/11657/234 3789/11658/234 3791/11659/234 3790/11660/234
f 3792/11661/235 3793/11662/235 3795/11663/235 3794/11664/235
f 3796/11665/235 3797/11666/235 3799/11667/235 3798/11668/235
f 3800/11669/236 3801/11670/236 3803/11671/236 3802/11672/236
f 3804/11673/236 3805/11674/236 3807/11675/236 3806/11676/236
f 3808/11677/237 3809/11678/237 3811/11679/237 3810/11680/237
f 3812/3326/237 3813/11681/237 3815/11682/237 3814/11683/237
f 3816/4670/238 3817/11684/238 3819/11685/238 3818/11686/238
f 3820/11687/238 3821/11688/238 3823/11689/238 3822/5755/238
f 3824/11690/239 3825/110/239 3827/11691/239 3826/11692/239
f 3828/11693/240 3829/11694/240 3831/11695/240 3830/11696/240
f 3833/11697/105 3834/11698/105 3835/11699/105 3832/11700/105
l 3527 3526
