# Blender 4.2.0
# www.blender.org
mtllib temple.mtl
o Plane
v -114.043465 15.276443 105.752502
v 103.877487 6.722165 106.875587
v -114.791626 13.579918 -108.968437
v 105.972878 4.648036 -103.633286
v -114.913658 13.791443 -103.370453
v -114.954956 13.863020 -97.751740
v -114.913658 13.791443 -92.111824
v -114.791626 13.579916 -86.451180
v -114.593712 13.236872 -80.771057
v -114.228775 12.561835 -75.062592
v -113.649200 11.448339 -69.321770
v -112.923241 10.040838 -63.557137
v -112.120865 8.487505 -57.777485
v -111.312126 6.936479 -51.991611
v -110.563354 5.528004 -46.207928
v -109.929970 4.378582 -40.433659
v -109.444839 3.555771 -34.673603
v -109.108955 3.058129 -28.929110
v -108.897301 2.827727 -23.198904
v -108.826019 2.895244 -17.489813
v -108.856308 3.172684 -11.799960
v -108.921082 3.511187 -6.122771
v -108.954628 3.764720 -0.451796
v -108.935211 3.882683 5.214648
v -108.998772 4.156221 10.861195
v -109.161156 4.616065 16.485468
v -109.421478 5.256844 22.086884
v -109.778999 6.073377 27.664839
v -110.229462 7.054546 33.219662
v -110.706947 8.083862 38.767818
v -111.180977 9.105746 44.316563
v -111.643867 10.103574 49.867207
v -112.087875 11.060766 55.421043
v -112.505409 11.960836 60.979389
v -112.888847 12.787435 66.543533
v -113.230736 13.524440 72.114738
v -113.523766 14.156129 77.694244
v -113.760971 14.667485 83.283249
v -113.935989 15.044764 88.882820
v -114.043465 15.276443 94.493866
v -114.079727 15.354614 100.117020
v 103.744270 7.024205 101.302261
v 103.488335 7.626099 95.894646
v 103.159225 8.409668 90.601234
v 102.811058 9.245678 85.364510
v 102.496246 10.008617 80.127419
v 102.265045 10.578004 74.834091
v 102.163635 10.842902 69.432182
v 102.227661 10.717431 63.880157
v 102.468521 10.173711 58.162296
v 102.864868 9.262112 52.297924
v 103.370155 8.097762 46.337639
v 103.918205 6.860021 40.369164
v 104.454346 5.679305 34.447788
v 104.926659 4.676157 28.622650
v 105.207397 4.146267 22.991404
v 105.235283 4.231162 17.605869
v 105.141335 4.617212 12.335591
v 105.008392 5.105688 7.100031
v 104.868523 5.619111 1.873140
v 104.752480 6.083184 -3.370238
v 104.688423 6.429525 -8.653608
v 104.698006 6.604815 -13.996278
v 104.788353 6.589285 -19.408178
v 104.929672 6.447088 -24.882502
v 105.037849 6.364820 -30.393816
v 105.100525 6.369268 -35.931465
v 105.127251 6.439164 -41.485062
v 105.133911 6.539828 -47.042759
v 105.111366 6.691617 -52.591183
v 105.043816 6.929974 -58.114754
v 104.983421 7.133210 -63.643456
v 105.006622 7.123367 -69.225449
v 105.108147 6.910793 -74.861290
v 105.270935 6.533081 -80.547539
v 105.469986 6.046574 -86.277534
v 105.675499 5.519261 -92.042313
v 105.854691 5.026410 -97.831383
v -108.390732 15.900159 105.703323
v -102.666122 16.368912 105.666359
v -96.860558 16.663158 105.643158
v -90.965485 16.764452 105.635170
v -84.976440 16.663157 105.643158
v -78.897896 16.368912 105.666359
v -72.738403 15.900160 105.703323
v -66.507004 15.276438 105.752502
v -60.212856 14.517418 105.812347
v -53.865078 13.642793 105.881302
v -47.479774 12.687449 105.957573
v -41.099632 11.744244 106.038315
v -34.750412 10.872501 106.139214
v -28.934633 11.275031 106.806717
v -23.709011 13.086571 108.097214
v -18.829281 15.720805 109.736229
v -14.058042 18.607880 111.457108
v -9.166294 21.198130 113.002594
v -3.934748 22.965145 114.126175
v 1.845078 23.408426 114.593285
v 8.299279 22.224867 114.259941
v 15.266450 19.800182 113.298378
v 22.523088 16.668810 111.948967
v 29.856838 13.338499 110.439636
v 37.067009 10.288922 108.985130
v 43.965092 7.970534 107.786400
v 50.411846 6.723876 107.033409
v 56.341045 6.722167 106.875587
v 62.158527 6.994093 106.872292
v 68.007896 7.196425 106.869843
v 73.892586 7.321645 106.868324
v 79.815178 7.364110 106.867821
v 85.776695 7.321645 106.868324
v 91.775940 7.196837 106.870033
v 97.810860 6.994091 106.872292
v 99.971413 4.879584 -103.494423
v 93.978767 5.065581 -103.390289
v 88.009277 5.171668 -103.327217
v 82.068542 5.183832 -103.308472
v 76.152855 5.109823 -103.333862
v 70.249718 4.978083 -103.399704
v 64.343575 4.825290 -103.498154
v 58.521763 4.478955 -103.540100
v 52.800583 3.908681 -103.508965
v 47.136505 3.203728 -103.448875
v 41.487167 2.451215 -103.402283
v 35.791138 1.769940 -103.415207
v 29.941807 1.354016 -103.544701
v 23.911419 1.262773 -103.819054
v 17.696146 1.510609 -104.243988
v 11.315868 2.065566 -104.797501
v 4.810171 2.857182 -105.434479
v -1.769603 3.792083 -106.095970
v -8.365746 4.764561 -106.715370
v -14.916933 5.661902 -107.221725
v -21.417522 6.497599 -107.521103
v -28.022366 7.616484 -107.624039
v -34.706444 8.960241 -107.591278
v -41.421043 10.421041 -107.470383
v -48.110706 11.861015 -107.330177
v -54.713158 13.108380 -107.263954
v -61.185982 14.065401 -107.315239
v -67.507469 14.685863 -107.498062
v -73.684586 14.993929 -107.786537
v -79.740875 15.054309 -108.131828
v -85.703255 14.939891 -108.480614
v -91.597496 14.720433 -108.781952
v -97.447945 14.461015 -108.989426
v -103.279823 14.225865 -109.062584
v -109.078445 13.976637 -109.027191
v 97.636139 7.394577 101.339401
v 91.584541 7.636514 101.351402
v 85.599396 7.727074 101.331833
v 79.675415 7.679609 101.289917
v 73.792664 7.542029 101.248596
v 67.921509 7.384956 101.238251
v 62.075485 7.175338 101.240784
v 56.261822 6.895073 101.244179
v 50.356277 6.840989 101.380585
v 43.946449 7.999927 102.097092
v 37.085522 10.229546 103.256218
v 29.916328 13.181258 104.667274
v 22.627785 16.403622 106.128769
v 15.420559 19.416994 107.425926
v 8.505544 21.717163 108.332451
v 2.092818 22.801823 108.622673
v -3.697283 22.383663 108.169556
v -8.958412 20.688061 107.081322
v -13.886976 18.186579 105.579269
v -18.700741 15.401958 103.908180
v -23.628263 12.882819 102.324829
v -28.906633 11.198252 101.095490
v -34.779751 10.933697 100.494217
v -41.135746 11.822272 100.403915
v -47.512917 12.758944 100.323021
v -53.897293 13.712208 100.246521
v -60.247105 14.591219 100.177208
v -66.543282 15.354614 100.117020
v -72.776688 15.982678 100.067497
v -78.938171 16.455698 100.030205
v -85.018585 16.753965 100.006691
v -91.008789 16.857771 99.998505
v -96.902695 16.753965 100.006691
v -102.706383 16.455702 100.030205
v -108.429008 15.982678 100.067497
v 97.335114 8.103765 95.977455
v 91.268318 8.381529 96.003166
v 85.298470 8.435108 95.964973
v 79.418884 8.281281 95.874336
v 73.606544 7.975521 95.758255
v 67.823807 7.607425 95.654968
v 62.024269 7.287155 95.610138
v 56.213181 7.001252 95.613586
v 50.371243 6.795327 95.682976
v 44.082222 7.665461 96.269913
v 37.345001 9.599607 97.297882
v 30.301414 12.251324 98.575821
v 23.138773 15.173025 99.904030
v 16.053421 17.895409 101.072449
v 9.243746 19.944218 101.868530
v 2.884678 20.901367 102.105286
v -2.939487 20.565891 101.695282
v -8.290497 19.086723 100.711678
v -13.332335 16.857737 99.340050
v -18.270866 14.373166 97.812096
v -23.330055 12.170609 96.379501
v -28.744661 10.813573 95.306000
v -34.755726 10.880679 94.862488
v -41.112656 11.772619 94.779198
v -47.484795 12.698363 94.698761
v -53.865089 13.642796 94.622681
v -60.212864 14.517419 94.553719
v -66.507019 15.276443 94.493874
v -72.738411 15.900159 94.444695
v -78.897911 16.368912 94.407730
v -84.976463 16.663158 94.384537
v -90.965500 16.764448 94.376549
v -96.860573 16.663158 94.384537
v -102.666130 16.368912 94.407730
v -108.390732 15.900159 94.444695
v 96.963165 8.989598 90.729126
v 90.882729 9.299784 90.768517
v 84.929283 9.313977 90.711754
v 79.093956 9.054204 90.572929
v 73.349846 8.585390 90.384033
v 67.653519 8.010844 90.188744
v 61.953842 7.451947 90.037483
v 56.196766 7.037079 89.983841
v 50.410679 6.697539 89.992813
v 44.318913 7.095443 90.364784
v 37.782135 8.550928 91.180618
v 30.935362 10.732677 92.250450
v 23.960449 13.206188 93.380562
v 17.042910 15.528096 94.372826
v 10.360014 17.274750 95.037895
v 4.053740 18.107021 95.225082
v -1.812402 17.873735 94.869804
v -7.281760 16.679747 94.024971
v -12.487164 14.844282 92.841896
v -17.614016 12.812549 91.529762
v -22.875292 11.095826 90.328156
v -28.499582 10.242835 89.494034
v -34.680679 10.718966 89.246292
v -41.030647 11.595867 89.164062
v -47.395802 12.506550 89.084671
v -53.769394 13.436505 89.009636
v -60.111237 14.298329 88.941681
v -66.399544 15.044765 88.882828
v -72.625282 15.656290 88.834610
v -78.779510 16.113668 88.798546
v -84.853706 16.398539 88.776085
v -90.840813 16.495668 88.768425
v -96.737823 16.398539 88.776085
v -102.547722 16.113668 88.798546
v -108.277603 15.656290 88.834602
v 96.574409 9.922854 85.537071
v 90.481644 10.262706 85.590706
v 84.545616 10.235409 85.516136
v 78.754181 9.870808 85.330688
v 73.073952 9.249121 85.072495
v 67.456383 8.486050 84.791550
v 61.846004 7.713431 84.543259
v 56.185226 7.068098 84.385025
v 50.430485 6.653389 84.359169
v 44.568127 6.501577 84.478386
v 38.295860 7.325520 85.014977
v 31.701521 8.904653 85.818741
v 24.957661 10.826757 86.706207
v 18.234751 12.684518 87.495827
v 11.687716 14.107820 88.022858
v 5.433252 14.818101 88.164421
v -0.478016 14.695082 87.870125
v -6.078441 13.817261 87.180786
v -11.476610 12.445789 86.221077
v -16.835733 10.972695 85.175735
v -22.353287 9.872128 84.267334
v -28.247704 9.668471 83.741631
v -34.550316 10.437872 83.638779
v -40.891594 11.296072 83.558151
v -47.248093 12.188109 83.480370
v -53.612816 13.098956 83.406929
v -59.945259 13.940534 83.340576
v -66.224541 14.667490 83.283257
v -72.441826 15.260814 83.236481
v -78.588684 15.702301 83.201668
v -84.657478 15.975522 83.180130
v -90.642517 16.068182 83.172821
v -96.541588 15.975522 83.180130
v -102.356895 15.702296 83.201668
v -108.094154 15.260818 83.236465
v 96.221336 10.777809 80.343948
v 90.116776 11.146395 80.412910
v 84.198013 11.078213 80.321938
v 78.448196 10.614280 80.092697
v 72.825951 9.853738 79.771164
v 67.277023 8.926121 79.414223
v 61.742302 7.972080 79.081909
v 56.161808 7.134235 78.834503
v 50.475948 6.554262 78.731651
v 44.715370 6.158002 78.735855
v 38.758057 6.229933 78.939598
v 32.458172 7.106384 79.434296
v 25.975338 8.405848 80.049232
v 19.463709 9.760118 80.620865
v 13.058084 10.847311 81.006622
v 6.856171 11.434361 81.104515
v 0.899824 11.422000 80.873833
v -4.836312 10.871966 80.347717
v -10.442624 10.001806 79.630806
v -16.061960 9.154771 78.885460
v -21.874630 8.763860 78.315361
v -28.056454 9.251375 78.119385
v -34.367714 10.044024 78.039429
v -40.698864 10.880472 77.960922
v -47.045380 11.751061 77.885239
v -53.399387 12.638870 77.813896
v -59.719566 13.454009 77.749626
v -65.987328 14.156129 77.694260
v -72.194244 14.727098 77.649246
v -78.332520 15.150075 77.615898
v -84.395447 15.410653 77.595345
v -90.378365 15.498748 77.588394
v -96.279556 15.410653 77.595345
v -102.100731 15.150073 77.615891
v -107.846565 14.727098 77.649231
v 95.955116 11.431732 75.092491
v 89.838432 11.830002 75.178177
v 83.935509 11.724462 75.072861
v 78.222786 11.171990 74.804749
v 72.649307 10.294665 74.429726
v 67.155182 9.235495 74.011154
v 61.678741 8.141376 73.612473
v 56.158737 7.158098 73.295799
v 50.534809 6.429164 73.121811
v 44.786243 6.003302 73.108414
v 39.022713 5.613271 73.111351
v 33.049042 5.711551 73.265266
v 26.848804 6.337280 73.587036
v 20.560350 7.160129 73.930565
v 14.301271 7.899446 74.172203
v 8.154712 8.357058 74.226028
v 2.156048 8.449224 74.058502
v -3.715373 8.226425 73.697609
v -9.536208 7.873313 73.232872
v -15.431787 7.691155 72.807404
v -21.561951 8.063937 72.602364
v -27.837414 8.778739 72.524925
v -34.137196 9.546769 72.447578
v -40.457111 10.359116 72.371651
v -46.792709 11.206301 72.298477
v -53.134281 12.067374 72.229645
v -59.439903 12.851130 72.167847
v -65.694298 13.524443 72.114761
v -71.889549 14.070253 72.071724
v -78.018524 14.473191 72.039955
v -84.075363 14.720641 72.020447
v -90.056145 14.804130 72.013855
v -95.959473 14.720639 72.020432
v -101.786736 14.473191 72.039940
v -107.541870 14.070253 72.071716
v 95.825668 11.764644 69.725914
v 89.696487 12.193624 69.829330
v 83.806656 12.057314 69.712852
v 78.122276 11.437270 69.415298
v 72.582436 10.479292 69.003044
v 67.123886 9.334509 68.543282
v 61.683975 8.152239 68.101028
v 56.201130 7.079097 67.739197
v 50.614849 6.259052 67.518974
v 44.882839 5.792443 67.481659
v 39.125565 5.388927 67.485657
v 33.317562 5.094343 67.478783
v 27.408564 5.026221 67.501007
v 21.353121 5.294637 67.608513
v 15.246376 5.672719 67.702446
v 9.159947 5.989940 67.709587
v 3.124124 6.174748 67.602020
v -2.878526 6.269907 67.404205
v -8.914129 6.434840 67.194107
v -15.080168 6.904102 67.084190
v -21.314220 7.529119 67.011047
v -27.576868 8.216471 66.936699
v -33.864193 8.957822 66.862389
v -40.172089 9.744430 66.789421
v -46.496216 10.567058 66.719124
v -52.823463 11.397336 66.653160
v -59.112732 12.145844 66.594139
v -65.352417 12.787438 66.543556
v -71.535118 13.306204 66.502655
v -77.654366 13.688177 66.472534
v -83.704994 13.922226 66.454071
v -89.683624 14.001086 66.447861
v -95.589104 13.922226 66.454071
v -101.422577 13.688175 66.472527
v -107.187439 13.306200 66.502632
v 95.878685 11.666615 64.191559
v 89.740768 12.117349 64.308998
v 83.856812 11.967572 64.189247
v 78.182655 11.323286 63.881763
v 72.653511 10.339524 63.456940
v 67.205711 9.168460 62.982571
v 61.776646 7.959382 62.524029
v 56.304821 6.858770 62.144508
v 50.729786 6.010589 61.905529
v 45.002831 5.530524 61.855518
v 39.244511 5.129452 61.860336
v 33.455273 4.794602 61.857693
v 27.602125 4.597220 61.842533
v 21.689512 4.527820 61.816196
v 15.721627 4.577480 61.779980
v 9.701568 4.739854 61.736126
v 3.635799 5.000464 61.682941
v -2.474616 5.357775 61.624580
v -8.625146 5.801919 61.561272
v -14.812160 6.325178 61.494232
v -21.031996 6.919768 61.424675
v -27.280918 7.577754 61.353821
v -33.555073 8.290936 61.282917
v -39.850456 9.050794 61.213249
v -46.162884 9.848419 61.146111
v -52.473457 10.642822 61.083336
v -58.744995 11.353099 61.027336
v -64.968971 11.960841 60.979416
v -71.138527 12.451266 60.940750
v -77.247772 12.811671 60.912323
v -83.292099 13.032151 60.894939
v -89.268585 13.106376 60.889084
v -95.176208 13.032151 60.894939
v -101.015984 12.811668 60.912315
v -106.790848 12.451262 60.940723
v 96.134476 11.088373 58.463890
v 90.003510 11.523396 58.578697
v 84.108620 11.400373 58.473824
v 78.418526 10.794399 58.184555
v 72.872772 9.850157 57.776524
v 67.408295 8.718360 57.316978
v 61.962723 7.547847 56.871342
v 56.474644 6.484939 56.503063
v 50.883602 5.673635 56.273952
v 45.143505 5.223443 56.229916
v 39.377445 4.839275 56.234570
v 33.606133 4.466019 56.236168
v 27.773441 4.224761 56.225727
v 21.880489 4.113229 56.204018
v 15.931529 4.122344 56.172337
v 9.930595 4.243525 56.131943
v 3.881547 4.468560 56.084076
v -2.211880 4.789509 56.029972
v -8.346030 5.198601 55.970829
v -14.517276 5.688132 55.907856
v -20.721987 6.250383 55.842262
v -26.956478 6.877522 55.775261
v -33.216980 7.561536 55.708099
v -39.499611 8.294176 55.642006
v -45.800358 9.066895 55.578274
v -52.091179 9.818733 55.518997
v -58.343903 10.488461 55.466194
v -64.551445 11.060770 55.421062
v -70.707428 11.521937 55.384705
v -76.806480 11.860372 55.358021
v -82.844475 12.067182 55.341713
v -88.818802 12.136761 55.336224
v -94.728577 12.067179 55.341698
v -100.574692 11.860366 55.358006
v -106.359749 11.521934 55.384693
v 96.563629 10.099543 52.570782
v 90.445999 10.503621 52.676239
v 84.535675 10.418096 52.591095
v 78.812668 9.891018 52.338299
v 73.227707 9.040342 51.971375
v 67.721786 8.007063 51.553272
v 62.233978 6.936604 51.148071
v 56.703445 5.973973 50.818901
v 51.069946 5.262726 50.627632
v 45.301918 4.877646 50.604782
v 39.527107 4.512580 50.609203
v 33.763268 4.123459 50.613411
v 27.953440 3.833197 50.608265
v 22.082310 3.674889 50.591717
v 16.154232 3.639275 50.565075
v 10.173295 3.717633 50.529606
v 4.143408 3.901656 50.486553
v -1.931669 4.183344 50.437141
v -8.048270 4.554908 50.382576
v -14.202784 5.008672 50.324055
v -20.391613 5.536990 50.262787
v -26.611135 6.132176 50.199966
v -32.857689 6.786433 50.136810
v -39.127537 7.491825 50.074547
v -45.414852 8.235848 50.014484
v -51.683788 8.940515 49.958927
v -57.916870 9.567892 49.909454
v -64.107422 10.103576 49.867218
v -70.249519 10.534821 49.833214
v -76.338249 10.850999 49.808281
v -82.369865 11.044068 49.793056
v -88.342033 11.108997 49.787937
v -94.253975 11.044068 49.793056
v -100.106468 10.850999 49.808273
v -105.901848 10.534817 49.833202
v 97.108414 8.845485 46.578003
v 91.004913 9.219756 46.676189
v 85.078659 9.174987 46.613289
v 79.316338 8.742847 46.404564
v 73.679039 8.016403 46.092209
v 68.114365 7.120975 45.732243
v 62.564579 6.194714 45.385773
v 56.970242 5.379959 45.115234
v 51.271549 4.820047 44.983040
v 45.474926 4.500033 44.980091
v 39.690739 4.155393 44.984215
v 33.920315 3.780750 44.988754
v 28.134634 3.438714 44.989243
v 22.287491 3.229002 44.978367
v 16.382227 3.144519 44.957256
v 10.423004 3.176389 44.927177
v 4.413779 3.316199 44.889381
v -1.641659 3.555886 44.845070
v -7.739639 3.887647 44.795467
v -13.876564 4.303838 44.741753
v -20.048882 4.796914 44.685123
v -26.253050 5.359346 44.626766
v -32.485512 5.983579 44.567875
v -38.742691 6.662017 44.509644
v -45.012493 7.368478 44.453556
v -51.258629 8.023994 44.401871
v -57.471409 8.607600 44.355854
v -63.644547 9.105747 44.316574
v -69.772545 9.506577 44.284969
v -75.850853 9.800299 44.261810
v -81.876060 9.979573 44.247677
v -87.846077 10.039847 44.242920
v -93.760170 9.979573 44.247669
v -99.619064 9.800295 44.261803
v -105.424866 9.506576 44.284966
v 97.699539 7.511428 40.575142
v 91.611893 7.852651 40.665070
v 85.671379 7.844923 40.622913
v 79.868690 7.510343 40.459503
v 74.172646 6.923390 40.208626
v 68.537781 6.192901 39.918911
v 62.910927 5.446102 39.646660
v 57.235355 4.818899 39.451591
v 51.457474 4.439876 39.389671
v 45.651882 4.131129 39.378723
v 39.861835 3.789892 39.370110
v 34.083363 3.426475 39.365932
v 28.309023 3.058644 39.367710
v 22.488003 2.792948 39.363003
v 16.607454 2.655522 39.347889
v 10.671618 2.637329 39.323643
v 4.684502 2.729839 39.291504
v -1.350078 2.924928 39.252686
v -7.428442 3.214781 39.208389
v -13.547022 3.591801 39.159809
v -19.702305 4.048541 39.108112
v -25.890837 4.577651 39.054466
v -32.109177 5.171837 39.000053
v -38.353916 5.823851 38.946030
v -44.600574 6.480493 38.894257
v -50.823166 7.085247 38.846573
v -57.015114 7.623957 38.804092
v -63.170509 8.083862 38.767830
v -69.284225 8.453898 38.738655
v -75.352043 8.725009 38.717278
v -81.370842 8.890453 38.704231
v -87.338692 8.946071 38.699844
v -93.254951 8.890453 38.704231
v -99.120255 8.725006 38.717270
v -104.936546 8.453895 38.738644
v 98.282135 6.226326 34.615829
v 92.212509 6.529333 34.695210
v 86.259804 6.553698 34.671600
v 80.417419 6.315036 34.552803
v 74.659920 5.874108 34.366386
v 68.947906 5.325192 34.154446
v 63.233089 4.783900 33.968178
v 57.462147 4.378101 33.863796
v 51.634743 4.109002 33.840179
v 45.824093 3.802172 33.816860
v 40.028439 3.462541 33.793858
v 34.243919 3.100242 33.773346
v 28.466396 2.726237 33.757801
v 22.674582 2.388647 33.747047
v 16.821398 2.190722 33.735912
v 10.910574 2.118984 33.717911
v 4.946958 2.161225 33.691818
v -1.065606 2.309253 33.658852
v -7.123435 2.555243 33.620201
v -13.222980 2.891646 33.577042
v -19.360788 3.311132 33.530533
v -25.533484 3.806536 33.481838
v -31.737761 4.370829 33.432087
v -37.966579 4.988860 33.382549
v -44.186497 5.587862 33.335323
v -50.384930 6.140536 33.291744
v -56.555634 6.633443 33.252880
v -62.693031 7.054549 33.219673
v -68.792328 7.393501 33.192947
v -74.849602 7.641884 33.173363
v -80.861969 7.793465 33.161411
v -86.827660 7.844426 33.157387
v -92.746078 7.793465 33.161404
v -98.617813 7.641884 33.173355
v -104.444649 7.393501 33.192940
v 98.799118 5.122720 28.752773
v 92.748520 5.384991 28.820044
v 86.789574 5.427547 28.810236
v 80.911568 5.275285 28.732841
v 75.091774 4.982385 28.611811
v 69.298584 4.624681 28.482025
v 63.488335 4.306793 28.389809
v 57.638920 4.081923 28.357908
v 51.805309 3.819226 28.325953
v 45.989437 3.514695 28.290316
v 40.187920 3.177282 28.252983
v 34.396999 2.816976 28.216249
v 28.612619 2.444618 28.182669
v 22.830370 2.072023 28.155050
v 17.011799 1.784571 28.130667
v 11.130851 1.641073 28.109121
v 5.192155 1.629812 28.089186
v -0.797291 1.728431 28.062401
v -6.833722 1.928728 28.029694
v -12.913612 2.223208 27.992229
v -19.033564 2.604656 27.951155
v -25.190292 3.066095 27.907602
v -31.380608 3.600764 27.862690
v -37.585262 4.166856 27.818045
v -43.777763 4.706737 27.775478
v -49.951527 5.206245 27.736094
v -56.100742 5.652782 27.700871
v -62.224579 6.042706 27.669571
v -68.318253 6.365771 27.643026
v -74.374985 6.608644 27.622644
v -80.389641 6.761350 27.609514
v -86.358932 6.817464 27.604353
v -92.281326 6.774175 27.607506
v -98.157143 6.632295 27.618950
v -103.988441 6.396145 27.638302
v 99.103149 4.541528 23.096382
v 93.067688 4.771870 23.153154
v 87.115585 4.802215 23.147762
v 81.236259 4.657001 23.088890
v 75.396408 4.414495 23.005842
v 69.542900 4.200006 22.945694
v 63.663258 4.043292 22.919596
v 57.805313 3.832153 22.884954
v 51.967152 3.571857 22.842804
v 46.145908 3.269995 22.794895
v 40.338287 2.935386 22.743319
v 34.540630 2.577893 22.690468
v 28.748955 2.208265 22.639023
v 22.959047 1.837982 22.591917
v 17.163179 1.486276 22.551746
v 11.317060 1.251342 22.515129
v 5.410090 1.158896 22.484598
v -0.554473 1.202672 22.462137
v -6.568696 1.355557 22.435656
v -12.628360 1.606909 22.404135
v -18.730125 1.949634 22.368706
v -24.870792 2.376943 22.330486
v -31.043327 2.873679 22.290688
v -37.217426 3.373901 22.251247
v -43.386425 3.861253 22.212286
v -49.552509 4.336954 22.172718
v -55.705402 4.780676 22.134668
v -61.835480 5.173563 22.100157
v -67.934547 5.499599 22.070908
v -73.996017 5.745887 22.048328
v -80.014931 5.902860 22.033472
v -85.988113 5.964425 22.027040
v -91.914162 5.928018 22.029369
v -97.793419 5.794550 22.040432
v -103.627953 5.568325 22.059847
v 99.149452 4.586609 17.690077
v 93.128632 4.786004 17.735764
v 87.183327 4.804085 17.733940
v 81.303596 4.663630 17.692114
v 75.468689 4.412574 17.624477
v 69.652176 4.112056 17.547537
v 63.820225 3.840540 17.483149
v 57.961159 3.625639 17.438848
v 52.118355 3.367980 17.386538
v 46.291588 3.069175 17.326422
v 40.477634 2.737950 17.260693
v 34.672916 2.384079 17.191860
v 28.873531 2.018239 17.122730
v 23.075325 1.651852 17.056355
v 17.273947 1.296957 16.996014
v 11.457396 0.982235 16.943916
v 5.584627 0.799107 16.897522
v -0.348029 0.758537 16.860813
v -6.337966 0.856520 16.836843
v -12.376876 1.063634 16.811495
v -18.460161 1.367032 16.781916
v -24.584564 1.759799 16.749197
v -30.732887 2.202332 16.713703
v -36.900986 2.679124 16.673126
v -43.077705 3.168013 16.629747
v -49.251102 3.645662 16.586100
v -55.410366 4.090965 16.544468
v -61.545994 4.485389 16.506866
v -67.649940 4.813272 16.475016
v -73.715729 5.062085 16.450304
v -79.738548 5.222600 16.433781
v -85.715355 5.289005 16.426128
v -91.644798 5.258920 16.427677
v -97.527260 5.133359 16.438398
v -103.364830 4.916607 16.457903
v 99.030121 5.037699 12.446727
v 93.004715 5.252160 12.502123
v 87.071785 5.244516 12.497337
v 81.222504 5.034758 12.438000
v 75.434921 4.673475 12.338270
v 69.677834 4.232872 12.218330
v 63.914356 3.798575 12.102086
v 58.104286 3.464078 12.015628
v 52.257095 3.208500 11.952969
v 46.424633 2.913179 11.880712
v 40.604115 2.585942 11.800937
v 34.792015 2.236514 11.716284
v 28.984507 1.875525 11.629681
v 23.177492 1.514353 11.544309
v 17.366686 1.165005 11.463574
v 11.547622 0.839993 11.391074
v 5.706148 0.572842 11.328945
v -0.193528 0.443851 11.275805
v -6.152708 0.459047 11.236266
v -12.168976 0.614611 11.213036
v -18.234043 0.879056 11.189352
v -24.354303 1.254428 11.157167
v -30.509655 1.694822 11.116925
v -36.685738 2.172158 11.071567
v -42.869652 2.661317 11.023839
v -49.049477 3.139115 10.976282
v -55.214466 3.584654 10.931191
v -61.355183 3.979656 10.890591
v -67.463699 4.308751 10.856192
v -73.533623 4.559696 10.829385
v -79.560242 4.723520 10.811208
v -85.540596 4.794631 10.802348
v -91.473396 4.770794 10.803127
v -97.359055 4.653093 10.813507
v -103.199631 4.445798 10.833103
v 98.871490 5.591881 7.238346
v 92.838524 5.828413 7.306293
v 86.917755 5.795492 7.298303
v 81.098549 5.517203 7.221098
v 75.355095 5.053051 7.091318
v 69.652168 4.484521 6.931758
v 63.949703 3.904656 6.768457
v 58.205219 3.412296 6.629077
v 52.381596 3.094205 6.537917
v 46.543259 2.802830 6.453602
v 40.715916 2.480232 6.359912
v 34.896111 2.136109 6.259621
v 29.080061 1.781066 6.155790
v 23.263739 1.426459 6.051739
v 17.442904 1.084271 5.951000
v 11.613141 0.766987 5.857292
v 5.769914 0.487504 5.774489
v -0.099743 0.276976 5.705186
v -6.027767 0.207547 5.648874
v -12.019968 0.293232 5.609199
v -18.096796 0.566338 5.579814
v -24.225386 0.940714 5.542409
v -30.387970 1.378935 5.497287
v -36.570805 1.854339 5.447396
v -42.760960 2.341864 5.395508
v -48.946522 2.818431 5.344181
v -55.116772 3.263295 5.295727
v -61.262337 3.658374 5.252176
v -67.375313 3.988502 5.215252
v -73.449394 4.241637 5.186347
v -79.479935 4.408999 5.166505
v -85.463966 4.485132 5.156410
v -91.400299 4.467901 5.156387
v -97.289299 4.358419 5.166400
v -103.133072 4.160939 5.186061
v 98.706367 6.170022 2.038370
v 92.665062 6.430434 2.119377
v 86.755455 6.374524 2.108817
v 80.964310 6.032352 2.015031
v 75.260689 5.475221 1.857946
v 69.604980 4.794848 1.663242
v 63.954109 4.091177 1.458942
v 58.263737 3.467443 1.274023
v 52.488953 3.028507 1.137960
v 46.645702 2.738896 1.040927
v 40.811264 2.421645 0.933474
v 34.983406 2.083746 0.817757
v 29.158394 1.735803 0.696987
v 23.332249 1.389165 0.574619
v 17.500776 1.055801 0.454321
v 11.659622 0.748175 0.339932
v 5.804295 0.479155 0.235442
v -0.069798 0.261925 0.144961
v -5.979899 0.133533 0.069786
v -11.984353 0.209929 0.002027
v -18.063747 0.454306 -0.051700
v -24.198090 0.821965 -0.094574
v -30.366514 1.255264 -0.144282
v -36.555008 1.726612 -0.198476
v -42.750618 2.210971 -0.254356
v -48.941406 2.685323 -0.309340
v -55.116646 3.129018 -0.361096
v -61.266991 3.524094 -0.407574
v -67.384529 3.855500 -0.447034
v -73.462990 4.111315 -0.478071
v -79.478546 4.241291 -0.497555
v -85.428848 4.241305 -0.504857
v -91.343567 4.176211 -0.502985
v -97.237991 4.079417 -0.493583
v -103.112686 3.951860 -0.476876
v 98.566788 6.694794 -3.179207
v 92.516624 6.980323 -3.084789
v 86.617203 6.903651 -3.097301
v 80.851173 6.504406 -3.205780
v 75.181007 5.869063 -3.386060
v 69.562904 5.098982 -3.609746
v 63.951622 4.299242 -3.847319
v 58.301571 3.576010 -4.068897
v 52.567059 3.036051 -4.244357
v 46.730213 2.722123 -4.361468
v 40.888393 2.410997 -4.482505
v 35.052116 2.080318 -4.613393
v 29.217693 1.740707 -4.750770
v 23.381191 1.403522 -4.891035
v 17.538465 1.080727 -5.030385
v 11.685208 0.784766 -5.164857
v 5.816986 0.528476 -5.290347
v -0.079426 0.339930 -5.405009
v -6.043175 0.291373 -5.514127
v -12.059451 0.355723 -5.611639
v -18.136360 0.557822 -5.693299
v -24.271303 0.899178 -5.752892
v -30.444275 1.325096 -5.806907
v -36.637482 1.790580 -5.865190
v -42.837902 2.270581 -5.924915
v -49.033566 2.742100 -5.983467
v -55.213711 3.184514 -6.038488
v -61.368931 3.579886 -6.087898
v -67.484375 3.898165 -6.129183
v -73.490273 3.989892 -6.154053
v -79.414421 3.916833 -6.164944
v -85.303658 3.781492 -6.166528
v -91.190941 3.655903 -6.162162
v -97.092720 3.575993 -6.153611
v -103.008255 3.539860 -6.140958
v 98.484131 7.090456 -8.439952
v 92.425194 7.400819 -8.332196
v 86.534706 7.306332 -8.345842
v 80.788231 6.862819 -8.465444
v 75.141373 6.172683 -8.662393
v 69.547783 5.343185 -8.906616
v 63.961136 4.481922 -9.167838
v 58.335228 3.696578 -9.415652
v 52.623905 3.095110 -9.619488
v 46.795044 2.753285 -9.757722
v 40.945526 2.449151 -9.892130
v 35.100430 2.126781 -10.037889
v 29.256128 1.796834 -10.191483
v 23.408710 1.470690 -10.349161
v 17.554087 1.160311 -10.506980
v 11.688004 0.878122 -10.660855
v 5.800269 0.646884 -10.808184
v -0.153079 0.546620 -10.955977
v -6.162362 0.559410 -11.099344
v -12.217859 0.671904 -11.230752
v -18.312584 0.876736 -11.342633
v -24.445269 1.178847 -11.428330
v -30.620588 1.590392 -11.489769
v -36.817657 2.048478 -11.551941
v -43.022381 2.523236 -11.615377
v -49.222706 2.991622 -11.677428
v -55.407791 3.432974 -11.735699
v -61.560349 3.812337 -11.787226
v -67.573296 3.899916 -11.819498
v -73.467339 3.742456 -11.833985
v -79.304390 3.475682 -11.836783
v -85.136078 3.212586 -11.833069
v -90.999237 3.033679 -11.826606
v -96.911819 2.978094 -11.819313
v -102.871208 3.039906 -11.811074
v 98.487000 7.287537 -13.767700
v 92.422783 7.614684 -13.648855
v 86.537193 7.511671 -13.661036
v 80.798615 7.050866 -13.784220
v 75.159889 6.340986 -13.988052
v 69.574112 5.490626 -14.242062
v 63.994579 4.608317 -14.515645
v 58.374733 3.802684 -14.778034
v 52.668007 3.182686 -14.998251
v 46.838406 2.833243 -15.151961
v 40.980827 2.537065 -15.299476
v 35.126499 2.224205 -15.459753
v 29.271809 1.905376 -15.629107
v 23.412889 1.591984 -15.803631
v 17.545704 1.295992 -15.979253
v 11.664516 1.032415 -16.152189
v 5.726854 0.877600 -16.329777
v -0.270954 0.837382 -16.510458
v -6.320644 0.901717 -16.686686
v -12.414885 1.062688 -16.850744
v -18.546556 1.312877 -16.994825
v -24.708771 1.645327 -17.111111
v -30.894825 2.053192 -17.192062
v -37.095268 2.503134 -17.257975
v -43.303871 2.972007 -17.324999
v -49.508759 3.437236 -17.390493
v -55.698948 3.877999 -17.452015
v -61.764614 4.058911 -17.496559
v -67.657417 3.877552 -17.517935
v -73.449181 3.491665 -17.523111
v -79.206436 3.047022 -17.518652
v -84.986290 2.668580 -17.510303
v -90.830582 2.447730 -17.502357
v -96.759262 2.427955 -17.496941
v -102.766937 2.597304 -17.493631
v 98.588379 7.252769 -19.176174
v 92.529793 7.571431 -19.053514
v 86.637962 7.485588 -19.057236
v 80.891151 7.044777 -19.173248
v 75.242790 6.356235 -19.372404
v 69.646431 5.527500 -19.624352
v 64.055344 4.667307 -19.898266
v 58.422573 3.885244 -20.163004
v 52.701160 3.291373 -20.387133
v 46.858452 2.962989 -20.548298
v 40.992439 2.675848 -20.708605
v 35.128410 2.373830 -20.882973
v 29.262791 2.067713 -21.067545
v 23.391754 1.768930 -21.258265
v 17.511358 1.489316 -21.450920
v 11.597008 1.272462 -21.649048
v 5.617049 1.174370 -21.857889
v -0.421046 1.186621 -22.070019
v -6.509659 1.300800 -22.277658
v -12.641360 1.509000 -22.472855
v -18.808910 1.803770 -22.647552
v -25.005272 2.178052 -22.793701
v -31.223635 2.625156 -22.903324
v -37.454109 3.123053 -22.979845
v -43.679543 3.614237 -23.052597
v -49.891842 4.082690 -23.121975
v -56.050259 4.443088 -23.182739
v -61.999798 4.362269 -23.217148
v -67.789093 3.948148 -23.229460
v -73.492630 3.364262 -23.226883
v -79.181030 2.765459 -23.216402
v -84.917381 2.289727 -23.204372
v -90.750114 2.042751 -23.195782
v -96.702095 2.074388 -23.193062
v -102.763451 2.362970 -23.195309
v 98.726875 7.121262 -24.648882
v 92.659897 7.462405 -24.520979
v 86.754288 7.410748 -24.513247
v 80.995850 6.998416 -24.616627
v 75.343468 6.319794 -24.806284
v 69.744026 5.497267 -25.051121
v 64.137337 4.669607 -25.317183
v 58.473217 3.953720 -25.572338
v 52.718037 3.430161 -25.788029
v 46.853271 3.143704 -25.950804
v 40.978394 2.866817 -26.123514
v 35.104168 2.577127 -26.311460
v 29.227039 2.285477 -26.510612
v 23.346088 1.997068 -26.716688
v 17.455326 1.723437 -26.928080
v 11.500693 1.560817 -27.155497
v 5.481174 1.515174 -27.394093
v -0.595381 1.577623 -27.636114
v -6.721287 1.739815 -27.873541
v -12.889026 1.993870 -28.098179
v -19.091248 2.332313 -28.301743
v -25.320776 2.748004 -28.475952
v -31.570627 3.234091 -28.612614
v -37.833206 3.780149 -28.706480
v -44.090885 4.327223 -28.787516
v -50.332691 4.846785 -28.864470
v -56.433781 5.071427 -28.922766
v -62.301113 4.802399 -28.951349
v -68.014526 4.215350 -28.957949
v -73.652054 3.481672 -28.950228
v -79.288414 2.765148 -28.935648
v -84.992752 2.217009 -28.921221
v -90.821838 1.961066 -28.912800
v -96.802444 2.055708 -28.913177
v -102.915436 2.459131 -28.920389
v 98.828964 7.056396 -30.160393
v 92.752998 7.421158 -30.027828
v 86.832596 7.405975 -30.008413
v 81.057915 7.032800 -30.096098
v 75.393600 6.382588 -30.270290
v 69.788895 5.572124 -30.502085
v 64.183510 4.740421 -30.758068
v 58.509708 4.043748 -31.001955
v 52.706341 3.624200 -31.198368
v 46.820831 3.376825 -31.363516
v 40.936634 3.111567 -31.548155
v 35.053951 2.830883 -31.749001
v 29.174692 2.533798 -31.961710
v 23.297434 2.226643 -32.181934
v 17.376585 1.991220 -32.417995
v 11.383677 1.880181 -32.673187
v 5.326759 1.884173 -32.939850
v -0.786278 1.994425 -33.209999
v -6.947694 2.202666 -33.475388
v -13.149895 2.501061 -33.727589
v -19.385429 2.882123 -33.958088
v -25.646992 3.338641 -34.158382
v -31.927431 3.863613 -34.320084
v -38.219757 4.450162 -34.435040
v -44.508728 5.051476 -34.524105
v -50.772358 5.605818 -34.607708
v -56.824581 5.713239 -34.664600
v -62.646645 5.336139 -34.691689
v -68.319641 4.653063 -34.696800
v -73.922424 3.837329 -34.687637
v -79.530960 3.055568 -34.671745
v -85.217697 2.466252 -34.656441
v -91.048431 2.212900 -34.648540
v -97.058014 2.371340 -34.651711
v -103.212349 2.867380 -34.662361
v 98.887589 7.073304 -35.700203
v 92.801781 7.463458 -35.563236
v 86.865601 7.486919 -35.532063
v 81.072403 7.158105 -35.602684
v 75.390816 6.548693 -35.757668
v 69.771988 5.770863 -35.970306
v 64.155502 4.963877 -36.208088
v 58.472355 4.286872 -36.434723
v 52.653580 3.899095 -36.615406
v 46.764462 3.652199 -36.790260
v 40.880184 3.378851 -36.985973
v 35.000912 3.081824 -37.198647
v 29.125340 2.767288 -37.423851
v 23.239035 2.463894 -37.660885
v 17.281693 2.278440 -37.922466
v 11.252986 2.215673 -38.203602
v 5.160981 2.266383 -38.496410
v -0.986404 2.421919 -38.792698
v -7.181385 2.674108 -39.084000
v -13.416302 3.015168 -39.361671
v -19.683617 3.437618 -39.616982
v -25.975906 3.934189 -39.841225
v -32.285866 4.497747 -40.025806
v -38.606331 5.121234 -40.162361
v -44.925129 5.773234 -40.260326
v -51.204262 6.349046 -40.349758
v -57.242447 6.415000 -40.408905
v -63.054375 6.006183 -40.438240
v -68.721581 5.302249 -40.445576
v -74.322960 4.476780 -40.438545
v -79.934204 3.695982 -40.424625
v -85.627586 3.118067 -40.411072
v -91.471977 2.893289 -40.404999
v -97.509247 3.112763 -40.410812
v -103.685905 3.660197 -40.422848
v 98.906235 7.164112 -41.257450
v 92.806625 7.588226 -41.116329
v 86.852043 7.656061 -41.073311
v 81.038406 7.376003 -41.126038
v 75.336510 6.814478 -41.259304
v 69.698326 6.081625 -41.448078
v 64.063271 5.317044 -41.660664
v 58.362003 4.680765 -41.860977
v 52.569447 4.230613 -42.043552
v 46.709732 3.911117 -42.234196
v 40.828480 3.623468 -42.440151
v 34.952427 3.311211 -42.663723
v 29.080229 2.980714 -42.900356
v 23.168743 2.709383 -43.157276
v 17.177544 2.570417 -43.442535
v 11.115243 2.553367 -43.748001
v 4.990617 2.647778 -44.064800
v -1.188815 2.845958 -44.385002
v -7.415236 3.139838 -44.699944
v -13.680940 3.521705 -45.000778
v -19.978310 3.984099 -45.278576
v -26.299822 4.519711 -45.524441
v -32.638039 5.121297 -45.729584
v -38.985607 5.781591 -45.885475
v -45.332279 6.478952 -45.994171
v -51.636086 7.096571 -46.090275
v -57.696972 7.201055 -46.155529
v -63.535671 6.840757 -46.191013
v -69.233917 6.195947 -46.204487
v -74.870331 5.439800 -46.203518
v -80.519775 4.736916 -46.195393
v -86.252686 4.241685 -46.187141
v -92.130493 4.088307 -46.185024
v -98.175087 4.324680 -46.191284
v -104.341667 4.853256 -46.201206
v 98.906487 7.281557 -46.820335
v 92.791031 7.743974 -46.675282
v 86.815399 7.862011 -46.620113
v 80.979271 7.635341 -46.654133
v 75.254379 7.127956 -46.763672
v 69.591591 6.452382 -46.924702
v 63.928738 5.751598 -47.106125
v 58.219028 5.133543 -47.287937
v 52.473183 4.573372 -47.488750
v 46.659084 4.145621 -47.698391
v 40.786968 3.831834 -47.909187
v 34.939117 3.455983 -48.113644
v 29.092937 3.064212 -48.328915
v 23.167278 2.802835 -48.587193
v 17.142851 2.711055 -48.896461
v 11.028162 2.778780 -49.248543
v 4.841933 2.976101 -49.623013
v -1.386796 3.253041 -49.987190
v -7.642566 3.586613 -50.323505
v -13.936920 4.007218 -50.644981
v -20.262405 4.507859 -50.942745
v -26.611412 5.081214 -51.207714
v -32.976383 5.719949 -51.430950
v -39.349815 6.416618 -51.603752
v -45.722527 7.155378 -51.723679
v -52.062294 7.839810 -51.827477
v -58.181648 8.060790 -51.902561
v -64.082405 7.825775 -51.947903
v -69.845901 7.314433 -51.971165
v -75.549500 6.697408 -51.979675
v -81.265129 6.133136 -51.980366
v -87.056152 5.760883 -51.979420
v -92.967697 5.679625 -51.981297
v -99.007553 5.906726 -51.986694
v -105.140976 6.366451 -51.992008
v 98.883743 7.435817 -52.376369
v 92.754234 7.932319 -52.228180
v 86.757027 8.101720 -52.160751
v 80.897148 7.931277 -52.175442
v 75.145729 7.486154 -52.259510
v 69.450508 6.885609 -52.389217
v 63.769932 6.224988 -52.548790
v 58.092838 5.529804 -52.742748
v 52.383724 4.882389 -52.958958
v 46.627930 4.324371 -53.159962
v 40.828297 3.858071 -53.314411
v 35.033264 3.371163 -53.469872
v 29.207283 2.927944 -53.659882
v 23.269417 2.674716 -53.918388
v 17.212891 2.630065 -54.251289
v 11.046066 2.784310 -54.650394
v 4.789412 3.104222 -55.093121
v -1.524924 3.533825 -55.543064
v -7.854832 3.997725 -55.952061
v -14.177838 4.459383 -56.294113
v -20.529263 4.996286 -56.609116
v -26.903784 5.605741 -56.890514
v -33.293747 6.280354 -57.129204
v -39.691521 7.012543 -57.316360
v -46.099415 7.816508 -57.431705
v -52.494732 8.616706 -57.514286
v -58.715561 9.051673 -57.583797
v -64.705269 9.000065 -57.644794
v -70.546608 8.645263 -57.702839
v -76.322670 8.173401 -57.750748
v -82.112648 7.763435 -57.772060
v -87.964813 7.520710 -57.778736
v -93.904114 7.498600 -57.783962
v -99.931580 7.699869 -57.787678
v -106.019043 8.062930 -57.787014
v 98.826973 7.651536 -57.911304
v 92.689148 8.169004 -57.761936
v 86.671494 8.387103 -57.682667
v 80.787277 8.274281 -57.677650
v 75.010719 7.887875 -57.738655
v 69.311943 7.295069 -57.859432
v 63.654472 6.579531 -58.028545
v 58.001457 5.826538 -58.233383
v 52.343136 5.068223 -58.430134
v 46.679779 4.317118 -58.563515
v 40.953835 3.697117 -58.658146
v 35.208679 3.106199 -58.765903
v 29.394718 2.627204 -58.932602
v 23.446095 2.381618 -59.190662
v 17.358252 2.384964 -59.547070
v 11.139834 2.627108 -59.993168
v 4.814011 3.069619 -60.503143
v -1.583006 3.648627 -61.035786
v -8.004843 4.280444 -61.537922
v -14.397826 4.867135 -61.947758
v -20.772768 5.437974 -62.277100
v -27.170551 6.081491 -62.572075
v -33.585835 6.796115 -62.820133
v -40.043625 7.654405 -62.966793
v -46.520866 8.609410 -63.025978
v -52.969692 9.524714 -63.071365
v -59.303528 10.199270 -63.136497
v -65.399422 10.368153 -63.219044
v -71.330101 10.193585 -63.321194
v -77.176506 9.858098 -63.431252
v -83.012604 9.530744 -63.526123
v -88.900711 9.355849 -63.575314
v -94.861099 9.378442 -63.583294
v -100.869621 9.539644 -63.584614
v -106.902763 9.787905 -63.577072
v 98.761421 7.869194 -63.436642
v 92.617920 8.401921 -63.283867
v 86.591042 8.642968 -63.198471
v 80.705803 8.533680 -63.189941
v 74.937340 8.128399 -63.253788
v 69.248093 7.512202 -63.379513
v 63.600418 6.771903 -63.554607
v 57.970932 5.966720 -63.749855
v 52.388775 5.052411 -63.876236
v 46.796604 4.155219 -63.943726
v 41.131287 3.410632 -63.980606
v 35.430126 2.728154 -64.043167
v 29.625132 2.220690 -64.187256
v 23.666878 1.983079 -64.444366
v 17.548306 2.035873 -64.824249
v 11.279028 2.367131 -65.317001
v 4.886244 2.930570 -65.892067
v -1.588720 3.652335 -66.502266
v -8.094882 4.439752 -67.089012
v -14.574982 5.187916 -67.586311
v -20.987413 5.822845 -67.945938
v -27.407299 6.501348 -68.249550
v -33.890697 7.364452 -68.441261
v -40.425152 8.393056 -68.518425
v -46.966228 9.488277 -68.524185
v -53.463261 10.507397 -68.535431
v -59.877071 11.350079 -68.596008
v -66.090157 11.763253 -68.704750
v -72.116447 11.782413 -68.854645
v -78.034714 11.586585 -69.028458
v -83.914009 11.335605 -69.196709
v -89.809807 11.160223 -69.323158
v -95.761436 11.155406 -69.369675
v -101.745247 11.264033 -69.367981
v -107.717957 11.384233 -69.352898
v 98.790237 7.849012 -69.017204
v 92.651947 8.372190 -68.863075
v 86.628075 8.608207 -68.776260
v 80.737869 8.510747 -68.765587
v 74.963089 8.118813 -68.828873
v 69.267830 7.514365 -68.955299
v 63.614151 6.785444 -69.131439
v 58.025909 5.898428 -69.273308
v 52.495163 4.882375 -69.333687
v 46.949486 3.893396 -69.339386
v 41.327953 3.061553 -69.321671
v 35.662224 2.304994 -69.343117
v 29.866781 1.770584 -69.464676
v 23.899843 1.541837 -69.720406
v 17.751154 1.645687 -70.123604
v 11.432425 2.066111 -70.661850
v 4.976774 2.745251 -71.297684
v -1.568505 3.597562 -71.976990
v -8.148043 4.521812 -72.636063
v -14.701669 5.407433 -73.205460
v -21.168371 6.142266 -73.614700
v -27.638744 6.929327 -73.880417
v -34.198570 7.965159 -73.997391
v -40.801373 9.147351 -74.010201
v -47.399879 10.370232 -73.965691
v -53.939857 11.482199 -73.945694
v -60.382614 12.382831 -73.999039
v -66.696999 13.006122 -74.135025
v -72.819557 13.220615 -74.334633
v -78.806351 13.157687 -74.571571
v -84.723534 12.972358 -74.809380
v -90.622307 12.787475 -75.006371
v -96.538872 12.692259 -75.120216
v -102.483986 12.715319 -75.128487
v -108.391754 12.697633 -75.105408
v 98.911346 7.593492 -74.656754
v 92.788834 8.082195 -74.505447
v 86.771477 8.304407 -74.419266
v 80.873077 8.225703 -74.406059
v 75.081650 7.870505 -74.465919
v 69.366638 7.309417 -74.588524
v 63.702152 6.606568 -74.748688
v 58.139160 5.674817 -74.831932
v 52.631165 4.619225 -74.835014
v 47.104874 3.597646 -74.785522
v 41.511379 2.712894 -74.720032
v 35.872643 1.900225 -74.706139
v 30.086288 1.342669 -74.806366
v 24.111528 1.124013 -75.060310
v 17.933601 1.280110 -75.486298
v 11.568485 1.786624 -76.066933
v 5.057498 2.569580 -76.755280
v -1.546219 3.531979 -77.490463
v -8.184016 4.566184 -78.204903
v -14.793872 5.558045 -78.826950
v -21.317093 6.402768 -79.274239
v -27.854460 7.343001 -79.472023
v -34.478302 8.525245 -79.524193
v -41.139263 9.839994 -79.479752
v -47.787540 11.175168 -79.389191
v -54.364693 12.368096 -79.340790
v -60.828087 13.309452 -79.388107
v -67.157082 13.955596 -79.543793
v -73.350906 14.312041 -79.790710
v -79.400955 14.371669 -80.087219
v -85.350418 14.241403 -80.387444
v -91.248268 14.040459 -80.645073
v -97.128632 13.854486 -80.815170
v -103.013870 13.741086 -80.857094
v -108.853661 13.578800 -80.825722
v 99.103516 7.149374 -80.351051
v 93.002274 7.589813 -80.205818
v 86.992851 7.793550 -80.122482
v 81.085907 7.733479 -80.107788
v 75.272675 7.427431 -80.161827
v 69.528313 6.932622 -80.276474
v 63.845821 6.274821 -80.409920
v 58.277927 5.362981 -80.447807
v 52.762791 4.332231 -80.405266
v 47.226746 3.341141 -80.310616
v 41.651169 2.424253 -80.210991
v 36.029072 1.577834 -80.171242
v 30.248823 1.005966 -80.254189
v 24.266836 0.799209 -80.506210
v 18.061438 1.007115 -80.953453
v 11.656998 1.588833 -81.568848
v 5.103927 2.452519 -82.294991
v -1.540963 3.493995 -83.066711
v -8.217463 4.602595 -83.814568
v -14.862741 5.662625 -84.465935
v -21.437878 6.618010 -84.909729
v -28.029081 7.682857 -85.053726
v -34.702110 8.979452 -85.053909
v -41.408600 10.399962 -84.962181
v -48.096920 11.827228 -84.832077
v -54.704517 13.087200 -84.758705
v -61.183941 14.060400 -84.800819
v -67.511597 14.695990 -84.975052
v -73.692810 15.014091 -85.257828
v -79.750725 15.078460 -85.600853
v -85.712555 14.962683 -85.950409
v -91.604599 14.737840 -86.254807
v -97.451859 14.470612 -86.466721
v -103.280296 14.227020 -86.544662
v -109.078445 13.976637 -86.509941
v 99.338463 6.580495 -86.092453
v 93.261650 6.964300 -85.955681
v 87.261169 7.146384 -85.876617
v 81.345612 7.104813 -85.860809
v 75.508133 6.853654 -85.908096
v 69.728401 6.439534 -86.012093
v 64.011154 5.863452 -86.123726
v 58.408985 5.033811 -86.132332
v 52.856609 4.092128 -86.058937
v 47.289841 3.175405 -85.935852
v 41.722900 2.244113 -85.821884
v 36.103157 1.394394 -85.771484
v 30.320097 0.828784 -85.848030
v 24.329071 0.640527 -86.100815
v 18.102057 0.891736 -86.563179
v 11.674088 1.520587 -87.195793
v 5.099412 2.427701 -87.936821
v -1.564272 3.507188 -88.719994
v -8.256307 4.647535 -89.475334
v -14.913607 5.732579 -90.129868
v -21.517651 6.756311 -90.543823
v -28.142389 7.901475 -90.649132
v -34.847267 9.274404 -90.613235
v -41.583694 10.766777 -90.487877
v -48.299080 12.257937 -90.328934
v -54.928131 13.565825 -90.236450
v -61.418705 14.561717 -90.273712
v -67.741798 15.181510 -90.464851
v -73.910019 15.463270 -90.776062
v -79.952980 15.486594 -91.149948
v -85.899803 15.329954 -91.529747
v -91.776878 15.065058 -91.862686
v -97.607780 14.756226 -92.100792
v -103.416702 14.466331 -92.202423
v -109.206177 14.198030 -92.172035
v 99.584335 5.959738 -91.871071
v 93.534081 6.281357 -91.744308
v 87.543274 6.439726 -91.670235
v 81.619118 6.416518 -91.653374
v 75.756157 6.223106 -91.693520
v 69.937355 5.898335 -91.785484
v 64.166290 5.444089 -91.887146
v 58.502071 4.754816 -91.884659
v 52.883633 3.962967 -91.797470
v 47.292004 3.103583 -91.673599
v 41.714176 2.197909 -91.565262
v 36.080162 1.380098 -91.522964
v 30.280020 0.851779 -91.610275
v 24.272558 0.699572 -91.873016
v 18.040049 0.965323 -92.332741
v 11.611844 1.598424 -92.956581
v 5.040051 2.503739 -93.685120
v -1.617663 3.575456 -94.452080
v -8.300529 4.701860 -95.187340
v -14.945427 5.766730 -95.817833
v -21.544041 6.789049 -96.189842
v -28.180984 7.967570 -96.273888
v -34.898445 9.374119 -96.220299
v -41.646450 10.897805 -96.078522
v -48.371807 12.414418 -95.907074
v -55.008377 13.739146 -95.807762
v -61.503094 14.743610 -95.842888
v -67.821320 15.349898 -96.044418
v -73.983078 15.614248 -96.368225
v -80.020218 15.621761 -96.753777
v -85.962036 15.451333 -97.144058
v -91.834801 15.174402 -97.486313
v -97.661301 14.853916 -97.732597
v -103.463821 14.549197 -97.841072
v -109.249603 14.273309 -97.812508
v 99.807144 5.365448 -97.675720
v 93.785034 5.620849 -97.559937
v 87.804565 5.753847 -97.491226
v 81.871994 5.748620 -97.473396
v 75.982849 5.614512 -97.506210
v 70.122635 5.384510 -97.585342
v 64.283752 5.081362 -97.686203
v 58.532051 4.585094 -97.691460
v 52.855701 3.920677 -97.618568
v 47.235859 3.122205 -97.518242
v 41.629143 2.279002 -97.433876
v 35.967701 1.521364 -97.414932
v 30.142887 1.048084 -97.522743
v 24.121172 0.930507 -97.793915
v 17.893579 1.193197 -98.239952
v 11.483405 1.797503 -98.834930
v 4.936378 2.660858 -99.526703
v -1.692085 3.681890 -100.251595
v -8.342050 4.750519 -100.940414
v -14.950856 5.751431 -101.520676
v -21.509159 6.699265 -101.849640
v -28.139734 7.869449 -101.933792
v -34.849892 9.265407 -101.881714
v -41.590096 10.777316 -101.742111
v -48.306129 12.275217 -101.577759
v -54.932274 13.575991 -101.489311
v -61.419014 14.562453 -101.531914
v -67.738571 15.173616 -101.727959
v -73.904686 15.450197 -102.042107
v -79.946930 15.471753 -102.416992
v -85.894180 15.316180 -102.796188
v -91.772560 15.054459 -103.127327
v -97.605255 14.750072 -103.362907
v -103.416145 14.464956 -103.461823
v -109.206177 14.198030 -103.430664
vn 0.0454 0.9963 -0.0730
vn 0.0528 0.9967 0.0616
vn 0.0697 0.9907 0.1170
vn 0.0869 0.9848 0.1502
vn 0.1031 0.9818 0.1593
vn 0.1181 0.9824 0.1448
vn 0.1312 0.9854 0.1081
vn 0.1410 0.9886 0.0519
vn 0.1450 0.9893 -0.0184
vn 0.1405 0.9859 -0.0905
vn 0.1291 0.9803 -0.1494
vn 0.1154 0.9755 -0.1872
vn 0.1021 0.9745 -0.1996
vn 0.0886 0.9769 -0.1944
vn 0.0752 0.9824 -0.1707
vn 0.0665 0.9933 -0.0943
vn 0.0617 0.9980 0.0124
vn 0.0645 0.9949 0.0779
vn 0.0754 0.9924 0.0970
vn 0.0861 0.9911 0.1012
vn 0.0960 0.9912 0.0913
vn 0.1041 0.9922 0.0684
vn 0.1088 0.9935 0.0348
vn 0.1077 0.9942 -0.0027
vn 0.1064 0.9941 -0.0221
vn 0.1090 0.9940 -0.0112
vn 0.1118 0.9937 0.0031
vn 0.1147 0.9933 0.0148
vn 0.1177 0.9929 0.0195
vn 0.1194 0.9925 0.0269
vn 0.1182 0.9922 0.0394
vn 0.1175 0.9924 0.0364
vn 0.1166 0.9932 -0.0021
vn 0.1114 0.9930 -0.0390
vn 0.1020 0.9924 -0.0685
vn 0.0901 0.9921 -0.0879
vn 0.0763 0.9925 -0.0957
vn 0.0614 0.9940 -0.0911
vn -0.0715 0.9973 -0.0136
vn -0.0469 0.9988 -0.0146
vn -0.0504 0.9986 -0.0172
vn -0.0527 0.9984 -0.0204
vn -0.0445 0.9987 -0.0231
vn -0.0258 0.9993 -0.0255
vn 0.0041 0.9996 -0.0276
vn 0.0453 0.9985 -0.0293
vn 0.0968 0.9949 -0.0298
vn 0.1517 0.9880 -0.0278
vn 0.1938 0.9808 -0.0237
vn 0.2183 0.9757 -0.0200
vn 0.2192 0.9755 -0.0177
vn 0.2042 0.9788 -0.0163
vn 0.1745 0.9845 -0.0152
vn 0.1485 0.9889 -0.0088
vn 0.1538 0.9881 0.0022
vn 0.1612 0.9868 0.0116
vn 0.1534 0.9880 0.0200
vn 0.1306 0.9910 0.0275
vn 0.0927 0.9951 0.0339
vn 0.0396 0.9985 0.0377
vn -0.0240 0.9990 0.0367
vn -0.0863 0.9958 0.0303
vn -0.1380 0.9902 0.0210
vn -0.1543 0.9880 0.0103
vn -0.1463 0.9892 -0.0010
vn -0.1281 0.9916 -0.0181
vn -0.1032 0.9936 -0.0469
vn -0.0636 0.9950 -0.0769
vn -0.0458 0.9942 -0.0977
vn -0.0270 0.9935 -0.1101
vn -0.0027 0.9933 -0.1156
vn 0.0228 0.9932 -0.1139
vn 0.0454 0.9934 -0.1054
vn -0.0712 0.9974 0.0135
vn -0.0469 0.9988 0.0144
vn -0.0514 0.9985 0.0165
vn -0.0547 0.9983 0.0189
vn -0.0473 0.9987 0.0210
vn -0.0290 0.9993 0.0232
vn 0.0009 0.9997 0.0255
vn 0.0428 0.9987 0.0280
vn 0.0956 0.9950 0.0299
vn 0.1520 0.9879 0.0293
vn 0.1950 0.9805 0.0263
vn 0.2188 0.9755 0.0225
vn 0.2186 0.9757 0.0179
vn 0.2028 0.9791 0.0128
vn 0.1725 0.9850 0.0076
vn 0.1528 0.9882 0.0050
vn 0.1589 0.9873 0.0066
vn 0.1661 0.9861 0.0091
vn 0.1582 0.9874 0.0109
vn 0.1353 0.9907 0.0118
vn 0.0965 0.9953 0.0120
vn 0.0406 0.9991 0.0111
vn -0.0287 0.9996 0.0073
vn -0.0940 0.9956 0.0013
vn -0.1466 0.9892 -0.0048
vn -0.1628 0.9866 -0.0100
vn -0.1576 0.9874 -0.0177
vn -0.1538 0.9874 -0.0367
vn -0.1333 0.9891 -0.0629
vn -0.0874 0.9925 -0.0854
vn -0.0615 0.9928 -0.1031
vn -0.0369 0.9927 -0.1147
vn -0.0058 0.9928 -0.1198
vn 0.0267 0.9927 -0.1178
vn 0.0554 0.9925 -0.1094
vn -0.0697 0.9968 0.0396
vn -0.0444 0.9981 0.0417
vn -0.0465 0.9978 0.0476
vn -0.0513 0.9971 0.0559
vn -0.0449 0.9970 0.0633
vn -0.0271 0.9971 0.0704
vn 0.0027 0.9970 0.0771
vn 0.0444 0.9956 0.0827
vn 0.0960 0.9917 0.0852
vn 0.1491 0.9854 0.0819
vn 0.1908 0.9789 0.0737
vn 0.2136 0.9749 0.0632
vn 0.2123 0.9758 0.0521
vn 0.1956 0.9798 0.0406
vn 0.1643 0.9860 0.0285
vn 0.1474 0.9889 0.0165
vn 0.1584 0.9873 0.0088
vn 0.1654 0.9862 0.0042
vn 0.1575 0.9875 -0.0014
vn 0.1346 0.9909 -0.0080
vn 0.0954 0.9953 -0.0158
vn 0.0387 0.9990 -0.0241
vn -0.0317 0.9990 -0.0304
vn -0.0974 0.9947 -0.0333
vn -0.1494 0.9882 -0.0340
vn -0.1641 0.9859 -0.0323
vn -0.1699 0.9847 -0.0378
vn -0.1757 0.9830 -0.0528
vn -0.1534 0.9858 -0.0680
vn -0.1055 0.9911 -0.0817
vn -0.0765 0.9925 -0.0951
vn -0.0466 0.9933 -0.1059
vn -0.0088 0.9938 -0.1106
vn 0.0305 0.9936 -0.1085
vn 0.0649 0.9928 -0.1004
vn -0.0635 0.9957 0.0673
vn -0.0349 0.9963 0.0789
vn -0.0313 0.9947 0.0983
vn -0.0422 0.9921 0.1183
vn -0.0419 0.9908 0.1285
vn -0.0275 0.9912 0.1296
vn 0.0034 0.9919 0.1270
vn 0.0485 0.9906 0.1280
vn 0.0966 0.9869 0.1294
vn 0.1444 0.9817 0.1240
vn 0.1827 0.9767 0.1124
vn 0.2034 0.9742 0.0973
vn 0.2006 0.9763 0.0809
vn 0.1827 0.9811 0.0636
vn 0.1497 0.9877 0.0449
vn 0.1344 0.9906 0.0258
vn 0.1519 0.9883 0.0110
vn 0.1590 0.9873 -0.0005
vn 0.1510 0.9884 -0.0131
vn 0.1279 0.9914 -0.0267
vn 0.0887 0.9952 -0.0410
vn 0.0331 0.9980 -0.0538
vn -0.0329 0.9976 -0.0615
vn -0.0960 0.9934 -0.0628
vn -0.1458 0.9876 -0.0590
vn -0.1598 0.9858 -0.0526
vn -0.1794 0.9824 -0.0522
vn -0.1859 0.9809 -0.0570
vn -0.1625 0.9849 -0.0603
vn -0.1171 0.9910 -0.0650
vn -0.0900 0.9932 -0.0743
vn -0.0559 0.9949 -0.0836
vn -0.0119 0.9960 -0.0881
vn 0.0340 0.9957 -0.0863
vn 0.0736 0.9941 -0.0791
vn -0.0397 0.9897 0.1376
vn -0.0143 0.9861 0.1655
vn -0.0083 0.9820 0.1889
vn -0.0284 0.9770 0.2112
vn -0.0405 0.9739 0.2235
vn -0.0360 0.9744 0.2220
vn -0.0094 0.9784 0.2065
vn 0.0390 0.9827 0.1810
vn 0.0949 0.9821 0.1627
vn 0.1384 0.9784 0.1533
vn 0.1721 0.9752 0.1395
vn 0.1894 0.9744 0.1213
vn 0.1843 0.9777 0.1010
vn 0.1644 0.9832 0.0788
vn 0.1295 0.9900 0.0551
vn 0.1185 0.9924 0.0336
vn 0.1398 0.9901 0.0156
vn 0.1468 0.9892 -0.0021
vn 0.1388 0.9901 -0.0205
vn 0.1159 0.9925 -0.0393
vn 0.0778 0.9953 -0.0573
vn 0.0259 0.9971 -0.0720
vn -0.0339 0.9962 -0.0802
vn -0.0920 0.9925 -0.0809
vn -0.1371 0.9878 -0.0742
vn -0.1515 0.9864 -0.0633
vn -0.1786 0.9824 -0.0549
vn -0.1840 0.9818 -0.0474
vn -0.1601 0.9864 -0.0384
vn -0.1244 0.9916 -0.0359
vn -0.1006 0.9940 -0.0419
vn -0.0639 0.9968 -0.0486
vn -0.0150 0.9985 -0.0525
vn 0.0372 0.9980 -0.0516
vn 0.0810 0.9956 -0.0463
vn -0.0047 0.9783 0.2071
vn 0.0091 0.9726 0.2324
vn 0.0106 0.9682 0.2499
vn -0.0117 0.9633 0.2682
vn -0.0370 0.9586 0.2823
vn -0.0452 0.9584 0.2820
vn -0.0301 0.9632 0.2670
vn 0.0119 0.9714 0.2373
vn 0.0770 0.9773 0.1974
vn 0.1309 0.9768 0.1695
vn 0.1595 0.9752 0.1535
vn 0.1726 0.9759 0.1333
vn 0.1642 0.9803 0.1101
vn 0.1416 0.9864 0.0839
vn 0.1101 0.9920 0.0616
vn 0.1030 0.9937 0.0446
vn 0.1223 0.9922 0.0248
vn 0.1295 0.9916 0.0021
vn 0.1220 0.9923 -0.0207
vn 0.1002 0.9941 -0.0427
vn 0.0646 0.9960 -0.0625
vn 0.0177 0.9968 -0.0776
vn -0.0353 0.9957 -0.0857
vn -0.0872 0.9925 -0.0858
vn -0.1247 0.9892 -0.0768
vn -0.1380 0.9886 -0.0607
vn -0.1665 0.9851 -0.0432
vn -0.1707 0.9850 -0.0239
vn -0.1490 0.9888 -0.0058
vn -0.1289 0.9917 0.0010
vn -0.1066 0.9943 -0.0011
vn -0.0689 0.9976 -0.0033
vn -0.0176 0.9998 -0.0053
vn 0.0395 0.9992 -0.0055
vn 0.0856 0.9963 -0.0040
vn 0.0267 0.9683 0.2485
vn 0.0300 0.9618 0.2719
vn 0.0216 0.9578 0.2866
vn 0.0001 0.9550 0.2965
vn -0.0328 0.9515 0.3060
vn -0.0538 0.9504 0.3064
vn -0.0502 0.9551 0.2921
vn -0.0181 0.9645 0.2636
vn 0.0426 0.9742 0.2217
vn 0.1145 0.9770 0.1796
vn 0.1454 0.9774 0.1535
vn 0.1536 0.9793 0.1319
vn 0.1411 0.9843 0.1065
vn 0.1183 0.9897 0.0809
vn 0.0993 0.9928 0.0665
vn 0.0906 0.9941 0.0589
vn 0.1002 0.9941 0.0403
vn 0.1080 0.9941 0.0138
vn 0.1016 0.9948 -0.0118
vn 0.0818 0.9960 -0.0355
vn 0.0500 0.9972 -0.0557
vn 0.0088 0.9975 -0.0705
vn -0.0371 0.9963 -0.0779
vn -0.0823 0.9936 -0.0775
vn -0.1093 0.9918 -0.0663
vn -0.1183 0.9920 -0.0448
vn -0.1446 0.9893 -0.0184
vn -0.1475 0.9890 0.0110
vn -0.1378 0.9900 0.0309
vn -0.1288 0.9909 0.0381
vn -0.1064 0.9934 0.0425
vn -0.0688 0.9966 0.0461
vn -0.0188 0.9987 0.0469
vn 0.0387 0.9983 0.0437
vn 0.0861 0.9955 0.0395
vn 0.0545 0.9627 0.2649
vn 0.0485 0.9568 0.2867
vn 0.0286 0.9532 0.3011
vn -0.0003 0.9523 0.3051
vn -0.0353 0.9524 0.3027
vn -0.0634 0.9527 0.2973
vn -0.0703 0.9563 0.2838
vn -0.0469 0.9651 0.2577
vn 0.0069 0.9755 0.2198
vn 0.0849 0.9812 0.1734
vn 0.1297 0.9817 0.1393
vn 0.1328 0.9843 0.1165
vn 0.1198 0.9883 0.0941
vn 0.1044 0.9912 0.0813
vn 0.0940 0.9927 0.0760
vn 0.0829 0.9940 0.0712
vn 0.0786 0.9952 0.0585
vn 0.0831 0.9960 0.0342
vn 0.0786 0.9969 0.0071
vn 0.0618 0.9979 -0.0171
vn 0.0345 0.9987 -0.0370
vn -0.0005 0.9987 -0.0509
vn -0.0394 0.9976 -0.0575
vn -0.0772 0.9954 -0.0559
vn -0.0919 0.9949 -0.0424
vn -0.0935 0.9955 -0.0171
vn -0.1143 0.9933 0.0162
vn -0.1242 0.9912 0.0451
vn -0.1287 0.9898 0.0612
vn -0.1222 0.9899 0.0719
vn -0.1055 0.9915 0.0761
vn -0.0726 0.9950 0.0691
vn -0.0241 0.9981 0.0573
vn 0.0328 0.9984 0.0467
vn 0.0833 0.9957 0.0398
vn 0.0782 0.9628 0.2586
vn 0.0644 0.9583 0.2784
vn 0.0337 0.9558 0.2921
vn -0.0085 0.9552 0.2960
vn -0.0507 0.9565 0.2874
vn -0.0818 0.9596 0.2693
vn -0.0927 0.9645 0.2472
vn -0.0741 0.9723 0.2217
vn -0.0254 0.9816 0.1894
vn 0.0507 0.9875 0.1492
vn 0.1133 0.9867 0.1165
vn 0.1174 0.9879 0.1014
vn 0.1081 0.9897 0.0940
vn 0.0988 0.9911 0.0892
vn 0.0886 0.9925 0.0842
vn 0.0775 0.9938 0.0791
vn 0.0657 0.9951 0.0735
vn 0.0596 0.9964 0.0598
vn 0.0539 0.9979 0.0361
vn 0.0407 0.9991 0.0122
vn 0.0185 0.9998 -0.0069
vn -0.0102 0.9998 -0.0197
vn -0.0422 0.9988 -0.0256
vn -0.0706 0.9973 -0.0220
vn -0.0737 0.9973 -0.0064
vn -0.0673 0.9976 0.0188
vn -0.0864 0.9952 0.0454
vn -0.1070 0.9921 0.0662
vn -0.1169 0.9898 0.0820
vn -0.1213 0.9889 0.0855
vn -0.1132 0.9908 0.0741
vn -0.0836 0.9947 0.0605
vn -0.0341 0.9982 0.0488
vn 0.0244 0.9990 0.0383
vn 0.0788 0.9964 0.0303
vn 0.0971 0.9680 0.2314
vn 0.0773 0.9659 0.2471
vn 0.0368 0.9652 0.2589
vn -0.0192 0.9650 0.2617
vn -0.0724 0.9648 0.2527
vn -0.1076 0.9660 0.2350
vn -0.1176 0.9700 0.2128
vn -0.0992 0.9771 0.1883
vn -0.0511 0.9854 0.1626
vn 0.0249 0.9904 0.1363
vn 0.1000 0.9883 0.1152
vn 0.1097 0.9883 0.1060
vn 0.1030 0.9896 0.1006
vn 0.0935 0.9910 0.0956
vn 0.0832 0.9924 0.0905
vn 0.0719 0.9938 0.0853
vn 0.0596 0.9950 0.0798
vn 0.0462 0.9962 0.0740
vn 0.0346 0.9973 0.0646
vn 0.0209 0.9986 0.0496
vn 0.0024 0.9994 0.0334
vn -0.0203 0.9996 0.0216
vn -0.0457 0.9988 0.0162
vn -0.0623 0.9978 0.0209
vn -0.0597 0.9977 0.0326
vn -0.0525 0.9978 0.0409
vn -0.0656 0.9964 0.0536
vn -0.0894 0.9932 0.0746
vn -0.1117 0.9902 0.0837
vn -0.1309 0.9885 0.0758
vn -0.1254 0.9901 0.0638
vn -0.0941 0.9942 0.0528
vn -0.0437 0.9981 0.0423
vn 0.0158 0.9993 0.0325
vn 0.0729 0.9970 0.0244
vn 0.1089 0.9765 0.1859
vn 0.0849 0.9774 0.1937
vn 0.0367 0.9792 0.1997
vn -0.0315 0.9793 0.2000
vn -0.0914 0.9770 0.1927
vn -0.1281 0.9749 0.1819
vn -0.1372 0.9759 0.1699
vn -0.1167 0.9806 0.1573
vn -0.0660 0.9873 0.1445
vn 0.0126 0.9913 0.1314
vn 0.0920 0.9887 0.1185
vn 0.1035 0.9884 0.1108
vn 0.0979 0.9897 0.1049
vn 0.0882 0.9911 0.1000
vn 0.0777 0.9925 0.0948
vn 0.0662 0.9938 0.0893
vn 0.0537 0.9951 0.0836
vn 0.0400 0.9962 0.0775
vn 0.0251 0.9972 0.0711
vn 0.0086 0.9979 0.0643
vn -0.0094 0.9983 0.0570
vn -0.0294 0.9984 0.0492
vn -0.0504 0.9978 0.0423
vn -0.0564 0.9976 0.0409
vn -0.0533 0.9976 0.0438
vn -0.0492 0.9977 0.0466
vn -0.0498 0.9973 0.0548
vn -0.0739 0.9950 0.0678
vn -0.1169 0.9907 0.0702
vn -0.1405 0.9881 0.0622
vn -0.1347 0.9894 0.0535
vn -0.1033 0.9937 0.0444
vn -0.0527 0.9980 0.0351
vn 0.0078 0.9996 0.0265
vn 0.0671 0.9976 0.0195
vn 0.1109 0.9854 0.1290
vn 0.0834 0.9886 0.1250
vn 0.0310 0.9923 0.1202
vn -0.0405 0.9922 0.1178
vn -0.1010 0.9879 0.1181
vn -0.1366 0.9835 0.1190
vn -0.1437 0.9823 0.1201
vn -0.1206 0.9852 0.1216
vn -0.0675 0.9901 0.1230
vn 0.0130 0.9922 0.1239
vn 0.0875 0.9889 0.1198
vn 0.0966 0.9888 0.1134
vn 0.0928 0.9899 0.1070
vn 0.0829 0.9913 0.1020
vn 0.0721 0.9927 0.0968
vn 0.0603 0.9940 0.0911
vn 0.0475 0.9952 0.0851
vn 0.0336 0.9963 0.0787
vn 0.0183 0.9972 0.0719
vn 0.0015 0.9979 0.0646
vn -0.0170 0.9982 0.0567
vn -0.0374 0.9981 0.0482
vn -0.0535 0.9976 0.0434
vn -0.0536 0.9976 0.0448
vn -0.0507 0.9976 0.0480
vn -0.0473 0.9976 0.0503
vn -0.0434 0.9978 0.0511
vn -0.0708 0.9963 0.0482
vn -0.1217 0.9916 0.0432
vn -0.1461 0.9885 0.0388
vn -0.1413 0.9894 0.0332
vn -0.1111 0.9935 0.0262
vn -0.0608 0.9980 0.0184
vn 0.0007 0.9999 0.0111
vn 0.0621 0.9981 0.0059
vn 0.1027 0.9921 0.0726
vn 0.0729 0.9956 0.0593
vn 0.0211 0.9986 0.0485
vn -0.0435 0.9980 0.0453
vn -0.0991 0.9938 0.0508
vn -0.1317 0.9894 0.0616
vn -0.1361 0.9878 0.0751
vn -0.1105 0.9898 0.0900
vn -0.0554 0.9929 0.1052
vn 0.0260 0.9925 0.1192
vn 0.0834 0.9891 0.1216
vn 0.0890 0.9895 0.1141
vn 0.0876 0.9904 0.1069
vn 0.0776 0.9918 0.1016
vn 0.0665 0.9931 0.0963
vn 0.0544 0.9944 0.0905
vn 0.0412 0.9956 0.0842
vn 0.0269 0.9966 0.0774
vn 0.0112 0.9975 0.0701
vn -0.0060 0.9980 0.0622
vn -0.0250 0.9982 0.0537
vn -0.0447 0.9979 0.0458
vn -0.0521 0.9977 0.0442
vn -0.0516 0.9976 0.0465
vn -0.0499 0.9977 0.0462
vn -0.0474 0.9979 0.0443
vn -0.0465 0.9981 0.0396
vn -0.0822 0.9963 0.0259
vn -0.1242 0.9922 0.0137
vn -0.1469 0.9891 0.0120
vn -0.1447 0.9894 0.0112
vn -0.1169 0.9931 0.0076
vn -0.0680 0.9977 0.0018
vn -0.0057 1.0000 -0.0043
vn 0.0578 0.9983 -0.0086
vn 0.0859 0.9960 0.0257
vn 0.0567 0.9984 0.0055
vn 0.0106 0.9999 -0.0089
vn -0.0431 0.9990 -0.0129
vn -0.0891 0.9960 -0.0049
vn -0.1153 0.9932 0.0129
vn -0.1153 0.9926 0.0372
vn -0.0866 0.9941 0.0653
vn -0.0300 0.9951 0.0944
vn 0.0462 0.9921 0.1170
vn 0.0771 0.9896 0.1216
vn 0.0810 0.9903 0.1128
vn 0.0814 0.9912 0.1046
vn 0.0723 0.9925 0.0985
vn 0.0608 0.9938 0.0931
vn 0.0483 0.9950 0.0871
vn 0.0347 0.9961 0.0806
vn 0.0199 0.9971 0.0735
vn 0.0037 0.9978 0.0657
vn -0.0141 0.9983 0.0572
vn -0.0336 0.9983 0.0480
vn -0.0484 0.9979 0.0426
vn -0.0512 0.9978 0.0412
vn -0.0521 0.9979 0.0389
vn -0.0514 0.9980 0.0365
vn -0.0489 0.9982 0.0344
vn -0.0532 0.9981 0.0295
vn -0.0976 0.9951 0.0185
vn -0.1317 0.9913 0.0049
vn -0.1488 0.9889 -0.0050
vn -0.1455 0.9893 -0.0087
vn -0.1198 0.9928 -0.0098
vn -0.0737 0.9972 -0.0126
vn -0.0117 0.9998 -0.0171
vn 0.0539 0.9983 -0.0206
vn 0.0624 0.9977 -0.0268
vn 0.0379 0.9980 -0.0513
vn 0.0010 0.9978 -0.0664
vn -0.0400 0.9968 -0.0691
vn -0.0739 0.9956 -0.0583
vn -0.0908 0.9952 -0.0356
vn -0.0841 0.9965 -0.0037
vn -0.0510 0.9981 0.0343
vn 0.0078 0.9971 0.0752
vn 0.0634 0.9929 0.1008
vn 0.0734 0.9916 0.1066
vn 0.0754 0.9917 0.1045
vn 0.0745 0.9923 0.0990
vn 0.0670 0.9934 0.0926
vn 0.0550 0.9947 0.0871
vn 0.0420 0.9958 0.0810
vn 0.0279 0.9969 0.0741
vn 0.0126 0.9977 0.0666
vn -0.0042 0.9983 0.0583
vn -0.0228 0.9985 0.0490
vn -0.0419 0.9983 0.0398
vn -0.0500 0.9982 0.0341
vn -0.0531 0.9981 0.0312
vn -0.0541 0.9981 0.0287
vn -0.0531 0.9982 0.0265
vn -0.0503 0.9984 0.0247
vn -0.0585 0.9980 0.0218
vn -0.1063 0.9942 0.0168
vn -0.1402 0.9901 0.0116
vn -0.1545 0.9880 0.0069
vn -0.1486 0.9889 0.0026
vn -0.1229 0.9924 -0.0012
vn -0.0782 0.9969 -0.0044
vn -0.0160 0.9998 -0.0067
vn 0.0531 0.9986 -0.0062
vn 0.0356 0.9974 -0.0627
vn 0.0192 0.9961 -0.0866
vn -0.0064 0.9950 -0.0997
vn -0.0341 0.9944 -0.0999
vn -0.0550 0.9947 -0.0864
vn -0.0611 0.9963 -0.0602
vn -0.0464 0.9986 -0.0237
vn -0.0080 0.9998 0.0199
vn 0.0453 0.9973 0.0584
vn 0.0702 0.9948 0.0740
vn 0.0741 0.9945 0.0742
vn 0.0748 0.9944 0.0750
vn 0.0720 0.9945 0.0765
vn 0.0650 0.9948 0.0781
vn 0.0501 0.9958 0.0771
vn 0.0356 0.9968 0.0718
vn 0.0209 0.9977 0.0646
vn 0.0049 0.9984 0.0566
vn -0.0130 0.9988 0.0473
vn -0.0336 0.9988 0.0352
vn -0.0471 0.9985 0.0265
vn -0.0523 0.9984 0.0235
vn -0.0551 0.9983 0.0210
vn -0.0559 0.9983 0.0187
vn -0.0546 0.9984 0.0168
vn -0.0516 0.9986 0.0151
vn -0.0596 0.9981 0.0150
vn -0.1070 0.9941 0.0171
vn -0.1410 0.9898 0.0205
vn -0.1554 0.9876 0.0244
vn -0.1498 0.9883 0.0286
vn -0.1242 0.9917 0.0329
vn -0.0792 0.9962 0.0368
vn -0.0168 0.9991 0.0394
vn 0.0532 0.9978 0.0385
vn 0.0085 0.9973 -0.0735
vn 0.0020 0.9953 -0.0963
vn -0.0115 0.9941 -0.1074
vn -0.0259 0.9941 -0.1053
vn -0.0339 0.9954 -0.0895
vn -0.0288 0.9977 -0.0609
vn -0.0055 0.9998 -0.0216
vn 0.0333 0.9993 0.0197
vn 0.0624 0.9972 0.0400
vn 0.0709 0.9966 0.0412
vn 0.0751 0.9963 0.0415
vn 0.0763 0.9962 0.0423
vn 0.0738 0.9963 0.0435
vn 0.0672 0.9967 0.0457
vn 0.0517 0.9974 0.0511
vn 0.0325 0.9979 0.0553
vn 0.0136 0.9986 0.0517
vn -0.0039 0.9991 0.0427
vn -0.0250 0.9993 0.0296
vn -0.0419 0.9989 0.0193
vn -0.0497 0.9986 0.0157
vn -0.0544 0.9984 0.0132
vn -0.0570 0.9983 0.0109
vn -0.0575 0.9983 0.0090
vn -0.0560 0.9984 0.0073
vn -0.0527 0.9986 0.0058
vn -0.0563 0.9984 0.0077
vn -0.0997 0.9949 0.0158
vn -0.1337 0.9906 0.0276
vn -0.1483 0.9881 0.0398
vn -0.1432 0.9883 0.0519
vn -0.1182 0.9910 0.0634
vn -0.0743 0.9946 0.0731
vn -0.0146 0.9968 0.0784
vn 0.0503 0.9958 0.0765
vn -0.0185 0.9981 -0.0588
vn -0.0140 0.9966 -0.0809
vn -0.0151 0.9958 -0.0905
vn -0.0161 0.9961 -0.0866
vn -0.0113 0.9975 -0.0692
vn 0.0049 0.9992 -0.0393
vn 0.0288 0.9996 -0.0073
vn 0.0530 0.9986 0.0077
vn 0.0640 0.9979 0.0087
vn 0.0715 0.9974 0.0087
vn 0.0761 0.9971 0.0090
vn 0.0775 0.9969 0.0097
vn 0.0753 0.9971 0.0107
vn 0.0693 0.9975 0.0120
vn 0.0576 0.9982 0.0152
vn 0.0365 0.9991 0.0217
vn 0.0113 0.9996 0.0270
vn -0.0152 0.9997 0.0213
vn -0.0347 0.9993 0.0115
vn -0.0449 0.9990 0.0076
vn -0.0517 0.9987 0.0053
vn -0.0562 0.9984 0.0031
vn -0.0586 0.9983 0.0012
vn -0.0589 0.9983 -0.0006
vn -0.0572 0.9984 -0.0021
vn -0.0537 0.9986 -0.0033
vn -0.0516 0.9987 -0.0016
vn -0.0850 0.9963 0.0099
vn -0.1189 0.9925 0.0291
vn -0.1340 0.9898 0.0485
vn -0.1298 0.9893 0.0672
vn -0.1064 0.9908 0.0839
vn -0.0654 0.9931 0.0969
vn -0.0114 0.9946 0.1034
vn 0.0463 0.9938 0.1012
vn -0.0401 0.9988 -0.0288
vn -0.0278 0.9987 -0.0432
vn -0.0176 0.9986 -0.0505
vn -0.0069 0.9989 -0.0473
vn 0.0064 0.9993 -0.0363
vn 0.0248 0.9993 -0.0263
vn 0.0419 0.9988 -0.0233
vn 0.0541 0.9983 -0.0236
vn 0.0643 0.9977 -0.0237
vn 0.0720 0.9971 -0.0235
vn 0.0768 0.9968 -0.0232
vn 0.0784 0.9967 -0.0226
vn 0.0765 0.9968 -0.0219
vn 0.0706 0.9973 -0.0211
vn 0.0605 0.9980 -0.0201
vn 0.0426 0.9989 -0.0171
vn 0.0136 0.9998 -0.0140
vn -0.0166 0.9998 -0.0081
vn -0.0364 0.9993 -0.0023
vn -0.0468 0.9989 -0.0028
vn -0.0534 0.9986 -0.0048
vn -0.0578 0.9983 -0.0066
vn -0.0600 0.9982 -0.0083
vn -0.0601 0.9981 -0.0099
vn -0.0582 0.9982 -0.0112
vn -0.0546 0.9984 -0.0123
vn -0.0495 0.9987 -0.0129
vn -0.0651 0.9979 -0.0020
vn -0.0977 0.9950 0.0220
vn -0.1137 0.9924 0.0471
vn -0.1112 0.9913 0.0706
vn -0.0908 0.9917 0.0910
vn -0.0546 0.9929 0.1061
vn -0.0076 0.9935 0.1133
vn 0.0422 0.9929 0.1114
vn -0.0491 0.9975 -0.0499
vn -0.0347 0.9981 -0.0516
vn -0.0194 0.9984 -0.0531
vn -0.0035 0.9985 -0.0542
vn 0.0124 0.9984 -0.0550
vn 0.0276 0.9981 -0.0555
vn 0.0417 0.9976 -0.0558
vn 0.0541 0.9970 -0.0558
vn 0.0645 0.9964 -0.0557
vn 0.0723 0.9958 -0.0555
vn 0.0773 0.9955 -0.0551
vn 0.0790 0.9954 -0.0548
vn 0.0772 0.9955 -0.0545
vn 0.0714 0.9960 -0.0542
vn 0.0613 0.9966 -0.0542
vn 0.0444 0.9975 -0.0553
vn 0.0203 0.9985 -0.0506
vn -0.0043 0.9993 -0.0376
vn -0.0286 0.9993 -0.0231
vn -0.0465 0.9988 -0.0148
vn -0.0548 0.9984 -0.0146
vn -0.0591 0.9981 -0.0162
vn -0.0612 0.9980 -0.0176
vn -0.0612 0.9979 -0.0189
vn -0.0592 0.9980 -0.0200
vn -0.0554 0.9982 -0.0210
vn -0.0499 0.9985 -0.0218
vn -0.0489 0.9987 -0.0164
vn -0.0715 0.9974 0.0041
vn -0.0889 0.9955 0.0335
vn -0.0890 0.9942 0.0605
vn -0.0728 0.9939 0.0833
vn -0.0427 0.9941 0.0998
vn -0.0035 0.9942 0.1079
vn 0.0383 0.9935 0.1068
vn -0.0510 0.9952 -0.0838
vn -0.0364 0.9957 -0.0853
vn -0.0207 0.9960 -0.0864
vn -0.0045 0.9962 -0.0872
vn 0.0116 0.9961 -0.0876
vn 0.0271 0.9958 -0.0878
vn 0.0414 0.9953 -0.0878
vn 0.0540 0.9947 -0.0876
vn 0.0645 0.9941 -0.0874
vn 0.0724 0.9936 -0.0871
vn 0.0775 0.9932 -0.0869
vn 0.0792 0.9931 -0.0868
vn 0.0774 0.9932 -0.0869
vn 0.0718 0.9936 -0.0870
vn 0.0628 0.9943 -0.0857
vn 0.0469 0.9956 -0.0815
vn 0.0303 0.9968 -0.0743
vn 0.0098 0.9980 -0.0632
vn -0.0139 0.9987 -0.0488
vn -0.0381 0.9987 -0.0338
vn -0.0546 0.9982 -0.0256
vn -0.0602 0.9979 -0.0254
vn -0.0622 0.9977 -0.0266
vn -0.0621 0.9977 -0.0277
vn -0.0600 0.9978 -0.0287
vn -0.0561 0.9980 -0.0295
vn -0.0505 0.9983 -0.0302
vn -0.0435 0.9986 -0.0307
vn -0.0468 0.9987 -0.0198
vn -0.0609 0.9981 0.0067
vn -0.0645 0.9973 0.0359
vn -0.0534 0.9967 0.0603
vn -0.0304 0.9965 0.0776
vn 0.0008 0.9963 0.0862
vn 0.0349 0.9957 0.0864
vn -0.0529 0.9917 -0.1169
vn -0.0381 0.9923 -0.1181
vn -0.0221 0.9927 -0.1189
vn -0.0056 0.9928 -0.1194
vn 0.0108 0.9928 -0.1196
vn 0.0265 0.9925 -0.1196
vn 0.0410 0.9920 -0.1194
vn 0.0537 0.9914 -0.1190
vn 0.0643 0.9908 -0.1187
vn 0.0723 0.9903 -0.1185
vn 0.0773 0.9899 -0.1185
vn 0.0791 0.9898 -0.1187
vn 0.0791 0.9900 -0.1168
vn 0.0762 0.9910 -0.1104
vn 0.0670 0.9924 -0.1033
vn 0.0532 0.9938 -0.0976
vn 0.0381 0.9951 -0.0910
vn 0.0212 0.9963 -0.0831
vn 0.0006 0.9974 -0.0716
vn -0.0230 0.9981 -0.0569
vn -0.0467 0.9980 -0.0422
vn -0.0605 0.9976 -0.0350
vn -0.0631 0.9974 -0.0353
vn -0.0629 0.9974 -0.0362
vn -0.0608 0.9975 -0.0370
vn -0.0568 0.9977 -0.0378
vn -0.0511 0.9980 -0.0384
vn -0.0440 0.9983 -0.0388
vn -0.0360 0.9986 -0.0386
vn -0.0363 0.9990 -0.0277
vn -0.0440 0.9990 -0.0091
vn -0.0422 0.9991 -0.0001
vn -0.0243 0.9997 0.0005
vn 0.0041 1.0000 0.0015
vn 0.0357 0.9993 0.0058
vn -0.0547 0.9873 -0.1490
vn -0.0397 0.9879 -0.1500
vn -0.0234 0.9883 -0.1507
vn -0.0067 0.9885 -0.1510
vn 0.0099 0.9885 -0.1510
vn 0.0258 0.9882 -0.1508
vn 0.0404 0.9878 -0.1505
vn 0.0532 0.9872 -0.1501
vn 0.0638 0.9867 -0.1498
vn 0.0723 0.9862 -0.1491
vn 0.0789 0.9861 -0.1464
vn 0.0829 0.9867 -0.1396
vn 0.0860 0.9879 -0.1294
vn 0.0834 0.9892 -0.1207
vn 0.0724 0.9907 -0.1153
vn 0.0595 0.9922 -0.1098
vn 0.0453 0.9936 -0.1035
vn 0.0296 0.9949 -0.0963
vn 0.0122 0.9960 -0.0881
vn -0.0084 0.9970 -0.0769
vn -0.0319 0.9975 -0.0624
vn -0.0546 0.9973 -0.0490
vn -0.0637 0.9970 -0.0437
vn -0.0636 0.9970 -0.0444
vn -0.0614 0.9971 -0.0451
vn -0.0574 0.9973 -0.0457
vn -0.0517 0.9976 -0.0462
vn -0.0444 0.9979 -0.0466
vn -0.0369 0.9982 -0.0480
vn -0.0398 0.9972 -0.0639
vn -0.0474 0.9947 -0.0909
vn -0.0437 0.9933 -0.1072
vn -0.0239 0.9936 -0.1107
vn 0.0062 0.9941 -0.1083
vn 0.0395 0.9939 -0.1027
vn -0.0570 0.9821 -0.1796
vn -0.0414 0.9826 -0.1809
vn -0.0249 0.9831 -0.1816
vn -0.0079 0.9833 -0.1818
vn 0.0090 0.9833 -0.1816
vn 0.0253 0.9832 -0.1807
vn 0.0405 0.9830 -0.1791
vn 0.0541 0.9829 -0.1760
vn 0.0659 0.9831 -0.1709
vn 0.0760 0.9836 -0.1635
vn 0.0848 0.9844 -0.1544
vn 0.0914 0.9853 -0.1444
vn 0.0950 0.9863 -0.1347
vn 0.0886 0.9878 -0.1283
vn 0.0777 0.9893 -0.1237
vn 0.0656 0.9908 -0.1183
vn 0.0521 0.9923 -0.1122
vn 0.0373 0.9937 -0.1054
vn 0.0209 0.9950 -0.0979
vn 0.0029 0.9960 -0.0895
vn -0.0179 0.9967 -0.0792
vn -0.0413 0.9970 -0.0656
vn -0.0610 0.9966 -0.0550
vn -0.0641 0.9966 -0.0523
vn -0.0620 0.9967 -0.0528
vn -0.0579 0.9969 -0.0533
vn -0.0522 0.9972 -0.0537
vn -0.0452 0.9975 -0.0545
vn -0.0532 0.9960 -0.0716
vn -0.0713 0.9916 -0.1076
vn -0.0735 0.9870 -0.1426
vn -0.0579 0.9839 -0.1688
vn -0.0297 0.9823 -0.1847
vn 0.0060 0.9819 -0.1894
vn 0.0436 0.9819 -0.1841
vn -0.0610 0.9799 -0.1899
vn -0.0444 0.9801 -0.1934
vn -0.0269 0.9804 -0.1952
vn -0.0090 0.9807 -0.1953
vn 0.0089 0.9810 -0.1938
vn 0.0263 0.9813 -0.1906
vn 0.0427 0.9816 -0.1859
vn 0.0578 0.9820 -0.1799
vn 0.0714 0.9824 -0.1727
vn 0.0831 0.9829 -0.1645
vn 0.0928 0.9835 -0.1555
vn 0.1003 0.9842 -0.1457
vn 0.1015 0.9852 -0.1379
vn 0.0931 0.9867 -0.1331
vn 0.0830 0.9882 -0.1285
vn 0.0715 0.9898 -0.1232
vn 0.0588 0.9913 -0.1174
vn 0.0446 0.9928 -0.1109
vn 0.0289 0.9942 -0.1038
vn 0.0117 0.9953 -0.0960
vn -0.0072 0.9961 -0.0876
vn -0.0283 0.9965 -0.0781
vn -0.0517 0.9964 -0.0670
vn -0.0639 0.9961 -0.0604
vn -0.0624 0.9962 -0.0601
vn -0.0584 0.9965 -0.0605
vn -0.0526 0.9968 -0.0608
vn -0.0551 0.9960 -0.0710
vn -0.0868 0.9911 -0.1013
vn -0.1062 0.9847 -0.1384
vn -0.1030 0.9801 -0.1698
vn -0.0803 0.9777 -0.1939
vn -0.0430 0.9770 -0.2090
vn 0.0025 0.9768 -0.2140
vn 0.0489 0.9768 -0.2087
vn -0.0665 0.9797 -0.1890
vn -0.0484 0.9801 -0.1924
vn -0.0293 0.9806 -0.1941
vn -0.0098 0.9809 -0.1940
vn 0.0097 0.9813 -0.1923
vn 0.0285 0.9816 -0.1890
vn 0.0463 0.9818 -0.1842
vn 0.0627 0.9820 -0.1782
vn 0.0774 0.9822 -0.1710
vn 0.0901 0.9825 -0.1628
vn 0.1006 0.9830 -0.1539
vn 0.1084 0.9835 -0.1448
vn 0.1060 0.9846 -0.1387
vn 0.0977 0.9861 -0.1346
vn 0.0882 0.9876 -0.1299
vn 0.0773 0.9892 -0.1248
vn 0.0651 0.9907 -0.1191
vn 0.0515 0.9923 -0.1129
vn 0.0365 0.9937 -0.1063
vn 0.0198 0.9949 -0.0990
vn 0.0016 0.9958 -0.0912
vn -0.0185 0.9964 -0.0828
vn -0.0405 0.9965 -0.0737
vn -0.0612 0.9959 -0.0669
vn -0.0636 0.9958 -0.0657
vn -0.0590 0.9960 -0.0671
vn -0.0539 0.9962 -0.0684
vn -0.0798 0.9931 -0.0862
vn -0.1211 0.9854 -0.1197
vn -0.1381 0.9788 -0.1513
vn -0.1312 0.9751 -0.1788
vn -0.1029 0.9742 -0.2006
vn -0.0577 0.9749 -0.2149
vn -0.0024 0.9756 -0.2195
vn 0.0539 0.9754 -0.2139
vn -0.0720 0.9801 -0.1850
vn -0.0523 0.9807 -0.1883
vn -0.0317 0.9813 -0.1899
vn -0.0106 0.9818 -0.1898
vn 0.0105 0.9821 -0.1880
vn 0.0308 0.9823 -0.1846
vn 0.0500 0.9824 -0.1797
vn 0.0676 0.9825 -0.1736
vn 0.0833 0.9825 -0.1664
vn 0.0968 0.9826 -0.1584
vn 0.1081 0.9828 -0.1496
vn 0.1149 0.9832 -0.1419
vn 0.1101 0.9845 -0.1369
vn 0.1023 0.9859 -0.1327
vn 0.0933 0.9874 -0.1281
vn 0.0829 0.9889 -0.1231
vn 0.0712 0.9905 -0.1176
vn 0.0581 0.9920 -0.1118
vn 0.0435 0.9935 -0.1055
vn 0.0274 0.9947 -0.0988
vn 0.0097 0.9957 -0.0916
vn -0.0098 0.9964 -0.0839
vn -0.0311 0.9966 -0.0756
vn -0.0543 0.9963 -0.0670
vn -0.0660 0.9958 -0.0638
vn -0.0605 0.9954 -0.0745
vn -0.1083 0.9896 -0.0949
vn -0.1502 0.9811 -0.1221
vn -0.1663 0.9750 -0.1474
vn -0.1575 0.9727 -0.1702
vn -0.1254 0.9739 -0.1892
vn -0.0734 0.9765 -0.2025
vn -0.0082 0.9783 -0.2071
vn 0.0589 0.9777 -0.2015
vn -0.0774 0.9810 -0.1780
vn -0.0563 0.9818 -0.1813
vn -0.0341 0.9826 -0.1828
vn -0.0113 0.9831 -0.1827
vn 0.0112 0.9835 -0.1808
vn 0.0331 0.9836 -0.1773
vn 0.0536 0.9836 -0.1724
vn 0.0723 0.9834 -0.1663
vn 0.0890 0.9832 -0.1592
vn 0.1034 0.9831 -0.1513
vn 0.1153 0.9830 -0.1428
vn 0.1198 0.9834 -0.1362
vn 0.1142 0.9847 -0.1320
vn 0.1068 0.9860 -0.1277
vn 0.0982 0.9875 -0.1232
vn 0.0882 0.9890 -0.1183
vn 0.0769 0.9906 -0.1131
vn 0.0642 0.9921 -0.1076
vn 0.0501 0.9936 -0.1017
vn 0.0344 0.9948 -0.0955
vn 0.0171 0.9959 -0.0889
vn -0.0018 0.9966 -0.0819
vn -0.0226 0.9970 -0.0744
vn -0.0454 0.9968 -0.0665
vn -0.0659 0.9960 -0.0611
vn -0.0647 0.9960 -0.0613
vn -0.0718 0.9950 -0.0690
vn -0.1308 0.9877 -0.0852
vn -0.1735 0.9793 -0.1039
vn -0.1902 0.9742 -0.1218
vn -0.1811 0.9737 -0.1385
vn -0.1469 0.9772 -0.1531
vn -0.0897 0.9823 -0.1642
vn -0.0147 0.9856 -0.1685
vn 0.0645 0.9845 -0.1629
vn -0.0828 0.9823 -0.1680
vn -0.0603 0.9834 -0.1712
vn -0.0365 0.9843 -0.1727
vn -0.0122 0.9849 -0.1725
vn 0.0120 0.9853 -0.1707
vn 0.0353 0.9853 -0.1672
vn 0.0571 0.9851 -0.1623
vn 0.0770 0.9847 -0.1562
vn 0.0945 0.9843 -0.1492
vn 0.1096 0.9838 -0.1416
vn 0.1220 0.9835 -0.1337
vn 0.1238 0.9840 -0.1279
vn 0.1182 0.9852 -0.1240
vn 0.1113 0.9865 -0.1198
vn 0.1030 0.9880 -0.1154
vn 0.0933 0.9895 -0.1107
vn 0.0823 0.9910 -0.1057
vn 0.0699 0.9925 -0.1006
vn 0.0561 0.9939 -0.0951
vn 0.0406 0.9951 -0.0896
vn 0.0241 0.9962 -0.0836
vn 0.0054 0.9970 -0.0771
vn -0.0150 0.9974 -0.0704
vn -0.0373 0.9973 -0.0633
vn -0.0610 0.9965 -0.0564
vn -0.0679 0.9962 -0.0545
vn -0.0802 0.9950 -0.0590
vn -0.1440 0.9874 -0.0664
vn -0.1883 0.9793 -0.0740
vn -0.2066 0.9750 -0.0813
vn -0.1984 0.9761 -0.0882
vn -0.1638 0.9820 -0.0944
vn -0.1037 0.9896 -0.0995
vn -0.0211 0.9946 -0.1018
vn 0.0698 0.9927 -0.0984
vn -0.0881 0.9840 -0.1549
vn -0.0642 0.9853 -0.1580
vn -0.0389 0.9864 -0.1596
vn -0.0130 0.9871 -0.1594
vn 0.0128 0.9874 -0.1576
vn 0.0376 0.9873 -0.1541
vn 0.0606 0.9869 -0.1493
vn 0.0815 0.9863 -0.1434
vn 0.0999 0.9856 -0.1366
vn 0.1156 0.9848 -0.1294
vn 0.1278 0.9842 -0.1223
vn 0.1276 0.9849 -0.1173
vn 0.1223 0.9860 -0.1133
vn 0.1156 0.9873 -0.1092
vn 0.1075 0.9887 -0.1049
vn 0.0981 0.9901 -0.1004
vn 0.0811 0.9914 -0.1030
vn 0.0524 0.9900 -0.1308
vn 0.0404 0.9842 -0.1724
vn 0.0387 0.9798 -0.1963
vn 0.0394 0.9810 -0.1900
vn 0.0342 0.9874 -0.1546
vn 0.0158 0.9945 -0.1031
vn -0.0226 0.9976 -0.0651
vn -0.0541 0.9972 -0.0508
vn -0.0697 0.9964 -0.0477
vn -0.0819 0.9955 -0.0469
vn -0.1459 0.9883 -0.0442
vn -0.1919 0.9806 -0.0396
vn -0.2120 0.9767 -0.0348
vn -0.2052 0.9783 -0.0298
vn -0.1709 0.9850 -0.0246
vn -0.1096 0.9938 -0.0194
vn -0.0240 0.9996 -0.0152
vn 0.0713 0.9973 -0.0151
vn -0.0932 0.9859 -0.1387
vn -0.0680 0.9876 -0.1418
vn -0.0413 0.9888 -0.1434
vn -0.0138 0.9896 -0.1433
vn 0.0136 0.9898 -0.1415
vn 0.0398 0.9896 -0.1381
vn 0.0641 0.9890 -0.1334
vn 0.0858 0.9881 -0.1278
vn 0.1049 0.9870 -0.1214
vn 0.1211 0.9860 -0.1147
vn 0.1327 0.9852 -0.1084
vn 0.1312 0.9859 -0.1039
vn 0.1261 0.9870 -0.1001
vn 0.1197 0.9882 -0.0961
vn 0.1118 0.9895 -0.0920
vn 0.0824 0.9904 -0.1113
vn 0.0315 0.9826 -0.1833
vn -0.0002 0.9641 -0.2654
vn 0.0046 0.9493 -0.3144
vn 0.0293 0.9425 -0.3328
vn 0.0582 0.9439 -0.3252
vn 0.0781 0.9526 -0.2941
vn 0.0768 0.9679 -0.2394
vn 0.0410 0.9867 -0.1574
vn -0.0175 0.9971 -0.0741
vn -0.0687 0.9968 -0.0398
vn -0.0773 0.9964 -0.0350
vn -0.1360 0.9904 -0.0236
vn -0.1833 0.9830 -0.0068
vn -0.2049 0.9787 0.0103
vn -0.1993 0.9796 0.0273
vn -0.1658 0.9852 0.0435
vn -0.1050 0.9928 0.0575
vn -0.0217 0.9976 0.0654
vn 0.0682 0.9957 0.0630
vn -0.0980 0.9880 -0.1194
vn -0.0718 0.9899 -0.1224
vn -0.0437 0.9913 -0.1240
vn -0.0146 0.9922 -0.1241
vn 0.0144 0.9924 -0.1224
vn 0.0420 0.9920 -0.1192
vn 0.0673 0.9911 -0.1148
vn 0.0899 0.9899 -0.1095
vn 0.1095 0.9886 -0.1037
vn 0.1260 0.9872 -0.0977
vn 0.1369 0.9863 -0.0922
vn 0.1347 0.9870 -0.0882
vn 0.1298 0.9879 -0.0845
vn 0.1234 0.9891 -0.0808
vn 0.0977 0.9904 -0.0981
vn 0.0102 0.9837 -0.1797
vn -0.0568 0.9575 -0.2827
vn -0.0636 0.9340 -0.3516
vn -0.0315 0.9204 -0.3896
vn 0.0195 0.9159 -0.4010
vn 0.0729 0.9180 -0.3898
vn 0.1157 0.9258 -0.3598
vn 0.1375 0.9398 -0.3130
vn 0.1274 0.9602 -0.2485
vn 0.0697 0.9846 -0.1601
vn -0.0283 0.9973 -0.0680
vn -0.0712 0.9971 -0.0256
vn -0.1147 0.9934 -0.0096
vn -0.1628 0.9865 0.0183
vn -0.1856 0.9815 0.0464
vn -0.1816 0.9806 0.0735
vn -0.1500 0.9838 0.0981
vn -0.0928 0.9888 0.1173
vn -0.0167 0.9918 0.1267
vn 0.0637 0.9904 0.1230
vn -0.1024 0.9900 -0.0970
vn -0.0753 0.9922 -0.0998
vn -0.0460 0.9938 -0.1015
vn -0.0154 0.9947 -0.1017
vn 0.0151 0.9948 -0.1003
vn 0.0441 0.9943 -0.0974
vn 0.0704 0.9931 -0.0934
vn 0.0936 0.9917 -0.0887
vn 0.1135 0.9900 -0.0837
vn 0.1302 0.9884 -0.0785
vn 0.1405 0.9873 -0.0739
vn 0.1379 0.9879 -0.0704
vn 0.1331 0.9888 -0.0670
vn 0.1236 0.9900 -0.0674
vn 0.0310 0.9912 -0.1288
vn -0.0957 0.9659 -0.2407
vn -0.1436 0.9334 -0.3290
vn -0.1268 0.9129 -0.3880
vn -0.0689 0.9049 -0.4200
vn 0.0086 0.9044 -0.4266
vn 0.0866 0.9074 -0.4111
vn 0.1503 0.9133 -0.3785
vn 0.1899 0.9235 -0.3333
vn 0.1975 0.9403 -0.2773
vn 0.1627 0.9645 -0.2081
vn 0.0655 0.9909 -0.1173
vn -0.0475 0.9981 -0.0397
vn -0.0866 0.9962 -0.0031
vn -0.1318 0.9908 0.0307
vn -0.1562 0.9854 0.0676
vn -0.1546 0.9827 0.1023
vn -0.1270 0.9830 0.1324
vn -0.0763 0.9850 0.1546
vn -0.0102 0.9863 0.1649
vn 0.0588 0.9852 0.1611
vn -0.1061 0.9918 -0.0718
vn -0.0784 0.9942 -0.0743
vn -0.0481 0.9960 -0.0759
vn -0.0161 0.9970 -0.0763
vn 0.0159 0.9970 -0.0752
vn 0.0461 0.9963 -0.0727
vn 0.0731 0.9949 -0.0693
vn 0.0967 0.9932 -0.0654
vn 0.1168 0.9913 -0.0615
vn 0.1336 0.9894 -0.0576
vn 0.1434 0.9882 -0.0539
vn 0.1407 0.9887 -0.0509
vn 0.1359 0.9896 -0.0480
vn 0.1010 0.9923 -0.0713
vn -0.0721 0.9853 -0.1547
vn -0.1977 0.9467 -0.2543
vn -0.2314 0.9149 -0.3308
vn -0.1951 0.9022 -0.3846
vn -0.1116 0.9032 -0.4146
vn -0.0044 0.9082 -0.4186
vn 0.1015 0.9115 -0.3985
vn 0.1863 0.9136 -0.3615
vn 0.2402 0.9182 -0.3151
vn 0.2590 0.9293 -0.2635
vn 0.2369 0.9494 -0.2061
vn 0.1595 0.9776 -0.1375
vn 0.0183 0.9983 -0.0549
vn -0.0652 0.9979 -0.0012
vn -0.0929 0.9953 0.0272
vn -0.1191 0.9904 0.0703
vn -0.1213 0.9865 0.1103
vn -0.0996 0.9846 0.1439
vn -0.0575 0.9841 0.1679
vn -0.0031 0.9839 0.1790
vn 0.0538 0.9830 0.1756
vn -0.1088 0.9931 -0.0442
vn -0.0808 0.9957 -0.0460
vn -0.0499 0.9976 -0.0473
vn -0.0169 0.9987 -0.0479
vn 0.0166 0.9988 -0.0471
vn 0.0477 0.9978 -0.0452
vn 0.0752 0.9963 -0.0428
vn 0.0989 0.9943 -0.0402
vn 0.1191 0.9922 -0.0376
vn 0.1359 0.9901 -0.0351
vn 0.1457 0.9888 -0.0327
vn 0.1430 0.9893 -0.0303
vn 0.1382 0.9900 -0.0279
vn 0.0480 0.9969 -0.0625
vn -0.1700 0.9747 -0.1452
vn -0.2952 0.9286 -0.2250
vn -0.3225 0.9011 -0.2899
vn -0.2722 0.9001 -0.3401
vn -0.1632 0.9143 -0.3708
vn -0.0206 0.9270 -0.3745
vn 0.1195 0.9290 -0.3503
vn 0.2264 0.9238 -0.3087
vn 0.2911 0.9202 -0.2617
vn 0.3153 0.9243 -0.2150
vn 0.2985 0.9395 -0.1682
vn 0.2304 0.9660 -0.1172
vn 0.0975 0.9937 -0.0549
vn -0.0469 0.9989 -0.0056
vn -0.0605 0.9980 0.0183
vn -0.0770 0.9956 0.0529
vn -0.0839 0.9918 0.0960
vn -0.0698 0.9888 0.1319
vn -0.0379 0.9869 0.1569
vn 0.0043 0.9857 0.1686
vn 0.0486 0.9849 0.1660
vn -0.1102 0.9938 -0.0149
vn -0.0821 0.9965 -0.0156
vn -0.0510 0.9986 -0.0161
vn -0.0174 0.9997 -0.0165
vn 0.0171 0.9997 -0.0162
vn 0.0487 0.9987 -0.0154
vn 0.0763 0.9970 -0.0145
vn 0.1000 0.9949 -0.0136
vn 0.1202 0.9927 -0.0127
vn 0.1369 0.9905 -0.0118
vn 0.1472 0.9891 -0.0106
vn 0.1447 0.9894 -0.0090
vn 0.1388 0.9903 -0.0085
vn -0.0132 0.9992 -0.0385
vn -0.2523 0.9625 -0.0999
vn -0.3837 0.9104 -0.1548
vn -0.4132 0.8878 -0.2027
vn -0.3573 0.9015 -0.2441
vn -0.2262 0.9348 -0.2739
vn -0.0415 0.9593 -0.2795
vn 0.1425 0.9567 -0.2539
vn 0.2712 0.9388 -0.2123
vn 0.3414 0.9242 -0.1712
vn 0.3655 0.9210 -0.1350
vn 0.3481 0.9319 -0.1020
vn 0.2819 0.9570 -0.0689
vn 0.1547 0.9875 -0.0305
vn -0.0220 0.9997 0.0054
vn -0.0486 0.9986 0.0198
vn -0.0455 0.9985 0.0304
vn -0.0455 0.9971 0.0602
vn -0.0390 0.9946 0.0960
vn -0.0183 0.9924 0.1215
vn 0.0113 0.9910 0.1337
vn 0.0429 0.9903 0.1320
vn -0.1099 0.9938 0.0149
vn -0.0819 0.9965 0.0155
vn -0.0509 0.9986 0.0161
vn -0.0174 0.9997 0.0165
vn 0.0171 0.9997 0.0162
vn 0.0486 0.9987 0.0154
vn 0.0761 0.9970 0.0144
vn 0.0998 0.9949 0.0135
vn 0.1199 0.9927 0.0126
vn 0.1367 0.9905 0.0118
vn 0.1477 0.9890 0.0115
vn 0.1456 0.9893 0.0122
vn 0.1371 0.9905 0.0114
vn -0.0568 0.9984 -0.0014
vn -0.3100 0.9504 -0.0262
vn -0.4521 0.8906 -0.0483
vn -0.4903 0.8689 -0.0675
vn -0.4378 0.8951 -0.0847
vn -0.2931 0.9510 -0.0984
vn -0.0658 0.9926 -0.1016
vn 0.1689 0.9819 -0.0855
vn 0.3141 0.9474 -0.0619
vn 0.3840 0.9223 -0.0426
vn 0.4041 0.9143 -0.0276
vn 0.3826 0.9238 -0.0148
vn 0.3135 0.9496 -0.0025
vn 0.1852 0.9826 0.0115
vn -0.0038 0.9997 0.0257
vn -0.0474 0.9984 0.0321
vn -0.0352 0.9988 0.0333
vn -0.0154 0.9987 0.0481
vn -0.0007 0.9979 0.0647
vn 0.0178 0.9970 0.0756
vn 0.0367 0.9965 0.0745
vn -0.0705 0.9967 -0.0401
vn -0.0447 0.9981 -0.0421
vn -0.0439 0.9979 -0.0481
vn -0.0460 0.9973 -0.0564
vn -0.0373 0.9973 -0.0637
vn -0.0183 0.9974 -0.0701
vn 0.0113 0.9971 -0.0756
vn 0.0510 0.9955 -0.0796
vn 0.0990 0.9918 -0.0806
vn 0.1484 0.9860 -0.0765
vn 0.1879 0.9798 -0.0682
vn 0.2124 0.9754 -0.0587
vn 0.2145 0.9754 -0.0505
vn 0.1999 0.9788 -0.0433
vn 0.1708 0.9846 -0.0363
vn 0.1364 0.9904 -0.0239
vn 0.1433 0.9897 -0.0064
vn 0.1514 0.9884 0.0092
vn 0.1441 0.9893 0.0233
vn 0.1221 0.9919 0.0358
vn 0.0861 0.9952 0.0461
vn 0.0373 0.9979 0.0526
vn -0.0197 0.9984 0.0536
vn -0.0768 0.9959 0.0483
vn -0.1256 0.9913 0.0382
vn -0.1400 0.9899 0.0239
vn -0.1320 0.9912 0.0076
vn -0.1078 0.9941 -0.0094
vn -0.0724 0.9969 -0.0313
vn -0.0378 0.9976 -0.0575
vn -0.0297 0.9965 -0.0787
vn -0.0171 0.9956 -0.0918
vn 0.0003 0.9952 -0.0978
vn 0.0188 0.9952 -0.0964
vn 0.0350 0.9955 -0.0879
vt 0.972222 0.973684
vt 1.000000 0.973684
vt 1.000000 1.000000
vt 0.972222 1.000000
vt 0.972222 0.000000
vt 1.000000 0.000000
vt 1.000000 0.026316
vt 0.972222 0.026316
vt 1.000000 0.052632
vt 0.972222 0.052632
vt 1.000000 0.078947
vt 0.972222 0.078947
vt 1.000000 0.105263
vt 0.972222 0.105263
vt 1.000000 0.131579
vt 0.972222 0.131579
vt 1.000000 0.157895
vt 0.972222 0.157895
vt 1.000000 0.184211
vt 0.972222 0.184211
vt 1.000000 0.210526
vt 0.972222 0.210526
vt 1.000000 0.236842
vt 0.972222 0.236842
vt 1.000000 0.263158
vt 0.972222 0.263158
vt 1.000000 0.289474
vt 0.972222 0.289474
vt 1.000000 0.315789
vt 0.972222 0.315789
vt 1.000000 0.342105
vt 0.972222 0.342105
vt 1.000000 0.368421
vt 0.972222 0.368421
vt 1.000000 0.394737
vt 0.972222 0.394737
vt 1.000000 0.421053
vt 0.972222 0.421053
vt 1.000000 0.447368
vt 0.972222 0.447368
vt 1.000000 0.473684
vt 0.972222 0.473684
vt 1.000000 0.500000
vt 0.972222 0.500000
vt 1.000000 0.526316
vt 0.972222 0.526316
vt 1.000000 0.552632
vt 0.972222 0.552632
vt 1.000000 0.578947
vt 0.972222 0.578947
vt 1.000000 0.605263
vt 0.972222 0.605263
vt 1.000000 0.631579
vt 0.972222 0.631579
vt 1.000000 0.657895
vt 0.972222 0.657895
vt 1.000000 0.684211
vt 0.972222 0.684211
vt 1.000000 0.710526
vt 0.972222 0.710526
vt 1.000000 0.736842
vt 0.972222 0.736842
vt 1.000000 0.763158
vt 0.972222 0.763158
vt 1.000000 0.789474
vt 0.972222 0.789474
vt 1.000000 0.815790
vt 0.972222 0.815790
vt 1.000000 0.842105
vt 0.972222 0.842105
vt 1.000000 0.868421
vt 0.972222 0.868421
vt 1.000000 0.894737
vt 0.972222 0.894737
vt 1.000000 0.921053
vt 0.972222 0.921053
vt 1.000000 0.947368
vt 0.972222 0.947368
vt 0.000000 0.947369
vt 0.027778 0.947369
vt 0.027778 0.973684
vt 0.000000 0.973684
vt 0.055556 0.947369
vt 0.055556 0.973684
vt 0.083333 0.947369
vt 0.083333 0.973684
vt 0.111111 0.947369
vt 0.111111 0.973684
vt 0.138889 0.947369
vt 0.138889 0.973684
vt 0.166667 0.947368
vt 0.166667 0.973684
vt 0.194444 0.947368
vt 0.194444 0.973684
vt 0.222222 0.947368
vt 0.222222 0.973684
vt 0.250000 0.947368
vt 0.250000 0.973684
vt 0.277778 0.947368
vt 0.277778 0.973684
vt 0.305556 0.947368
vt 0.305556 0.973684
vt 0.333333 0.947368
vt 0.333333 0.973684
vt 0.361111 0.947368
vt 0.361111 0.973684
vt 0.388889 0.947368
vt 0.388889 0.973684
vt 0.416667 0.947368
vt 0.416667 0.973684
vt 0.444444 0.947368
vt 0.444444 0.973684
vt 0.472222 0.947368
vt 0.472222 0.973684
vt 0.500000 0.947368
vt 0.500000 0.973684
vt 0.527778 0.947368
vt 0.527778 0.973684
vt 0.555555 0.947368
vt 0.555555 0.973684
vt 0.583333 0.947368
vt 0.583333 0.973684
vt 0.611111 0.947368
vt 0.611111 0.973684
vt 0.638889 0.947368
vt 0.638889 0.973684
vt 0.666667 0.947368
vt 0.666667 0.973684
vt 0.694444 0.947368
vt 0.694444 0.973684
vt 0.722222 0.947368
vt 0.722222 0.973684
vt 0.750000 0.947368
vt 0.750000 0.973684
vt 0.777778 0.947368
vt 0.777778 0.973684
vt 0.805556 0.947368
vt 0.805556 0.973684
vt 0.833333 0.947368
vt 0.833333 0.973684
vt 0.861111 0.947368
vt 0.861111 0.973684
vt 0.888889 0.947368
vt 0.888889 0.973684
vt 0.916667 0.947368
vt 0.916667 0.973684
vt 0.944444 0.947368
vt 0.944444 0.973684
vt 0.000000 0.921053
vt 0.027778 0.921053
vt 0.055556 0.921053
vt 0.083333 0.921053
vt 0.111111 0.921053
vt 0.138889 0.921053
vt 0.166667 0.921053
vt 0.194444 0.921053
vt 0.222222 0.921053
vt 0.250000 0.921053
vt 0.277778 0.921053
vt 0.305556 0.921053
vt 0.333333 0.921053
vt 0.361111 0.921053
vt 0.388889 0.921053
vt 0.416667 0.921053
vt 0.444444 0.921053
vt 0.472222 0.921053
vt 0.500000 0.921053
vt 0.527778 0.921053
vt 0.555555 0.921053
vt 0.583333 0.921053
vt 0.611111 0.921053
vt 0.638889 0.921053
vt 0.666667 0.921053
vt 0.694444 0.921053
vt 0.722222 0.921053
vt 0.750000 0.921053
vt 0.777778 0.921053
vt 0.805556 0.921053
vt 0.833333 0.921053
vt 0.861111 0.921053
vt 0.888889 0.921053
vt 0.916667 0.921053
vt 0.944444 0.921053
vt 0.000000 0.894737
vt 0.027778 0.894737
vt 0.055556 0.894737
vt 0.083333 0.894737
vt 0.111111 0.894737
vt 0.138889 0.894737
vt 0.166667 0.894737
vt 0.194444 0.894737
vt 0.222222 0.894737
vt 0.250000 0.894737
vt 0.277778 0.894737
vt 0.305556 0.894737
vt 0.333333 0.894737
vt 0.361111 0.894737
vt 0.388889 0.894737
vt 0.416667 0.894737
vt 0.444444 0.894737
vt 0.472222 0.894737
vt 0.500000 0.894737
vt 0.527778 0.894737
vt 0.555555 0.894737
vt 0.583333 0.894737
vt 0.611111 0.894737
vt 0.638889 0.894737
vt 0.666667 0.894737
vt 0.694444 0.894737
vt 0.722222 0.894737
vt 0.750000 0.894737
vt 0.777778 0.894737
vt 0.805556 0.894737
vt 0.833333 0.894737
vt 0.861111 0.894737
vt 0.888889 0.894737
vt 0.916667 0.894737
vt 0.944444 0.894737
vt 0.000000 0.868421
vt 0.027778 0.868421
vt 0.055556 0.868421
vt 0.083333 0.868421
vt 0.111111 0.868421
vt 0.138889 0.868421
vt 0.166667 0.868421
vt 0.194444 0.868421
vt 0.222222 0.868421
vt 0.250000 0.868421
vt 0.277778 0.868421
vt 0.305556 0.868421
vt 0.333333 0.868421
vt 0.361111 0.868421
vt 0.388889 0.868421
vt 0.416667 0.868421
vt 0.444444 0.868421
vt 0.472222 0.868421
vt 0.500000 0.868421
vt 0.527778 0.868421
vt 0.555555 0.868421
vt 0.583333 0.868421
vt 0.611111 0.868421
vt 0.638889 0.868421
vt 0.666667 0.868421
vt 0.694444 0.868421
vt 0.722222 0.868421
vt 0.750000 0.868421
vt 0.777778 0.868421
vt 0.805556 0.868421
vt 0.833333 0.868421
vt 0.861111 0.868421
vt 0.888889 0.868421
vt 0.916667 0.868421
vt 0.944444 0.868421
vt 0.000000 0.842105
vt 0.027778 0.842105
vt 0.055556 0.842105
vt 0.083333 0.842105
vt 0.111111 0.842105
vt 0.138889 0.842105
vt 0.166667 0.842105
vt 0.194444 0.842105
vt 0.222222 0.842105
vt 0.250000 0.842105
vt 0.277778 0.842105
vt 0.305556 0.842105
vt 0.333333 0.842105
vt 0.361111 0.842105
vt 0.388889 0.842105
vt 0.416667 0.842105
vt 0.444444 0.842105
vt 0.472222 0.842105
vt 0.500000 0.842105
vt 0.527778 0.842105
vt 0.555555 0.842105
vt 0.583333 0.842105
vt 0.611111 0.842105
vt 0.638889 0.842105
vt 0.666667 0.842105
vt 0.694444 0.842105
vt 0.722222 0.842105
vt 0.750000 0.842105
vt 0.777778 0.842105
vt 0.805556 0.842105
vt 0.833333 0.842105
vt 0.861111 0.842105
vt 0.888889 0.842105
vt 0.916667 0.842105
vt 0.944444 0.842105
vt 0.000000 0.815789
vt 0.027778 0.815790
vt 0.055556 0.815789
vt 0.083333 0.815790
vt 0.111111 0.815790
vt 0.138889 0.815790
vt 0.166667 0.815789
vt 0.194444 0.815789
vt 0.222222 0.815790
vt 0.250000 0.815790
vt 0.277778 0.815790
vt 0.305556 0.815790
vt 0.333333 0.815790
vt 0.361111 0.815790
vt 0.388889 0.815790
vt 0.416667 0.815790
vt 0.444444 0.815790
vt 0.472222 0.815790
vt 0.500000 0.815790
vt 0.527778 0.815790
vt 0.555555 0.815790
vt 0.583333 0.815790
vt 0.611111 0.815790
vt 0.638889 0.815790
vt 0.666667 0.815790
vt 0.694444 0.815790
vt 0.722222 0.815790
vt 0.750000 0.815790
vt 0.777778 0.815790
vt 0.805556 0.815790
vt 0.833333 0.815790
vt 0.861111 0.815790
vt 0.888889 0.815790
vt 0.916667 0.815789
vt 0.944444 0.815790
vt 0.000000 0.789474
vt 0.027778 0.789474
vt 0.055556 0.789474
vt 0.083333 0.789474
vt 0.111111 0.789474
vt 0.138889 0.789474
vt 0.166667 0.789474
vt 0.194444 0.789474
vt 0.222222 0.789474
vt 0.250000 0.789474
vt 0.277778 0.789474
vt 0.305556 0.789474
vt 0.333333 0.789474
vt 0.361111 0.789474
vt 0.388889 0.789474
vt 0.416667 0.789474
vt 0.444444 0.789474
vt 0.472222 0.789474
vt 0.500000 0.789474
vt 0.527778 0.789474
vt 0.555555 0.789474
vt 0.583333 0.789474
vt 0.611111 0.789474
vt 0.638889 0.789474
vt 0.666667 0.789474
vt 0.694444 0.789474
vt 0.722222 0.789474
vt 0.750000 0.789474
vt 0.777778 0.789474
vt 0.805556 0.789474
vt 0.833333 0.789474
vt 0.861111 0.789474
vt 0.888889 0.789474
vt 0.916667 0.789474
vt 0.944444 0.789474
vt 0.000000 0.763158
vt 0.027778 0.763158
vt 0.055556 0.763158
vt 0.083333 0.763158
vt 0.111111 0.763158
vt 0.138889 0.763158
vt 0.166667 0.763158
vt 0.194444 0.763158
vt 0.222222 0.763158
vt 0.250000 0.763158
vt 0.277778 0.763158
vt 0.305556 0.763158
vt 0.333333 0.763158
vt 0.361111 0.763158
vt 0.388889 0.763158
vt 0.416667 0.763158
vt 0.444444 0.763158
vt 0.472222 0.763158
vt 0.500000 0.763158
vt 0.527778 0.763158
vt 0.555555 0.763158
vt 0.583333 0.763158
vt 0.611111 0.763158
vt 0.638889 0.763158
vt 0.666667 0.763158
vt 0.694444 0.763158
vt 0.722222 0.763158
vt 0.750000 0.763158
vt 0.777778 0.763158
vt 0.805556 0.763158
vt 0.833333 0.763158
vt 0.861111 0.763158
vt 0.888889 0.763158
vt 0.916667 0.763158
vt 0.944444 0.763158
vt 0.000000 0.736842
vt 0.027778 0.736842
vt 0.055556 0.736842
vt 0.083333 0.736842
vt 0.111111 0.736842
vt 0.138889 0.736842
vt 0.166667 0.736842
vt 0.194444 0.736842
vt 0.222222 0.736842
vt 0.250000 0.736842
vt 0.277778 0.736842
vt 0.305556 0.736842
vt 0.333333 0.736842
vt 0.361111 0.736842
vt 0.388889 0.736842
vt 0.416667 0.736842
vt 0.444444 0.736842
vt 0.472222 0.736842
vt 0.500000 0.736842
vt 0.527778 0.736842
vt 0.555555 0.736842
vt 0.583333 0.736842
vt 0.611111 0.736842
vt 0.638889 0.736842
vt 0.666667 0.736842
vt 0.694444 0.736842
vt 0.722222 0.736842
vt 0.750000 0.736842
vt 0.777778 0.736842
vt 0.805556 0.736842
vt 0.833333 0.736842
vt 0.861111 0.736842
vt 0.888889 0.736842
vt 0.916667 0.736842
vt 0.944444 0.736842
vt 0.000000 0.710526
vt 0.027778 0.710526
vt 0.055556 0.710526
vt 0.083333 0.710526
vt 0.111111 0.710526
vt 0.138889 0.710526
vt 0.166667 0.710526
vt 0.194444 0.710526
vt 0.222222 0.710526
vt 0.250000 0.710526
vt 0.277778 0.710526
vt 0.305556 0.710526
vt 0.333333 0.710526
vt 0.361111 0.710526
vt 0.388889 0.710526
vt 0.416667 0.710526
vt 0.444444 0.710526
vt 0.472222 0.710526
vt 0.500000 0.710526
vt 0.527778 0.710526
vt 0.555555 0.710526
vt 0.583333 0.710526
vt 0.611111 0.710526
vt 0.638889 0.710526
vt 0.666667 0.710526
vt 0.694444 0.710526
vt 0.722222 0.710526
vt 0.750000 0.710526
vt 0.777778 0.710526
vt 0.805556 0.710526
vt 0.833333 0.710526
vt 0.861111 0.710526
vt 0.888889 0.710526
vt 0.916667 0.710526
vt 0.944444 0.710526
vt 0.000000 0.684211
vt 0.027778 0.684211
vt 0.055556 0.684211
vt 0.083333 0.684211
vt 0.111111 0.684211
vt 0.138889 0.684211
vt 0.166667 0.684211
vt 0.194444 0.684211
vt 0.222222 0.684211
vt 0.250000 0.684211
vt 0.277778 0.684211
vt 0.305556 0.684211
vt 0.333333 0.684211
vt 0.361111 0.684211
vt 0.388889 0.684211
vt 0.416667 0.684211
vt 0.444444 0.684211
vt 0.472222 0.684211
vt 0.500000 0.684211
vt 0.527778 0.684211
vt 0.555555 0.684211
vt 0.583333 0.684211
vt 0.611111 0.684211
vt 0.638889 0.684211
vt 0.666667 0.684211
vt 0.694444 0.684211
vt 0.722222 0.684211
vt 0.750000 0.684211
vt 0.777778 0.684211
vt 0.805556 0.684211
vt 0.833333 0.684211
vt 0.861111 0.684211
vt 0.888889 0.684211
vt 0.916667 0.684211
vt 0.944444 0.684211
vt 0.000000 0.657895
vt 0.027778 0.657895
vt 0.055556 0.657895
vt 0.083333 0.657895
vt 0.111111 0.657895
vt 0.138889 0.657895
vt 0.166667 0.657895
vt 0.194444 0.657895
vt 0.222222 0.657895
vt 0.250000 0.657895
vt 0.277778 0.657895
vt 0.305556 0.657895
vt 0.333333 0.657895
vt 0.361111 0.657895
vt 0.388889 0.657895
vt 0.416667 0.657895
vt 0.444444 0.657895
vt 0.472222 0.657895
vt 0.500000 0.657895
vt 0.527778 0.657895
vt 0.555555 0.657895
vt 0.583333 0.657895
vt 0.611111 0.657895
vt 0.638889 0.657895
vt 0.666667 0.657895
vt 0.694444 0.657895
vt 0.722222 0.657895
vt 0.750000 0.657895
vt 0.777778 0.657895
vt 0.805556 0.657895
vt 0.833333 0.657895
vt 0.861111 0.657895
vt 0.888889 0.657895
vt 0.916667 0.657895
vt 0.944444 0.657895
vt 0.000000 0.631579
vt 0.027778 0.631579
vt 0.055556 0.631579
vt 0.083333 0.631579
vt 0.111111 0.631579
vt 0.138889 0.631579
vt 0.166667 0.631579
vt 0.194444 0.631579
vt 0.222222 0.631579
vt 0.250000 0.631579
vt 0.277778 0.631579
vt 0.305556 0.631579
vt 0.333333 0.631579
vt 0.361111 0.631579
vt 0.388889 0.631579
vt 0.416667 0.631579
vt 0.444444 0.631579
vt 0.472222 0.631579
vt 0.500000 0.631579
vt 0.527778 0.631579
vt 0.555555 0.631579
vt 0.583333 0.631579
vt 0.611111 0.631579
vt 0.638889 0.631579
vt 0.666667 0.631579
vt 0.694444 0.631579
vt 0.722222 0.631579
vt 0.750000 0.631579
vt 0.777778 0.631579
vt 0.805555 0.631579
vt 0.833333 0.631579
vt 0.861111 0.631579
vt 0.888889 0.631579
vt 0.916667 0.631579
vt 0.944444 0.631579
vt 0.000000 0.605263
vt 0.027778 0.605263
vt 0.055556 0.605263
vt 0.083333 0.605263
vt 0.111111 0.605263
vt 0.138889 0.605263
vt 0.166667 0.605263
vt 0.194444 0.605263
vt 0.222222 0.605263
vt 0.250000 0.605263
vt 0.277778 0.605263
vt 0.305556 0.605263
vt 0.333333 0.605263
vt 0.361111 0.605263
vt 0.388889 0.605263
vt 0.416667 0.605263
vt 0.444444 0.605263
vt 0.472222 0.605263
vt 0.500000 0.605263
vt 0.527778 0.605263
vt 0.555555 0.605263
vt 0.583333 0.605263
vt 0.611111 0.605263
vt 0.638889 0.605263
vt 0.666667 0.605263
vt 0.694444 0.605263
vt 0.722222 0.605263
vt 0.750000 0.605263
vt 0.777778 0.605263
vt 0.805556 0.605263
vt 0.833333 0.605263
vt 0.861111 0.605263
vt 0.888889 0.605263
vt 0.916667 0.605263
vt 0.944444 0.605263
vt 0.000000 0.578947
vt 0.027778 0.578947
vt 0.055556 0.578947
vt 0.083333 0.578947
vt 0.111111 0.578947
vt 0.138889 0.578947
vt 0.166667 0.578947
vt 0.194444 0.578947
vt 0.222222 0.578947
vt 0.250000 0.578947
vt 0.277778 0.578947
vt 0.305556 0.578947
vt 0.333333 0.578947
vt 0.361111 0.578947
vt 0.388889 0.578947
vt 0.416667 0.578947
vt 0.444444 0.578947
vt 0.472222 0.578947
vt 0.500000 0.578947
vt 0.527778 0.578947
vt 0.555555 0.578947
vt 0.583333 0.578947
vt 0.611111 0.578947
vt 0.638889 0.578947
vt 0.666667 0.578947
vt 0.694444 0.578947
vt 0.722222 0.578947
vt 0.750000 0.578947
vt 0.777778 0.578947
vt 0.805556 0.578947
vt 0.833333 0.578947
vt 0.861111 0.578947
vt 0.888889 0.578947
vt 0.916667 0.578947
vt 0.944444 0.578947
vt 0.000000 0.552632
vt 0.027778 0.552631
vt 0.055556 0.552631
vt 0.083333 0.552631
vt 0.111111 0.552631
vt 0.138889 0.552631
vt 0.166667 0.552631
vt 0.194444 0.552631
vt 0.222222 0.552631
vt 0.250000 0.552631
vt 0.277778 0.552631
vt 0.305556 0.552631
vt 0.333333 0.552631
vt 0.361111 0.552631
vt 0.388889 0.552631
vt 0.416667 0.552631
vt 0.444444 0.552631
vt 0.472222 0.552631
vt 0.500000 0.552631
vt 0.527778 0.552631
vt 0.555555 0.552631
vt 0.583333 0.552631
vt 0.611111 0.552631
vt 0.638889 0.552631
vt 0.666667 0.552632
vt 0.694444 0.552632
vt 0.722222 0.552631
vt 0.750000 0.552632
vt 0.777778 0.552632
vt 0.805556 0.552632
vt 0.833333 0.552631
vt 0.861111 0.552632
vt 0.888889 0.552632
vt 0.916667 0.552632
vt 0.944444 0.552631
vt 0.000000 0.526316
vt 0.027778 0.526316
vt 0.055556 0.526316
vt 0.083333 0.526316
vt 0.111111 0.526316
vt 0.138889 0.526316
vt 0.166667 0.526316
vt 0.194444 0.526316
vt 0.222222 0.526316
vt 0.250000 0.526316
vt 0.277778 0.526316
vt 0.305556 0.526316
vt 0.333333 0.526316
vt 0.361111 0.526316
vt 0.388889 0.526316
vt 0.416667 0.526316
vt 0.444444 0.526316
vt 0.472222 0.526316
vt 0.500000 0.526316
vt 0.527778 0.526316
vt 0.555555 0.526316
vt 0.583333 0.526316
vt 0.611111 0.526316
vt 0.638889 0.526316
vt 0.666667 0.526316
vt 0.694444 0.526316
vt 0.722222 0.526316
vt 0.750000 0.526316
vt 0.777778 0.526316
vt 0.805556 0.526316
vt 0.833333 0.526316
vt 0.861111 0.526316
vt 0.888889 0.526316
vt 0.916667 0.526316
vt 0.944444 0.526316
vt 0.000000 0.500000
vt 0.027778 0.500000
vt 0.055556 0.500000
vt 0.083333 0.500000
vt 0.111111 0.500000
vt 0.138889 0.500000
vt 0.166667 0.500000
vt 0.194444 0.500000
vt 0.222222 0.500000
vt 0.250000 0.500000
vt 0.277778 0.500000
vt 0.305556 0.500000
vt 0.333333 0.500000
vt 0.361111 0.500000
vt 0.388889 0.500000
vt 0.416667 0.500000
vt 0.444444 0.500000
vt 0.472222 0.500000
vt 0.500000 0.500000
vt 0.527778 0.500000
vt 0.555555 0.500000
vt 0.583333 0.500000
vt 0.611111 0.500000
vt 0.638889 0.500000
vt 0.666667 0.500000
vt 0.694444 0.500000
vt 0.722222 0.500000
vt 0.750000 0.500000
vt 0.777778 0.500000
vt 0.805556 0.500000
vt 0.833333 0.500000
vt 0.861111 0.500000
vt 0.888889 0.500000
vt 0.916667 0.500000
vt 0.944444 0.500000
vt 0.000000 0.473684
vt 0.027778 0.473684
vt 0.055556 0.473684
vt 0.083333 0.473684
vt 0.111111 0.473684
vt 0.138889 0.473684
vt 0.166667 0.473684
vt 0.194444 0.473684
vt 0.222222 0.473684
vt 0.250000 0.473684
vt 0.277778 0.473684
vt 0.305556 0.473684
vt 0.333333 0.473684
vt 0.361111 0.473684
vt 0.388889 0.473684
vt 0.416667 0.473684
vt 0.444444 0.473684
vt 0.472222 0.473684
vt 0.500000 0.473684
vt 0.527778 0.473684
vt 0.555555 0.473684
vt 0.583333 0.473684
vt 0.611111 0.473684
vt 0.638889 0.473684
vt 0.666667 0.473684
vt 0.694444 0.473684
vt 0.722222 0.473684
vt 0.750000 0.473684
vt 0.777778 0.473684
vt 0.805556 0.473684
vt 0.833333 0.473684
vt 0.861111 0.473684
vt 0.888889 0.473684
vt 0.916667 0.473684
vt 0.944444 0.473684
vt 0.000000 0.447368
vt 0.027778 0.447368
vt 0.055556 0.447368
vt 0.083333 0.447368
vt 0.111111 0.447368
vt 0.138889 0.447368
vt 0.166667 0.447368
vt 0.194444 0.447368
vt 0.222222 0.447368
vt 0.250000 0.447368
vt 0.277778 0.447368
vt 0.305556 0.447368
vt 0.333333 0.447368
vt 0.361111 0.447368
vt 0.388889 0.447368
vt 0.416667 0.447368
vt 0.444444 0.447368
vt 0.472222 0.447368
vt 0.500000 0.447368
vt 0.527778 0.447368
vt 0.555555 0.447368
vt 0.583333 0.447368
vt 0.611111 0.447368
vt 0.638889 0.447368
vt 0.666667 0.447368
vt 0.694444 0.447368
vt 0.722222 0.447368
vt 0.750000 0.447368
vt 0.777778 0.447368
vt 0.805556 0.447368
vt 0.833333 0.447368
vt 0.861111 0.447368
vt 0.888889 0.447368
vt 0.916667 0.447368
vt 0.944444 0.447368
vt 0.000000 0.421053
vt 0.027778 0.421053
vt 0.055556 0.421053
vt 0.083333 0.421053
vt 0.111111 0.421053
vt 0.138889 0.421053
vt 0.166667 0.421053
vt 0.194444 0.421053
vt 0.222222 0.421053
vt 0.250000 0.421053
vt 0.277778 0.421053
vt 0.305556 0.421053
vt 0.333333 0.421053
vt 0.361111 0.421053
vt 0.388889 0.421053
vt 0.416667 0.421053
vt 0.444444 0.421053
vt 0.472222 0.421053
vt 0.500000 0.421053
vt 0.527778 0.421053
vt 0.555555 0.421053
vt 0.583333 0.421053
vt 0.611111 0.421053
vt 0.638889 0.421053
vt 0.666667 0.421053
vt 0.694444 0.421053
vt 0.722222 0.421053
vt 0.750000 0.421053
vt 0.777778 0.421053
vt 0.805556 0.421053
vt 0.833333 0.421053
vt 0.861111 0.421053
vt 0.888889 0.421053
vt 0.916667 0.421053
vt 0.944444 0.421053
vt 0.000000 0.394737
vt 0.027778 0.394737
vt 0.055556 0.394737
vt 0.083333 0.394737
vt 0.111111 0.394737
vt 0.138889 0.394737
vt 0.166667 0.394737
vt 0.194444 0.394737
vt 0.222222 0.394737
vt 0.250000 0.394737
vt 0.277778 0.394737
vt 0.305556 0.394737
vt 0.333333 0.394737
vt 0.361111 0.394737
vt 0.388889 0.394737
vt 0.416667 0.394737
vt 0.444444 0.394737
vt 0.472222 0.394737
vt 0.500000 0.394737
vt 0.527778 0.394737
vt 0.555555 0.394737
vt 0.583333 0.394737
vt 0.611111 0.394737
vt 0.638889 0.394737
vt 0.666667 0.394737
vt 0.694444 0.394737
vt 0.722222 0.394737
vt 0.750000 0.394737
vt 0.777778 0.394737
vt 0.805556 0.394737
vt 0.833333 0.394737
vt 0.861111 0.394737
vt 0.888889 0.394737
vt 0.916667 0.394737
vt 0.944444 0.394737
vt 0.000000 0.368421
vt 0.027778 0.368421
vt 0.055556 0.368421
vt 0.083333 0.368421
vt 0.111111 0.368421
vt 0.138889 0.368421
vt 0.166667 0.368421
vt 0.194444 0.368421
vt 0.222222 0.368421
vt 0.250000 0.368421
vt 0.277778 0.368421
vt 0.305556 0.368421
vt 0.333333 0.368421
vt 0.361111 0.368421
vt 0.388889 0.368421
vt 0.416667 0.368421
vt 0.444444 0.368421
vt 0.472222 0.368421
vt 0.500000 0.368421
vt 0.527778 0.368421
vt 0.555555 0.368421
vt 0.583333 0.368421
vt 0.611111 0.368421
vt 0.638889 0.368421
vt 0.666667 0.368421
vt 0.694444 0.368421
vt 0.722222 0.368421
vt 0.750000 0.368421
vt 0.777778 0.368421
vt 0.805556 0.368421
vt 0.833333 0.368421
vt 0.861111 0.368421
vt 0.888889 0.368421
vt 0.916667 0.368421
vt 0.944444 0.368421
vt 0.000000 0.342105
vt 0.027778 0.342105
vt 0.055556 0.342105
vt 0.083333 0.342105
vt 0.111111 0.342105
vt 0.138889 0.342105
vt 0.166667 0.342105
vt 0.194444 0.342105
vt 0.222222 0.342105
vt 0.250000 0.342105
vt 0.277778 0.342105
vt 0.305556 0.342105
vt 0.333333 0.342105
vt 0.361111 0.342105
vt 0.388889 0.342105
vt 0.416667 0.342105
vt 0.444444 0.342105
vt 0.472222 0.342105
vt 0.500000 0.342105
vt 0.527778 0.342105
vt 0.555555 0.342105
vt 0.583333 0.342105
vt 0.611111 0.342105
vt 0.638889 0.342105
vt 0.666667 0.342105
vt 0.694444 0.342105
vt 0.722222 0.342105
vt 0.750000 0.342105
vt 0.777778 0.342105
vt 0.805556 0.342105
vt 0.833333 0.342105
vt 0.861111 0.342105
vt 0.888889 0.342105
vt 0.916667 0.342105
vt 0.944444 0.342105
vt 0.000000 0.315789
vt 0.027778 0.315789
vt 0.055556 0.315789
vt 0.083333 0.315789
vt 0.111111 0.315789
vt 0.138889 0.315789
vt 0.166667 0.315789
vt 0.194444 0.315789
vt 0.222222 0.315789
vt 0.250000 0.315789
vt 0.277778 0.315789
vt 0.305556 0.315789
vt 0.333333 0.315789
vt 0.361111 0.315789
vt 0.388889 0.315789
vt 0.416667 0.315789
vt 0.444444 0.315789
vt 0.472222 0.315789
vt 0.500000 0.315789
vt 0.527778 0.315789
vt 0.555555 0.315789
vt 0.583333 0.315789
vt 0.611111 0.315789
vt 0.638889 0.315789
vt 0.666667 0.315789
vt 0.694444 0.315789
vt 0.722222 0.315789
vt 0.750000 0.315789
vt 0.777778 0.315789
vt 0.805556 0.315789
vt 0.833333 0.315789
vt 0.861111 0.315789
vt 0.888889 0.315789
vt 0.916667 0.315789
vt 0.944444 0.315789
vt 0.000000 0.289474
vt 0.027778 0.289474
vt 0.055556 0.289474
vt 0.083333 0.289474
vt 0.111111 0.289474
vt 0.138889 0.289474
vt 0.166667 0.289474
vt 0.194444 0.289474
vt 0.222222 0.289474
vt 0.250000 0.289474
vt 0.277778 0.289474
vt 0.305556 0.289474
vt 0.333333 0.289474
vt 0.361111 0.289474
vt 0.388889 0.289474
vt 0.416667 0.289474
vt 0.444444 0.289474
vt 0.472222 0.289474
vt 0.500000 0.289474
vt 0.527778 0.289474
vt 0.555555 0.289474
vt 0.583333 0.289474
vt 0.611111 0.289474
vt 0.638889 0.289474
vt 0.666667 0.289474
vt 0.694444 0.289474
vt 0.722222 0.289474
vt 0.750000 0.289474
vt 0.777778 0.289474
vt 0.805556 0.289474
vt 0.833333 0.289474
vt 0.861111 0.289474
vt 0.888889 0.289474
vt 0.916667 0.289474
vt 0.944444 0.289474
vt 0.000000 0.263158
vt 0.027778 0.263158
vt 0.055556 0.263158
vt 0.083333 0.263158
vt 0.111111 0.263158
vt 0.138889 0.263158
vt 0.166667 0.263158
vt 0.194444 0.263158
vt 0.222222 0.263158
vt 0.250000 0.263158
vt 0.277778 0.263158
vt 0.305556 0.263158
vt 0.333333 0.263158
vt 0.361111 0.263158
vt 0.388889 0.263158
vt 0.416667 0.263158
vt 0.444444 0.263158
vt 0.472222 0.263158
vt 0.500000 0.263158
vt 0.527778 0.263158
vt 0.555555 0.263158
vt 0.583333 0.263158
vt 0.611111 0.263158
vt 0.638889 0.263158
vt 0.666667 0.263158
vt 0.694444 0.263158
vt 0.722222 0.263158
vt 0.750000 0.263158
vt 0.777778 0.263158
vt 0.805556 0.263158
vt 0.833333 0.263158
vt 0.861111 0.263158
vt 0.888889 0.263158
vt 0.916667 0.263158
vt 0.944444 0.263158
vt 0.000000 0.236842
vt 0.027778 0.236842
vt 0.055556 0.236842
vt 0.083333 0.236842
vt 0.111111 0.236842
vt 0.138889 0.236842
vt 0.166667 0.236842
vt 0.194444 0.236842
vt 0.222222 0.236842
vt 0.250000 0.236842
vt 0.277778 0.236842
vt 0.305556 0.236842
vt 0.333333 0.236842
vt 0.361111 0.236842
vt 0.388889 0.236842
vt 0.416667 0.236842
vt 0.444444 0.236842
vt 0.472222 0.236842
vt 0.500000 0.236842
vt 0.527778 0.236842
vt 0.555555 0.236842
vt 0.583333 0.236842
vt 0.611111 0.236842
vt 0.638889 0.236842
vt 0.666667 0.236842
vt 0.694444 0.236842
vt 0.722222 0.236842
vt 0.750000 0.236842
vt 0.777778 0.236842
vt 0.805556 0.236842
vt 0.833333 0.236842
vt 0.861111 0.236842
vt 0.888889 0.236842
vt 0.916667 0.236842
vt 0.944444 0.236842
vt 0.000000 0.210526
vt 0.027778 0.210526
vt 0.055556 0.210526
vt 0.083333 0.210526
vt 0.111111 0.210526
vt 0.138889 0.210526
vt 0.166667 0.210526
vt 0.194444 0.210526
vt 0.222222 0.210526
vt 0.250000 0.210526
vt 0.277778 0.210526
vt 0.305556 0.210526
vt 0.333333 0.210526
vt 0.361111 0.210526
vt 0.388889 0.210526
vt 0.416667 0.210526
vt 0.444444 0.210526
vt 0.472222 0.210526
vt 0.500000 0.210526
vt 0.527778 0.210526
vt 0.555555 0.210526
vt 0.583333 0.210526
vt 0.611111 0.210526
vt 0.638889 0.210526
vt 0.666667 0.210526
vt 0.694444 0.210526
vt 0.722222 0.210526
vt 0.750000 0.210526
vt 0.777778 0.210526
vt 0.805556 0.210526
vt 0.833333 0.210526
vt 0.861111 0.210526
vt 0.888889 0.210526
vt 0.916667 0.210526
vt 0.944444 0.210526
vt 0.000000 0.184210
vt 0.027778 0.184210
vt 0.055556 0.184210
vt 0.083333 0.184210
vt 0.111111 0.184210
vt 0.138889 0.184210
vt 0.166667 0.184210
vt 0.194444 0.184210
vt 0.222222 0.184210
vt 0.250000 0.184210
vt 0.277778 0.184210
vt 0.305556 0.184210
vt 0.333333 0.184210
vt 0.361111 0.184210
vt 0.388889 0.184210
vt 0.416667 0.184210
vt 0.444444 0.184210
vt 0.472222 0.184210
vt 0.500000 0.184211
vt 0.527778 0.184211
vt 0.555555 0.184211
vt 0.583333 0.184211
vt 0.611111 0.184211
vt 0.638889 0.184211
vt 0.666667 0.184211
vt 0.694444 0.184211
vt 0.722222 0.184211
vt 0.750000 0.184211
vt 0.777778 0.184211
vt 0.805556 0.184211
vt 0.833333 0.184211
vt 0.861111 0.184211
vt 0.888889 0.184211
vt 0.916667 0.184211
vt 0.944444 0.184211
vt 0.000000 0.157895
vt 0.027778 0.157895
vt 0.055556 0.157895
vt 0.083333 0.157895
vt 0.111111 0.157895
vt 0.138889 0.157895
vt 0.166667 0.157895
vt 0.194444 0.157895
vt 0.222222 0.157895
vt 0.250000 0.157895
vt 0.277778 0.157895
vt 0.305556 0.157895
vt 0.333333 0.157895
vt 0.361111 0.157895
vt 0.388889 0.157895
vt 0.416667 0.157895
vt 0.444444 0.157895
vt 0.472222 0.157895
vt 0.500000 0.157895
vt 0.527778 0.157895
vt 0.555555 0.157895
vt 0.583333 0.157895
vt 0.611111 0.157895
vt 0.638889 0.157895
vt 0.666667 0.157895
vt 0.694444 0.157895
vt 0.722222 0.157895
vt 0.750000 0.157895
vt 0.777778 0.157895
vt 0.805556 0.157895
vt 0.833333 0.157895
vt 0.861111 0.157895
vt 0.888889 0.157895
vt 0.916667 0.157895
vt 0.944444 0.157895
vt 0.000000 0.131579
vt 0.027778 0.131579
vt 0.055556 0.131579
vt 0.083333 0.131579
vt 0.111111 0.131579
vt 0.138889 0.131579
vt 0.166667 0.131579
vt 0.194444 0.131579
vt 0.222222 0.131579
vt 0.250000 0.131579
vt 0.277778 0.131579
vt 0.305556 0.131579
vt 0.333333 0.131579
vt 0.361111 0.131579
vt 0.388889 0.131579
vt 0.416667 0.131579
vt 0.444444 0.131579
vt 0.472222 0.131579
vt 0.500000 0.131579
vt 0.527778 0.131579
vt 0.555555 0.131579
vt 0.583333 0.131579
vt 0.611111 0.131579
vt 0.638889 0.131579
vt 0.666667 0.131579
vt 0.694444 0.131579
vt 0.722222 0.131579
vt 0.750000 0.131579
vt 0.777778 0.131579
vt 0.805556 0.131579
vt 0.833333 0.131579
vt 0.861111 0.131579
vt 0.888889 0.131579
vt 0.916667 0.131579
vt 0.944444 0.131579
vt 0.000000 0.105263
vt 0.027778 0.105263
vt 0.055556 0.105263
vt 0.083333 0.105263
vt 0.111111 0.105263
vt 0.138889 0.105263
vt 0.166667 0.105263
vt 0.194444 0.105263
vt 0.222222 0.105263
vt 0.250000 0.105263
vt 0.277778 0.105263
vt 0.305556 0.105263
vt 0.333333 0.105263
vt 0.361111 0.105263
vt 0.388889 0.105263
vt 0.416667 0.105263
vt 0.444444 0.105263
vt 0.472222 0.105263
vt 0.500000 0.105263
vt 0.527778 0.105263
vt 0.555555 0.105263
vt 0.583333 0.105263
vt 0.611111 0.105263
vt 0.638889 0.105263
vt 0.666667 0.105263
vt 0.694444 0.105263
vt 0.722222 0.105263
vt 0.750000 0.105263
vt 0.777778 0.105263
vt 0.805556 0.105263
vt 0.833333 0.105263
vt 0.861111 0.105263
vt 0.888889 0.105263
vt 0.916667 0.105263
vt 0.944444 0.105263
vt 0.000000 0.078947
vt 0.027778 0.078947
vt 0.055556 0.078947
vt 0.083333 0.078947
vt 0.111111 0.078947
vt 0.138889 0.078947
vt 0.166667 0.078947
vt 0.194444 0.078947
vt 0.222222 0.078947
vt 0.250000 0.078947
vt 0.277778 0.078947
vt 0.305556 0.078947
vt 0.333333 0.078947
vt 0.361111 0.078947
vt 0.388889 0.078947
vt 0.416667 0.078947
vt 0.444444 0.078947
vt 0.472222 0.078947
vt 0.500000 0.078947
vt 0.527778 0.078947
vt 0.555555 0.078947
vt 0.583333 0.078947
vt 0.611111 0.078947
vt 0.638889 0.078947
vt 0.666667 0.078947
vt 0.694444 0.078947
vt 0.722222 0.078947
vt 0.750000 0.078947
vt 0.777778 0.078947
vt 0.805556 0.078947
vt 0.833333 0.078947
vt 0.861111 0.078947
vt 0.888889 0.078947
vt 0.916667 0.078947
vt 0.944444 0.078947
vt 0.000000 0.052632
vt 0.027778 0.052632
vt 0.055556 0.052632
vt 0.083333 0.052632
vt 0.111111 0.052632
vt 0.138889 0.052632
vt 0.166667 0.052632
vt 0.194444 0.052632
vt 0.222222 0.052632
vt 0.250000 0.052632
vt 0.277778 0.052632
vt 0.305556 0.052632
vt 0.333333 0.052632
vt 0.361111 0.052632
vt 0.388889 0.052632
vt 0.416667 0.052632
vt 0.444444 0.052632
vt 0.472222 0.052632
vt 0.500000 0.052632
vt 0.527778 0.052632
vt 0.555555 0.052632
vt 0.583333 0.052632
vt 0.611111 0.052632
vt 0.638889 0.052632
vt 0.666667 0.052632
vt 0.694444 0.052632
vt 0.722222 0.052632
vt 0.750000 0.052632
vt 0.777778 0.052632
vt 0.805556 0.052632
vt 0.833333 0.052632
vt 0.861111 0.052632
vt 0.888889 0.052632
vt 0.916667 0.052632
vt 0.944444 0.052632
vt 0.000000 0.026316
vt 0.027778 0.026316
vt 0.055556 0.026316
vt 0.083333 0.026316
vt 0.111111 0.026316
vt 0.138889 0.026316
vt 0.166667 0.026316
vt 0.194444 0.026316
vt 0.222222 0.026316
vt 0.250000 0.026316
vt 0.277778 0.026316
vt 0.305556 0.026316
vt 0.333333 0.026316
vt 0.361111 0.026316
vt 0.388889 0.026316
vt 0.416667 0.026316
vt 0.444444 0.026316
vt 0.472222 0.026316
vt 0.500000 0.026316
vt 0.527778 0.026316
vt 0.555555 0.026316
vt 0.583333 0.026316
vt 0.611111 0.026316
vt 0.638889 0.026316
vt 0.666667 0.026316
vt 0.694444 0.026316
vt 0.722222 0.026316
vt 0.750000 0.026316
vt 0.777778 0.026316
vt 0.805556 0.026316
vt 0.833333 0.026316
vt 0.861111 0.026316
vt 0.888889 0.026316
vt 0.916667 0.026316
vt 0.944444 0.026316
vt 0.000000 0.000000
vt 0.027778 0.000000
vt 0.055556 0.000000
vt 0.083333 0.000000
vt 0.111111 0.000000
vt 0.138889 0.000000
vt 0.166667 0.000000
vt 0.194444 0.000000
vt 0.222222 0.000000
vt 0.250000 0.000000
vt 0.277778 0.000000
vt 0.305556 0.000000
vt 0.333333 0.000000
vt 0.361111 0.000000
vt 0.388889 0.000000
vt 0.416667 0.000000
vt 0.444444 0.000000
vt 0.472222 0.000000
vt 0.500000 0.000000
vt 0.527778 0.000000
vt 0.555556 0.000000
vt 0.583333 0.000000
vt 0.611111 0.000000
vt 0.638889 0.000000
vt 0.666667 0.000000
vt 0.694445 0.000000
vt 0.722222 0.000000
vt 0.750000 0.000000
vt 0.777778 0.000000
vt 0.805556 0.000000
vt 0.833333 0.000000
vt 0.861111 0.000000
vt 0.888889 0.000000
vt 0.916667 0.000000
vt 0.944444 0.000000
vt 0.027778 1.000000
vt 0.000000 1.000000
vt 0.055556 1.000000
vt 0.083333 1.000000
vt 0.111111 1.000000
vt 0.138889 1.000000
vt 0.166667 1.000000
vt 0.194444 1.000000
vt 0.222222 1.000000
vt 0.250000 1.000000
vt 0.277778 1.000000
vt 0.305556 1.000000
vt 0.333333 1.000000
vt 0.361111 1.000000
vt 0.388889 1.000000
vt 0.416667 1.000000
vt 0.444444 1.000000
vt 0.472222 1.000000
vt 0.500000 1.000000
vt 0.527778 1.000000
vt 0.555555 1.000000
vt 0.583333 1.000000
vt 0.611111 1.000000
vt 0.638889 1.000000
vt 0.666667 1.000000
vt 0.694444 1.000000
vt 0.722222 1.000000
vt 0.750000 1.000000
vt 0.777778 1.000000
vt 0.805556 1.000000
vt 0.833333 1.000000
vt 0.861111 1.000000
vt 0.888889 1.000000
vt 0.916667 1.000000
vt 0.944444 1.000000
s 0
f 1409/1/1 78/2/1 4/3/1 114/4/1
f 113/5/2 2/6/2 42/7/2 149/8/2
f 149/8/3 42/7/3 43/9/3 184/10/3
f 184/10/4 43/9/4 44/11/4 219/12/4
f 219/12/5 44/11/5 45/13/5 254/14/5
f 254/14/6 45/13/6 46/15/6 289/16/6
f 289/16/7 46/15/7 47/17/7 324/18/7
f 324/18/8 47/17/8 48/19/8 359/20/8
f 359/20/9 48/19/9 49/21/9 394/22/9
f 394/22/10 49/21/10 50/23/10 429/24/10
f 429/24/11 50/23/11 51/25/11 464/26/11
f 464/26/12 51/25/12 52/27/12 499/28/12
f 499/28/13 52/27/13 53/29/13 534/30/13
f 534/30/14 53/29/14 54/31/14 569/32/14
f 569/32/15 54/31/15 55/33/15 604/34/15
f 604/34/16 55/33/16 56/35/16 639/36/16
f 639/36/17 56/35/17 57/37/17 674/38/17
f 674/38/18 57/37/18 58/39/18 709/40/18
f 709/40/19 58/39/19 59/41/19 744/42/19
f 744/42/20 59/41/20 60/43/20 779/44/20
f 779/44/21 60/43/21 61/45/21 814/46/21
f 814/46/22 61/45/22 62/47/22 849/48/22
f 849/48/23 62/47/23 63/49/23 884/50/23
f 884/50/24 63/49/24 64/51/24 919/52/24
f 919/52/25 64/51/25 65/53/25 954/54/25
f 954/54/26 65/53/26 66/55/26 989/56/26
f 989/56/27 66/55/27 67/57/27 1024/58/27
f 1024/58/28 67/57/28 68/59/28 1059/60/28
f 1059/60/29 68/59/29 69/61/29 1094/62/29
f 1094/62/30 69/61/30 70/63/30 1129/64/30
f 1129/64/31 70/63/31 71/65/31 1164/66/31
f 1164/66/32 71/65/32 72/67/32 1199/68/32
f 1199/68/33 72/67/33 73/69/33 1234/70/33
f 1234/70/34 73/69/34 74/71/34 1269/72/34
f 1269/72/35 74/71/35 75/73/35 1304/74/35
f 1304/74/36 75/73/36 76/75/36 1339/76/36
f 1339/76/37 76/75/37 77/77/37 1374/78/37
f 1374/78/38 77/77/38 78/2/38 1409/1/38
f 6/79/39 1408/80/39 1443/81/39 5/82/39
f 1408/80/40 1407/83/40 1442/84/40 1443/81/40
f 1407/83/41 1406/85/41 1441/86/41 1442/84/41
f 1406/85/42 1405/87/42 1440/88/42 1441/86/42
f 1405/87/43 1404/89/43 1439/90/43 1440/88/43
f 1404/89/44 1403/91/44 1438/92/44 1439/90/44
f 1403/91/45 1402/93/45 1437/94/45 1438/92/45
f 1402/93/46 1401/95/46 1436/96/46 1437/94/46
f 1401/95/47 1400/97/47 1435/98/47 1436/96/47
f 1400/97/48 1399/99/48 1434/100/48 1435/98/48
f 1399/99/49 1398/101/49 1433/102/49 1434/100/49
f 1398/101/50 1397/103/50 1432/104/50 1433/102/50
f 1397/103/51 1396/105/51 1431/106/51 1432/104/51
f 1396/105/52 1395/107/52 1430/108/52 1431/106/52
f 1395/107/53 1394/109/53 1429/110/53 1430/108/53
f 1394/109/54 1393/111/54 1428/112/54 1429/110/54
f 1393/111/55 1392/113/55 1427/114/55 1428/112/55
f 1392/113/56 1391/115/56 1426/116/56 1427/114/56
f 1391/115/57 1390/117/57 1425/118/57 1426/116/57
f 1390/117/58 1389/119/58 1424/120/58 1425/118/58
f 1389/119/59 1388/121/59 1423/122/59 1424/120/59
f 1388/121/60 1387/123/60 1422/124/60 1423/122/60
f 1387/123/61 1386/125/61 1421/126/61 1422/124/61
f 1386/125/62 1385/127/62 1420/128/62 1421/126/62
f 1385/127/63 1384/129/63 1419/130/63 1420/128/63
f 1384/129/64 1383/131/64 1418/132/64 1419/130/64
f 1383/131/65 1382/133/65 1417/134/65 1418/132/65
f 1382/133/66 1381/135/66 1416/136/66 1417/134/66
f 1381/135/67 1380/137/67 1415/138/67 1416/136/67
f 1380/137/68 1379/139/68 1414/140/68 1415/138/68
f 1379/139/69 1378/141/69 1413/142/69 1414/140/69
f 1378/141/70 1377/143/70 1412/144/70 1413/142/70
f 1377/143/71 1376/145/71 1411/146/71 1412/144/71
f 1376/145/72 1375/147/72 1410/148/72 1411/146/72
f 1375/147/73 1374/78/73 1409/1/73 1410/148/73
f 7/149/74 1373/150/74 1408/80/74 6/79/74
f 1373/150/75 1372/151/75 1407/83/75 1408/80/75
f 1372/151/76 1371/152/76 1406/85/76 1407/83/76
f 1371/152/77 1370/153/77 1405/87/77 1406/85/77
f 1370/153/78 1369/154/78 1404/89/78 1405/87/78
f 1369/154/79 1368/155/79 1403/91/79 1404/89/79
f 1368/155/80 1367/156/80 1402/93/80 1403/91/80
f 1367/156/81 1366/157/81 1401/95/81 1402/93/81
f 1366/157/82 1365/158/82 1400/97/82 1401/95/82
f 1365/158/83 1364/159/83 1399/99/83 1400/97/83
f 1364/159/84 1363/160/84 1398/101/84 1399/99/84
f 1363/160/85 1362/161/85 1397/103/85 1398/101/85
f 1362/161/86 1361/162/86 1396/105/86 1397/103/86
f 1361/162/87 1360/163/87 1395/107/87 1396/105/87
f 1360/163/88 1359/164/88 1394/109/88 1395/107/88
f 1359/164/89 1358/165/89 1393/111/89 1394/109/89
f 1358/165/90 1357/166/90 1392/113/90 1393/111/90
f 1357/166/91 1356/167/91 1391/115/91 1392/113/91
f 1356/167/92 1355/168/92 1390/117/92 1391/115/92
f 1355/168/93 1354/169/93 1389/119/93 1390/117/93
f 1354/169/94 1353/170/94 1388/121/94 1389/119/94
f 1353/170/95 1352/171/95 1387/123/95 1388/121/95
f 1352/171/96 1351/172/96 1386/125/96 1387/123/96
f 1351/172/97 1350/173/97 1385/127/97 1386/125/97
f 1350/173/98 1349/174/98 1384/129/98 1385/127/98
f 1349/174/99 1348/175/99 1383/131/99 1384/129/99
f 1348/175/100 1347/176/100 1382/133/100 1383/131/100
f 1347/176/101 1346/177/101 1381/135/101 1382/133/101
f 1346/177/102 1345/178/102 1380/137/102 1381/135/102
f 1345/178/103 1344/179/103 1379/139/103 1380/137/103
f 1344/179/104 1343/180/104 1378/141/104 1379/139/104
f 1343/180/105 1342/181/105 1377/143/105 1378/141/105
f 1342/181/106 1341/182/106 1376/145/106 1377/143/106
f 1341/182/107 1340/183/107 1375/147/107 1376/145/107
f 1340/183/108 1339/76/108 1374/78/108 1375/147/108
f 8/184/109 1338/185/109 1373/150/109 7/149/109
f 1338/185/110 1337/186/110 1372/151/110 1373/150/110
f 1337/186/111 1336/187/111 1371/152/111 1372/151/111
f 1336/187/112 1335/188/112 1370/153/112 1371/152/112
f 1335/188/113 1334/189/113 1369/154/113 1370/153/113
f 1334/189/114 1333/190/114 1368/155/114 1369/154/114
f 1333/190/115 1332/191/115 1367/156/115 1368/155/115
f 1332/191/116 1331/192/116 1366/157/116 1367/156/116
f 1331/192/117 1330/193/117 1365/158/117 1366/157/117
f 1330/193/118 1329/194/118 1364/159/118 1365/158/118
f 1329/194/119 1328/195/119 1363/160/119 1364/159/119
f 1328/195/120 1327/196/120 1362/161/120 1363/160/120
f 1327/196/121 1326/197/121 1361/162/121 1362/161/121
f 1326/197/122 1325/198/122 1360/163/122 1361/162/122
f 1325/198/123 1324/199/123 1359/164/123 1360/163/123
f 1324/199/124 1323/200/124 1358/165/124 1359/164/124
f 1323/200/125 1322/201/125 1357/166/125 1358/165/125
f 1322/201/126 1321/202/126 1356/167/126 1357/166/126
f 1321/202/127 1320/203/127 1355/168/127 1356/167/127
f 1320/203/128 1319/204/128 1354/169/128 1355/168/128
f 1319/204/129 1318/205/129 1353/170/129 1354/169/129
f 1318/205/130 1317/206/130 1352/171/130 1353/170/130
f 1317/206/131 1316/207/131 1351/172/131 1352/171/131
f 1316/207/132 1315/208/132 1350/173/132 1351/172/132
f 1315/208/133 1314/209/133 1349/174/133 1350/173/133
f 1314/209/134 1313/210/134 1348/175/134 1349/174/134
f 1313/210/135 1312/211/135 1347/176/135 1348/175/135
f 1312/211/136 1311/212/136 1346/177/136 1347/176/136
f 1311/212/137 1310/213/137 1345/178/137 1346/177/137
f 1310/213/138 1309/214/138 1344/179/138 1345/178/138
f 1309/214/139 1308/215/139 1343/180/139 1344/179/139
f 1308/215/140 1307/216/140 1342/181/140 1343/180/140
f 1307/216/141 1306/217/141 1341/182/141 1342/181/141
f 1306/217/142 1305/218/142 1340/183/142 1341/182/142
f 1305/218/143 1304/74/143 1339/76/143 1340/183/143
f 9/219/144 1303/220/144 1338/185/144 8/184/144
f 1303/220/145 1302/221/145 1337/186/145 1338/185/145
f 1302/221/146 1301/222/146 1336/187/146 1337/186/146
f 1301/222/147 1300/223/147 1335/188/147 1336/187/147
f 1300/223/148 1299/224/148 1334/189/148 1335/188/148
f 1299/224/149 1298/225/149 1333/190/149 1334/189/149
f 1298/225/150 1297/226/150 1332/191/150 1333/190/150
f 1297/226/151 1296/227/151 1331/192/151 1332/191/151
f 1296/227/152 1295/228/152 1330/193/152 1331/192/152
f 1295/228/153 1294/229/153 1329/194/153 1330/193/153
f 1294/229/154 1293/230/154 1328/195/154 1329/194/154
f 1293/230/155 1292/231/155 1327/196/155 1328/195/155
f 1292/231/156 1291/232/156 1326/197/156 1327/196/156
f 1291/232/157 1290/233/157 1325/198/157 1326/197/157
f 1290/233/158 1289/234/158 1324/199/158 1325/198/158
f 1289/234/159 1288/235/159 1323/200/159 1324/199/159
f 1288/235/160 1287/236/160 1322/201/160 1323/200/160
f 1287/236/161 1286/237/161 1321/202/161 1322/201/161
f 1286/237/162 1285/238/162 1320/203/162 1321/202/162
f 1285/238/163 1284/239/163 1319/204/163 1320/203/163
f 1284/239/164 1283/240/164 1318/205/164 1319/204/164
f 1283/240/165 1282/241/165 1317/206/165 1318/205/165
f 1282/241/166 1281/242/166 1316/207/166 1317/206/166
f 1281/242/167 1280/243/167 1315/208/167 1316/207/167
f 1280/243/168 1279/244/168 1314/209/168 1315/208/168
f 1279/244/169 1278/245/169 1313/210/169 1314/209/169
f 1278/245/170 1277/246/170 1312/211/170 1313/210/170
f 1277/246/171 1276/247/171 1311/212/171 1312/211/171
f 1276/247/172 1275/248/172 1310/213/172 1311/212/172
f 1275/248/173 1274/249/173 1309/214/173 1310/213/173
f 1274/249/174 1273/250/174 1308/215/174 1309/214/174
f 1273/250/175 1272/251/175 1307/216/175 1308/215/175
f 1272/251/176 1271/252/176 1306/217/176 1307/216/176
f 1271/252/177 1270/253/177 1305/218/177 1306/217/177
f 1270/253/178 1269/72/178 1304/74/178 1305/218/178
f 10/254/179 1268/255/179 1303/220/179 9/219/179
f 1268/255/180 1267/256/180 1302/221/180 1303/220/180
f 1267/256/181 1266/257/181 1301/222/181 1302/221/181
f 1266/257/182 1265/258/182 1300/223/182 1301/222/182
f 1265/258/183 1264/259/183 1299/224/183 1300/223/183
f 1264/259/184 1263/260/184 1298/225/184 1299/224/184
f 1263/260/185 1262/261/185 1297/226/185 1298/225/185
f 1262/261/186 1261/262/186 1296/227/186 1297/226/186
f 1261/262/187 1260/263/187 1295/228/187 1296/227/187
f 1260/263/188 1259/264/188 1294/229/188 1295/228/188
f 1259/264/189 1258/265/189 1293/230/189 1294/229/189
f 1258/265/190 1257/266/190 1292/231/190 1293/230/190
f 1257/266/191 1256/267/191 1291/232/191 1292/231/191
f 1256/267/192 1255/268/192 1290/233/192 1291/232/192
f 1255/268/193 1254/269/193 1289/234/193 1290/233/193
f 1254/269/194 1253/270/194 1288/235/194 1289/234/194
f 1253/270/195 1252/271/195 1287/236/195 1288/235/195
f 1252/271/196 1251/272/196 1286/237/196 1287/236/196
f 1251/272/197 1250/273/197 1285/238/197 1286/237/197
f 1250/273/198 1249/274/198 1284/239/198 1285/238/198
f 1249/274/199 1248/275/199 1283/240/199 1284/239/199
f 1248/275/200 1247/276/200 1282/241/200 1283/240/200
f 1247/276/201 1246/277/201 1281/242/201 1282/241/201
f 1246/277/202 1245/278/202 1280/243/202 1281/242/202
f 1245/278/203 1244/279/203 1279/244/203 1280/243/203
f 1244/279/204 1243/280/204 1278/245/204 1279/244/204
f 1243/280/205 1242/281/205 1277/246/205 1278/245/205
f 1242/281/206 1241/282/206 1276/247/206 1277/246/206
f 1241/282/207 1240/283/207 1275/248/207 1276/247/207
f 1240/283/208 1239/284/208 1274/249/208 1275/248/208
f 1239/284/209 1238/285/209 1273/250/209 1274/249/209
f 1238/285/210 1237/286/210 1272/251/210 1273/250/210
f 1237/286/211 1236/287/211 1271/252/211 1272/251/211
f 1236/287/212 1235/288/212 1270/253/212 1271/252/212
f 1235/288/213 1234/70/213 1269/72/213 1270/253/213
f 11/289/214 1233/290/214 1268/255/214 10/254/214
f 1233/290/215 1232/291/215 1267/256/215 1268/255/215
f 1232/291/216 1231/292/216 1266/257/216 1267/256/216
f 1231/292/217 1230/293/217 1265/258/217 1266/257/217
f 1230/293/218 1229/294/218 1264/259/218 1265/258/218
f 1229/294/219 1228/295/219 1263/260/219 1264/259/219
f 1228/295/220 1227/296/220 1262/261/220 1263/260/220
f 1227/296/221 1226/297/221 1261/262/221 1262/261/221
f 1226/297/222 1225/298/222 1260/263/222 1261/262/222
f 1225/298/223 1224/299/223 1259/264/223 1260/263/223
f 1224/299/224 1223/300/224 1258/265/224 1259/264/224
f 1223/300/225 1222/301/225 1257/266/225 1258/265/225
f 1222/301/226 1221/302/226 1256/267/226 1257/266/226
f 1221/302/227 1220/303/227 1255/268/227 1256/267/227
f 1220/303/228 1219/304/228 1254/269/228 1255/268/228
f 1219/304/229 1218/305/229 1253/270/229 1254/269/229
f 1218/305/230 1217/306/230 1252/271/230 1253/270/230
f 1217/306/231 1216/307/231 1251/272/231 1252/271/231
f 1216/307/232 1215/308/232 1250/273/232 1251/272/232
f 1215/308/233 1214/309/233 1249/274/233 1250/273/233
f 1214/309/234 1213/310/234 1248/275/234 1249/274/234
f 1213/310/235 1212/311/235 1247/276/235 1248/275/235
f 1212/311/236 1211/312/236 1246/277/236 1247/276/236
f 1211/312/237 1210/313/237 1245/278/237 1246/277/237
f 1210/313/238 1209/314/238 1244/279/238 1245/278/238
f 1209/314/239 1208/315/239 1243/280/239 1244/279/239
f 1208/315/240 1207/316/240 1242/281/240 1243/280/240
f 1207/316/241 1206/317/241 1241/282/241 1242/281/241
f 1206/317/242 1205/318/242 1240/283/242 1241/282/242
f 1205/318/243 1204/319/243 1239/284/243 1240/283/243
f 1204/319/244 1203/320/244 1238/285/244 1239/284/244
f 1203/320/245 1202/321/245 1237/286/245 1238/285/245
f 1202/321/246 1201/322/246 1236/287/246 1237/286/246
f 1201/322/247 1200/323/247 1235/288/247 1236/287/247
f 1200/323/248 1199/68/248 1234/70/248 1235/288/248
f 12/324/249 1198/325/249 1233/290/249 11/289/249
f 1198/325/250 1197/326/250 1232/291/250 1233/290/250
f 1197/326/251 1196/327/251 1231/292/251 1232/291/251
f 1196/327/252 1195/328/252 1230/293/252 1231/292/252
f 1195/328/253 1194/329/253 1229/294/253 1230/293/253
f 1194/329/254 1193/330/254 1228/295/254 1229/294/254
f 1193/330/255 1192/331/255 1227/296/255 1228/295/255
f 1192/331/256 1191/332/256 1226/297/256 1227/296/256
f 1191/332/257 1190/333/257 1225/298/257 1226/297/257
f 1190/333/258 1189/334/258 1224/299/258 1225/298/258
f 1189/334/259 1188/335/259 1223/300/259 1224/299/259
f 1188/335/260 1187/336/260 1222/301/260 1223/300/260
f 1187/336/261 1186/337/261 1221/302/261 1222/301/261
f 1186/337/262 1185/338/262 1220/303/262 1221/302/262
f 1185/338/263 1184/339/263 1219/304/263 1220/303/263
f 1184/339/264 1183/340/264 1218/305/264 1219/304/264
f 1183/340/265 1182/341/265 1217/306/265 1218/305/265
f 1182/341/266 1181/342/266 1216/307/266 1217/306/266
f 1181/342/267 1180/343/267 1215/308/267 1216/307/267
f 1180/343/268 1179/344/268 1214/309/268 1215/308/268
f 1179/344/269 1178/345/269 1213/310/269 1214/309/269
f 1178/345/270 1177/346/270 1212/311/270 1213/310/270
f 1177/346/271 1176/347/271 1211/312/271 1212/311/271
f 1176/347/272 1175/348/272 1210/313/272 1211/312/272
f 1175/348/273 1174/349/273 1209/314/273 1210/313/273
f 1174/349/274 1173/350/274 1208/315/274 1209/314/274
f 1173/350/275 1172/351/275 1207/316/275 1208/315/275
f 1172/351/276 1171/352/276 1206/317/276 1207/316/276
f 1171/352/277 1170/353/277 1205/318/277 1206/317/277
f 1170/353/278 1169/354/278 1204/319/278 1205/318/278
f 1169/354/279 1168/355/279 1203/320/279 1204/319/279
f 1168/355/280 1167/356/280 1202/321/280 1203/320/280
f 1167/356/281 1166/357/281 1201/322/281 1202/321/281
f 1166/357/282 1165/358/282 1200/323/282 1201/322/282
f 1165/358/283 1164/66/283 1199/68/283 1200/323/283
f 13/359/284 1163/360/284 1198/325/284 12/324/284
f 1163/360/285 1162/361/285 1197/326/285 1198/325/285
f 1162/361/286 1161/362/286 1196/327/286 1197/326/286
f 1161/362/287 1160/363/287 1195/328/287 1196/327/287
f 1160/363/288 1159/364/288 1194/329/288 1195/328/288
f 1159/364/289 1158/365/289 1193/330/289 1194/329/289
f 1158/365/290 1157/366/290 1192/331/290 1193/330/290
f 1157/366/291 1156/367/291 1191/332/291 1192/331/291
f 1156/367/292 1155/368/292 1190/333/292 1191/332/292
f 1155/368/293 1154/369/293 1189/334/293 1190/333/293
f 1154/369/294 1153/370/294 1188/335/294 1189/334/294
f 1153/370/295 1152/371/295 1187/336/295 1188/335/295
f 1152/371/296 1151/372/296 1186/337/296 1187/336/296
f 1151/372/297 1150/373/297 1185/338/297 1186/337/297
f 1150/373/298 1149/374/298 1184/339/298 1185/338/298
f 1149/374/299 1148/375/299 1183/340/299 1184/339/299
f 1148/375/300 1147/376/300 1182/341/300 1183/340/300
f 1147/376/301 1146/377/301 1181/342/301 1182/341/301
f 1146/377/302 1145/378/302 1180/343/302 1181/342/302
f 1145/378/303 1144/379/303 1179/344/303 1180/343/303
f 1144/379/304 1143/380/304 1178/345/304 1179/344/304
f 1143/380/305 1142/381/305 1177/346/305 1178/345/305
f 1142/381/306 1141/382/306 1176/347/306 1177/346/306
f 1141/382/307 1140/383/307 1175/348/307 1176/347/307
f 1140/383/308 1139/384/308 1174/349/308 1175/348/308
f 1139/384/309 1138/385/309 1173/350/309 1174/349/309
f 1138/385/310 1137/386/310 1172/351/310 1173/350/310
f 1137/386/311 1136/387/311 1171/352/311 1172/351/311
f 1136/387/312 1135/388/312 1170/353/312 1171/352/312
f 1135/388/313 1134/389/313 1169/354/313 1170/353/313
f 1134/389/314 1133/390/314 1168/355/314 1169/354/314
f 1133/390/315 1132/391/315 1167/356/315 1168/355/315
f 1132/391/316 1131/392/316 1166/357/316 1167/356/316
f 1131/392/317 1130/393/317 1165/358/317 1166/357/317
f 1130/393/318 1129/64/318 1164/66/318 1165/358/318
f 14/394/319 1128/395/319 1163/360/319 13/359/319
f 1128/395/320 1127/396/320 1162/361/320 1163/360/320
f 1127/396/321 1126/397/321 1161/362/321 1162/361/321
f 1126/397/322 1125/398/322 1160/363/322 1161/362/322
f 1125/398/323 1124/399/323 1159/364/323 1160/363/323
f 1124/399/324 1123/400/324 1158/365/324 1159/364/324
f 1123/400/325 1122/401/325 1157/366/325 1158/365/325
f 1122/401/326 1121/402/326 1156/367/326 1157/366/326
f 1121/402/327 1120/403/327 1155/368/327 1156/367/327
f 1120/403/328 1119/404/328 1154/369/328 1155/368/328
f 1119/404/329 1118/405/329 1153/370/329 1154/369/329
f 1118/405/330 1117/406/330 1152/371/330 1153/370/330
f 1117/406/331 1116/407/331 1151/372/331 1152/371/331
f 1116/407/332 1115/408/332 1150/373/332 1151/372/332
f 1115/408/333 1114/409/333 1149/374/333 1150/373/333
f 1114/409/334 1113/410/334 1148/375/334 1149/374/334
f 1113/410/335 1112/411/335 1147/376/335 1148/375/335
f 1112/411/336 1111/412/336 1146/377/336 1147/376/336
f 1111/412/337 1110/413/337 1145/378/337 1146/377/337
f 1110/413/338 1109/414/338 1144/379/338 1145/378/338
f 1109/414/339 1108/415/339 1143/380/339 1144/379/339
f 1108/415/340 1107/416/340 1142/381/340 1143/380/340
f 1107/416/341 1106/417/341 1141/382/341 1142/381/341
f 1106/417/342 1105/418/342 1140/383/342 1141/382/342
f 1105/418/343 1104/419/343 1139/384/343 1140/383/343
f 1104/419/344 1103/420/344 1138/385/344 1139/384/344
f 1103/420/345 1102/421/345 1137/386/345 1138/385/345
f 1102/421/346 1101/422/346 1136/387/346 1137/386/346
f 1101/422/347 1100/423/347 1135/388/347 1136/387/347
f 1100/423/348 1099/424/348 1134/389/348 1135/388/348
f 1099/424/349 1098/425/349 1133/390/349 1134/389/349
f 1098/425/350 1097/426/350 1132/391/350 1133/390/350
f 1097/426/351 1096/427/351 1131/392/351 1132/391/351
f 1096/427/352 1095/428/352 1130/393/352 1131/392/352
f 1095/428/353 1094/62/353 1129/64/353 1130/393/353
f 15/429/354 1093/430/354 1128/395/354 14/394/354
f 1093/430/355 1092/431/355 1127/396/355 1128/395/355
f 1092/431/356 1091/432/356 1126/397/356 1127/396/356
f 1091/432/357 1090/433/357 1125/398/357 1126/397/357
f 1090/433/358 1089/434/358 1124/399/358 1125/398/358
f 1089/434/359 1088/435/359 1123/400/359 1124/399/359
f 1088/435/360 1087/436/360 1122/401/360 1123/400/360
f 1087/436/361 1086/437/361 1121/402/361 1122/401/361
f 1086/437/362 1085/438/362 1120/403/362 1121/402/362
f 1085/438/363 1084/439/363 1119/404/363 1120/403/363
f 1084/439/364 1083/440/364 1118/405/364 1119/404/364
f 1083/440/365 1082/441/365 1117/406/365 1118/405/365
f 1082/441/366 1081/442/366 1116/407/366 1117/406/366
f 1081/442/367 1080/443/367 1115/408/367 1116/407/367
f 1080/443/368 1079/444/368 1114/409/368 1115/408/368
f 1079/444/369 1078/445/369 1113/410/369 1114/409/369
f 1078/445/370 1077/446/370 1112/411/370 1113/410/370
f 1077/446/371 1076/447/371 1111/412/371 1112/411/371
f 1076/447/372 1075/448/372 1110/413/372 1111/412/372
f 1075/448/373 1074/449/373 1109/414/373 1110/413/373
f 1074/449/374 1073/450/374 1108/415/374 1109/414/374
f 1073/450/375 1072/451/375 1107/416/375 1108/415/375
f 1072/451/376 1071/452/376 1106/417/376 1107/416/376
f 1071/452/377 1070/453/377 1105/418/377 1106/417/377
f 1070/453/378 1069/454/378 1104/419/378 1105/418/378
f 1069/454/379 1068/455/379 1103/420/379 1104/419/379
f 1068/455/380 1067/456/380 1102/421/380 1103/420/380
f 1067/456/381 1066/457/381 1101/422/381 1102/421/381
f 1066/457/382 1065/458/382 1100/423/382 1101/422/382
f 1065/458/383 1064/459/383 1099/424/383 1100/423/383
f 1064/459/384 1063/460/384 1098/425/384 1099/424/384
f 1063/460/385 1062/461/385 1097/426/385 1098/425/385
f 1062/461/386 1061/462/386 1096/427/386 1097/426/386
f 1061/462/387 1060/463/387 1095/428/387 1096/427/387
f 1060/463/388 1059/60/388 1094/62/388 1095/428/388
f 16/464/389 1058/465/389 1093/430/389 15/429/389
f 1058/465/390 1057/466/390 1092/431/390 1093/430/390
f 1057/466/391 1056/467/391 1091/432/391 1092/431/391
f 1056/467/392 1055/468/392 1090/433/392 1091/432/392
f 1055/468/393 1054/469/393 1089/434/393 1090/433/393
f 1054/469/394 1053/470/394 1088/435/394 1089/434/394
f 1053/470/395 1052/471/395 1087/436/395 1088/435/395
f 1052/471/396 1051/472/396 1086/437/396 1087/436/396
f 1051/472/397 1050/473/397 1085/438/397 1086/437/397
f 1050/473/398 1049/474/398 1084/439/398 1085/438/398
f 1049/474/399 1048/475/399 1083/440/399 1084/439/399
f 1048/475/400 1047/476/400 1082/441/400 1083/440/400
f 1047/476/401 1046/477/401 1081/442/401 1082/441/401
f 1046/477/402 1045/478/402 1080/443/402 1081/442/402
f 1045/478/403 1044/479/403 1079/444/403 1080/443/403
f 1044/479/404 1043/480/404 1078/445/404 1079/444/404
f 1043/480/405 1042/481/405 1077/446/405 1078/445/405
f 1042/481/406 1041/482/406 1076/447/406 1077/446/406
f 1041/482/407 1040/483/407 1075/448/407 1076/447/407
f 1040/483/408 1039/484/408 1074/449/408 1075/448/408
f 1039/484/409 1038/485/409 1073/450/409 1074/449/409
f 1038/485/410 1037/486/410 1072/451/410 1073/450/410
f 1037/486/411 1036/487/411 1071/452/411 1072/451/411
f 1036/487/412 1035/488/412 1070/453/412 1071/452/412
f 1035/488/413 1034/489/413 1069/454/413 1070/453/413
f 1034/489/414 1033/490/414 1068/455/414 1069/454/414
f 1033/490/415 1032/491/415 1067/456/415 1068/455/415
f 1032/491/416 1031/492/416 1066/457/416 1067/456/416
f 1031/492/417 1030/493/417 1065/458/417 1066/457/417
f 1030/493/418 1029/494/418 1064/459/418 1065/458/418
f 1029/494/419 1028/495/419 1063/460/419 1064/459/419
f 1028/495/420 1027/496/420 1062/461/420 1063/460/420
f 1027/496/421 1026/497/421 1061/462/421 1062/461/421
f 1026/497/422 1025/498/422 1060/463/422 1061/462/422
f 1025/498/423 1024/58/423 1059/60/423 1060/463/423
f 17/499/424 1023/500/424 1058/465/424 16/464/424
f 1023/500/425 1022/501/425 1057/466/425 1058/465/425
f 1022/501/426 1021/502/426 1056/467/426 1057/466/426
f 1021/502/427 1020/503/427 1055/468/427 1056/467/427
f 1020/503/428 1019/504/428 1054/469/428 1055/468/428
f 1019/504/429 1018/505/429 1053/470/429 1054/469/429
f 1018/505/430 1017/506/430 1052/471/430 1053/470/430
f 1017/506/431 1016/507/431 1051/472/431 1052/471/431
f 1016/507/432 1015/508/432 1050/473/432 1051/472/432
f 1015/508/433 1014/509/433 1049/474/433 1050/473/433
f 1014/509/434 1013/510/434 1048/475/434 1049/474/434
f 1013/510/435 1012/511/435 1047/476/435 1048/475/435
f 1012/511/436 1011/512/436 1046/477/436 1047/476/436
f 1011/512/437 1010/513/437 1045/478/437 1046/477/437
f 1010/513/438 1009/514/438 1044/479/438 1045/478/438
f 1009/514/439 1008/515/439 1043/480/439 1044/479/439
f 1008/515/440 1007/516/440 1042/481/440 1043/480/440
f 1007/516/441 1006/517/441 1041/482/441 1042/481/441
f 1006/517/442 1005/518/442 1040/483/442 1041/482/442
f 1005/518/443 1004/519/443 1039/484/443 1040/483/443
f 1004/519/444 1003/520/444 1038/485/444 1039/484/444
f 1003/520/445 1002/521/445 1037/486/445 1038/485/445
f 1002/521/446 1001/522/446 1036/487/446 1037/486/446
f 1001/522/447 1000/523/447 1035/488/447 1036/487/447
f 1000/523/448 999/524/448 1034/489/448 1035/488/448
f 999/524/449 998/525/449 1033/490/449 1034/489/449
f 998/525/450 997/526/450 1032/491/450 1033/490/450
f 997/526/451 996/527/451 1031/492/451 1032/491/451
f 996/527/452 995/528/452 1030/493/452 1031/492/452
f 995/528/453 994/529/453 1029/494/453 1030/493/453
f 994/529/454 993/530/454 1028/495/454 1029/494/454
f 993/530/455 992/531/455 1027/496/455 1028/495/455
f 992/531/456 991/532/456 1026/497/456 1027/496/456
f 991/532/457 990/533/457 1025/498/457 1026/497/457
f 990/533/458 989/56/458 1024/58/458 1025/498/458
f 18/534/459 988/535/459 1023/500/459 17/499/459
f 988/535/460 987/536/460 1022/501/460 1023/500/460
f 987/536/461 986/537/461 1021/502/461 1022/501/461
f 986/537/462 985/538/462 1020/503/462 1021/502/462
f 985/538/463 984/539/463 1019/504/463 1020/503/463
f 984/539/464 983/540/464 1018/505/464 1019/504/464
f 983/540/465 982/541/465 1017/506/465 1018/505/465
f 982/541/466 981/542/466 1016/507/466 1017/506/466
f 981/542/467 980/543/467 1015/508/467 1016/507/467
f 980/543/468 979/544/468 1014/509/468 1015/508/468
f 979/544/469 978/545/469 1013/510/469 1014/509/469
f 978/545/470 977/546/470 1012/511/470 1013/510/470
f 977/546/471 976/547/471 1011/512/471 1012/511/471
f 976/547/472 975/548/472 1010/513/472 1011/512/472
f 975/548/473 974/549/473 1009/514/473 1010/513/473
f 974/549/474 973/550/474 1008/515/474 1009/514/474
f 973/550/475 972/551/475 1007/516/475 1008/515/475
f 972/551/476 971/552/476 1006/517/476 1007/516/476
f 971/552/477 970/553/477 1005/518/477 1006/517/477
f 970/553/478 969/554/478 1004/519/478 1005/518/478
f 969/554/479 968/555/479 1003/520/479 1004/519/479
f 968/555/480 967/556/480 1002/521/480 1003/520/480
f 967/556/481 966/557/481 1001/522/481 1002/521/481
f 966/557/482 965/558/482 1000/523/482 1001/522/482
f 965/558/483 964/559/483 999/524/483 1000/523/483
f 964/559/484 963/560/484 998/525/484 999/524/484
f 963/560/485 962/561/485 997/526/485 998/525/485
f 962/561/486 961/562/486 996/527/486 997/526/486
f 961/562/487 960/563/487 995/528/487 996/527/487
f 960/563/488 959/564/488 994/529/488 995/528/488
f 959/564/489 958/565/489 993/530/489 994/529/489
f 958/565/490 957/566/490 992/531/490 993/530/490
f 957/566/491 956/567/491 991/532/491 992/531/491
f 956/567/492 955/568/492 990/533/492 991/532/492
f 955/568/493 954/54/493 989/56/493 990/533/493
f 19/569/494 953/570/494 988/535/494 18/534/494
f 953/570/495 952/571/495 987/536/495 988/535/495
f 952/571/496 951/572/496 986/537/496 987/536/496
f 951/572/497 950/573/497 985/538/497 986/537/497
f 950/573/498 949/574/498 984/539/498 985/538/498
f 949/574/499 948/575/499 983/540/499 984/539/499
f 948/575/500 947/576/500 982/541/500 983/540/500
f 947/576/501 946/577/501 981/542/501 982/541/501
f 946/577/502 945/578/502 980/543/502 981/542/502
f 945/578/503 944/579/503 979/544/503 980/543/503
f 944/579/504 943/580/504 978/545/504 979/544/504
f 943/580/505 942/581/505 977/546/505 978/545/505
f 942/581/506 941/582/506 976/547/506 977/546/506
f 941/582/507 940/583/507 975/548/507 976/547/507
f 940/583/508 939/584/508 974/549/508 975/548/508
f 939/584/509 938/585/509 973/550/509 974/549/509
f 938/585/510 937/586/510 972/551/510 973/550/510
f 937/586/511 936/587/511 971/552/511 972/551/511
f 936/587/512 935/588/512 970/553/512 971/552/512
f 935/588/513 934/589/513 969/554/513 970/553/513
f 934/589/514 933/590/514 968/555/514 969/554/514
f 933/590/515 932/591/515 967/556/515 968/555/515
f 932/591/516 931/592/516 966/557/516 967/556/516
f 931/592/517 930/593/517 965/558/517 966/557/517
f 930/593/518 929/594/518 964/559/518 965/558/518
f 929/594/519 928/595/519 963/560/519 964/559/519
f 928/595/520 927/596/520 962/561/520 963/560/520
f 927/596/521 926/597/521 961/562/521 962/561/521
f 926/597/522 925/598/522 960/563/522 961/562/522
f 925/598/523 924/599/523 959/564/523 960/563/523
f 924/599/524 923/600/524 958/565/524 959/564/524
f 923/600/525 922/601/525 957/566/525 958/565/525
f 922/601/526 921/602/526 956/567/526 957/566/526
f 921/602/527 920/603/527 955/568/527 956/567/527
f 920/603/528 919/52/528 954/54/528 955/568/528
f 20/604/529 918/605/529 953/570/529 19/569/529
f 918/605/530 917/606/530 952/571/530 953/570/530
f 917/606/531 916/607/531 951/572/531 952/571/531
f 916/607/532 915/608/532 950/573/532 951/572/532
f 915/608/533 914/609/533 949/574/533 950/573/533
f 914/609/534 913/610/534 948/575/534 949/574/534
f 913/610/535 912/611/535 947/576/535 948/575/535
f 912/611/536 911/612/536 946/577/536 947/576/536
f 911/612/537 910/613/537 945/578/537 946/577/537
f 910/613/538 909/614/538 944/579/538 945/578/538
f 909/614/539 908/615/539 943/580/539 944/579/539
f 908/615/540 907/616/540 942/581/540 943/580/540
f 907/616/541 906/617/541 941/582/541 942/581/541
f 906/617/542 905/618/542 940/583/542 941/582/542
f 905/618/543 904/619/543 939/584/543 940/583/543
f 904/619/544 903/620/544 938/585/544 939/584/544
f 903/620/545 902/621/545 937/586/545 938/585/545
f 902/621/546 901/622/546 936/587/546 937/586/546
f 901/622/547 900/623/547 935/588/547 936/587/547
f 900/623/548 899/624/548 934/589/548 935/588/548
f 899/624/549 898/625/549 933/590/549 934/589/549
f 898/625/550 897/626/550 932/591/550 933/590/550
f 897/626/551 896/627/551 931/592/551 932/591/551
f 896/627/552 895/628/552 930/593/552 931/592/552
f 895/628/553 894/629/553 929/594/553 930/593/553
f 894/629/554 893/630/554 928/595/554 929/594/554
f 893/630/555 892/631/555 927/596/555 928/595/555
f 892/631/556 891/632/556 926/597/556 927/596/556
f 891/632/557 890/633/557 925/598/557 926/597/557
f 890/633/558 889/634/558 924/599/558 925/598/558
f 889/634/559 888/635/559 923/600/559 924/599/559
f 888/635/560 887/636/560 922/601/560 923/600/560
f 887/636/561 886/637/561 921/602/561 922/601/561
f 886/637/562 885/638/562 920/603/562 921/602/562
f 885/638/563 884/50/563 919/52/563 920/603/563
f 21/639/564 883/640/564 918/605/564 20/604/564
f 883/640/565 882/641/565 917/606/565 918/605/565
f 882/641/566 881/642/566 916/607/566 917/606/566
f 881/642/567 880/643/567 915/608/567 916/607/567
f 880/643/568 879/644/568 914/609/568 915/608/568
f 879/644/569 878/645/569 913/610/569 914/609/569
f 878/645/570 877/646/570 912/611/570 913/610/570
f 877/646/571 876/647/571 911/612/571 912/611/571
f 876/647/572 875/648/572 910/613/572 911/612/572
f 875/648/573 874/649/573 909/614/573 910/613/573
f 874/649/574 873/650/574 908/615/574 909/614/574
f 873/650/575 872/651/575 907/616/575 908/615/575
f 872/651/576 871/652/576 906/617/576 907/616/576
f 871/652/577 870/653/577 905/618/577 906/617/577
f 870/653/578 869/654/578 904/619/578 905/618/578
f 869/654/579 868/655/579 903/620/579 904/619/579
f 868/655/580 867/656/580 902/621/580 903/620/580
f 867/656/581 866/657/581 901/622/581 902/621/581
f 866/657/582 865/658/582 900/623/582 901/622/582
f 865/658/583 864/659/583 899/624/583 900/623/583
f 864/659/584 863/660/584 898/625/584 899/624/584
f 863/660/585 862/661/585 897/626/585 898/625/585
f 862/661/586 861/662/586 896/627/586 897/626/586
f 861/662/587 860/663/587 895/628/587 896/627/587
f 860/663/588 859/664/588 894/629/588 895/628/588
f 859/664/589 858/665/589 893/630/589 894/629/589
f 858/665/590 857/666/590 892/631/590 893/630/590
f 857/666/591 856/667/591 891/632/591 892/631/591
f 856/667/592 855/668/592 890/633/592 891/632/592
f 855/668/593 854/669/593 889/634/593 890/633/593
f 854/669/594 853/670/594 888/635/594 889/634/594
f 853/670/595 852/671/595 887/636/595 888/635/595
f 852/671/596 851/672/596 886/637/596 887/636/596
f 851/672/597 850/673/597 885/638/597 886/637/597
f 850/673/598 849/48/598 884/50/598 885/638/598
f 22/674/599 848/675/599 883/640/599 21/639/599
f 848/675/600 847/676/600 882/641/600 883/640/600
f 847/676/601 846/677/601 881/642/601 882/641/601
f 846/677/602 845/678/602 880/643/602 881/642/602
f 845/678/603 844/679/603 879/644/603 880/643/603
f 844/679/604 843/680/604 878/645/604 879/644/604
f 843/680/605 842/681/605 877/646/605 878/645/605
f 842/681/606 841/682/606 876/647/606 877/646/606
f 841/682/607 840/683/607 875/648/607 876/647/607
f 840/683/608 839/684/608 874/649/608 875/648/608
f 839/684/609 838/685/609 873/650/609 874/649/609
f 838/685/610 837/686/610 872/651/610 873/650/610
f 837/686/611 836/687/611 871/652/611 872/651/611
f 836/687/612 835/688/612 870/653/612 871/652/612
f 835/688/613 834/689/613 869/654/613 870/653/613
f 834/689/614 833/690/614 868/655/614 869/654/614
f 833/690/615 832/691/615 867/656/615 868/655/615
f 832/691/616 831/692/616 866/657/616 867/656/616
f 831/692/617 830/693/617 865/658/617 866/657/617
f 830/693/618 829/694/618 864/659/618 865/658/618
f 829/694/619 828/695/619 863/660/619 864/659/619
f 828/695/620 827/696/620 862/661/620 863/660/620
f 827/696/621 826/697/621 861/662/621 862/661/621
f 826/697/622 825/698/622 860/663/622 861/662/622
f 825/698/623 824/699/623 859/664/623 860/663/623
f 824/699/624 823/700/624 858/665/624 859/664/624
f 823/700/625 822/701/625 857/666/625 858/665/625
f 822/701/626 821/702/626 856/667/626 857/666/626
f 821/702/627 820/703/627 855/668/627 856/667/627
f 820/703/628 819/704/628 854/669/628 855/668/628
f 819/704/629 818/705/629 853/670/629 854/669/629
f 818/705/630 817/706/630 852/671/630 853/670/630
f 817/706/631 816/707/631 851/672/631 852/671/631
f 816/707/632 815/708/632 850/673/632 851/672/632
f 815/708/633 814/46/633 849/48/633 850/673/633
f 23/709/634 813/710/634 848/675/634 22/674/634
f 813/710/635 812/711/635 847/676/635 848/675/635
f 812/711/636 811/712/636 846/677/636 847/676/636
f 811/712/637 810/713/637 845/678/637 846/677/637
f 810/713/638 809/714/638 844/679/638 845/678/638
f 809/714/639 808/715/639 843/680/639 844/679/639
f 808/715/640 807/716/640 842/681/640 843/680/640
f 807/716/641 806/717/641 841/682/641 842/681/641
f 806/717/642 805/718/642 840/683/642 841/682/642
f 805/718/643 804/719/643 839/684/643 840/683/643
f 804/719/644 803/720/644 838/685/644 839/684/644
f 803/720/645 802/721/645 837/686/645 838/685/645
f 802/721/646 801/722/646 836/687/646 837/686/646
f 801/722/647 800/723/647 835/688/647 836/687/647
f 800/723/648 799/724/648 834/689/648 835/688/648
f 799/724/649 798/725/649 833/690/649 834/689/649
f 798/725/650 797/726/650 832/691/650 833/690/650
f 797/726/651 796/727/651 831/692/651 832/691/651
f 796/727/652 795/728/652 830/693/652 831/692/652
f 795/728/653 794/729/653 829/694/653 830/693/653
f 794/729/654 793/730/654 828/695/654 829/694/654
f 793/730/655 792/731/655 827/696/655 828/695/655
f 792/731/656 791/732/656 826/697/656 827/696/656
f 791/732/657 790/733/657 825/698/657 826/697/657
f 790/733/658 789/734/658 824/699/658 825/698/658
f 789/734/659 788/735/659 823/700/659 824/699/659
f 788/735/660 787/736/660 822/701/660 823/700/660
f 787/736/661 786/737/661 821/702/661 822/701/661
f 786/737/662 785/738/662 820/703/662 821/702/662
f 785/738/663 784/739/663 819/704/663 820/703/663
f 784/739/664 783/740/664 818/705/664 819/704/664
f 783/740/665 782/741/665 817/706/665 818/705/665
f 782/741/666 781/742/666 816/707/666 817/706/666
f 781/742/667 780/743/667 815/708/667 816/707/667
f 780/743/668 779/44/668 814/46/668 815/708/668
f 24/744/669 778/745/669 813/710/669 23/709/669
f 778/745/670 777/746/670 812/711/670 813/710/670
f 777/746/671 776/747/671 811/712/671 812/711/671
f 776/747/672 775/748/672 810/713/672 811/712/672
f 775/748/673 774/749/673 809/714/673 810/713/673
f 774/749/674 773/750/674 808/715/674 809/714/674
f 773/750/675 772/751/675 807/716/675 808/715/675
f 772/751/676 771/752/676 806/717/676 807/716/676
f 771/752/677 770/753/677 805/718/677 806/717/677
f 770/753/678 769/754/678 804/719/678 805/718/678
f 769/754/679 768/755/679 803/720/679 804/719/679
f 768/755/680 767/756/680 802/721/680 803/720/680
f 767/756/681 766/757/681 801/722/681 802/721/681
f 766/757/682 765/758/682 800/723/682 801/722/682
f 765/758/683 764/759/683 799/724/683 800/723/683
f 764/759/684 763/760/684 798/725/684 799/724/684
f 763/760/685 762/761/685 797/726/685 798/725/685
f 762/761/686 761/762/686 796/727/686 797/726/686
f 761/762/687 760/763/687 795/728/687 796/727/687
f 760/763/688 759/764/688 794/729/688 795/728/688
f 759/764/689 758/765/689 793/730/689 794/729/689
f 758/765/690 757/766/690 792/731/690 793/730/690
f 757/766/691 756/767/691 791/732/691 792/731/691
f 756/767/692 755/768/692 790/733/692 791/732/692
f 755/768/693 754/769/693 789/734/693 790/733/693
f 754/769/694 753/770/694 788/735/694 789/734/694
f 753/770/695 752/771/695 787/736/695 788/735/695
f 752/771/696 751/772/696 786/737/696 787/736/696
f 751/772/697 750/773/697 785/738/697 786/737/697
f 750/773/698 749/774/698 784/739/698 785/738/698
f 749/774/699 748/775/699 783/740/699 784/739/699
f 748/775/700 747/776/700 782/741/700 783/740/700
f 747/776/701 746/777/701 781/742/701 782/741/701
f 746/777/702 745/778/702 780/743/702 781/742/702
f 745/778/703 744/42/703 779/44/703 780/743/703
f 25/779/704 743/780/704 778/745/704 24/744/704
f 743/780/705 742/781/705 777/746/705 778/745/705
f 742/781/706 741/782/706 776/747/706 777/746/706
f 741/782/707 740/783/707 775/748/707 776/747/707
f 740/783/708 739/784/708 774/749/708 775/748/708
f 739/784/709 738/785/709 773/750/709 774/749/709
f 738/785/710 737/786/710 772/751/710 773/750/710
f 737/786/711 736/787/711 771/752/711 772/751/711
f 736/787/712 735/788/712 770/753/712 771/752/712
f 735/788/713 734/789/713 769/754/713 770/753/713
f 734/789/714 733/790/714 768/755/714 769/754/714
f 733/790/715 732/791/715 767/756/715 768/755/715
f 732/791/716 731/792/716 766/757/716 767/756/716
f 731/792/717 730/793/717 765/758/717 766/757/717
f 730/793/718 729/794/718 764/759/718 765/758/718
f 729/794/719 728/795/719 763/760/719 764/759/719
f 728/795/720 727/796/720 762/761/720 763/760/720
f 727/796/721 726/797/721 761/762/721 762/761/721
f 726/797/722 725/798/722 760/763/722 761/762/722
f 725/798/723 724/799/723 759/764/723 760/763/723
f 724/799/724 723/800/724 758/765/724 759/764/724
f 723/800/725 722/801/725 757/766/725 758/765/725
f 722/801/726 721/802/726 756/767/726 757/766/726
f 721/802/727 720/803/727 755/768/727 756/767/727
f 720/803/728 719/804/728 754/769/728 755/768/728
f 719/804/729 718/805/729 753/770/729 754/769/729
f 718/805/730 717/806/730 752/771/730 753/770/730
f 717/806/731 716/807/731 751/772/731 752/771/731
f 716/807/732 715/808/732 750/773/732 751/772/732
f 715/808/733 714/809/733 749/774/733 750/773/733
f 714/809/734 713/810/734 748/775/734 749/774/734
f 713/810/735 712/811/735 747/776/735 748/775/735
f 712/811/736 711/812/736 746/777/736 747/776/736
f 711/812/737 710/813/737 745/778/737 746/777/737
f 710/813/738 709/40/738 744/42/738 745/778/738
f 26/814/739 708/815/739 743/780/739 25/779/739
f 708/815/740 707/816/740 742/781/740 743/780/740
f 707/816/741 706/817/741 741/782/741 742/781/741
f 706/817/742 705/818/742 740/783/742 741/782/742
f 705/818/743 704/819/743 739/784/743 740/783/743
f 704/819/744 703/820/744 738/785/744 739/784/744
f 703/820/745 702/821/745 737/786/745 738/785/745
f 702/821/746 701/822/746 736/787/746 737/786/746
f 701/822/747 700/823/747 735/788/747 736/787/747
f 700/823/748 699/824/748 734/789/748 735/788/748
f 699/824/749 698/825/749 733/790/749 734/789/749
f 698/825/750 697/826/750 732/791/750 733/790/750
f 697/826/751 696/827/751 731/792/751 732/791/751
f 696/827/752 695/828/752 730/793/752 731/792/752
f 695/828/753 694/829/753 729/794/753 730/793/753
f 694/829/754 693/830/754 728/795/754 729/794/754
f 693/830/755 692/831/755 727/796/755 728/795/755
f 692/831/756 691/832/756 726/797/756 727/796/756
f 691/832/757 690/833/757 725/798/757 726/797/757
f 690/833/758 689/834/758 724/799/758 725/798/758
f 689/834/759 688/835/759 723/800/759 724/799/759
f 688/835/760 687/836/760 722/801/760 723/800/760
f 687/836/761 686/837/761 721/802/761 722/801/761
f 686/837/762 685/838/762 720/803/762 721/802/762
f 685/838/763 684/839/763 719/804/763 720/803/763
f 684/839/764 683/840/764 718/805/764 719/804/764
f 683/840/765 682/841/765 717/806/765 718/805/765
f 682/841/766 681/842/766 716/807/766 717/806/766
f 681/842/767 680/843/767 715/808/767 716/807/767
f 680/843/768 679/844/768 714/809/768 715/808/768
f 679/844/769 678/845/769 713/810/769 714/809/769
f 678/845/770 677/846/770 712/811/770 713/810/770
f 677/846/771 676/847/771 711/812/771 712/811/771
f 676/847/772 675/848/772 710/813/772 711/812/772
f 675/848/773 674/38/773 709/40/773 710/813/773
f 27/849/774 673/850/774 708/815/774 26/814/774
f 673/850/775 672/851/775 707/816/775 708/815/775
f 672/851/776 671/852/776 706/817/776 707/816/776
f 671/852/777 670/853/777 705/818/777 706/817/777
f 670/853/778 669/854/778 704/819/778 705/818/778
f 669/854/779 668/855/779 703/820/779 704/819/779
f 668/855/780 667/856/780 702/821/780 703/820/780
f 667/856/781 666/857/781 701/822/781 702/821/781
f 666/857/782 665/858/782 700/823/782 701/822/782
f 665/858/783 664/859/783 699/824/783 700/823/783
f 664/859/784 663/860/784 698/825/784 699/824/784
f 663/860/785 662/861/785 697/826/785 698/825/785
f 662/861/786 661/862/786 696/827/786 697/826/786
f 661/862/787 660/863/787 695/828/787 696/827/787
f 660/863/788 659/864/788 694/829/788 695/828/788
f 659/864/789 658/865/789 693/830/789 694/829/789
f 658/865/790 657/866/790 692/831/790 693/830/790
f 657/866/791 656/867/791 691/832/791 692/831/791
f 656/867/792 655/868/792 690/833/792 691/832/792
f 655/868/793 654/869/793 689/834/793 690/833/793
f 654/869/794 653/870/794 688/835/794 689/834/794
f 653/870/795 652/871/795 687/836/795 688/835/795
f 652/871/796 651/872/796 686/837/796 687/836/796
f 651/872/797 650/873/797 685/838/797 686/837/797
f 650/873/798 649/874/798 684/839/798 685/838/798
f 649/874/799 648/875/799 683/840/799 684/839/799
f 648/875/800 647/876/800 682/841/800 683/840/800
f 647/876/801 646/877/801 681/842/801 682/841/801
f 646/877/802 645/878/802 680/843/802 681/842/802
f 645/878/803 644/879/803 679/844/803 680/843/803
f 644/879/804 643/880/804 678/845/804 679/844/804
f 643/880/805 642/881/805 677/846/805 678/845/805
f 642/881/806 641/882/806 676/847/806 677/846/806
f 641/882/807 640/883/807 675/848/807 676/847/807
f 640/883/808 639/36/808 674/38/808 675/848/808
f 28/884/809 638/885/809 673/850/809 27/849/809
f 638/885/810 637/886/810 672/851/810 673/850/810
f 637/886/811 636/887/811 671/852/811 672/851/811
f 636/887/812 635/888/812 670/853/812 671/852/812
f 635/888/813 634/889/813 669/854/813 670/853/813
f 634/889/814 633/890/814 668/855/814 669/854/814
f 633/890/815 632/891/815 667/856/815 668/855/815
f 632/891/816 631/892/816 666/857/816 667/856/816
f 631/892/817 630/893/817 665/858/817 666/857/817
f 630/893/818 629/894/818 664/859/818 665/858/818
f 629/894/819 628/895/819 663/860/819 664/859/819
f 628/895/820 627/896/820 662/861/820 663/860/820
f 627/896/821 626/897/821 661/862/821 662/861/821
f 626/897/822 625/898/822 660/863/822 661/862/822
f 625/898/823 624/899/823 659/864/823 660/863/823
f 624/899/824 623/900/824 658/865/824 659/864/824
f 623/900/825 622/901/825 657/866/825 658/865/825
f 622/901/826 621/902/826 656/867/826 657/866/826
f 621/902/827 620/903/827 655/868/827 656/867/827
f 620/903/828 619/904/828 654/869/828 655/868/828
f 619/904/829 618/905/829 653/870/829 654/869/829
f 618/905/830 617/906/830 652/871/830 653/870/830
f 617/906/831 616/907/831 651/872/831 652/871/831
f 616/907/832 615/908/832 650/873/832 651/872/832
f 615/908/833 614/909/833 649/874/833 650/873/833
f 614/909/834 613/910/834 648/875/834 649/874/834
f 613/910/835 612/911/835 647/876/835 648/875/835
f 612/911/836 611/912/836 646/877/836 647/876/836
f 611/912/837 610/913/837 645/878/837 646/877/837
f 610/913/838 609/914/838 644/879/838 645/878/838
f 609/914/839 608/915/839 643/880/839 644/879/839
f 608/915/840 607/916/840 642/881/840 643/880/840
f 607/916/841 606/917/841 641/882/841 642/881/841
f 606/917/842 605/918/842 640/883/842 641/882/842
f 605/918/843 604/34/843 639/36/843 640/883/843
f 29/919/844 603/920/844 638/885/844 28/884/844
f 603/920/845 602/921/845 637/886/845 638/885/845
f 602/921/846 601/922/846 636/887/846 637/886/846
f 601/922/847 600/923/847 635/888/847 636/887/847
f 600/923/848 599/924/848 634/889/848 635/888/848
f 599/924/849 598/925/849 633/890/849 634/889/849
f 598/925/850 597/926/850 632/891/850 633/890/850
f 597/926/851 596/927/851 631/892/851 632/891/851
f 596/927/852 595/928/852 630/893/852 631/892/852
f 595/928/853 594/929/853 629/894/853 630/893/853
f 594/929/854 593/930/854 628/895/854 629/894/854
f 593/930/855 592/931/855 627/896/855 628/895/855
f 592/931/856 591/932/856 626/897/856 627/896/856
f 591/932/857 590/933/857 625/898/857 626/897/857
f 590/933/858 589/934/858 624/899/858 625/898/858
f 589/934/859 588/935/859 623/900/859 624/899/859
f 588/935/860 587/936/860 622/901/860 623/900/860
f 587/936/861 586/937/861 621/902/861 622/901/861
f 586/937/862 585/938/862 620/903/862 621/902/862
f 585/938/863 584/939/863 619/904/863 620/903/863
f 584/939/864 583/940/864 618/905/864 619/904/864
f 583/940/865 582/941/865 617/906/865 618/905/865
f 582/941/866 581/942/866 616/907/866 617/906/866
f 581/942/867 580/943/867 615/908/867 616/907/867
f 580/943/868 579/944/868 614/909/868 615/908/868
f 579/944/869 578/945/869 613/910/869 614/909/869
f 578/945/870 577/946/870 612/911/870 613/910/870
f 577/946/871 576/947/871 611/912/871 612/911/871
f 576/947/872 575/948/872 610/913/872 611/912/872
f 575/948/873 574/949/873 609/914/873 610/913/873
f 574/949/874 573/950/874 608/915/874 609/914/874
f 573/950/875 572/951/875 607/916/875 608/915/875
f 572/951/876 571/952/876 606/917/876 607/916/876
f 571/952/877 570/953/877 605/918/877 606/917/877
f 570/953/878 569/32/878 604/34/878 605/918/878
f 30/954/879 568/955/879 603/920/879 29/919/879
f 568/955/880 567/956/880 602/921/880 603/920/880
f 567/956/881 566/957/881 601/922/881 602/921/881
f 566/957/882 565/958/882 600/923/882 601/922/882
f 565/958/883 564/959/883 599/924/883 600/923/883
f 564/959/884 563/960/884 598/925/884 599/924/884
f 563/960/885 562/961/885 597/926/885 598/925/885
f 562/961/886 561/962/886 596/927/886 597/926/886
f 561/962/887 560/963/887 595/928/887 596/927/887
f 560/963/888 559/964/888 594/929/888 595/928/888
f 559/964/889 558/965/889 593/930/889 594/929/889
f 558/965/890 557/966/890 592/931/890 593/930/890
f 557/966/891 556/967/891 591/932/891 592/931/891
f 556/967/892 555/968/892 590/933/892 591/932/892
f 555/968/893 554/969/893 589/934/893 590/933/893
f 554/969/894 553/970/894 588/935/894 589/934/894
f 553/970/895 552/971/895 587/936/895 588/935/895
f 552/971/896 551/972/896 586/937/896 587/936/896
f 551/972/897 550/973/897 585/938/897 586/937/897
f 550/973/898 549/974/898 584/939/898 585/938/898
f 549/974/899 548/975/899 583/940/899 584/939/899
f 548/975/900 547/976/900 582/941/900 583/940/900
f 547/976/901 546/977/901 581/942/901 582/941/901
f 546/977/902 545/978/902 580/943/902 581/942/902
f 545/978/903 544/979/903 579/944/903 580/943/903
f 544/979/904 543/980/904 578/945/904 579/944/904
f 543/980/905 542/981/905 577/946/905 578/945/905
f 542/981/906 541/982/906 576/947/906 577/946/906
f 541/982/907 540/983/907 575/948/907 576/947/907
f 540/983/908 539/984/908 574/949/908 575/948/908
f 539/984/909 538/985/909 573/950/909 574/949/909
f 538/985/910 537/986/910 572/951/910 573/950/910
f 537/986/911 536/987/911 571/952/911 572/951/911
f 536/987/912 535/988/912 570/953/912 571/952/912
f 535/988/913 534/30/913 569/32/913 570/953/913
f 31/989/914 533/990/914 568/955/914 30/954/914
f 533/990/915 532/991/915 567/956/915 568/955/915
f 532/991/916 531/992/916 566/957/916 567/956/916
f 531/992/917 530/993/917 565/958/917 566/957/917
f 530/993/918 529/994/918 564/959/918 565/958/918
f 529/994/919 528/995/919 563/960/919 564/959/919
f 528/995/920 527/996/920 562/961/920 563/960/920
f 527/996/921 526/997/921 561/962/921 562/961/921
f 526/997/922 525/998/922 560/963/922 561/962/922
f 525/998/923 524/999/923 559/964/923 560/963/923
f 524/999/924 523/1000/924 558/965/924 559/964/924
f 523/1000/925 522/1001/925 557/966/925 558/965/925
f 522/1001/926 521/1002/926 556/967/926 557/966/926
f 521/1002/927 520/1003/927 555/968/927 556/967/927
f 520/1003/928 519/1004/928 554/969/928 555/968/928
f 519/1004/929 518/1005/929 553/970/929 554/969/929
f 518/1005/930 517/1006/930 552/971/930 553/970/930
f 517/1006/931 516/1007/931 551/972/931 552/971/931
f 516/1007/932 515/1008/932 550/973/932 551/972/932
f 515/1008/933 514/1009/933 549/974/933 550/973/933
f 514/1009/934 513/1010/934 548/975/934 549/974/934
f 513/1010/935 512/1011/935 547/976/935 548/975/935
f 512/1011/936 511/1012/936 546/977/936 547/976/936
f 511/1012/937 510/1013/937 545/978/937 546/977/937
f 510/1013/938 509/1014/938 544/979/938 545/978/938
f 509/1014/939 508/1015/939 543/980/939 544/979/939
f 508/1015/940 507/1016/940 542/981/940 543/980/940
f 507/1016/941 506/1017/941 541/982/941 542/981/941
f 506/1017/942 505/1018/942 540/983/942 541/982/942
f 505/1018/943 504/1019/943 539/984/943 540/983/943
f 504/1019/944 503/1020/944 538/985/944 539/984/944
f 503/1020/945 502/1021/945 537/986/945 538/985/945
f 502/1021/946 501/1022/946 536/987/946 537/986/946
f 501/1022/947 500/1023/947 535/988/947 536/987/947
f 500/1023/948 499/28/948 534/30/948 535/988/948
f 32/1024/949 498/1025/949 533/990/949 31/989/949
f 498/1025/950 497/1026/950 532/991/950 533/990/950
f 497/1026/951 496/1027/951 531/992/951 532/991/951
f 496/1027/952 495/1028/952 530/993/952 531/992/952
f 495/1028/953 494/1029/953 529/994/953 530/993/953
f 494/1029/954 493/1030/954 528/995/954 529/994/954
f 493/1030/955 492/1031/955 527/996/955 528/995/955
f 492/1031/956 491/1032/956 526/997/956 527/996/956
f 491/1032/957 490/1033/957 525/998/957 526/997/957
f 490/1033/958 489/1034/958 524/999/958 525/998/958
f 489/1034/959 488/1035/959 523/1000/959 524/999/959
f 488/1035/960 487/1036/960 522/1001/960 523/1000/960
f 487/1036/961 486/1037/961 521/1002/961 522/1001/961
f 486/1037/962 485/1038/962 520/1003/962 521/1002/962
f 485/1038/963 484/1039/963 519/1004/963 520/1003/963
f 484/1039/964 483/1040/964 518/1005/964 519/1004/964
f 483/1040/965 482/1041/965 517/1006/965 518/1005/965
f 482/1041/966 481/1042/966 516/1007/966 517/1006/966
f 481/1042/967 480/1043/967 515/1008/967 516/1007/967
f 480/1043/968 479/1044/968 514/1009/968 515/1008/968
f 479/1044/969 478/1045/969 513/1010/969 514/1009/969
f 478/1045/970 477/1046/970 512/1011/970 513/1010/970
f 477/1046/971 476/1047/971 511/1012/971 512/1011/971
f 476/1047/972 475/1048/972 510/1013/972 511/1012/972
f 475/1048/973 474/1049/973 509/1014/973 510/1013/973
f 474/1049/937 473/1050/937 508/1015/937 509/1014/937
f 473/1050/974 472/1051/974 507/1016/974 508/1015/974
f 472/1051/975 471/1052/975 506/1017/975 507/1016/975
f 471/1052/976 470/1053/976 505/1018/976 506/1017/976
f 470/1053/977 469/1054/977 504/1019/977 505/1018/977
f 469/1054/978 468/1055/978 503/1020/978 504/1019/978
f 468/1055/979 467/1056/979 502/1021/979 503/1020/979
f 467/1056/980 466/1057/980 501/1022/980 502/1021/980
f 466/1057/981 465/1058/981 500/1023/981 501/1022/981
f 465/1058/982 464/26/982 499/28/982 500/1023/982
f 33/1059/983 463/1060/983 498/1025/983 32/1024/983
f 463/1060/984 462/1061/984 497/1026/984 498/1025/984
f 462/1061/985 461/1062/985 496/1027/985 497/1026/985
f 461/1062/986 460/1063/986 495/1028/986 496/1027/986
f 460/1063/987 459/1064/987 494/1029/987 495/1028/987
f 459/1064/988 458/1065/988 493/1030/988 494/1029/988
f 458/1065/989 457/1066/989 492/1031/989 493/1030/989
f 457/1066/990 456/1067/990 491/1032/990 492/1031/990
f 456/1067/991 455/1068/991 490/1033/991 491/1032/991
f 455/1068/992 454/1069/992 489/1034/992 490/1033/992
f 454/1069/993 453/1070/993 488/1035/993 489/1034/993
f 453/1070/994 452/1071/994 487/1036/994 488/1035/994
f 452/1071/995 451/1072/995 486/1037/995 487/1036/995
f 451/1072/996 450/1073/996 485/1038/996 486/1037/996
f 450/1073/997 449/1074/997 484/1039/997 485/1038/997
f 449/1074/998 448/1075/998 483/1040/998 484/1039/998
f 448/1075/999 447/1076/999 482/1041/999 483/1040/999
f 447/1076/1000 446/1077/1000 481/1042/1000 482/1041/1000
f 446/1077/1001 445/1078/1001 480/1043/1001 481/1042/1001
f 445/1078/1002 444/1079/1002 479/1044/1002 480/1043/1002
f 444/1079/1003 443/1080/1003 478/1045/1003 479/1044/1003
f 443/1080/1004 442/1081/1004 477/1046/1004 478/1045/1004
f 442/1081/1005 441/1082/1005 476/1047/1005 477/1046/1005
f 441/1082/1006 440/1083/1006 475/1048/1006 476/1047/1006
f 440/1083/1007 439/1084/1007 474/1049/1007 475/1048/1007
f 439/1084/1008 438/1085/1008 473/1050/1008 474/1049/1008
f 438/1085/1009 437/1086/1009 472/1051/1009 473/1050/1009
f 437/1086/1010 436/1087/1010 471/1052/1010 472/1051/1010
f 436/1087/1011 435/1088/1011 470/1053/1011 471/1052/1011
f 435/1088/1012 434/1089/1012 469/1054/1012 470/1053/1012
f 434/1089/1013 433/1090/1013 468/1055/1013 469/1054/1013
f 433/1090/1014 432/1091/1014 467/1056/1014 468/1055/1014
f 432/1091/1015 431/1092/1015 466/1057/1015 467/1056/1015
f 431/1092/1016 430/1093/1016 465/1058/1016 466/1057/1016
f 430/1093/1017 429/24/1017 464/26/1017 465/1058/1017
f 34/1094/1018 428/1095/1018 463/1060/1018 33/1059/1018
f 428/1095/1019 427/1096/1019 462/1061/1019 463/1060/1019
f 427/1096/1020 426/1097/1020 461/1062/1020 462/1061/1020
f 426/1097/1021 425/1098/1021 460/1063/1021 461/1062/1021
f 425/1098/1022 424/1099/1022 459/1064/1022 460/1063/1022
f 424/1099/1023 423/1100/1023 458/1065/1023 459/1064/1023
f 423/1100/1024 422/1101/1024 457/1066/1024 458/1065/1024
f 422/1101/1025 421/1102/1025 456/1067/1025 457/1066/1025
f 421/1102/1026 420/1103/1026 455/1068/1026 456/1067/1026
f 420/1103/1027 419/1104/1027 454/1069/1027 455/1068/1027
f 419/1104/1028 418/1105/1028 453/1070/1028 454/1069/1028
f 418/1105/1029 417/1106/1029 452/1071/1029 453/1070/1029
f 417/1106/1030 416/1107/1030 451/1072/1030 452/1071/1030
f 416/1107/1031 415/1108/1031 450/1073/1031 451/1072/1031
f 415/1108/1032 414/1109/1032 449/1074/1032 450/1073/1032
f 414/1109/1033 413/1110/1033 448/1075/1033 449/1074/1033
f 413/1110/1034 412/1111/1034 447/1076/1034 448/1075/1034
f 412/1111/1035 411/1112/1035 446/1077/1035 447/1076/1035
f 411/1112/1036 410/1113/1036 445/1078/1036 446/1077/1036
f 410/1113/1037 409/1114/1037 444/1079/1037 445/1078/1037
f 409/1114/1038 408/1115/1038 443/1080/1038 444/1079/1038
f 408/1115/1039 407/1116/1039 442/1081/1039 443/1080/1039
f 407/1116/1040 406/1117/1040 441/1082/1040 442/1081/1040
f 406/1117/1041 405/1118/1041 440/1083/1041 441/1082/1041
f 405/1118/1042 404/1119/1042 439/1084/1042 440/1083/1042
f 404/1119/1043 403/1120/1043 438/1085/1043 439/1084/1043
f 403/1120/1044 402/1121/1044 437/1086/1044 438/1085/1044
f 402/1121/1045 401/1122/1045 436/1087/1045 437/1086/1045
f 401/1122/1046 400/1123/1046 435/1088/1046 436/1087/1046
f 400/1123/1047 399/1124/1047 434/1089/1047 435/1088/1047
f 399/1124/1048 398/1125/1048 433/1090/1048 434/1089/1048
f 398/1125/1049 397/1126/1049 432/1091/1049 433/1090/1049
f 397/1126/1050 396/1127/1050 431/1092/1050 432/1091/1050
f 396/1127/1051 395/1128/1051 430/1093/1051 431/1092/1051
f 395/1128/1052 394/22/1052 429/24/1052 430/1093/1052
f 35/1129/1053 393/1130/1053 428/1095/1053 34/1094/1053
f 393/1130/1054 392/1131/1054 427/1096/1054 428/1095/1054
f 392/1131/1055 391/1132/1055 426/1097/1055 427/1096/1055
f 391/1132/1056 390/1133/1056 425/1098/1056 426/1097/1056
f 390/1133/1057 389/1134/1057 424/1099/1057 425/1098/1057
f 389/1134/1058 388/1135/1058 423/1100/1058 424/1099/1058
f 388/1135/1059 387/1136/1059 422/1101/1059 423/1100/1059
f 387/1136/1060 386/1137/1060 421/1102/1060 422/1101/1060
f 386/1137/1061 385/1138/1061 420/1103/1061 421/1102/1061
f 385/1138/1062 384/1139/1062 419/1104/1062 420/1103/1062
f 384/1139/1063 383/1140/1063 418/1105/1063 419/1104/1063
f 383/1140/1064 382/1141/1064 417/1106/1064 418/1105/1064
f 382/1141/1065 381/1142/1065 416/1107/1065 417/1106/1065
f 381/1142/1066 380/1143/1066 415/1108/1066 416/1107/1066
f 380/1143/1067 379/1144/1067 414/1109/1067 415/1108/1067
f 379/1144/1068 378/1145/1068 413/1110/1068 414/1109/1068
f 378/1145/1069 377/1146/1069 412/1111/1069 413/1110/1069
f 377/1146/1070 376/1147/1070 411/1112/1070 412/1111/1070
f 376/1147/1071 375/1148/1071 410/1113/1071 411/1112/1071
f 375/1148/1072 374/1149/1072 409/1114/1072 410/1113/1072
f 374/1149/1073 373/1150/1073 408/1115/1073 409/1114/1073
f 373/1150/1074 372/1151/1074 407/1116/1074 408/1115/1074
f 372/1151/1075 371/1152/1075 406/1117/1075 407/1116/1075
f 371/1152/1076 370/1153/1076 405/1118/1076 406/1117/1076
f 370/1153/1077 369/1154/1077 404/1119/1077 405/1118/1077
f 369/1154/1078 368/1155/1078 403/1120/1078 404/1119/1078
f 368/1155/1079 367/1156/1079 402/1121/1079 403/1120/1079
f 367/1156/1080 366/1157/1080 401/1122/1080 402/1121/1080
f 366/1157/1081 365/1158/1081 400/1123/1081 401/1122/1081
f 365/1158/1082 364/1159/1082 399/1124/1082 400/1123/1082
f 364/1159/1083 363/1160/1083 398/1125/1083 399/1124/1083
f 363/1160/1084 362/1161/1084 397/1126/1084 398/1125/1084
f 362/1161/1085 361/1162/1085 396/1127/1085 397/1126/1085
f 361/1162/1086 360/1163/1086 395/1128/1086 396/1127/1086
f 360/1163/1087 359/20/1087 394/22/1087 395/1128/1087
f 36/1164/1088 358/1165/1088 393/1130/1088 35/1129/1088
f 358/1165/1089 357/1166/1089 392/1131/1089 393/1130/1089
f 357/1166/1090 356/1167/1090 391/1132/1090 392/1131/1090
f 356/1167/1091 355/1168/1091 390/1133/1091 391/1132/1091
f 355/1168/1092 354/1169/1092 389/1134/1092 390/1133/1092
f 354/1169/1093 353/1170/1093 388/1135/1093 389/1134/1093
f 353/1170/1094 352/1171/1094 387/1136/1094 388/1135/1094
f 352/1171/1095 351/1172/1095 386/1137/1095 387/1136/1095
f 351/1172/1096 350/1173/1096 385/1138/1096 386/1137/1096
f 350/1173/1097 349/1174/1097 384/1139/1097 385/1138/1097
f 349/1174/1098 348/1175/1098 383/1140/1098 384/1139/1098
f 348/1175/1099 347/1176/1099 382/1141/1099 383/1140/1099
f 347/1176/1100 346/1177/1100 381/1142/1100 382/1141/1100
f 346/1177/1101 345/1178/1101 380/1143/1101 381/1142/1101
f 345/1178/1102 344/1179/1102 379/1144/1102 380/1143/1102
f 344/1179/1103 343/1180/1103 378/1145/1103 379/1144/1103
f 343/1180/1104 342/1181/1104 377/1146/1104 378/1145/1104
f 342/1181/1105 341/1182/1105 376/1147/1105 377/1146/1105
f 341/1182/1106 340/1183/1106 375/1148/1106 376/1147/1106
f 340/1183/1107 339/1184/1107 374/1149/1107 375/1148/1107
f 339/1184/1108 338/1185/1108 373/1150/1108 374/1149/1108
f 338/1185/1109 337/1186/1109 372/1151/1109 373/1150/1109
f 337/1186/1110 336/1187/1110 371/1152/1110 372/1151/1110
f 336/1187/1111 335/1188/1111 370/1153/1111 371/1152/1111
f 335/1188/1112 334/1189/1112 369/1154/1112 370/1153/1112
f 334/1189/1113 333/1190/1113 368/1155/1113 369/1154/1113
f 333/1190/1114 332/1191/1114 367/1156/1114 368/1155/1114
f 332/1191/1115 331/1192/1115 366/1157/1115 367/1156/1115
f 331/1192/1116 330/1193/1116 365/1158/1116 366/1157/1116
f 330/1193/1117 329/1194/1117 364/1159/1117 365/1158/1117
f 329/1194/1118 328/1195/1118 363/1160/1118 364/1159/1118
f 328/1195/1119 327/1196/1119 362/1161/1119 363/1160/1119
f 327/1196/1120 326/1197/1120 361/1162/1120 362/1161/1120
f 326/1197/1121 325/1198/1121 360/1163/1121 361/1162/1121
f 325/1198/1122 324/18/1122 359/20/1122 360/1163/1122
f 37/1199/1123 323/1200/1123 358/1165/1123 36/1164/1123
f 323/1200/1124 322/1201/1124 357/1166/1124 358/1165/1124
f 322/1201/1125 321/1202/1125 356/1167/1125 357/1166/1125
f 321/1202/1126 320/1203/1126 355/1168/1126 356/1167/1126
f 320/1203/1127 319/1204/1127 354/1169/1127 355/1168/1127
f 319/1204/1128 318/1205/1128 353/1170/1128 354/1169/1128
f 318/1205/1129 317/1206/1129 352/1171/1129 353/1170/1129
f 317/1206/1130 316/1207/1130 351/1172/1130 352/1171/1130
f 316/1207/1131 315/1208/1131 350/1173/1131 351/1172/1131
f 315/1208/1132 314/1209/1132 349/1174/1132 350/1173/1132
f 314/1209/1133 313/1210/1133 348/1175/1133 349/1174/1133
f 313/1210/1134 312/1211/1134 347/1176/1134 348/1175/1134
f 312/1211/1135 311/1212/1135 346/1177/1135 347/1176/1135
f 311/1212/1136 310/1213/1136 345/1178/1136 346/1177/1136
f 310/1213/1137 309/1214/1137 344/1179/1137 345/1178/1137
f 309/1214/1138 308/1215/1138 343/1180/1138 344/1179/1138
f 308/1215/1139 307/1216/1139 342/1181/1139 343/1180/1139
f 307/1216/1140 306/1217/1140 341/1182/1140 342/1181/1140
f 306/1217/1141 305/1218/1141 340/1183/1141 341/1182/1141
f 305/1218/1142 304/1219/1142 339/1184/1142 340/1183/1142
f 304/1219/1143 303/1220/1143 338/1185/1143 339/1184/1143
f 303/1220/1144 302/1221/1144 337/1186/1144 338/1185/1144
f 302/1221/1145 301/1222/1145 336/1187/1145 337/1186/1145
f 301/1222/1146 300/1223/1146 335/1188/1146 336/1187/1146
f 300/1223/1147 299/1224/1147 334/1189/1147 335/1188/1147
f 299/1224/1148 298/1225/1148 333/1190/1148 334/1189/1148
f 298/1225/1149 297/1226/1149 332/1191/1149 333/1190/1149
f 297/1226/1150 296/1227/1150 331/1192/1150 332/1191/1150
f 296/1227/1151 295/1228/1151 330/1193/1151 331/1192/1151
f 295/1228/1152 294/1229/1152 329/1194/1152 330/1193/1152
f 294/1229/1153 293/1230/1153 328/1195/1153 329/1194/1153
f 293/1230/1154 292/1231/1154 327/1196/1154 328/1195/1154
f 292/1231/1155 291/1232/1155 326/1197/1155 327/1196/1155
f 291/1232/1156 290/1233/1156 325/1198/1156 326/1197/1156
f 290/1233/1157 289/16/1157 324/18/1157 325/1198/1157
f 38/1234/1158 288/1235/1158 323/1200/1158 37/1199/1158
f 288/1235/1159 287/1236/1159 322/1201/1159 323/1200/1159
f 287/1236/1160 286/1237/1160 321/1202/1160 322/1201/1160
f 286/1237/1161 285/1238/1161 320/1203/1161 321/1202/1161
f 285/1238/1162 284/1239/1162 319/1204/1162 320/1203/1162
f 284/1239/1163 283/1240/1163 318/1205/1163 319/1204/1163
f 283/1240/1164 282/1241/1164 317/1206/1164 318/1205/1164
f 282/1241/1165 281/1242/1165 316/1207/1165 317/1206/1165
f 281/1242/1166 280/1243/1166 315/1208/1166 316/1207/1166
f 280/1243/1167 279/1244/1167 314/1209/1167 315/1208/1167
f 279/1244/1168 278/1245/1168 313/1210/1168 314/1209/1168
f 278/1245/1169 277/1246/1169 312/1211/1169 313/1210/1169
f 277/1246/1170 276/1247/1170 311/1212/1170 312/1211/1170
f 276/1247/1171 275/1248/1171 310/1213/1171 311/1212/1171
f 275/1248/1172 274/1249/1172 309/1214/1172 310/1213/1172
f 274/1249/1173 273/1250/1173 308/1215/1173 309/1214/1173
f 273/1250/1174 272/1251/1174 307/1216/1174 308/1215/1174
f 272/1251/1175 271/1252/1175 306/1217/1175 307/1216/1175
f 271/1252/1176 270/1253/1176 305/1218/1176 306/1217/1176
f 270/1253/1177 269/1254/1177 304/1219/1177 305/1218/1177
f 269/1254/1178 268/1255/1178 303/1220/1178 304/1219/1178
f 268/1255/1179 267/1256/1179 302/1221/1179 303/1220/1179
f 267/1256/1180 266/1257/1180 301/1222/1180 302/1221/1180
f 266/1257/1181 265/1258/1181 300/1223/1181 301/1222/1181
f 265/1258/1182 264/1259/1182 299/1224/1182 300/1223/1182
f 264/1259/1183 263/1260/1183 298/1225/1183 299/1224/1183
f 263/1260/1184 262/1261/1184 297/1226/1184 298/1225/1184
f 262/1261/1185 261/1262/1185 296/1227/1185 297/1226/1185
f 261/1262/1186 260/1263/1186 295/1228/1186 296/1227/1186
f 260/1263/1187 259/1264/1187 294/1229/1187 295/1228/1187
f 259/1264/1188 258/1265/1188 293/1230/1188 294/1229/1188
f 258/1265/1189 257/1266/1189 292/1231/1189 293/1230/1189
f 257/1266/1190 256/1267/1190 291/1232/1190 292/1231/1190
f 256/1267/1191 255/1268/1191 290/1233/1191 291/1232/1191
f 255/1268/1192 254/14/1192 289/16/1192 290/1233/1192
f 39/1269/1193 253/1270/1193 288/1235/1193 38/1234/1193
f 253/1270/1194 252/1271/1194 287/1236/1194 288/1235/1194
f 252/1271/1195 251/1272/1195 286/1237/1195 287/1236/1195
f 251/1272/1196 250/1273/1196 285/1238/1196 286/1237/1196
f 250/1273/1197 249/1274/1197 284/1239/1197 285/1238/1197
f 249/1274/1198 248/1275/1198 283/1240/1198 284/1239/1198
f 248/1275/1199 247/1276/1199 282/1241/1199 283/1240/1199
f 247/1276/1200 246/1277/1200 281/1242/1200 282/1241/1200
f 246/1277/1201 245/1278/1201 280/1243/1201 281/1242/1201
f 245/1278/1202 244/1279/1202 279/1244/1202 280/1243/1202
f 244/1279/1203 243/1280/1203 278/1245/1203 279/1244/1203
f 243/1280/1204 242/1281/1204 277/1246/1204 278/1245/1204
f 242/1281/1205 241/1282/1205 276/1247/1205 277/1246/1205
f 241/1282/1206 240/1283/1206 275/1248/1206 276/1247/1206
f 240/1283/1207 239/1284/1207 274/1249/1207 275/1248/1207
f 239/1284/1208 238/1285/1208 273/1250/1208 274/1249/1208
f 238/1285/1209 237/1286/1209 272/1251/1209 273/1250/1209
f 237/1286/1210 236/1287/1210 271/1252/1210 272/1251/1210
f 236/1287/1211 235/1288/1211 270/1253/1211 271/1252/1211
f 235/1288/1212 234/1289/1212 269/1254/1212 270/1253/1212
f 234/1289/1213 233/1290/1213 268/1255/1213 269/1254/1213
f 233/1290/1214 232/1291/1214 267/1256/1214 268/1255/1214
f 232/1291/1215 231/1292/1215 266/1257/1215 267/1256/1215
f 231/1292/1216 230/1293/1216 265/1258/1216 266/1257/1216
f 230/1293/1217 229/1294/1217 264/1259/1217 265/1258/1217
f 229/1294/1218 228/1295/1218 263/1260/1218 264/1259/1218
f 228/1295/1219 227/1296/1219 262/1261/1219 263/1260/1219
f 227/1296/1220 226/1297/1220 261/1262/1220 262/1261/1220
f 226/1297/1221 225/1298/1221 260/1263/1221 261/1262/1221
f 225/1298/1222 224/1299/1222 259/1264/1222 260/1263/1222
f 224/1299/1223 223/1300/1223 258/1265/1223 259/1264/1223
f 223/1300/1224 222/1301/1224 257/1266/1224 258/1265/1224
f 222/1301/1225 221/1302/1225 256/1267/1225 257/1266/1225
f 221/1302/1226 220/1303/1226 255/1268/1226 256/1267/1226
f 220/1303/1227 219/12/1227 254/14/1227 255/1268/1227
f 40/1304/1228 218/1305/1228 253/1270/1228 39/1269/1228
f 218/1305/1229 217/1306/1229 252/1271/1229 253/1270/1229
f 217/1306/1230 216/1307/1230 251/1272/1230 252/1271/1230
f 216/1307/1231 215/1308/1231 250/1273/1231 251/1272/1231
f 215/1308/1232 214/1309/1232 249/1274/1232 250/1273/1232
f 214/1309/1233 213/1310/1233 248/1275/1233 249/1274/1233
f 213/1310/1234 212/1311/1234 247/1276/1234 248/1275/1234
f 212/1311/1235 211/1312/1235 246/1277/1235 247/1276/1235
f 211/1312/1236 210/1313/1236 245/1278/1236 246/1277/1236
f 210/1313/1237 209/1314/1237 244/1279/1237 245/1278/1237
f 209/1314/1238 208/1315/1238 243/1280/1238 244/1279/1238
f 208/1315/1239 207/1316/1239 242/1281/1239 243/1280/1239
f 207/1316/1240 206/1317/1240 241/1282/1240 242/1281/1240
f 206/1317/1241 205/1318/1241 240/1283/1241 241/1282/1241
f 205/1318/1242 204/1319/1242 239/1284/1242 240/1283/1242
f 204/1319/1243 203/1320/1243 238/1285/1243 239/1284/1243
f 203/1320/1244 202/1321/1244 237/1286/1244 238/1285/1244
f 202/1321/1245 201/1322/1245 236/1287/1245 237/1286/1245
f 201/1322/1246 200/1323/1246 235/1288/1246 236/1287/1246
f 200/1323/1247 199/1324/1247 234/1289/1247 235/1288/1247
f 199/1324/1248 198/1325/1248 233/1290/1248 234/1289/1248
f 198/1325/1249 197/1326/1249 232/1291/1249 233/1290/1249
f 197/1326/1250 196/1327/1250 231/1292/1250 232/1291/1250
f 196/1327/1251 195/1328/1251 230/1293/1251 231/1292/1251
f 195/1328/1252 194/1329/1252 229/1294/1252 230/1293/1252
f 194/1329/1253 193/1330/1253 228/1295/1253 229/1294/1253
f 193/1330/1254 192/1331/1254 227/1296/1254 228/1295/1254
f 192/1331/1255 191/1332/1255 226/1297/1255 227/1296/1255
f 191/1332/1256 190/1333/1256 225/1298/1256 226/1297/1256
f 190/1333/1257 189/1334/1257 224/1299/1257 225/1298/1257
f 189/1334/1258 188/1335/1258 223/1300/1258 224/1299/1258
f 188/1335/1259 187/1336/1259 222/1301/1259 223/1300/1259
f 187/1336/1260 186/1337/1260 221/1302/1260 222/1301/1260
f 186/1337/1261 185/1338/1261 220/1303/1261 221/1302/1261
f 185/1338/1262 184/10/1262 219/12/1262 220/1303/1262
f 41/1339/1263 183/1340/1263 218/1305/1263 40/1304/1263
f 183/1340/1264 182/1341/1264 217/1306/1264 218/1305/1264
f 182/1341/1265 181/1342/1265 216/1307/1265 217/1306/1265
f 181/1342/1266 180/1343/1266 215/1308/1266 216/1307/1266
f 180/1343/1267 179/1344/1267 214/1309/1267 215/1308/1267
f 179/1344/1268 178/1345/1268 213/1310/1268 214/1309/1268
f 178/1345/1269 177/1346/1269 212/1311/1269 213/1310/1269
f 177/1346/1270 176/1347/1270 211/1312/1270 212/1311/1270
f 176/1347/1271 175/1348/1271 210/1313/1271 211/1312/1271
f 175/1348/1272 174/1349/1272 209/1314/1272 210/1313/1272
f 174/1349/1273 173/1350/1273 208/1315/1273 209/1314/1273
f 173/1350/1274 172/1351/1274 207/1316/1274 208/1315/1274
f 172/1351/1275 171/1352/1275 206/1317/1275 207/1316/1275
f 171/1352/1276 170/1353/1276 205/1318/1276 206/1317/1276
f 170/1353/1277 169/1354/1277 204/1319/1277 205/1318/1277
f 169/1354/1278 168/1355/1278 203/1320/1278 204/1319/1278
f 168/1355/1279 167/1356/1279 202/1321/1279 203/1320/1279
f 167/1356/1280 166/1357/1280 201/1322/1280 202/1321/1280
f 166/1357/1281 165/1358/1281 200/1323/1281 201/1322/1281
f 165/1358/1282 164/1359/1282 199/1324/1282 200/1323/1282
f 164/1359/1283 163/1360/1283 198/1325/1283 199/1324/1283
f 163/1360/1284 162/1361/1284 197/1326/1284 198/1325/1284
f 162/1361/1285 161/1362/1285 196/1327/1285 197/1326/1285
f 161/1362/1286 160/1363/1286 195/1328/1286 196/1327/1286
f 160/1363/1287 159/1364/1287 194/1329/1287 195/1328/1287
f 159/1364/1288 158/1365/1288 193/1330/1288 194/1329/1288
f 158/1365/1289 157/1366/1289 192/1331/1289 193/1330/1289
f 157/1366/1290 156/1367/1290 191/1332/1290 192/1331/1290
f 156/1367/1291 155/1368/1291 190/1333/1291 191/1332/1291
f 155/1368/1292 154/1369/1292 189/1334/1292 190/1333/1292
f 154/1369/1293 153/1370/1293 188/1335/1293 189/1334/1293
f 153/1370/1294 152/1371/1294 187/1336/1294 188/1335/1294
f 152/1371/1295 151/1372/1295 186/1337/1295 187/1336/1295
f 151/1372/1296 150/1373/1296 185/1338/1296 186/1337/1296
f 150/1373/1297 149/8/1297 184/10/1297 185/1338/1297
f 1/1374/1298 79/1375/1298 183/1340/1298 41/1339/1298
f 79/1375/1299 80/1376/1299 182/1341/1299 183/1340/1299
f 80/1376/1300 81/1377/1300 181/1342/1300 182/1341/1300
f 81/1377/1301 82/1378/1301 180/1343/1301 181/1342/1301
f 82/1378/1302 83/1379/1302 179/1344/1302 180/1343/1302
f 83/1379/1303 84/1380/1303 178/1345/1303 179/1344/1303
f 84/1380/1304 85/1381/1304 177/1346/1304 178/1345/1304
f 85/1381/1305 86/1382/1305 176/1347/1305 177/1346/1305
f 86/1382/1306 87/1383/1306 175/1348/1306 176/1347/1306
f 87/1383/1307 88/1384/1307 174/1349/1307 175/1348/1307
f 88/1384/1308 89/1385/1308 173/1350/1308 174/1349/1308
f 89/1385/1309 90/1386/1309 172/1351/1309 173/1350/1309
f 90/1386/1310 91/1387/1310 171/1352/1310 172/1351/1310
f 91/1387/1311 92/1388/1311 170/1353/1311 171/1352/1311
f 92/1388/1312 93/1389/1312 169/1354/1312 170/1353/1312
f 93/1389/1313 94/1390/1313 168/1355/1313 169/1354/1313
f 94/1390/1314 95/1391/1314 167/1356/1314 168/1355/1314
f 95/1391/1315 96/1392/1315 166/1357/1315 167/1356/1315
f 96/1392/1316 97/1393/1316 165/1358/1316 166/1357/1316
f 97/1393/1317 98/1394/1317 164/1359/1317 165/1358/1317
f 98/1394/1318 99/1395/1318 163/1360/1318 164/1359/1318
f 99/1395/1319 100/1396/1319 162/1361/1319 163/1360/1319
f 100/1396/1320 101/1397/1320 161/1362/1320 162/1361/1320
f 101/1397/1321 102/1398/1321 160/1363/1321 161/1362/1321
f 102/1398/1322 103/1399/1322 159/1364/1322 160/1363/1322
f 103/1399/1323 104/1400/1323 158/1365/1323 159/1364/1323
f 104/1400/1324 105/1401/1324 157/1366/1324 158/1365/1324
f 105/1401/1325 106/1402/1325 156/1367/1325 157/1366/1325
f 106/1402/1326 107/1403/1326 155/1368/1326 156/1367/1326
f 107/1403/1327 108/1404/1327 154/1369/1327 155/1368/1327
f 108/1404/61 109/1405/61 153/1370/61 154/1369/61
f 109/1405/1328 110/1406/1328 152/1371/1328 153/1370/1328
f 110/1406/1329 111/1407/1329 151/1372/1329 152/1371/1329
f 111/1407/1330 112/1408/1330 150/1373/1330 151/1372/1330
f 112/1408/1331 113/5/1331 149/8/1331 150/1373/1331
f 5/82/1332 1443/81/1332 148/1409/1332 3/1410/1332
f 1443/81/1333 1442/84/1333 147/1411/1333 148/1409/1333
f 1442/84/1334 1441/86/1334 146/1412/1334 147/1411/1334
f 1441/86/1335 1440/88/1335 145/1413/1335 146/1412/1335
f 1440/88/1336 1439/90/1336 144/1414/1336 145/1413/1336
f 1439/90/1337 1438/92/1337 143/1415/1337 144/1414/1337
f 1438/92/1338 1437/94/1338 142/1416/1338 143/1415/1338
f 1437/94/1339 1436/96/1339 141/1417/1339 142/1416/1339
f 1436/96/1340 1435/98/1340 140/1418/1340 141/1417/1340
f 1435/98/1341 1434/100/1341 139/1419/1341 140/1418/1341
f 1434/100/1342 1433/102/1342 138/1420/1342 139/1419/1342
f 1433/102/1343 1432/104/1343 137/1421/1343 138/1420/1343
f 1432/104/1344 1431/106/1344 136/1422/1344 137/1421/1344
f 1431/106/1345 1430/108/1345 135/1423/1345 136/1422/1345
f 1430/108/1346 1429/110/1346 134/1424/1346 135/1423/1346
f 1429/110/1347 1428/112/1347 133/1425/1347 134/1424/1347
f 1428/112/1348 1427/114/1348 132/1426/1348 133/1425/1348
f 1427/114/1349 1426/116/1349 131/1427/1349 132/1426/1349
f 1426/116/1350 1425/118/1350 130/1428/1350 131/1427/1350
f 1425/118/1351 1424/120/1351 129/1429/1351 130/1428/1351
f 1424/120/1352 1423/122/1352 128/1430/1352 129/1429/1352
f 1423/122/1353 1422/124/1353 127/1431/1353 128/1430/1353
f 1422/124/1354 1421/126/1354 126/1432/1354 127/1431/1354
f 1421/126/1355 1420/128/1355 125/1433/1355 126/1432/1355
f 1420/128/1356 1419/130/1356 124/1434/1356 125/1433/1356
f 1419/130/1357 1418/132/1357 123/1435/1357 124/1434/1357
f 1418/132/1358 1417/134/1358 122/1436/1358 123/1435/1358
f 1417/134/1359 1416/136/1359 121/1437/1359 122/1436/1359
f 1416/136/1360 1415/138/1360 120/1438/1360 121/1437/1360
f 1415/138/1361 1414/140/1361 119/1439/1361 120/1438/1361
f 1414/140/1362 1413/142/1362 118/1440/1362 119/1439/1362
f 1413/142/1363 1412/144/1363 117/1441/1363 118/1440/1363
f 1412/144/1364 1411/146/1364 116/1442/1364 117/1441/1364
f 1411/146/1365 1410/148/1365 115/1443/1365 116/1442/1365
f 1410/148/1366 1409/1/1366 114/4/1366 115/1443/1366
o Cube.002
v 21.293530 -4.369312 -97.891380
v 26.910973 5.684451 -98.964676
v -2.298786 6.650837 -100.602867
v 8.816580 29.790644 -102.589798
v 20.038504 -6.025102 -100.356949
v 27.277931 4.571456 -107.100197
v -1.931828 5.537845 -108.738373
v 9.183537 28.677650 -110.725311
v 44.793491 -0.216997 -92.668999
v 41.978027 10.370523 -88.959114
v 20.282175 -6.010109 -99.812401
v 12.466780 17.049086 -91.437210
v 46.234772 2.764801 -100.191734
v 44.519093 11.777283 -98.094749
v 21.723446 -3.028318 -107.335144
v 13.908060 20.030880 -98.959946
v 51.479557 5.545004 -88.404099
v 45.104939 28.919991 -93.024750
v 75.260620 5.861775 -67.918716
v 55.702274 39.704952 -75.758224
v 50.357689 3.889215 -85.875175
v 38.559967 27.807003 -88.178650
v 55.546970 2.914100 -62.705242
v 49.157307 38.591965 -70.912140
v 40.711552 9.697315 -109.934822
v 45.366241 20.284836 -110.089607
v 50.626606 3.904207 -86.407707
v 62.055119 26.963400 -85.624603
v 33.964569 12.679109 -106.308929
v 38.619263 23.266624 -106.463715
v 43.879627 -0.391500 -82.781815
v 55.308140 29.945190 -81.998718
v 70.881897 0.949646 -91.021103
v 76.483643 11.003399 -92.173470
v 47.253689 11.969780 -93.399673
v 58.339939 35.109592 -95.543114
v 69.592232 -0.706140 -93.468712
v 76.735870 9.890404 -100.313362
v 47.505913 10.856791 -101.539551
v 58.592167 33.996605 -103.683006
v 94.453156 5.101956 -86.130539
v 91.690269 15.689480 -82.381317
v 69.843552 -0.691152 -92.927658
v 62.147015 22.368032 -84.443115
v 95.788231 8.083744 -93.672852
v 93.025345 18.671263 -89.923645
v 71.178627 2.290644 -100.469963
v 63.482094 25.349834 -91.985420
v 98.726074 -5.991615 -79.185043
v 99.358604 5.175389 -76.238220
v 98.429688 -0.885177 -104.860512
v 99.252640 24.343140 -99.780609
v 101.216110 -7.733263 -80.263062
v 107.563156 4.734944 -76.464798
v 106.634247 -1.325626 -105.087082
v 107.457199 23.902691 -100.007179
v 95.154144 3.391812 -56.914967
v 90.279678 12.702078 -61.746544
v 100.694962 -7.696102 -79.974678
v 89.643433 12.151905 -92.093712
v 102.471939 7.133706 -57.005138
v 99.432999 15.295963 -60.570004
v 108.012756 -3.954214 -80.064873
v 96.961227 15.893799 -92.183891
v 90.966858 10.306889 -51.370438
v 92.904732 31.685146 -63.519165
v 72.618729 -0.289436 -26.342110
v 75.692734 43.537498 -54.031258
v 88.511940 8.261690 -51.801960
v 87.643364 28.690020 -69.078583
v 62.047230 -2.155361 -46.469002
v 70.431374 40.542366 -59.590691
v 111.048325 13.153511 -64.986427
v 110.639908 24.541004 -63.000488
v 89.061760 8.377434 -51.600845
v 87.169632 33.417583 -45.912170
v 106.611290 14.153526 -71.832794
v 106.202873 25.541016 -69.846855
v 84.624725 9.377447 -58.447212
v 82.732605 34.417610 -52.758537
v 95.617279 10.756361 -31.810577
v 96.326965 21.924852 -28.887123
v 94.987534 15.831657 -57.486198
v 95.963348 41.063423 -52.450668
v 98.086586 9.005083 -32.920212
v 104.526154 21.456795 -29.225014
v 103.186737 15.363596 -57.824089
v 104.162521 40.595364 -52.788555
v 92.380653 20.179434 -9.505997
v 87.471611 29.499851 -14.282707
v 97.569557 9.044325 -32.624802
v 86.419548 28.913887 -44.617638
v 99.708893 23.896812 -9.700821
v 94.799850 33.217228 -14.477531
v 104.897804 12.761703 -32.819633
v 93.747787 32.631271 -44.812473
v 94.988548 -5.991611 -14.784546
v 95.621071 5.175391 -11.837730
v 94.692154 -0.885179 -40.460018
v 95.515121 24.343143 -35.380119
v 97.478569 -7.733257 -15.862556
v 103.825623 4.734944 -12.064293
v 102.896713 -1.325626 -40.686584
v 103.719666 23.902691 -35.606697
v 91.416611 3.391812 7.485519
v 86.542145 12.702078 2.653946
v 96.957436 -7.696100 -15.574188
v 85.905907 12.151903 -27.693222
v 98.734406 7.133708 7.395370
v 95.695465 15.295971 3.830498
v 104.275230 -3.954216 -15.664368
v 93.223701 15.893799 -27.783409
v 87.204056 1.047308 29.976776
v 89.141922 22.425566 17.828056
v 68.855927 5.761084 55.005112
v 71.929924 34.277916 27.315948
v 81.618408 -4.913208 10.091072
v 80.749832 15.515121 -7.185562
v 55.153694 -0.020160 15.424026
v 63.537838 27.367468 2.302345
v 107.310791 13.153513 -0.585938
v 106.902374 24.541006 1.400009
v 82.377533 -3.923671 10.458481
v 83.432106 33.417583 18.488327
v 102.873764 14.153532 -7.432289
v 102.465347 25.541016 -5.446365
v 80.887192 9.377453 5.953278
v 78.995079 34.417614 11.641968
v 91.879761 10.756363 32.589920
v 92.589439 21.924854 35.513382
v 91.250000 15.831665 6.914307
v 92.225815 41.063427 11.949837
v 94.349060 9.005085 31.480301
v 100.788620 21.456800 35.175507
v 99.449203 15.363598 6.576408
v 100.424995 40.595364 11.611946
v 88.643120 20.179440 54.894501
v 83.734077 29.499857 50.117783
v 93.832016 9.044329 31.775696
v 82.682022 28.913889 19.782867
v 95.971367 23.896814 54.699677
v 91.062325 33.217228 49.922958
v 101.160278 12.761705 31.580856
v 90.010254 32.631271 19.588036
v 83.835876 -5.991610 62.912842
v 82.148315 5.175394 65.410019
v 102.151306 -0.885179 44.916656
v 99.056946 24.343142 49.028534
v 86.338036 -7.733257 63.962387
v 87.994080 4.734944 71.171356
v 107.997070 -1.325630 50.677994
v 104.902710 23.902689 54.789871
v 65.297760 3.391814 75.760147
v 65.406990 12.702082 68.897720
v 85.769089 -7.696096 63.786194
v 86.856918 12.151901 47.420853
v 70.430984 7.133710 80.976288
v 70.897736 15.295969 76.315231
v 90.902336 -3.954214 69.002319
v 91.990150 15.893799 52.636993
v 58.398243 10.306894 76.579727
v 68.503708 31.685146 69.563599
v 26.705318 9.206011 81.007355
v 48.807571 37.722839 64.047714
v 57.009277 8.261695 74.510056
v 68.870010 28.690020 61.917999
v 34.833412 13.154741 59.113541
v 50.105286 40.542374 56.073502
v 82.128059 13.153513 81.635056
v 80.412659 24.541004 82.715881
v 57.245010 8.377430 75.045914
v 51.831097 33.417587 77.620956
v 83.993576 14.153536 73.692795
v 82.278198 25.541014 74.773605
v 59.110546 9.377449 67.103653
v 53.696617 34.417610 69.678680
v 47.509766 10.756363 93.481110
v 45.892475 21.924858 96.017761
v 65.594414 15.831669 75.244339
v 62.637936 41.063423 79.435730
v 49.547932 5.020216 92.875534
v 51.814827 21.456799 101.698135
v 71.516769 15.363604 80.924728
v 68.560272 40.595360 85.116104
v -3.518220 25.778431 105.774338
v 8.725099 3.060090 96.244522
v -5.996921 26.953682 116.977295
v -6.144454 16.727024 126.105148
v -16.957676 25.071085 98.364059
v -4.714351 2.352753 88.834259
v -19.436329 26.246353 109.567062
v -19.583893 16.019684 118.694885
v -3.093749 15.554613 95.515717
v 3.832788 25.845045 89.680130
v 30.074772 2.850708 89.350891
v 47.299179 24.958780 74.927505
v -0.721887 16.856861 110.638840
v 6.204660 27.147280 104.803207
v 32.446655 4.152956 104.474014
v 49.671051 26.261036 90.050644
v 4.823099 26.630898 93.639679
v -15.164699 5.094721 105.048569
v -40.830009 27.766447 98.357208
v -48.875618 17.709801 103.053604
v 5.855751 24.523771 78.456619
v -14.132056 2.987605 89.865509
v -39.797375 25.659349 83.174225
v -47.842976 15.602680 87.870560
v -32.288536 27.675964 76.425537
v -44.985561 6.243870 95.736984
v -69.672714 29.811726 102.988907
v -74.789948 19.794472 110.824249
v -38.921005 26.125027 62.654663
v -51.618038 4.692944 81.966141
v -76.305183 28.260815 89.218124
v -81.422440 18.243549 97.053436
v -80.589310 22.133846 19.806175
v -85.463776 31.444117 14.974594
v -75.048485 -8.356689 -3.253548
v -86.100014 30.893940 -15.372574
v -76.283081 5.389378 27.090973
v -76.310455 34.038002 16.151146
v -67.730698 -4.614799 -3.343727
v -78.782219 34.635838 -15.462761
v -86.342560 7.351655 46.242859
v -82.863998 41.167603 30.148697
v -103.149994 24.503124 67.325729
v -100.075996 53.019951 39.636597
v -87.437347 5.067673 17.727470
v -91.256088 34.257156 5.135086
v -116.852234 18.721878 27.744659
v -108.468094 46.109497 14.622978
v -113.607681 29.048931 88.900375
v -103.502213 50.427177 81.884232
v -145.300598 27.948044 93.327988
v -123.198349 56.464874 76.368347
v -114.996651 27.003731 86.830704
v -103.135910 47.432053 74.238647
v -137.172516 31.896778 71.434174
v -121.900650 59.284409 68.394135
v -96.551460 37.129463 -44.817730
v -83.304916 11.544094 -50.452904
v -87.375336 45.659065 58.140564
v -93.374809 55.472973 56.924271
v -95.560463 35.902260 35.266922
v -109.863922 56.973694 31.477936
v -80.944214 49.078041 54.331192
v -86.943695 58.891941 53.114883
v -89.129341 39.321236 31.457550
v -103.432800 60.392670 27.668564
v -80.662430 27.819393 72.567932
v -86.661148 37.625454 71.286469
v -88.512794 18.091263 49.565140
v -102.798157 39.145672 45.616547
v -71.568161 13.345196 72.863937
v -78.043549 39.757427 67.668777
v -80.912674 11.014435 46.800674
v -96.320633 42.582470 41.903046
v -72.903519 13.369114 93.907211
v -75.980682 46.190964 83.291397
v -75.449570 27.906288 124.965714
v -85.021591 58.072380 100.722534
v -88.291794 8.994236 79.546494
v -96.465302 41.329128 65.953415
v -107.866364 25.368015 97.937149
v -105.506210 53.210556 83.384567
v -78.626503 37.355141 -46.702396
v -80.993187 26.197052 -44.783669
v -114.563828 44.219513 -21.444107
v -102.887077 11.735458 7.304947
v -121.808182 29.709023 -37.683449
v -103.443245 -8.898792 -34.451813
v -88.921593 49.851543 -16.744926
v -62.036388 -14.045528 -3.236954
v -106.858154 29.625519 -46.938179
v -103.128319 54.810089 -50.782181
v -81.779587 24.081347 -47.086067
v -78.199043 35.841637 -54.770020
v -106.430672 28.111996 -55.005802
v -102.700859 53.296585 -58.849800
v -69.363708 43.967472 -38.642159
v -71.644554 54.355789 -34.096138
v -92.319588 33.842884 -31.164520
v -98.515800 56.249115 -20.095764
v -72.758072 46.297234 -45.756271
v -75.038956 56.685547 -41.210239
v -95.713943 36.172634 -38.278633
v -101.910194 58.578896 -27.209869
v -53.446232 4.363358 -41.757393
v -55.791416 36.782486 -37.216454
v -76.501976 -4.141605 -34.624886
v -82.854370 38.636379 -23.584930
v -63.952084 8.502266 -66.755997
v -58.728649 37.576500 -46.306999
v -79.797791 18.607494 -41.779274
v -86.150185 40.984215 -30.739311
v -92.868225 36.279358 -78.617950
v -78.839508 16.010395 -79.478592
v -78.615051 35.813835 -89.642357
v -79.664474 24.843086 -86.131378
v -95.860374 45.051502 -49.719219
v -77.441139 -0.192836 -44.520542
v -110.624496 30.052975 -58.874348
v -93.385925 10.411953 -64.672256
v -78.104111 51.277889 -69.462830
v -48.961422 6.555857 -75.416878
v -102.779831 29.035900 -74.577438
v -101.525978 53.874531 -81.242371
v -81.553268 22.650185 -87.552414
v -82.502075 33.913006 -96.630760
v -106.666847 27.135059 -81.565865
v -105.413002 51.973709 -88.230774
v -66.470024 42.478691 -88.039917
v -65.975105 53.138168 -83.577133
v -82.100159 33.491188 -69.057861
v -81.453690 56.584038 -57.688942
v -73.089661 44.587749 -92.432213
v -72.594772 55.247223 -87.969406
v -88.719803 35.600235 -73.450157
v -88.073357 58.693115 -62.081219
v -54.645046 24.265924 -98.036491
v -54.207569 34.915249 -93.543564
v -70.541779 15.243740 -79.293808
v -70.043373 38.311035 -67.865662
v -61.201992 26.387844 -102.515778
v -61.484600 35.383736 -99.766197
v -77.098724 17.365643 -83.773087
v -76.600327 40.432945 -72.344925
v -66.838181 37.903603 -105.043953
v -52.809467 17.634638 -105.904587
v -52.585011 37.438080 -116.068352
v -53.634426 26.467327 -112.557373
v -69.830338 46.675743 -76.145218
v -51.411098 5.953303 -70.946541
v -84.594460 31.677219 -85.300346
v -67.355888 12.036196 -91.098251
v -52.074078 52.902138 -95.888824
v -22.931377 26.357800 -101.842873
v -76.749794 30.660145 -101.003441
v -75.495941 55.498775 -107.668365
v -55.523228 24.274431 -113.978409
v -56.472027 35.537251 -123.056763
v -80.636810 28.759304 -107.991867
v -79.382965 53.597950 -114.656776
v -40.439976 44.102932 -114.465912
v -39.945061 54.762405 -110.003136
v -56.070126 35.115433 -95.483856
v -55.423641 58.208282 -84.114944
v -47.059628 46.211994 -118.858208
v -46.564724 56.871460 -114.395401
v -62.689754 37.224480 -99.876160
v -62.043308 60.317360 -88.507217
v -28.615005 25.890169 -124.462486
v -28.177528 36.539490 -119.969559
v -44.511730 16.867985 -105.719810
v -44.013340 39.935276 -94.291656
v -35.171951 28.012091 -128.941772
v -35.454556 37.007977 -126.192200
v -51.068676 18.989887 -110.199081
v -50.570290 42.057198 -98.770927
v -30.400547 19.222788 -110.967270
v -17.216198 -1.090394 -106.284958
v -12.574725 19.402735 -113.634613
v -14.920007 8.216537 -111.858566
v -47.326500 25.880848 -86.672760
v -33.142117 0.327899 -74.908188
v -55.362293 11.769342 -102.891365
v -36.985722 -7.592105 -100.894028
v -22.364750 33.334297 -94.748680
v 6.654642 1.059337 -87.559418
v -40.834187 11.818045 -112.795494
v -37.129650 37.063137 -116.246986
v -15.819203 6.156244 -114.169914
v -12.511092 18.066339 -121.744476
v -40.770542 10.481640 -120.905380
v -37.066025 35.726749 -124.356857
v -2.928113 25.789536 -105.847328
v -4.946168 36.085548 -100.978516
v -25.592022 15.613810 -97.589165
v -31.164623 37.799187 -85.769470
v -6.618176 28.292931 -112.752151
v -8.636262 38.588936 -107.883331
v -29.282066 18.117188 -104.493988
v -34.854706 40.302597 -92.674286
v 12.734079 8.224253 -110.045288
v 10.651458 18.508593 -105.178993
v -10.044885 -1.965349 -102.127914
v -8.401313 21.028576 -92.575867
v 9.140821 10.746135 -116.994293
v 7.322234 19.518208 -114.111671
v -13.638146 0.556514 -109.076904
v -19.368221 22.713789 -97.279739
vn -0.0517 0.1175 0.9917
vn -0.9003 0.4240 -0.0986
vn 0.0449 -0.2731 -0.9609
vn 0.8576 -0.5106 0.0615
vn -0.4788 -0.8388 0.2592
vn 0.8022 0.5953 -0.0453
vn -0.1682 -0.3799 0.9096
vn -0.9380 -0.2208 -0.2672
vn 0.1500 0.3469 -0.9258
vn 0.9537 0.1419 0.2654
vn 0.3015 -0.9048 -0.3009
vn 0.2146 0.9306 0.2965
vn 0.7036 0.1686 -0.6903
vn 0.2958 0.3183 0.9007
vn -0.8945 -0.2027 0.3984
vn -0.5881 -0.3338 -0.7367
vn 0.1688 -0.9775 -0.1268
vn -0.3790 0.8714 -0.3117
vn 0.8120 -0.3799 -0.4431
vn 0.4780 -0.2295 0.8479
vn -0.8128 0.3119 0.4921
vn -0.4087 0.1665 -0.8974
vn -0.0902 -0.9370 -0.3376
vn 0.1953 0.9041 -0.3800
vn -0.0377 0.1175 0.9924
vn -0.9016 0.4240 -0.0859
vn 0.0313 -0.2731 -0.9615
vn 0.8584 -0.5106 0.0494
vn -0.4751 -0.8388 0.2659
vn 0.8015 0.5953 -0.0566
vn -0.1554 -0.3799 0.9119
vn -0.9417 -0.2208 -0.2540
vn 0.1554 0.3799 -0.9119
vn 0.9575 0.1665 0.2353
vn 0.2972 -0.9048 -0.3051
vn 0.1772 0.9041 0.3888
vn -0.9991 0.0344 0.0251
vn -0.0164 0.1979 -0.9801
vn 0.9820 -0.1887 0.0081
vn 0.0575 -0.2896 0.9554
vn -0.2220 -0.9455 -0.2381
vn 0.0590 0.7743 0.6301
vn -0.8826 -0.4697 0.0213
vn 0.2059 -0.4239 -0.8820
vn 0.9001 0.4344 -0.0328
vn -0.1956 0.3514 0.9156
vn 0.4056 -0.7819 0.4734
vn -0.3600 0.9328 0.0188
vn 0.6575 0.3554 0.6644
vn -0.8317 0.3231 0.4515
vn -0.3081 -0.3827 -0.8710
vn 0.7115 -0.4165 -0.5659
vn 0.3849 -0.9204 -0.0688
vn 0.1987 0.7719 -0.6039
vn 0.5426 -0.1402 0.8282
vn -0.8372 -0.1805 0.5162
vn -0.5426 0.1402 -0.8282
vn 0.8409 0.1221 -0.5272
vn 0.0898 -0.9755 -0.2007
vn 0.3121 0.9479 -0.0638
vn -0.9985 0.0378 0.0387
vn -0.0292 0.1967 -0.9800
vn 0.9814 -0.1919 -0.0051
vn 0.0695 -0.2886 0.9549
vn -0.2283 -0.9451 -0.2338
vn 0.0701 0.7748 0.6283
vn -0.8838 -0.4667 0.0339
vn 0.1924 -0.4257 -0.8842
vn 0.8838 0.4667 -0.0339
vn -0.1677 0.3783 0.9104
vn 0.4095 -0.7826 0.4689
vn -0.4524 0.8918 -0.0015
vn 0.7292 0.3807 0.5686
vn -0.9025 0.3589 0.2382
vn -0.4342 -0.4337 -0.7895
vn 0.9511 -0.1937 -0.2406
vn -0.0644 -0.9748 0.2134
vn 0.3842 0.8488 -0.3634
vn 0.5169 -0.1789 0.8372
vn -0.9258 -0.0930 0.3663
vn -0.0962 -0.6430 -0.7598
vn -0.7101 0.0344 -0.7033
vn 0.6956 0.1979 -0.6907
vn 0.6743 -0.1887 0.7140
vn -0.6494 -0.2896 0.7031
vn 0.0180 -0.9455 -0.3250
vn -0.4137 0.7743 0.4789
vn -0.6266 -0.4697 -0.6219
vn 0.7788 -0.4239 -0.4623
vn 0.6471 0.4344 0.6266
vn -0.7959 0.3514 0.4930
vn -0.0606 -0.7819 0.6205
vn -0.2629 0.9328 -0.2467
vn 0.0213 0.4218 0.9064
vn -0.8459 0.5115 -0.1510
vn 0.2688 -0.4337 -0.8600
vn 0.9010 -0.4165 0.1213
vn -0.0510 -0.9943 -0.0933
vn 0.4133 0.9100 0.0338
vn -0.2216 -0.1402 0.9650
vn -0.9522 -0.1805 -0.2464
vn 0.2216 0.1402 -0.9650
vn 0.9627 0.1221 0.2415
vn 0.2069 -0.9755 -0.0742
vn 0.2621 0.9479 0.1809
vn -0.7195 0.0378 -0.6935
vn 0.6867 0.1967 -0.6998
vn 0.6783 -0.2088 0.7045
vn -0.6593 -0.2728 0.7007
vn -0.1853 -0.7536 -0.6307
vn -0.4046 0.7748 0.4857
vn 0.0046 0.9946 -0.1033
vn -0.1450 -0.9250 0.3512
vn -0.4064 0.6117 0.6787
vn 0.9065 0.3296 0.2638
vn 0.3890 0.5267 -0.7558
vn -0.9065 -0.3296 -0.2638
vn -0.3028 -0.3328 -0.8931
vn 0.7661 -0.6394 -0.0651
vn 0.3028 0.3328 0.8931
vn -0.8067 0.5861 0.0760
vn -0.3329 -0.9336 0.1326
vn -0.0084 0.9964 -0.0845
vn 0.0105 0.9905 -0.1368
vn -0.3540 -0.9294 0.1049
vn -0.8035 0.5797 -0.1351
vn 0.0977 0.3818 0.9191
vn 0.7616 -0.6329 0.1396
vn -0.0977 -0.3818 -0.9191
vn -0.0170 0.9945 -0.1038
vn -0.2951 -0.9232 0.2461
vn -0.7418 0.6051 0.2891
vn 0.5514 0.3437 0.7601
vn 0.7053 -0.6572 -0.2657
vn -0.5514 -0.3437 -0.7601
vn -0.9551 -0.2858 0.0784
vn 0.1218 -0.2613 -0.9575
vn 0.9807 0.1832 0.0683
vn -0.2027 0.3533 0.9133
vn -0.7852 -0.5754 0.2287
vn 0.7683 0.3119 0.5590
vn -0.5097 -0.3216 -0.7980
vn 0.9843 -0.0687 -0.1626
vn -0.4465 -0.8721 0.2003
vn -0.7715 -0.4314 0.4677
vn -0.3182 -0.3727 -0.8717
vn 0.7715 0.4314 -0.4677
vn 0.3495 0.3227 0.8796
vn 0.5362 -0.8285 0.1615
vn -0.3258 0.9077 0.2646
vn -0.7772 -0.4335 0.4561
vn -0.4664 -0.3961 -0.7909
vn 0.8567 0.2443 -0.4543
vn 0.3643 0.2841 0.8869
vn -0.7049 -0.5910 0.3923
vn -0.2334 0.9433 0.2359
vn 0.9643 0.2468 0.0960
vn -0.6253 0.3786 0.6824
vn -0.8462 -0.2907 -0.4467
vn 0.6761 -0.1512 -0.7211
vn -0.2480 -0.8675 0.4313
vn 0.2017 0.8549 -0.4781
vn -0.2422 0.8608 -0.4477
vn -0.1004 -0.9945 -0.0308
vn -0.3743 -0.1500 -0.9151
vn -0.9225 -0.2625 0.2831
vn 0.2159 0.4632 0.8595
vn 0.8858 0.3730 -0.2762
vn -0.0534 0.1651 0.9848
vn -0.9879 0.1345 -0.0776
vn 0.0937 -0.3134 -0.9450
vn 0.9715 -0.2322 0.0476
vn -0.2019 -0.9222 0.3297
vn 0.5892 0.7993 -0.1187
vn 0.4190 -0.2998 0.8571
vn -0.8753 -0.3859 0.2913
vn -0.4190 0.2998 -0.8571
vn 0.8888 0.3330 -0.3150
vn 0.2538 -0.8769 -0.4082
vn 0.1847 0.9567 0.2252
vn 0.3949 -0.1424 0.9076
vn -0.9740 -0.2145 0.0725
vn -0.5422 0.4299 -0.7219
vn 0.9305 0.0997 -0.3525
vn -0.4195 -0.7769 -0.4696
vn 0.1625 0.9785 0.1269
vn -0.5875 0.7554 -0.2901
vn -0.1765 -0.8957 -0.4081
vn -0.6146 -0.3648 -0.6994
vn -0.6208 -0.3477 0.7026
vn 0.6503 0.3381 0.6803
vn 0.2443 0.2602 -0.9342
vn 0.4733 0.2125 0.8549
vn -0.8804 0.1639 0.4451
vn -0.4188 -0.3600 -0.8337
vn 0.8503 -0.2622 -0.4563
vn -0.0021 -0.8986 0.4388
vn 0.4419 0.7726 -0.4559
vn 0.8060 -0.2735 0.5250
vn -0.5928 -0.3423 0.7290
vn -0.8060 0.2735 -0.5250
vn 0.5915 0.2879 -0.7532
vn -0.0026 -0.9030 -0.4297
vn 0.2795 0.9593 0.0394
vn 0.7985 -0.2751 0.5356
vn -0.6030 -0.3436 0.7199
vn -0.8155 0.2386 -0.5273
vn 0.6204 0.2670 -0.7374
vn 0.0030 -0.9020 -0.4317
vn 0.2090 0.9773 -0.0336
vn 0.2207 -0.9224 -0.3170
vn -0.5893 -0.3553 0.7256
vn 0.5669 0.3927 0.7241
vn 0.1399 0.2678 -0.9533
vn -0.3907 0.7815 -0.4864
vn 0.1565 -0.9799 0.1237
vn -0.1860 -0.3052 -0.9340
vn -0.7840 -0.4317 0.4460
vn 0.2205 0.4486 0.8661
vn 0.6147 0.3317 -0.7156
vn -0.0091 0.1435 0.9896
vn -0.9895 0.1410 -0.0310
vn 0.0502 -0.2928 -0.9548
vn 0.9713 -0.2379 -0.0003
vn -0.1926 -0.9283 0.3180
vn 0.5880 0.7988 -0.1270
vn 0.4545 -0.3208 0.8310
vn -0.8639 -0.3880 0.3210
vn -0.4545 0.3208 -0.8310
vn 0.8760 0.3355 -0.3465
vn 0.2304 -0.8689 -0.4382
vn 0.2000 0.9505 0.2377
vn 0.4636 -0.3471 0.8152
vn -0.6430 -0.3742 0.6683
vn -0.4608 0.2863 -0.8401
vn 0.8941 0.3132 -0.3201
vn 0.2363 -0.8678 -0.4371
vn 0.1488 0.9881 0.0393
vt 0.375000 0.000000
vt 0.625000 0.000000
vt 0.625000 0.250000
vt 0.375000 0.250000
vt 0.625000 0.500000
vt 0.375000 0.500000
vt 0.625000 0.750000
vt 0.375000 0.750000
vt 0.625000 1.000000
vt 0.375000 1.000000
vt 0.125000 0.500000
vt 0.125000 0.750000
vt 0.875000 0.500000
vt 0.875000 0.750000
s 0
f 1444/1444/1367 1445/1445/1367 1447/1446/1367 1446/1447/1367
f 1446/1447/1368 1447/1446/1368 1451/1448/1368 1450/1449/1368
f 1450/1449/1369 1451/1448/1369 1449/1450/1369 1448/1451/1369
f 1448/1451/1370 1449/1450/1370 1445/1452/1370 1444/1453/1370
f 1446/1454/1371 1450/1449/1371 1448/1451/1371 1444/1455/1371
f 1451/1448/1372 1447/1456/1372 1445/1457/1372 1449/1450/1372
f 1452/1444/1373 1453/1445/1373 1455/1446/1373 1454/1447/1373
f 1454/1447/1374 1455/1446/1374 1459/1448/1374 1458/1449/1374
f 1458/1449/1375 1459/1448/1375 1457/1450/1375 1456/1451/1375
f 1456/1451/1376 1457/1450/1376 1453/1452/1376 1452/1453/1376
f 1454/1454/1377 1458/1449/1377 1456/1451/1377 1452/1455/1377
f 1459/1448/1378 1455/1456/1378 1453/1457/1378 1457/1450/1378
f 1460/1444/1379 1461/1445/1379 1463/1446/1379 1462/1447/1379
f 1462/1447/1380 1463/1446/1380 1467/1448/1380 1466/1449/1380
f 1466/1449/1381 1467/1448/1381 1465/1450/1381 1464/1451/1381
f 1464/1451/1382 1465/1450/1382 1461/1452/1382 1460/1453/1382
f 1462/1454/1383 1466/1449/1383 1464/1451/1383 1460/1455/1383
f 1467/1448/1384 1463/1456/1384 1461/1457/1384 1465/1450/1384
f 1468/1444/1385 1469/1445/1385 1471/1446/1385 1470/1447/1385
f 1470/1447/1386 1471/1446/1386 1475/1448/1386 1474/1449/1386
f 1474/1449/1387 1475/1448/1387 1473/1450/1387 1472/1451/1387
f 1472/1451/1388 1473/1450/1388 1469/1452/1388 1468/1453/1388
f 1470/1454/1389 1474/1449/1389 1472/1451/1389 1468/1455/1389
f 1475/1448/1390 1471/1456/1390 1469/1457/1390 1473/1450/1390
f 1476/1444/1391 1477/1445/1391 1479/1446/1391 1478/1447/1391
f 1478/1447/1392 1479/1446/1392 1483/1448/1392 1482/1449/1392
f 1482/1449/1393 1483/1448/1393 1481/1450/1393 1480/1451/1393
f 1480/1451/1394 1481/1450/1394 1477/1452/1394 1476/1453/1394
f 1478/1454/1395 1482/1449/1395 1480/1451/1395 1476/1455/1395
f 1483/1448/1396 1479/1456/1396 1477/1457/1396 1481/1450/1396
f 1484/1444/1397 1485/1445/1397 1487/1446/1397 1486/1447/1397
f 1486/1447/1398 1487/1446/1398 1491/1448/1398 1490/1449/1398
f 1490/1449/1399 1491/1448/1399 1489/1450/1399 1488/1451/1399
f 1488/1451/1400 1489/1450/1400 1485/1452/1400 1484/1453/1400
f 1486/1454/1401 1490/1449/1401 1488/1451/1401 1484/1455/1401
f 1491/1448/1402 1487/1456/1402 1485/1457/1402 1489/1450/1402
f 1492/1444/1403 1493/1445/1403 1495/1446/1403 1494/1447/1403
f 1494/1447/1404 1495/1446/1404 1499/1448/1404 1498/1449/1404
f 1498/1449/1405 1499/1448/1405 1497/1450/1405 1496/1451/1405
f 1496/1451/1406 1497/1450/1406 1493/1452/1406 1492/1453/1406
f 1494/1454/1407 1498/1449/1407 1496/1451/1407 1492/1455/1407
f 1499/1448/1408 1495/1456/1408 1493/1457/1408 1497/1450/1408
f 1500/1444/1409 1501/1445/1409 1503/1446/1409 1502/1447/1409
f 1502/1447/1410 1503/1446/1410 1507/1448/1410 1506/1449/1410
f 1506/1449/1411 1507/1448/1411 1505/1450/1411 1504/1451/1411
f 1504/1451/1412 1505/1450/1412 1501/1452/1412 1500/1453/1412
f 1502/1454/1413 1506/1449/1413 1504/1451/1413 1500/1455/1413
f 1507/1448/1414 1503/1456/1414 1501/1457/1414 1505/1450/1414
f 1508/1444/1415 1509/1445/1415 1511/1446/1415 1510/1447/1415
f 1510/1447/1416 1511/1446/1416 1515/1448/1416 1514/1449/1416
f 1514/1449/1417 1515/1448/1417 1513/1450/1417 1512/1451/1417
f 1512/1451/1418 1513/1450/1418 1509/1452/1418 1508/1453/1418
f 1510/1454/1419 1514/1449/1419 1512/1451/1419 1508/1455/1419
f 1515/1448/1420 1511/1456/1420 1509/1457/1420 1513/1450/1420
f 1516/1444/1421 1517/1445/1421 1519/1446/1421 1518/1447/1421
f 1518/1447/1422 1519/1446/1422 1523/1448/1422 1522/1449/1422
f 1522/1449/1423 1523/1448/1423 1521/1450/1423 1520/1451/1423
f 1520/1451/1424 1521/1450/1424 1517/1452/1424 1516/1453/1424
f 1518/1454/1425 1522/1449/1425 1520/1451/1425 1516/1455/1425
f 1523/1448/1426 1519/1456/1426 1517/1457/1426 1521/1450/1426
f 1524/1444/1427 1525/1445/1427 1527/1446/1427 1526/1447/1427
f 1526/1447/1428 1527/1446/1428 1531/1448/1428 1530/1449/1428
f 1530/1449/1429 1531/1448/1429 1529/1450/1429 1528/1451/1429
f 1528/1451/1430 1529/1450/1430 1525/1452/1430 1524/1453/1430
f 1526/1454/1431 1530/1449/1431 1528/1451/1431 1524/1455/1431
f 1531/1448/1432 1527/1456/1432 1525/1457/1432 1529/1450/1432
f 1532/1444/1433 1533/1445/1433 1535/1446/1433 1534/1447/1433
f 1534/1447/1434 1535/1446/1434 1539/1448/1434 1538/1449/1434
f 1538/1449/1435 1539/1448/1435 1537/1450/1435 1536/1451/1435
f 1536/1451/1436 1537/1450/1436 1533/1452/1436 1532/1453/1436
f 1534/1454/1437 1538/1449/1437 1536/1451/1437 1532/1455/1437
f 1539/1448/1438 1535/1456/1438 1533/1457/1438 1537/1450/1438
f 1540/1444/1403 1541/1445/1403 1543/1446/1403 1542/1447/1403
f 1542/1447/1404 1543/1446/1404 1547/1448/1404 1546/1449/1404
f 1546/1449/1405 1547/1448/1405 1545/1450/1405 1544/1451/1405
f 1544/1451/1406 1545/1450/1406 1541/1452/1406 1540/1453/1406
f 1542/1454/1407 1546/1449/1407 1544/1451/1407 1540/1455/1407
f 1547/1448/1408 1543/1456/1408 1541/1457/1408 1545/1450/1408
f 1548/1444/1409 1549/1445/1409 1551/1446/1409 1550/1447/1409
f 1550/1447/1410 1551/1446/1410 1555/1448/1410 1554/1449/1410
f 1554/1449/1411 1555/1448/1411 1553/1450/1411 1552/1451/1411
f 1552/1451/1412 1553/1450/1412 1549/1452/1412 1548/1453/1412
f 1550/1454/1413 1554/1449/1413 1552/1451/1413 1548/1455/1413
f 1555/1448/1414 1551/1456/1414 1549/1457/1414 1553/1450/1414
f 1556/1444/1439 1557/1445/1439 1559/1446/1439 1558/1447/1439
f 1558/1447/1440 1559/1446/1440 1563/1448/1440 1562/1449/1440
f 1562/1449/1441 1563/1448/1441 1561/1450/1441 1560/1451/1441
f 1560/1451/1442 1561/1450/1442 1557/1452/1442 1556/1453/1442
f 1558/1454/1443 1562/1449/1443 1560/1451/1443 1556/1455/1443
f 1563/1448/1444 1559/1456/1444 1557/1457/1444 1561/1450/1444
f 1564/1444/1445 1565/1445/1445 1567/1446/1445 1566/1447/1445
f 1566/1447/1446 1567/1446/1446 1571/1448/1446 1570/1449/1446
f 1570/1449/1423 1571/1448/1423 1569/1450/1423 1568/1451/1423
f 1568/1451/1424 1569/1450/1424 1565/1452/1424 1564/1453/1424
f 1566/1454/1447 1570/1449/1447 1568/1451/1447 1564/1455/1447
f 1571/1448/1426 1567/1456/1426 1565/1457/1426 1569/1450/1426
f 1572/1444/1427 1573/1445/1427 1575/1446/1427 1574/1447/1427
f 1574/1447/1428 1575/1446/1428 1579/1448/1428 1578/1449/1428
f 1578/1449/1429 1579/1448/1429 1577/1450/1429 1576/1451/1429
f 1576/1451/1430 1577/1450/1430 1573/1452/1430 1572/1453/1430
f 1574/1454/1431 1578/1449/1431 1576/1451/1431 1572/1455/1431
f 1579/1448/1432 1575/1456/1432 1573/1457/1432 1577/1450/1432
f 1580/1444/1433 1581/1445/1433 1583/1446/1433 1582/1447/1433
f 1582/1447/1434 1583/1446/1434 1587/1448/1434 1586/1449/1434
f 1586/1449/1435 1587/1448/1435 1585/1450/1435 1584/1451/1435
f 1584/1451/1436 1585/1450/1436 1581/1452/1436 1580/1453/1436
f 1582/1454/1437 1586/1449/1437 1584/1451/1437 1580/1455/1437
f 1587/1448/1438 1583/1456/1438 1581/1457/1438 1585/1450/1438
f 1588/1444/1448 1589/1445/1448 1591/1446/1448 1590/1447/1448
f 1590/1447/1449 1591/1446/1449 1595/1448/1449 1594/1449/1449
f 1594/1449/1450 1595/1448/1450 1593/1450/1450 1592/1451/1450
f 1592/1451/1451 1593/1450/1451 1589/1452/1451 1588/1453/1451
f 1590/1454/1452 1594/1449/1452 1592/1451/1452 1588/1455/1452
f 1595/1448/1453 1591/1456/1453 1589/1457/1453 1593/1450/1453
f 1596/1444/1454 1597/1445/1454 1599/1446/1454 1598/1447/1454
f 1598/1447/1455 1599/1446/1455 1603/1448/1455 1602/1449/1455
f 1602/1449/1456 1603/1448/1456 1601/1450/1456 1600/1451/1456
f 1600/1451/1457 1601/1450/1457 1597/1452/1457 1596/1453/1457
f 1598/1454/1458 1602/1449/1458 1600/1451/1458 1596/1455/1458
f 1603/1448/1459 1599/1456/1459 1597/1457/1459 1601/1450/1459
f 1604/1444/1460 1605/1445/1460 1607/1446/1460 1606/1447/1460
f 1606/1447/1461 1607/1446/1461 1611/1448/1461 1610/1449/1461
f 1610/1449/1462 1611/1448/1462 1609/1450/1462 1608/1451/1462
f 1608/1451/1463 1609/1450/1463 1605/1452/1463 1604/1453/1463
f 1606/1454/1464 1610/1449/1464 1608/1451/1464 1604/1455/1464
f 1611/1448/1465 1607/1456/1465 1605/1457/1465 1609/1450/1465
f 1612/1444/1466 1613/1445/1466 1615/1446/1466 1614/1447/1466
f 1614/1447/1467 1615/1446/1467 1619/1448/1467 1618/1449/1467
f 1618/1449/1468 1619/1448/1468 1617/1450/1468 1616/1451/1468
f 1616/1451/1469 1617/1450/1469 1613/1452/1469 1612/1453/1469
f 1614/1454/1470 1618/1449/1470 1616/1451/1470 1612/1455/1470
f 1619/1448/1471 1615/1456/1471 1613/1457/1471 1617/1450/1471
f 1620/1444/1472 1621/1445/1472 1623/1446/1472 1622/1447/1472
f 1622/1447/1473 1623/1446/1473 1627/1448/1473 1626/1449/1473
f 1626/1449/1474 1627/1448/1474 1625/1450/1474 1624/1451/1474
f 1624/1451/1475 1625/1450/1475 1621/1452/1475 1620/1453/1475
f 1622/1454/1476 1626/1449/1476 1624/1451/1476 1620/1455/1476
f 1627/1448/1477 1623/1456/1477 1621/1457/1477 1625/1450/1477
f 1628/1448/1478 1632/1456/1478 1634/1457/1478 1630/1450/1478
f 1633/1454/1479 1629/1449/1479 1631/1451/1479 1635/1455/1479
f 1631/1451/1480 1630/1450/1480 1634/1452/1480 1635/1453/1480
f 1629/1449/1481 1628/1448/1481 1630/1450/1481 1631/1451/1481
f 1633/1447/1482 1632/1446/1482 1628/1448/1482 1629/1449/1482
f 1635/1444/1483 1634/1445/1483 1632/1446/1483 1633/1447/1483
f 1636/1444/1484 1637/1445/1484 1639/1446/1484 1638/1447/1484
f 1638/1447/1485 1639/1446/1485 1643/1448/1485 1642/1449/1485
f 1642/1449/1486 1643/1448/1486 1641/1450/1486 1640/1451/1486
f 1640/1451/1487 1641/1450/1487 1637/1452/1487 1636/1453/1487
f 1638/1454/1488 1642/1449/1488 1640/1451/1488 1636/1455/1488
f 1643/1448/1489 1639/1456/1489 1637/1457/1489 1641/1450/1489
f 1644/1448/1490 1648/1456/1490 1650/1457/1490 1646/1450/1490
f 1649/1454/1491 1645/1449/1491 1647/1451/1491 1651/1455/1491
f 1647/1451/1492 1646/1450/1492 1650/1452/1492 1651/1453/1492
f 1645/1449/1493 1644/1448/1493 1646/1450/1493 1647/1451/1493
f 1649/1447/1494 1648/1446/1494 1644/1448/1494 1645/1449/1494
f 1651/1444/1495 1650/1445/1495 1648/1446/1495 1649/1447/1495
f 1652/1448/1496 1656/1456/1496 1658/1457/1496 1654/1450/1496
f 1657/1454/1497 1653/1449/1497 1655/1451/1497 1659/1455/1497
f 1655/1451/1498 1654/1450/1498 1658/1452/1498 1659/1453/1498
f 1653/1449/1499 1652/1448/1499 1654/1450/1499 1655/1451/1499
f 1657/1447/1500 1656/1446/1500 1652/1448/1500 1653/1449/1500
f 1659/1444/1501 1658/1445/1501 1656/1446/1501 1657/1447/1501
f 1660/1444/1502 1661/1445/1502 1663/1446/1502 1662/1447/1502
f 1662/1447/1503 1663/1446/1503 1667/1448/1503 1666/1449/1503
f 1666/1449/1504 1667/1448/1504 1665/1450/1504 1664/1451/1504
f 1664/1451/1505 1665/1450/1505 1661/1452/1505 1660/1453/1505
f 1662/1454/1506 1666/1449/1506 1664/1451/1506 1660/1455/1506
f 1667/1448/1414 1663/1456/1414 1661/1457/1414 1665/1450/1414
f 1668/1444/1507 1669/1445/1507 1671/1446/1507 1670/1447/1507
f 1670/1447/1440 1671/1446/1440 1675/1448/1440 1674/1449/1440
f 1674/1449/1508 1675/1448/1508 1673/1450/1508 1672/1451/1508
f 1672/1451/1509 1673/1450/1509 1669/1452/1509 1668/1453/1509
f 1670/1454/1510 1674/1449/1510 1672/1451/1510 1668/1455/1510
f 1675/1448/1444 1671/1456/1444 1669/1457/1444 1673/1450/1444
f 1676/1444/1460 1677/1445/1460 1679/1446/1460 1678/1447/1460
f 1678/1447/1461 1679/1446/1461 1683/1448/1461 1682/1449/1461
f 1682/1449/1462 1683/1448/1462 1681/1450/1462 1680/1451/1462
f 1680/1451/1463 1681/1450/1463 1677/1452/1463 1676/1453/1463
f 1678/1454/1464 1682/1449/1464 1680/1451/1464 1676/1455/1464
f 1683/1448/1465 1679/1456/1465 1677/1457/1465 1681/1450/1465
f 1686/1444/1511 1687/1445/1511 1689/1446/1511 1688/1447/1511
f 1688/1447/1512 1689/1446/1512 1693/1448/1512 1692/1449/1512
f 1692/1449/1513 1693/1448/1513 1691/1450/1513 1690/1451/1513
f 1690/1451/1514 1691/1450/1514 1687/1452/1514 1686/1453/1514
f 1688/1454/1515 1692/1449/1515 1690/1451/1515 1686/1455/1515
f 1693/1448/1516 1689/1456/1516 1687/1457/1516 1691/1450/1516
f 1694/1444/1517 1695/1445/1517 1697/1446/1517 1696/1447/1517
f 1696/1447/1518 1697/1446/1518 1701/1448/1518 1700/1449/1518
f 1700/1449/1519 1701/1448/1519 1699/1450/1519 1698/1451/1519
f 1698/1451/1520 1699/1450/1520 1695/1452/1520 1694/1453/1520
f 1696/1454/1521 1700/1449/1521 1698/1451/1521 1694/1455/1521
f 1701/1448/1522 1697/1456/1522 1695/1457/1522 1699/1450/1522
f 1702/1444/1523 1703/1445/1523 1705/1446/1523 1704/1447/1523
f 1704/1447/1524 1705/1446/1524 1709/1448/1524 1708/1449/1524
f 1708/1449/1525 1709/1448/1525 1707/1450/1525 1706/1451/1525
f 1706/1451/1526 1707/1450/1526 1703/1452/1526 1702/1453/1526
f 1704/1454/1527 1708/1449/1527 1706/1451/1527 1702/1455/1527
f 1709/1448/1528 1705/1456/1528 1703/1457/1528 1707/1450/1528
f 1712/1448/1529 1716/1456/1529 1684/1457/1529 1714/1450/1529
f 1717/1454/1530 1713/1449/1530 1715/1451/1530 1685/1455/1530
f 1715/1451/1531 1714/1450/1531 1684/1452/1531 1685/1453/1531
f 1713/1449/1532 1712/1448/1532 1714/1450/1532 1715/1451/1532
f 1717/1447/1533 1716/1446/1533 1712/1448/1533 1713/1449/1533
f 1685/1444/1534 1684/1445/1534 1716/1446/1534 1717/1447/1534
f 1711/1444/1535 1710/1445/1535 1719/1446/1535 1718/1447/1535
f 1718/1447/1536 1719/1446/1536 1723/1448/1536 1722/1449/1536
f 1722/1449/1537 1723/1448/1537 1721/1450/1537 1720/1451/1537
f 1720/1451/1538 1721/1450/1538 1710/1452/1538 1711/1453/1538
f 1718/1454/1539 1722/1449/1539 1720/1451/1539 1711/1455/1539
f 1723/1448/1540 1719/1456/1540 1710/1457/1540 1721/1450/1540
f 1724/1444/1541 1725/1445/1541 1727/1446/1541 1726/1447/1541
f 1726/1447/1542 1727/1446/1542 1731/1448/1542 1730/1449/1542
f 1730/1449/1543 1731/1448/1543 1729/1450/1543 1728/1451/1543
f 1728/1451/1544 1729/1450/1544 1725/1452/1544 1724/1453/1544
f 1726/1454/1545 1730/1449/1545 1728/1451/1545 1724/1455/1545
f 1731/1448/1546 1727/1456/1546 1725/1457/1546 1729/1450/1546
f 1732/1444/1547 1733/1445/1547 1735/1446/1547 1734/1447/1547
f 1734/1447/1548 1735/1446/1548 1739/1448/1548 1738/1449/1548
f 1738/1449/1549 1739/1448/1549 1737/1450/1549 1736/1451/1549
f 1736/1451/1550 1737/1450/1550 1733/1452/1550 1732/1453/1550
f 1734/1454/1551 1738/1449/1551 1736/1451/1551 1732/1455/1551
f 1739/1448/1552 1735/1456/1552 1733/1457/1552 1737/1450/1552
f 1744/1448/1553 1748/1456/1553 1740/1457/1553 1746/1450/1553
f 1749/1454/1554 1745/1449/1554 1747/1451/1554 1741/1455/1554
f 1747/1451/1555 1746/1450/1555 1740/1452/1555 1741/1453/1555
f 1745/1449/1556 1744/1448/1556 1746/1450/1556 1747/1451/1556
f 1749/1447/1557 1748/1446/1557 1744/1448/1557 1745/1449/1557
f 1741/1444/1558 1740/1445/1558 1748/1446/1558 1749/1447/1558
f 1743/1444/1559 1742/1445/1559 1751/1446/1559 1750/1447/1559
f 1750/1447/1560 1751/1446/1560 1755/1448/1560 1754/1449/1560
f 1754/1449/1561 1755/1448/1561 1753/1450/1561 1752/1451/1561
f 1752/1451/1562 1753/1450/1562 1742/1452/1562 1743/1453/1562
f 1750/1454/1563 1754/1449/1563 1752/1451/1563 1743/1455/1563
f 1755/1448/1564 1751/1456/1564 1742/1457/1564 1753/1450/1564
f 1756/1444/1565 1757/1445/1565 1759/1446/1565 1758/1447/1565
f 1758/1447/1566 1759/1446/1566 1763/1448/1566 1762/1449/1566
f 1762/1449/1567 1763/1448/1567 1761/1450/1567 1760/1451/1567
f 1760/1451/1568 1761/1450/1568 1757/1452/1568 1756/1453/1568
f 1758/1454/1569 1762/1449/1569 1760/1451/1569 1756/1455/1569
f 1763/1448/1570 1759/1456/1570 1757/1457/1570 1761/1450/1570
f 1764/1444/1571 1765/1445/1571 1767/1446/1571 1766/1447/1571
f 1766/1447/1572 1767/1446/1572 1771/1448/1572 1770/1449/1572
f 1770/1449/1573 1771/1448/1573 1769/1450/1573 1768/1451/1573
f 1768/1451/1574 1769/1450/1574 1765/1452/1574 1764/1453/1574
f 1766/1454/1575 1770/1449/1575 1768/1451/1575 1764/1455/1575
f 1771/1448/1576 1767/1456/1576 1765/1457/1576 1769/1450/1576
f 1776/1448/1553 1780/1456/1553 1772/1457/1553 1778/1450/1553
f 1781/1454/1577 1777/1449/1577 1779/1451/1577 1773/1455/1577
f 1779/1451/1555 1778/1450/1555 1772/1452/1555 1773/1453/1555
f 1777/1449/1578 1776/1448/1578 1778/1450/1578 1779/1451/1578
f 1781/1447/1579 1780/1446/1579 1776/1448/1579 1777/1449/1579
f 1773/1444/1580 1772/1445/1580 1780/1446/1580 1781/1447/1580
f 1775/1444/1559 1774/1445/1559 1783/1446/1559 1782/1447/1559
f 1782/1447/1560 1783/1446/1560 1787/1448/1560 1786/1449/1560
f 1786/1449/1561 1787/1448/1561 1785/1450/1561 1784/1451/1561
f 1784/1451/1562 1785/1450/1562 1774/1452/1562 1775/1453/1562
f 1782/1454/1563 1786/1449/1563 1784/1451/1563 1775/1455/1563
f 1787/1448/1564 1783/1456/1564 1774/1457/1564 1785/1450/1564
f 1788/1444/1565 1789/1445/1565 1791/1446/1565 1790/1447/1565
f 1790/1447/1566 1791/1446/1566 1795/1448/1566 1794/1449/1566
f 1794/1449/1567 1795/1448/1567 1793/1450/1567 1792/1451/1567
f 1792/1451/1568 1793/1450/1568 1789/1452/1568 1788/1453/1568
f 1790/1454/1569 1794/1449/1569 1792/1451/1569 1788/1455/1569
f 1795/1448/1570 1791/1456/1570 1789/1457/1570 1793/1450/1570
f 1796/1444/1571 1797/1445/1571 1799/1446/1571 1798/1447/1571
f 1798/1447/1572 1799/1446/1572 1803/1448/1572 1802/1449/1572
f 1802/1449/1573 1803/1448/1573 1801/1450/1573 1800/1451/1573
f 1800/1451/1574 1801/1450/1574 1797/1452/1574 1796/1453/1574
f 1798/1454/1575 1802/1449/1575 1800/1451/1575 1796/1455/1575
f 1803/1448/1576 1799/1456/1576 1797/1457/1576 1801/1450/1576
f 1808/1448/1581 1812/1456/1581 1804/1457/1581 1810/1450/1581
f 1813/1454/1582 1809/1449/1582 1811/1451/1582 1805/1455/1582
f 1811/1451/1583 1810/1450/1583 1804/1452/1583 1805/1453/1583
f 1809/1449/1584 1808/1448/1584 1810/1450/1584 1811/1451/1584
f 1813/1447/1585 1812/1446/1585 1808/1448/1585 1809/1449/1585
f 1805/1444/1586 1804/1445/1586 1812/1446/1586 1813/1447/1586
f 1807/1444/1587 1806/1445/1587 1815/1446/1587 1814/1447/1587
f 1814/1447/1588 1815/1446/1588 1819/1448/1588 1818/1449/1588
f 1818/1449/1589 1819/1448/1589 1817/1450/1589 1816/1451/1589
f 1816/1451/1590 1817/1450/1590 1806/1452/1590 1807/1453/1590
f 1814/1454/1591 1818/1449/1591 1816/1451/1591 1807/1455/1591
f 1819/1448/1592 1815/1456/1592 1806/1457/1592 1817/1450/1592
f 1820/1444/1593 1821/1445/1593 1823/1446/1593 1822/1447/1593
f 1822/1447/1594 1823/1446/1594 1827/1448/1594 1826/1449/1594
f 1826/1449/1595 1827/1448/1595 1825/1450/1595 1824/1451/1595
f 1824/1451/1596 1825/1450/1596 1821/1452/1596 1820/1453/1596
f 1822/1454/1597 1826/1449/1597 1824/1451/1597 1820/1455/1597
f 1827/1448/1598 1823/1456/1598 1821/1457/1598 1825/1450/1598
f 1828/1444/1599 1829/1445/1599 1831/1446/1599 1830/1447/1599
f 1830/1447/1600 1831/1446/1600 1835/1448/1600 1834/1449/1600
f 1834/1449/1601 1835/1448/1601 1833/1450/1601 1832/1451/1601
f 1832/1451/1602 1833/1450/1602 1829/1452/1602 1828/1453/1602
f 1830/1454/1603 1834/1449/1603 1832/1451/1603 1828/1455/1603
f 1835/1448/1604 1831/1456/1604 1829/1457/1604 1833/1450/1604
o Cube
v -28.457989 3.314417 32.515255
v -16.874039 19.894796 17.458351
v -12.963399 29.138735 11.855803
v -28.457989 3.314417 -24.298244
v -16.874039 19.894796 -9.248220
v -12.963399 29.138735 -3.638788
v 6.441831 19.894796 17.458351
v 18.025784 3.314417 32.515255
v 2.531192 29.138735 11.855803
v 18.025784 3.314417 -24.298244
v 6.441831 19.894796 -9.248220
v 2.531192 29.138735 -3.638788
v -7.132541 14.437046 -15.400140
v -7.132541 18.269920 -12.333840
v -3.299666 18.269920 -12.333840
v -3.299666 14.437046 -15.400140
v -7.132541 14.437046 23.617153
v -7.132541 18.269920 20.550854
v -3.299666 18.269920 20.550854
v -3.299666 14.437046 23.617153
v 6.441831 3.314417 17.458351
v 6.441831 3.314417 -9.248220
v -16.874039 3.314417 17.458351
v -16.874039 3.314417 -9.248220
v -7.132541 14.437046 17.458351
v -7.132541 14.437046 -9.248220
v -7.132541 18.269920 -9.248220
v -7.132541 18.269920 17.458351
v -3.299666 18.269920 17.458351
v -3.299666 18.269920 -9.248220
v -3.299666 14.437046 17.458351
v -3.299666 14.437046 -9.248220
v -3.904678 14.437046 17.458351
v -6.528206 14.437046 -9.248220
v 6.441831 14.287537 -9.248220
v 6.441831 14.287537 17.458351
v -5.732591 14.287537 17.458351
v -4.345594 14.287537 17.458351
v -5.732591 14.287537 -9.248220
v -6.973517 14.287537 -9.248220
v -16.874039 14.287537 -9.248220
v -16.874039 14.287537 17.458351
v -16.874039 3.957809 -9.248220
v -16.874039 3.957809 17.458351
v 6.441831 3.957809 -9.248220
v 6.441831 3.957809 17.458351
v -3.821549 14.416822 -9.616386
v -3.821549 11.735849 -9.616386
v -3.821549 14.416822 -6.935416
v -3.821549 11.735849 -6.935416
v -6.502522 14.416822 -9.616386
v -6.502522 11.735849 -9.616386
v -6.502522 14.416822 -6.935416
v -6.502522 11.735849 -6.935416
v -3.821549 13.398054 -9.616386
v -3.821549 13.398054 -6.935416
v -6.502522 13.398054 -6.935416
v -6.502522 13.398054 -9.616386
v -10.797719 13.398054 -7.514126
v -10.777212 14.379601 -7.773494
v -10.765364 14.416822 -9.616386
v -10.765364 13.398054 -9.616386
v -16.997204 13.398054 -6.935416
v -16.997204 14.416822 -6.935416
v -16.997204 14.416822 -9.616386
v -16.997204 13.398054 -9.616386
v -14.753741 14.416822 -9.616386
v -14.753741 13.398054 -9.616386
v -14.753741 13.398054 -6.935416
v -14.753741 14.416822 -6.935416
v -16.899176 11.748970 -0.618928
v -16.899176 12.767740 -0.618928
v -14.496782 11.705624 -0.628015
v -15.408498 12.695589 -0.552375
v -17.248039 9.178108 4.405418
v -17.248039 10.196880 4.405418
v -15.004577 9.178108 4.405418
v -15.004577 10.196880 4.405418
v -17.248039 9.178108 9.591101
v -17.248039 10.196880 9.591101
v -15.004577 9.178108 9.591101
v -15.004577 10.196880 9.591101
v -6.387408 9.178108 4.405418
v -6.387408 10.196880 4.405418
v -6.387408 9.178108 9.591101
v -6.387408 10.196880 9.591101
v -10.901216 9.600637 5.625558
v -10.901216 10.619408 5.625558
v -10.695992 9.178108 9.591101
v -10.695992 10.196880 9.591101
v -12.419426 10.196880 4.405418
v -13.281143 10.196880 4.405418
v -14.086528 9.744427 4.545453
v -15.004577 9.178108 6.998260
v -12.096924 9.928583 7.862574
v -13.281143 10.196880 9.591101
v -14.142860 10.196880 9.591101
v -15.004577 10.196880 9.591101
v -15.004577 9.178108 4.405418
v -14.142859 9.178108 4.405418
v -13.281142 9.178108 4.405418
v -12.419425 9.178108 4.405418
v -15.004577 9.178108 9.591101
v -14.142859 9.178108 9.591101
v -13.281142 9.178108 9.591101
v -12.385331 8.929914 8.472756
v -8.541700 9.178108 4.405418
v -8.541700 9.178108 9.591101
v -8.541700 10.196880 4.405418
v -8.541700 10.196880 9.591101
v -15.004577 10.196880 6.998260
v -17.248039 9.178108 6.998260
v -17.248039 10.196880 6.998260
v -6.387408 9.178108 6.998260
v -6.387408 10.196880 6.998260
v -10.798604 10.408144 7.608330
v -10.798604 9.389372 7.608329
v -15.004577 9.178108 6.998260
v -14.142859 9.178108 6.998260
v -13.281142 9.178108 6.998260
v -12.402378 9.054014 6.439087
v -14.114694 9.970652 7.068277
v -13.281143 10.196880 6.998260
v -12.258175 10.062731 6.133996
v -8.541700 10.196880 6.998260
v -8.541700 9.178108 6.998260
v 1.070071 5.098585 2.837547
v 1.070071 6.117357 2.837547
v 1.070071 6.117357 5.430388
v 1.070071 5.098585 5.430388
v 4.147540 5.098585 2.837547
v 4.147540 6.117357 2.837547
v 4.147540 6.117357 5.430388
v 4.147540 5.098585 5.430388
v 0.879570 2.923878 -1.612454
v 0.879570 3.942650 -1.612454
v 3.957040 2.923878 -1.612454
v 3.957040 3.942650 -1.612454
v -3.811440 7.768955 3.863843
v -2.319943 6.953051 3.550268
v -0.828448 6.137148 3.236694
v 0.663048 5.321243 2.923120
v 0.663048 6.340014 2.923120
v -1.006167 7.814806 3.149240
v -2.319944 7.971825 3.550269
v -3.811440 8.787727 3.863843
v -3.811440 8.787725 6.456684
v -2.319943 7.971823 6.143110
v -1.006167 7.814806 5.742081
v 0.663048 6.340014 5.515961
v 0.663048 5.321243 5.515961
v -0.828448 6.137148 5.829535
v -2.319944 6.953054 6.143110
v -3.811440 7.768957 6.456684
v -2.718198 8.011717 9.728580
v -0.276980 7.814806 9.210409
v -0.099261 6.137148 9.297863
v -2.718198 6.992949 9.728580
v -1.455045 9.542278 13.669067
v 0.447049 9.230904 12.938976
v 0.624768 7.553246 13.026431
v -1.453990 8.315956 13.759988
v -0.188025 9.660568 15.887965
v 1.137826 9.349195 14.340996
v 1.335751 7.671535 14.333387
v -0.143850 8.434248 15.967439
v 2.793054 9.829306 17.274975
v 3.120140 9.517931 15.264003
v 3.285190 7.840273 15.154503
v 2.872136 8.602983 17.319847
v 5.164633 10.005316 17.640524
v 5.124691 9.693943 15.603516
v 5.267355 8.016283 15.466116
v 5.250496 8.778996 17.670441
v 4.977080 11.760078 8.762438
v 5.142130 10.082420 8.652938
v 6.981630 11.936090 9.101951
v 7.124296 10.258432 8.964551
v 4.113003 12.073616 4.156192
v 4.278053 10.395956 4.046691
v 6.117553 12.249626 4.495705
v 6.260218 10.571968 4.358304
v 4.398148 11.970148 5.676253
v 6.402699 12.146160 6.015766
v 6.545363 10.468500 5.878366
v 4.563199 10.292490 5.566752
v -0.401191 13.699362 4.641065
v -0.236140 12.021704 4.531564
v -0.116046 13.595894 6.161126
v 0.049005 11.918236 6.051626
v -6.062677 14.483364 8.227226
v -4.584761 12.862469 8.278301
v -3.822500 14.306791 9.923649
v -4.299616 12.759001 9.798363
v -2.125305 12.338619 7.924994
v -2.290356 14.016277 8.034494
v -2.575501 14.119745 6.514433
v -2.410451 12.442085 6.404933
v -7.107840 14.406927 17.347750
v -5.817854 13.013340 16.792027
v -3.343570 14.570116 17.157036
v -4.300098 12.713274 16.886784
v -36.293163 -6.685253 37.883831
v -36.293163 3.481260 37.883831
v -36.293163 -6.685253 -29.435154
v -36.293163 3.481260 -29.435154
v 31.025822 -6.685253 37.883831
v 31.025822 3.481260 37.883831
v 31.025822 -6.685253 -29.435154
v 31.025822 3.481260 -29.435154
v -12.963399 29.138735 -3.638788
v -7.132541 18.269920 -12.333840
v 18.025784 3.314417 -24.298244
v -3.299666 14.437046 -15.400140
vn -0.8575 0.5145 -0.0000
vn -0.0000 0.6247 -0.7809
vn 0.8575 0.5145 -0.0000
vn -0.0000 0.6247 0.7809
vn -0.0000 -1.0000 -0.0000
vn -0.0000 1.0000 -0.0000
vn 1.0000 -0.0000 -0.0000
vn -1.0000 -0.0000 -0.0000
vn -0.0000 -0.0000 1.0000
vn -0.0220 -0.0392 0.9990
vn -0.0000 -0.0000 -1.0000
vn -0.0052 1.0000 0.0082
vn -0.1623 0.1285 0.9783
vn 0.9039 0.4051 0.1373
vn 0.0055 1.0000 0.0082
vn 0.1750 0.1248 0.9766
vn 0.0092 0.8916 0.4528
vn -0.0095 -0.9667 -0.2556
vn -0.9999 -0.0000 0.0155
vn 0.0141 0.9663 0.2571
vn -0.9976 -0.0000 -0.0693
vn 0.8934 0.3976 0.2093
vn -0.0092 -0.8916 -0.4527
vn -0.6729 0.3006 0.6759
vn -0.3413 0.9334 0.1111
vn 0.2326 -0.9686 -0.0878
vn 0.6264 -0.0000 -0.7795
vn 0.3546 0.8850 -0.3016
vn -0.1523 -0.9874 -0.0422
vn -0.1079 0.0913 -0.9900
vn -0.2281 -0.9733 -0.0253
vn -0.1339 0.9900 -0.0445
vn 0.0540 0.9975 0.0448
vn -0.3869 0.9211 -0.0429
vn 0.0836 0.9961 0.0278
vn 0.8111 0.0600 0.5818
vn 0.1523 0.9874 0.0422
vn -0.0540 -0.9975 -0.0448
vn -0.4593 -0.0000 -0.8883
vn 0.2051 0.9785 0.0227
vn -0.0795 -0.9965 -0.0264
vn 0.1297 0.9906 -0.0431
vn 0.2983 -0.9504 -0.0882
vn -0.3252 0.9391 0.1105
vn -0.2057 -0.0000 -0.9786
vn 0.2057 -0.0000 0.9786
vn 0.4799 0.8773 -0.0000
vn -0.4799 -0.8773 -0.0000
vn -0.0000 -0.8985 0.4391
vn -0.9991 -0.0000 0.0428
vn -0.0000 0.8985 -0.4391
vn 0.9991 -0.0000 -0.0428
vn 0.1187 0.9929 -0.0000
vn 0.6621 0.7494 -0.0000
vn -0.3731 -0.9275 0.0227
vn 0.1997 0.0449 0.9788
vn -0.2623 -0.0485 -0.9638
vn -0.1997 -0.0449 -0.9788
vn 0.9705 0.0912 -0.2231
vn -0.9939 -0.0000 -0.1104
vn 0.0914 0.9958 -0.0099
vn 0.9744 0.0925 -0.2049
vn -0.8645 0.0190 0.5023
vn -0.2179 -0.9015 0.3740
vn -0.9544 0.0116 0.2984
vn 0.0057 0.9330 -0.3600
vn 0.3990 0.0751 -0.9139
vn 0.1049 0.9871 -0.1212
vn 0.8816 0.0877 -0.4638
vn -0.2614 -0.9413 0.2137
vn 0.0258 -0.9430 0.3317
vn -0.0830 -0.9384 0.3354
vn -0.4165 0.0251 0.9088
vn 0.0109 0.9858 -0.1675
vn 0.9965 0.0794 -0.0255
vn -0.1505 0.0200 0.9884
vn -0.0543 0.9863 -0.1556
vn -0.1322 0.9481 0.2892
vn -0.1017 0.9910 0.0865
vn 0.1298 -0.9482 -0.2899
vn 0.9546 0.0572 0.2924
vn -0.9518 -0.0742 -0.2975
vn 0.1531 0.0865 -0.9844
vn 0.9793 0.0978 -0.1771
vn 0.1016 -0.9911 -0.0865
vn 0.3389 0.9408 0.0005
vn -0.9784 -0.1078 0.1762
vn 0.6960 -0.1189 0.7081
vn -0.0865 0.0564 -0.9947
vn -0.3389 -0.9408 -0.0005
vn 0.0865 -0.0564 0.9947
vn -0.2099 -0.9777 -0.0100
vn 0.1224 0.9924 -0.0097
vn -0.2119 -0.9769 -0.0267
vn -0.5423 -0.2560 -0.8002
vn -0.6543 -0.0150 -0.7561
vn 0.2119 0.9769 0.0267
vn 0.6543 0.0150 0.7561
vn 0.0113 -0.2452 0.9694
vn -0.7411 -0.6649 -0.0929
vn 0.9224 -0.3855 -0.0250
vn 0.0051 0.9999 -0.0113
vt 0.375000 0.000000
vt 0.625000 0.000000
vt 0.625000 0.250000
vt 0.375000 0.250000
vt 0.625000 0.500000
vt 0.519781 0.392981
vt 0.519781 0.357019
vt 0.482676 0.360086
vt 0.000000 0.000000
vt 0.375000 0.500000
vt 0.625000 0.750000
vt 0.375000 0.750000
vt 0.625000 1.000000
vt 0.375000 1.000000
vt 0.482676 0.889914
vt 0.519781 0.892981
vt 0.375000 0.716307
vt 0.125000 0.716307
vt 0.125000 0.750000
vt 0.125000 0.500000
vt 0.187301 0.566226
vt 0.187301 0.683744
vt 0.312699 0.683744
vt 0.312699 0.566226
vt 0.875000 0.500000
vt 0.875000 0.750000
vt 0.375000 0.232024
vt 0.625000 0.216437
vt 0.625000 0.200753
vt 0.375000 0.200753
vt 0.625000 0.049280
vt 0.375000 0.033693
vt 0.375000 0.064999
vt 0.625000 0.064999
vt 0.625000 0.549247
vt 0.625000 0.533563
vt 0.375000 0.517976
vt 0.375000 0.549247
vt 0.625000 0.700720
vt 0.625000 0.685000
vt 0.375000 0.685001
vt 0.125000 0.517976
vt 0.125000 0.549247
vt 0.164418 0.549247
vt 0.125000 0.685001
vt 0.335538 0.685000
vt 0.875000 0.700720
vt 0.875000 0.685000
vt 0.875000 0.549247
vt 0.875000 0.533563
vt 0.536677 0.250000
vt 0.431885 0.250000
vt 0.431885 0.000000
vt 0.536677 0.000000
vt 0.543205 0.000000
vt 0.543205 0.250000
vt 0.536677 0.500000
vt 0.431885 0.500000
vt 0.431885 0.369462
vt 0.431885 0.356157
vt 0.543205 0.500000
vt 0.430368 0.360931
vt 0.430368 0.354451
vt 0.431885 0.750000
vt 0.536677 0.750000
vt 0.543205 0.750000
vt 0.536677 1.000000
vt 0.431885 1.000000
vt 0.431885 0.880538
vt 0.431885 0.865666
vt 0.543205 1.000000
vt 0.430368 0.895549
vt 0.430368 0.860938
vt 0.470000 0.000000
vt 0.470000 0.250000
vt 0.470000 0.500000
vt 0.470000 0.750000
vt 0.470000 1.000000
vt 0.470000 0.750000
vt 0.470000 0.500000
vt 0.375000 0.500000
vt 0.375000 0.500000
vt 0.470000 0.500000
vt 0.375000 0.500000
vt 0.376273 0.500000
vt 0.470000 0.500000
vt 0.470000 0.500000
vt 0.375000 0.500000
vt 0.470000 0.500000
vt 0.375000 0.500000
vt 0.470000 0.500000
vt 0.375000 0.500000
vt 0.470000 0.500000
vt 0.375000 0.500000
vt 0.470000 0.500000
s 0
f 1836/1458/1605 1838/1459/1605 1841/1460/1605 1839/1461/1605
f 1841/1460/1606 1847/1462/1606 1850/1463/1606 1849/1464/1606 1848/1465/1606 1839/1461/1606
f 1850/1463/1606 1847/1462/1606 2048/1466/1606 2049/1466/1606
f 1845/1467/1607 1847/1462/1607 1844/1468/1607 1843/1469/1607
f 1838/1470/1608 1836/1471/1608 1852/1472/1608 1853/1473/1608
f 1843/1469/1608 1855/1474/1608 1852/1475/1608 1836/1471/1608
f 1845/1467/1609 1843/1469/1609 1836/1476/1609 1839/1477/1609 1859/1478/1609 1858/1479/1609 1856/1480/1609 1857/1481/1609
f 1859/1478/1609 1839/1477/1609 1845/1467/1609 1857/1481/1609
f 1847/1462/1610 1841/1482/1610 1838/1483/1610 1844/1468/1610
f 1848/1484/1611 1849/1485/1611 1862/1486/1611 1861/1487/1611
f 1853/1488/1611 1852/1489/1611 1860/1490/1611 1863/1491/1611
f 1865/1492/1612 1850/1493/1612 1851/1494/1612 1867/1495/1612
f 1854/1496/1612 1864/1497/1612 1866/1498/1612 1855/1474/1612
f 1867/1495/1610 1851/1494/1610 1848/1499/1610 1861/1500/1610 1869/1501/1610
f 1860/1502/1610 1852/1475/1610 1855/1474/1610 1866/1498/1610 1868/1503/1610
f 1854/1496/1609 1853/1504/1609 1863/1505/1609 1864/1497/1609
f 1862/1506/1609 1849/1507/1609 1850/1493/1609 1865/1492/1609
f 1878/1508/1611 1876/1509/1611 1877/1510/1611 1879/1511/1611
f 1876/1509/1611 1840/1461/1611 1837/1458/1611 1877/1510/1611
f 1879/1511/1611 1858/1512/1611 1859/1513/1611 1878/1508/1611
f 1880/1514/1613 1870/1515/1613 1874/1516/1613 1875/1517/1613 1876/1509/1613 1878/1508/1613
f 1878/1508/1613 1859/1513/1613 1857/1518/1613 1880/1514/1613
f 1874/1516/1613 1869/1519/1613 1861/1520/1613 1875/1517/1613
f 1861/1487/1614 1862/1486/1614 1840/1466/1614 1900/1466/1614
f 1871/1521/1612 1870/1515/1612 1880/1514/1612 1881/1522/1612
f 1871/1521/1612 1842/1469/1612 1846/1467/1612 1870/1515/1612
f 1857/1518/1612 1856/1523/1612 1881/1522/1612 1880/1514/1612
f 1879/1524/1615 1877/1525/1615 1872/1526/1615 1873/1527/1615 1871/1521/1615 1881/1522/1615
f 1860/1490/1615 1877/1510/1615 1837/1458/1615 1863/1491/1615
f 1856/1523/1615 1858/1528/1615 1879/1524/1615 1881/1522/1615
f 1860/1529/1615 1868/1530/1615 1873/1527/1615 1872/1526/1615
f 1837/1476/1609 1840/1477/1609 1846/1467/1609 1842/1469/1609
f 1890/1531/1611 1891/1532/1611 1885/1460/1611 1883/1459/1611
f 1891/1532/1613 1892/1533/1613 1889/1462/1613 1885/1460/1613
f 1892/1533/1612 1893/1534/1612 1887/1468/1612 1889/1462/1612
f 1893/1534/1615 1890/1535/1615 1883/1470/1615 1887/1468/1615
f 1884/1477/1610 1882/1476/1610 1886/1469/1610 1888/1467/1610
f 1889/1462/1609 1887/1468/1609 1883/1483/1609 1885/1482/1609
f 1886/1469/1615 1882/1471/1615 1890/1535/1615 1893/1534/1615
f 1893/1534/1615 1897/1534/1615 1896/1469/1615 1886/1469/1615
f 1884/1461/1613 1888/1467/1613 1892/1533/1613 1891/1532/1613
f 1882/1458/1611 1884/1461/1611 1891/1532/1611 1890/1531/1611
f 1903/1536/1615 1901/1534/1615 1900/1469/1615 1902/1469/1615
f 1886/1469/1616 1896/1469/1616 1895/1467/1616 1888/1467/1616
f 1888/1467/1617 1895/1467/1617 1894/1533/1617 1892/1533/1617
f 1892/1533/1609 1894/1533/1609 1897/1534/1609 1893/1534/1609
f 1899/1467/1612 1900/1469/1612 1901/1534/1612 1898/1533/1612
f 1905/1467/1618 1909/1467/1618 1908/1533/1618 1904/1533/1618
f 1904/1533/1609 1898/1533/1609 1901/1534/1609 1903/1536/1609
f 1902/1469/1610 1900/1469/1610 1899/1467/1610 1905/1467/1610
f 1896/1469/1619 1902/1469/1619 1905/1467/1619 1895/1467/1619
f 1894/1533/1609 1904/1533/1609 1903/1536/1609 1897/1534/1609
f 1895/1467/1620 1905/1467/1620 1904/1533/1620 1894/1533/1620
f 1897/1534/1615 1903/1536/1615 1902/1469/1615 1896/1469/1615
f 1907/1467/1621 1911/1467/1621 1913/1467/1621 1909/1467/1621
f 1904/1533/1622 1908/1533/1622 1906/1533/1622 1898/1533/1622
f 1898/1533/1623 1906/1533/1623 1907/1467/1623 1899/1467/1623
f 1899/1467/1624 1907/1467/1624 1909/1467/1624 1905/1467/1624
f 1944/1467/1615 1919/1467/1615 1918/1533/1615 1942/1533/1615
f 1906/1533/1625 1910/1533/1625 1911/1467/1625 1907/1467/1625
f 1909/1467/1626 1913/1467/1626 1912/1533/1626 1908/1533/1626
f 1908/1533/1627 1912/1533/1627 1910/1533/1627 1906/1533/1627
f 1917/1467/1613 1915/1467/1613 1914/1533/1613 1916/1533/1613
f 1929/1533/1609 1916/1533/1609 1914/1533/1609 1947/1537/1609
f 1948/1538/1610 1915/1467/1610 1917/1467/1610 1946/1467/1610
f 1947/1537/1612 1914/1533/1612 1915/1467/1612 1948/1538/1612
f 1950/1539/1611 1921/1467/1611 1920/1533/1611 1949/1540/1611
f 1961/1533/1609 1949/1540/1609 1920/1533/1609 1943/1533/1609
f 1960/1467/1610 1950/1539/1610 1919/1467/1610 1944/1467/1610
f 1943/1533/1613 1920/1533/1613 1921/1467/1613 1945/1467/1613
f 1941/1533/1628 1924/1533/1628 1925/1467/1628 1930/1467/1628
f 1959/1541/1629 1951/1539/1629 1923/1467/1629 1926/1467/1629
f 1956/1533/1630 1952/1533/1630 1924/1533/1630 1941/1533/1630
f 1926/1467/1631 1923/1467/1631 1922/1533/1631 1937/1533/1631
f 1946/1467/1632 1957/1538/1632 1928/1467/1632 1935/1533/1632 1934/1533/1632 1912/1533/1632 1913/1467/1632
f 1922/1533/1633 1942/1533/1633 1961/1533/1633 1952/1533/1633
f 1928/1467/1634 1927/1467/1634 1936/1533/1634 1935/1533/1634
f 1927/1467/1615 1926/1467/1615 1937/1533/1615 1936/1533/1615
f 1929/1533/1610 1953/1533/1610 1938/1533/1610 1916/1533/1610
f 1953/1533/1609 1954/1533/1609 1939/1533/1609 1938/1533/1609
f 1954/1533/1609 1955/1537/1609 1940/1537/1609 1939/1533/1609
f 1955/1537/1635 1956/1533/1635 1941/1533/1635 1940/1537/1635
f 1932/1467/1636 1931/1467/1636 1958/1467/1636 1957/1538/1636
f 1925/1467/1637 1945/1467/1637 1960/1467/1637 1951/1539/1637
f 1957/1538/1638 1958/1467/1638 1927/1467/1638 1928/1467/1638
f 1958/1467/1639 1959/1541/1639 1926/1467/1639 1927/1467/1639
f 1916/1533/1610 1938/1533/1610 1933/1467/1610 1917/1467/1610
f 1938/1533/1613 1939/1533/1613 1932/1467/1613 1933/1467/1613
f 1939/1533/1613 1940/1537/1613 1931/1467/1613 1932/1467/1613
f 1940/1537/1640 1941/1533/1640 1930/1467/1640 1931/1467/1640
f 1924/1533/1613 1943/1533/1613 1945/1467/1613 1925/1467/1613
f 1951/1539/1641 1960/1467/1641 1944/1467/1641 1923/1467/1641
f 1952/1533/1642 1961/1533/1642 1943/1533/1642 1924/1533/1642
f 1923/1467/1643 1944/1467/1643 1942/1533/1643 1922/1533/1643
f 1931/1467/1644 1930/1467/1644 1959/1541/1644 1958/1467/1644
f 1936/1533/1645 1937/1533/1645 1956/1533/1645 1955/1537/1645
f 1935/1533/1609 1936/1533/1609 1955/1537/1609 1954/1533/1609
f 1934/1533/1609 1935/1533/1609 1954/1533/1609 1953/1533/1609
f 1912/1533/1611 1934/1533/1611 1953/1542/1611 1929/1542/1611
f 1917/1467/1646 1933/1467/1646 1932/1467/1646 1957/1538/1646 1946/1467/1646
f 1937/1533/1647 1922/1533/1647 1952/1533/1647 1956/1533/1647
f 1930/1467/1648 1925/1467/1648 1951/1539/1648 1959/1541/1648
f 1945/1467/1610 1921/1467/1610 1950/1539/1610 1960/1467/1610
f 1942/1533/1609 1918/1533/1609 1949/1540/1609 1961/1533/1609
f 1978/1539/1649 1963/1467/1649 1962/1533/1649 1977/1543/1649
f 1910/1533/1612 1947/1537/1612 1948/1538/1612 1911/1467/1612
f 1911/1467/1610 1948/1538/1610 1946/1467/1610 1913/1467/1610
f 1912/1533/1609 1929/1533/1609 1947/1537/1609 1910/1533/1609
f 1962/1533/1609 1966/1533/1609 1969/1540/1609 1965/1540/1609
f 1986/1544/1650 1965/1540/1650 1964/1539/1650 1985/1545/1650
f 1985/1545/1651 1964/1539/1651 1963/1467/1651 1978/1539/1651
f 1977/1543/1652 1962/1533/1652 1965/1540/1652 1986/1544/1652
f 1967/1467/1611 1968/1539/1611 1969/1540/1611 1966/1533/1611
f 1962/1533/1653 1970/1533/1653 1972/1533/1653 1966/1533/1653
f 1965/1540/1613 1969/1540/1613 1968/1539/1613 1964/1539/1613
f 1964/1539/1610 1968/1539/1610 1967/1467/1610 1963/1467/1610
f 1971/1467/1615 1973/1467/1615 1972/1533/1615 1970/1533/1615
f 1963/1467/1654 1971/1467/1654 1970/1533/1654 1962/1533/1654
f 1967/1467/1655 1973/1467/1655 1971/1467/1655 1963/1467/1655
f 1966/1533/1656 1972/1533/1656 1973/1467/1656 1967/1467/1656
f 1918/1533/1652 1974/1533/1652 1989/1546/1652 1949/1540/1652
f 1974/1533/1652 1975/1533/1652 1988/1544/1652 1989/1546/1652
f 1975/1533/1652 1976/1533/1652 1987/1544/1652 1988/1544/1652
f 1976/1533/1652 1977/1543/1652 1986/1544/1652 1987/1544/1652
f 1950/1539/1651 1982/1545/1651 1981/1467/1651 1919/1467/1651
f 1982/1545/1651 1983/1545/1651 1980/1467/1651 1981/1467/1651
f 1983/1545/1657 1984/1545/1657 1979/1547/1657 1980/1467/1657
f 1984/1545/1658 1985/1545/1658 1978/1539/1658 1979/1547/1658
f 1949/1540/1650 1989/1546/1650 1982/1545/1650 1950/1539/1650
f 1989/1546/1650 1988/1544/1650 1983/1545/1650 1982/1545/1650
f 1987/1544/1659 1992/1544/1659 1993/1544/1659 1988/1544/1659
f 1987/1544/1660 1986/1544/1660 1985/1545/1660 1984/1545/1660
f 1919/1467/1649 1981/1467/1649 1974/1533/1649 1918/1533/1649
f 1981/1467/1649 1980/1467/1649 1975/1533/1649 1974/1533/1649
f 1980/1467/1661 1979/1547/1661 1976/1533/1661 1975/1533/1661
f 1979/1547/1662 1978/1539/1662 1977/1543/1662 1976/1533/1662
f 1991/1545/1663 1995/1545/1663 1996/1544/1663 1992/1544/1663
f 1988/1544/1664 1993/1544/1664 1990/1545/1664 1983/1545/1664
f 1983/1545/1665 1990/1545/1665 1991/1545/1665 1984/1545/1665
f 1984/1545/1666 1991/1545/1666 1992/1544/1666 1987/1544/1666
f 1997/1544/1667 2001/1544/1667 1998/1545/1667 1994/1545/1667
f 1992/1544/1668 1996/1544/1668 1997/1544/1668 1993/1544/1668
f 1993/1544/1669 1997/1544/1669 1994/1545/1669 1990/1545/1669
f 1990/1545/1670 1994/1545/1670 1995/1545/1670 1991/1545/1670
f 1999/1545/1671 2003/1545/1671 2004/1544/1671 2000/1544/1671
f 1994/1545/1672 1998/1545/1672 1999/1545/1672 1995/1545/1672
f 1995/1545/1673 1999/1545/1673 2000/1544/1673 1996/1544/1673
f 1996/1544/1674 2000/1544/1674 2001/1544/1674 1997/1544/1674
f 2004/1544/1675 2008/1544/1675 2009/1544/1675 2005/1544/1675
f 2000/1544/1676 2004/1544/1676 2005/1544/1676 2001/1544/1676
f 2001/1544/1677 2005/1544/1677 2002/1545/1677 1998/1545/1677
f 1998/1545/1678 2002/1545/1678 2003/1545/1678 1999/1545/1678
f 2009/1544/1679 2008/1544/1679 2007/1545/1679 2006/1545/1679
f 2005/1544/1680 2009/1544/1680 2006/1545/1680 2002/1545/1680
f 2002/1545/1681 2006/1545/1681 2007/1545/1681 2003/1545/1681
f 2007/1545/1682 2012/1545/1682 2010/1545/1682 2003/1545/1682
f 2019/1545/1683 2016/1545/1683 2014/1545/1683 2018/1545/1683
f 2004/1544/1684 2011/1544/1684 2013/1544/1684 2008/1544/1684
f 2008/1544/1685 2013/1544/1685 2012/1545/1685 2007/1545/1685
f 2003/1545/1686 2010/1545/1686 2011/1544/1686 2004/1544/1686
f 2014/1545/1687 2016/1545/1687 2017/1544/1687 2015/1544/1687
f 2020/1548/1688 2017/1544/1688 2016/1545/1688 2019/1545/1688
f 2021/1544/1689 2015/1544/1689 2017/1544/1689 2020/1548/1689
f 2014/1545/1690 2022/1545/1690 2024/1545/1690 2018/1545/1690
f 2010/1545/1691 2018/1545/1691 2021/1544/1691 2011/1544/1691
f 2011/1544/1689 2021/1544/1689 2020/1548/1689 2013/1544/1689
f 2013/1544/1688 2020/1548/1688 2019/1545/1688 2012/1545/1688
f 2012/1545/1683 2019/1545/1683 2018/1545/1683 2010/1545/1683
f 2031/1549/1692 2028/1545/1692 2029/1544/1692 2030/1550/1692
f 2015/1544/1693 2023/1544/1693 2022/1545/1693 2014/1545/1693
f 2021/1544/1694 2025/1544/1694 2023/1544/1694 2015/1544/1694
f 2018/1545/1695 2024/1545/1695 2025/1544/1695 2021/1544/1695
f 2029/1544/1696 2037/1544/1696 2035/1544/1696 2027/1544/1696
f 2032/1551/1697 2026/1545/1697 2028/1545/1697 2031/1549/1697
f 2030/1550/1698 2029/1544/1698 2027/1544/1698 2033/1552/1698
f 2033/1552/1699 2027/1544/1699 2026/1545/1699 2032/1551/1699
f 2023/1544/1700 2033/1552/1700 2032/1551/1700 2022/1545/1700
f 2025/1544/1698 2030/1550/1698 2033/1552/1698 2023/1544/1698
f 2022/1545/1701 2032/1551/1701 2031/1549/1701 2024/1545/1701
f 2024/1545/1702 2031/1549/1702 2030/1550/1702 2025/1544/1702
f 2036/1545/1703 2034/1545/1703 2035/1544/1703 2037/1544/1703
f 2027/1544/1704 2035/1544/1704 2034/1545/1704 2026/1545/1704
f 2028/1545/1705 2036/1545/1705 2037/1544/1705 2029/1544/1705
f 2026/1545/1706 2034/1545/1706 2036/1545/1706 2028/1545/1706
f 2038/1458/1612 2039/1459/1612 2041/1460/1612 2040/1461/1612
f 2040/1461/1615 2041/1460/1615 2045/1462/1615 2044/1467/1615
f 2044/1467/1611 2045/1462/1611 2043/1468/1611 2042/1469/1611
f 2042/1469/1613 2043/1468/1613 2039/1470/1613 2038/1471/1613
f 2040/1477/1609 2044/1467/1609 2042/1469/1609 2038/1476/1609
f 2045/1462/1610 2041/1482/1610 2039/1483/1610 2043/1468/1610
f 1853/1504/1608 1854/1496/1608 1844/1468/1608 1838/1483/1608
f 1843/1469/1608 1844/1468/1608 1854/1496/1608 1855/1474/1608
f 1842/1469/1615 1864/1497/1615 1863/1505/1615 1837/1458/1615
f 1866/1498/1615 1864/1497/1615 1842/1469/1615 1871/1521/1615
f 1848/1465/1606 2049/1466/1606 2048/1466/1606 1839/1461/1606
f 1846/1467/1613 1840/1466/1613 1862/1506/1613 1865/1492/1613
f 1867/1495/1613 1870/1515/1613 1846/1467/1613 1865/1492/1613
l 1841 2046
l 1849 2047
l 2046 2047
l 1845 2048
l 1851 2049
o Cube.003
v -7.506946 12.366083 -15.338581
v -7.506946 14.366083 -15.338581
v -7.506946 12.366083 -17.338581
v -7.506946 14.366083 -17.338581
v -5.506946 12.366083 -15.338581
v -5.506946 14.366083 -15.338581
v -5.506946 12.366083 -17.338581
v -5.506946 14.366083 -17.338581
v 0.858555 14.366083 -17.338581
v 0.858555 12.366083 -17.338581
v 0.858555 12.366083 -15.338581
v 0.858555 14.366083 -15.338581
v 0.858555 14.366083 -17.338581
v 0.858555 12.366083 -17.338581
v 0.858555 12.366083 -15.338581
v 0.858555 14.366083 -15.338581
v 6.514144 13.595527 -17.447996
v 6.514144 11.595527 -17.447996
v 6.514144 11.595527 -15.447996
v 6.514144 13.595527 -15.447996
v 11.751493 13.595527 -17.447996
v 11.751493 11.595527 -17.447996
v 11.751493 11.595527 -15.447996
v 11.751493 13.595527 -15.447996
v 13.801681 12.717134 -16.460953
v 13.801681 10.717134 -16.460953
v 12.240792 10.717134 -15.210503
v 12.240792 12.717134 -15.210503
v 14.130759 12.717134 -13.739716
v 14.130759 10.717134 -13.739716
v 12.132802 10.717134 -13.649399
v 12.132802 12.717134 -13.649399
v 14.945462 10.892651 -3.536541
v 14.945462 8.892651 -3.536541
v 12.947505 8.892651 -3.446224
v 12.947505 10.892651 -3.446224
v 16.677746 8.834285 6.049915
v 16.677746 6.834285 6.049915
v 14.679790 6.834285 6.140232
v 14.679790 8.834285 6.140232
v 16.891468 8.834285 10.777786
v 16.891468 6.834285 10.777786
v 14.893512 6.834285 10.868103
v 14.893512 8.834285 10.868103
v 20.127190 3.833862 20.501919
v 20.127190 1.833862 20.501919
v 18.129234 1.833862 20.592236
v 18.129234 3.833862 20.592236
vn -1.0000 -0.0000 -0.0000
vn -0.0000 -0.0000 -1.0000
vn -0.0000 -1.0000 -0.0000
vn -0.0000 -0.0000 1.0000
vn -0.0000 1.0000 -0.0000
vn 0.0193 -0.0000 0.9998
vn -0.1350 -0.9908 -0.0000
vn 0.1350 0.9908 -0.0000
vn -0.0193 -0.0000 -0.9998
vn 0.4767 0.8487 0.2289
vn -0.9976 -0.0000 -0.0690
vn 0.4338 -0.0000 -0.9010
vn -0.4367 -0.0000 0.8996
vn -0.4767 -0.8487 -0.2289
vn 0.0079 0.9845 0.1754
vn 0.9928 -0.0000 -0.1201
vn 0.0094 0.9780 0.2083
vn 0.9968 -0.0000 -0.0796
vn -0.9968 -0.0000 0.0796
vn -0.0079 -0.9845 -0.1754
vn -0.9990 -0.0000 0.0452
vn 0.9841 -0.0000 -0.1778
vn -0.9841 -0.0000 0.1778
vn -0.0094 -0.9780 -0.2083
vn 0.0204 0.8919 0.4518
vn 0.9990 -0.0000 -0.0452
vn 0.0452 -0.0000 0.9990
vn 0.9488 -0.0000 -0.3157
vn -0.9488 -0.0000 0.3157
vn -0.0204 -0.8919 -0.4518
vt 0.375000 0.000000
vt 0.625000 0.000000
vt 0.625000 0.250000
vt 0.375000 0.250000
vt 0.625000 0.500000
vt 0.375000 0.500000
vt 0.375000 0.750000
vt 0.625000 0.750000
vt 0.625000 1.000000
vt 0.375000 1.000000
vt 0.125000 0.500000
vt 0.125000 0.750000
vt 0.875000 0.500000
vt 0.875000 0.750000
s 0
f 2050/1553/1707 2051/1554/1707 2053/1555/1707 2052/1556/1707
f 2052/1556/1708 2053/1555/1708 2057/1557/1708 2056/1558/1708
f 2054/1559/1709 2056/1558/1709 2059/1558/1709 2060/1559/1709
f 2054/1559/1710 2055/1560/1710 2051/1561/1710 2050/1562/1710
f 2052/1563/1709 2056/1558/1709 2054/1559/1709 2050/1564/1709
f 2057/1557/1711 2053/1565/1711 2051/1566/1711 2055/1560/1711
f 2058/1557/1711 2061/1560/1711 2065/1560/1711 2062/1557/1711
f 2057/1557/1711 2055/1560/1711 2061/1560/1711 2058/1557/1711
f 2056/1558/1708 2057/1557/1708 2058/1557/1708 2059/1558/1708
f 2055/1560/1710 2054/1559/1710 2060/1559/1710 2061/1560/1710
f 2065/1560/1712 2064/1559/1712 2068/1559/1712 2069/1560/1712
f 2059/1558/1711 2058/1557/1711 2062/1557/1711 2063/1558/1711
f 2061/1560/1711 2060/1559/1711 2064/1559/1711 2065/1560/1711
f 2060/1559/1711 2059/1558/1711 2063/1558/1711 2064/1559/1711
f 2068/1559/1709 2067/1558/1709 2071/1558/1709 2072/1559/1709
f 2064/1559/1713 2063/1558/1713 2067/1558/1713 2068/1559/1713
f 2062/1557/1714 2065/1560/1714 2069/1560/1714 2066/1557/1714
f 2063/1558/1715 2062/1557/1715 2066/1557/1715 2067/1558/1715
f 2070/1557/1716 2073/1560/1716 2077/1560/1716 2074/1557/1716
f 2066/1557/1711 2069/1560/1711 2073/1560/1711 2070/1557/1711
f 2067/1558/1708 2066/1557/1708 2070/1557/1708 2071/1558/1708
f 2069/1560/1710 2068/1559/1710 2072/1559/1710 2073/1560/1710
f 2077/1560/1717 2076/1559/1717 2080/1559/1717 2081/1560/1717
f 2071/1558/1718 2070/1557/1718 2074/1557/1718 2075/1558/1718
f 2073/1560/1719 2072/1559/1719 2076/1559/1719 2077/1560/1719
f 2072/1559/1720 2071/1558/1720 2075/1558/1720 2076/1559/1720
f 2078/1557/1721 2081/1560/1721 2085/1560/1721 2082/1557/1721
f 2076/1559/1709 2075/1558/1709 2079/1558/1709 2080/1559/1709
f 2074/1557/1711 2077/1560/1711 2081/1560/1711 2078/1557/1711
f 2075/1558/1722 2074/1557/1722 2078/1557/1722 2079/1558/1722
f 2082/1557/1723 2085/1560/1723 2089/1560/1723 2086/1557/1723
f 2079/1558/1724 2078/1557/1724 2082/1557/1724 2083/1558/1724
f 2081/1560/1725 2080/1559/1725 2084/1559/1725 2085/1560/1725
f 2080/1559/1726 2079/1558/1726 2083/1558/1726 2084/1559/1726
f 2089/1560/1727 2088/1559/1727 2092/1559/1727 2093/1560/1727
f 2083/1558/1728 2082/1557/1728 2086/1557/1728 2087/1558/1728
f 2085/1560/1729 2084/1559/1729 2088/1559/1729 2089/1560/1729
f 2084/1559/1730 2083/1558/1730 2087/1558/1730 2088/1559/1730
f 2090/1557/1731 2093/1560/1731 2097/1560/1731 2094/1557/1731
f 2088/1559/1709 2087/1558/1709 2091/1558/1709 2092/1559/1709
f 2086/1557/1711 2089/1560/1711 2093/1560/1711 2090/1557/1711
f 2087/1558/1732 2086/1557/1732 2090/1557/1732 2091/1558/1732
f 2095/1558/1733 2094/1557/1733 2097/1560/1733 2096/1559/1733
f 2091/1558/1734 2090/1557/1734 2094/1557/1734 2095/1558/1734
f 2093/1560/1735 2092/1559/1735 2096/1559/1735 2097/1560/1735
f 2092/1559/1736 2091/1558/1736 2095/1558/1736 2096/1559/1736
o Cube.004
v -5.565402 12.463393 25.473883
v -5.565402 14.463393 25.473883
v -5.565402 12.463393 23.473883
v -5.565402 14.463393 23.473883
v -3.565402 12.463393 25.473883
v -3.565402 14.463393 25.473883
v -3.565402 12.463393 23.473883
v -3.565402 14.463393 23.473883
v -13.731541 10.405121 25.238012
v -13.731541 10.405121 27.238012
v -13.731541 12.405121 27.238012
v -13.731541 12.405121 25.238012
v -23.126453 8.702555 26.921909
v -23.126453 8.702555 28.921909
v -23.126453 10.702555 28.921909
v -23.126453 10.702555 26.921909
v -24.090076 8.702555 26.782570
v -25.533356 8.702555 28.851269
v -25.533356 10.702555 28.851269
v -24.090076 10.702555 26.782570
v -24.372906 8.702555 26.000229
v -26.975185 8.702555 26.710732
v -26.975185 10.702555 26.710732
v -24.372906 10.702555 26.000229
v -23.872089 8.702555 24.165983
v -25.869190 8.702555 24.058327
v -25.869190 10.702555 24.058327
v -23.872089 10.702555 24.165983
v -24.859661 7.113547 19.073875
v -26.856762 7.113547 18.966217
v -26.856762 9.113546 18.966217
v -24.859661 9.113546 19.073875
v -24.823940 6.896748 10.041339
v -26.821041 6.896748 9.933681
v -26.821041 8.896748 9.933681
v -24.823940 8.896748 10.041339
v -26.617764 3.393827 0.507298
v -28.614864 3.393827 0.399641
v -28.614864 5.393827 0.399641
v -26.617764 5.393827 0.507298
v -29.184025 1.547610 -4.848057
v -31.181126 1.547610 -4.955713
v -31.181126 3.547610 -4.955713
v -29.184025 3.547610 -4.848057
vn -0.2444 0.9697 -0.0000
vn -0.0000 -0.0000 -1.0000
vn 1.0000 -0.0000 -0.0000
vn -0.0000 -0.0000 1.0000
vn -0.0000 -1.0000 -0.0000
vn -0.0000 1.0000 -0.0000
vn -0.1764 -0.0000 -0.9843
vn 0.2444 -0.9697 -0.0000
vn -0.2112 -0.0000 -0.9775
vn 0.2112 -0.0000 0.9775
vn 0.1764 -0.0000 0.9843
vn -0.1783 0.9840 -0.0000
vn 0.1783 -0.9840 -0.0000
vn 0.1431 -0.0000 -0.9897
vn -0.0293 -0.0000 0.9996
vn 0.9647 -0.0000 0.2634
vn 0.9404 -0.0000 -0.3400
vn -0.8294 -0.0000 0.5587
vn 0.0162 0.9536 -0.3007
vn -0.9230 -0.0000 -0.3849
vn -0.0013 -0.9997 0.0240
vn -0.0162 -0.9536 0.3007
vn 0.9817 -0.0000 -0.1904
vn -0.9817 -0.0000 0.1904
vn 0.9828 -0.0000 -0.1849
vn 1.0000 -0.0000 0.0040
vn -1.0000 -0.0000 -0.0040
vn 0.0013 0.9997 -0.0240
vn 0.0180 0.9426 -0.3336
vn -0.9828 -0.0000 0.1849
vn 0.0188 0.9373 -0.3479
vn -0.0188 -0.9373 0.3479
vn 0.0538 -0.0000 -0.9986
vn -0.0180 -0.9426 0.3336
vn 0.9018 -0.0000 -0.4321
vn -0.9018 -0.0000 0.4321
vt 0.875000 0.750000
vt 0.875000 0.500000
vt 0.375000 0.250000
vt 0.625000 0.250000
vt 0.625000 0.500000
vt 0.375000 0.500000
vt 0.625000 0.750000
vt 0.375000 0.750000
vt 0.625000 1.000000
vt 0.375000 1.000000
vt 0.125000 0.500000
vt 0.125000 0.750000
s 0
f 2099/1567/1737 2101/1568/1737 2109/1568/1737 2108/1567/1737
f 2100/1569/1738 2101/1570/1738 2105/1571/1738 2104/1572/1738
f 2104/1572/1739 2105/1571/1739 2103/1573/1739 2102/1574/1739
f 2102/1574/1740 2103/1573/1740 2099/1575/1740 2098/1576/1740
f 2100/1577/1741 2104/1572/1741 2102/1574/1741 2098/1578/1741
f 2105/1571/1742 2101/1568/1742 2099/1567/1742 2103/1573/1742
f 2109/1570/1743 2106/1569/1743 2110/1569/1743 2113/1570/1743
f 2100/1577/1744 2098/1578/1744 2107/1578/1744 2106/1577/1744
f 2101/1570/1745 2100/1569/1745 2106/1569/1745 2109/1570/1745
f 2098/1576/1746 2099/1575/1746 2108/1575/1746 2107/1576/1746
f 2112/1567/1742 2113/1568/1742 2117/1568/1742 2116/1567/1742
f 2107/1576/1747 2108/1575/1747 2112/1575/1747 2111/1576/1747
f 2108/1567/1748 2109/1568/1748 2113/1568/1748 2112/1567/1748
f 2106/1577/1749 2107/1578/1749 2111/1578/1749 2110/1577/1749
f 2116/1567/1742 2117/1568/1742 2121/1568/1742 2120/1567/1742
f 2110/1577/1741 2111/1578/1741 2115/1578/1741 2114/1577/1741
f 2113/1570/1750 2110/1569/1750 2114/1569/1750 2117/1570/1750
f 2111/1576/1751 2112/1575/1751 2116/1575/1751 2115/1576/1751
f 2121/1570/1752 2118/1569/1752 2122/1569/1752 2125/1570/1752
f 2114/1577/1741 2115/1578/1741 2119/1578/1741 2118/1577/1741
f 2117/1570/1753 2114/1569/1753 2118/1569/1753 2121/1570/1753
f 2115/1576/1754 2116/1575/1754 2120/1575/1754 2119/1576/1754
f 2124/1567/1755 2125/1568/1755 2129/1568/1755 2128/1567/1755
f 2119/1576/1756 2120/1575/1756 2124/1575/1756 2123/1576/1756
f 2120/1567/1742 2121/1568/1742 2125/1568/1742 2124/1567/1742
f 2118/1577/1741 2119/1578/1741 2123/1578/1741 2122/1577/1741
f 2126/1577/1757 2127/1578/1757 2131/1578/1757 2130/1577/1757
f 2122/1577/1758 2123/1578/1758 2127/1578/1758 2126/1577/1758
f 2125/1570/1759 2122/1569/1759 2126/1569/1759 2129/1570/1759
f 2123/1576/1760 2124/1575/1760 2128/1575/1760 2127/1576/1760
f 2133/1570/1761 2130/1569/1761 2134/1569/1761 2137/1570/1761
f 2129/1570/1762 2126/1569/1762 2130/1569/1762 2133/1570/1762
f 2127/1576/1763 2128/1575/1763 2132/1575/1763 2131/1576/1763
f 2128/1567/1764 2129/1568/1764 2133/1568/1764 2132/1567/1764
f 2136/1567/1765 2137/1568/1765 2141/1568/1765 2140/1567/1765
f 2131/1576/1766 2132/1575/1766 2136/1575/1766 2135/1576/1766
f 2132/1567/1767 2133/1568/1767 2137/1568/1767 2136/1567/1767
f 2130/1577/1768 2131/1578/1768 2135/1578/1768 2134/1577/1768
f 2139/1576/1769 2140/1575/1769 2141/1568/1769 2138/1569/1769
f 2134/1577/1770 2135/1578/1770 2139/1578/1770 2138/1577/1770
f 2137/1570/1771 2134/1569/1771 2138/1569/1771 2141/1570/1771
f 2135/1576/1772 2136/1575/1772 2140/1575/1772 2139/1576/1772
o Cube.005
v 2.145804 -4.191228 -47.812752
v 3.332028 7.434388 -49.170052
v 2.145804 -4.191228 -56.484489
v 2.145804 9.354275 -56.484489
v 17.037439 -4.191228 -47.812752
v 17.182674 11.176113 -45.374905
v 17.037439 -4.191228 -56.484489
v 16.373886 7.367375 -60.126118
vn -0.9955 0.0512 0.0800
vn -0.1325 -0.1457 -0.9804
vn 0.9991 0.0176 -0.0374
vn -0.1266 -0.0334 0.9914
vn -0.0000 -1.0000 -0.0000
vn -0.0617 0.9949 -0.0796
vt 0.375000 0.000000
vt 0.625000 0.000000
vt 0.625000 0.250000
vt 0.375000 0.250000
vt 0.625000 0.500000
vt 0.375000 0.500000
vt 0.625000 0.750000
vt 0.375000 0.750000
vt 0.625000 1.000000
vt 0.375000 1.000000
vt 0.125000 0.500000
vt 0.125000 0.750000
vt 0.875000 0.500000
vt 0.875000 0.750000
s 0
f 2142/1579/1773 2143/1580/1773 2145/1581/1773 2144/1582/1773
f 2144/1582/1774 2145/1581/1774 2149/1583/1774 2148/1584/1774
f 2148/1584/1775 2149/1583/1775 2147/1585/1775 2146/1586/1775
f 2146/1586/1776 2147/1585/1776 2143/1587/1776 2142/1588/1776
f 2144/1589/1777 2148/1584/1777 2146/1586/1777 2142/1590/1777
f 2149/1583/1778 2145/1591/1778 2143/1592/1778 2147/1585/1778
o Cube.006
v 34.688065 -0.447067 -36.936295
v 35.874287 11.178549 -38.293594
v 34.688065 -0.447067 -45.608032
v 34.688065 13.098436 -45.608032
v 49.579697 -0.447067 -36.936295
v 49.724934 14.920275 -34.498447
v 49.579697 -0.447067 -45.608032
v 48.916145 11.111537 -49.249660
vn -0.9955 0.0512 0.0800
vn -0.1325 -0.1457 -0.9804
vn 0.9991 0.0176 -0.0374
vn -0.1266 -0.0334 0.9914
vn -0.0000 -1.0000 -0.0000
vn -0.0617 0.9949 -0.0796
vt 0.375000 0.000000
vt 0.625000 0.000000
vt 0.625000 0.250000
vt 0.375000 0.250000
vt 0.625000 0.500000
vt 0.375000 0.500000
vt 0.625000 0.750000
vt 0.375000 0.750000
vt 0.625000 1.000000
vt 0.375000 1.000000
vt 0.125000 0.500000
vt 0.125000 0.750000
vt 0.875000 0.500000
vt 0.875000 0.750000
s 0
f 2150/1593/1779 2151/1594/1779 2153/1595/1779 2152/1596/1779
f 2152/1596/1780 2153/1595/1780 2157/1597/1780 2156/1598/1780
f 2156/1598/1781 2157/1597/1781 2155/1599/1781 2154/1600/1781
f 2154/1600/1782 2155/1599/1782 2151/1601/1782 2150/1602/1782
f 2152/1603/1783 2156/1598/1783 2154/1600/1783 2150/1604/1783
f 2157/1597/1784 2153/1605/1784 2151/1606/1784 2155/1599/1784
o Cube.007
v -36.601723 -0.447067 -55.597443
v -35.415501 11.178549 -56.954742
v -36.601723 -0.447067 -64.269180
v -36.601723 13.098436 -64.269180
v -21.710089 -0.447067 -55.597443
v -21.564854 14.920275 -53.159595
v -21.710089 -0.447067 -64.269180
v -22.373642 11.111537 -67.910812
vn -0.9955 0.0512 0.0800
vn -0.1325 -0.1457 -0.9804
vn 0.9991 0.0176 -0.0374
vn -0.1266 -0.0334 0.9914
vn -0.0000 -1.0000 -0.0000
vn -0.0617 0.9949 -0.0796
vt 0.375000 0.000000
vt 0.625000 0.000000
vt 0.625000 0.250000
vt 0.375000 0.250000
vt 0.625000 0.500000
vt 0.375000 0.500000
vt 0.625000 0.750000
vt 0.375000 0.750000
vt 0.625000 1.000000
vt 0.375000 1.000000
vt 0.125000 0.500000
vt 0.125000 0.750000
vt 0.875000 0.500000
vt 0.875000 0.750000
s 0
f 2158/1607/1785 2159/1608/1785 2161/1609/1785 2160/1610/1785
f 2160/1610/1786 2161/1609/1786 2165/1611/1786 2164/1612/1786
f 2164/1612/1787 2165/1611/1787 2163/1613/1787 2162/1614/1787
f 2162/1614/1788 2163/1613/1788 2159/1615/1788 2158/1616/1788
f 2160/1617/1789 2164/1612/1789 2162/1614/1789 2158/1618/1789
f 2165/1611/1790 2161/1619/1790 2159/1620/1790 2163/1613/1790
o Cube.008
v 16.236589 -0.447067 -69.855400
v 17.422813 11.178549 -71.212700
v 16.236589 -0.447067 -78.527138
v 16.236589 13.098436 -78.527138
v 31.128225 -0.447067 -69.855400
v 31.273460 14.920275 -67.417557
v 31.128225 -0.447067 -78.527138
v 30.464672 11.111537 -82.168770
vn -0.9955 0.0512 0.0800
vn -0.1325 -0.1457 -0.9804
vn 0.9991 0.0176 -0.0374
vn -0.1266 -0.0334 0.9914
vn -0.0000 -1.0000 -0.0000
vn -0.0617 0.9949 -0.0796
vt 0.375000 0.000000
vt 0.625000 0.000000
vt 0.625000 0.250000
vt 0.375000 0.250000
vt 0.625000 0.500000
vt 0.375000 0.500000
vt 0.625000 0.750000
vt 0.375000 0.750000
vt 0.625000 1.000000
vt 0.375000 1.000000
vt 0.125000 0.500000
vt 0.125000 0.750000
vt 0.875000 0.500000
vt 0.875000 0.750000
s 0
f 2166/1621/1791 2167/1622/1791 2169/1623/1791 2168/1624/1791
f 2168/1624/1792 2169/1623/1792 2173/1625/1792 2172/1626/1792
f 2172/1626/1793 2173/1625/1793 2171/1627/1793 2170/1628/1793
f 2170/1628/1794 2171/1627/1794 2167/1629/1794 2166/1630/1794
f 2168/1631/1795 2172/1626/1795 2170/1628/1795 2166/1632/1795
f 2173/1625/1796 2169/1633/1796 2167/1634/1796 2171/1627/1796
o Cube.009
v -70.778893 -0.447067 26.385817
v -69.592667 11.178549 25.028519
v -70.778893 -0.447067 17.714083
v -70.778893 13.098436 17.714083
v -55.887257 -0.447067 26.385817
v -55.742020 14.920275 28.823664
v -55.887257 -0.447067 17.714083
v -56.550808 11.111537 14.072453
vn -0.9955 0.0512 0.0800
vn -0.1325 -0.1457 -0.9804
vn 0.9991 0.0176 -0.0374
vn -0.1266 -0.0334 0.9914
vn -0.0000 -1.0000 -0.0000
vn -0.0617 0.9949 -0.0796
vt 0.375000 0.000000
vt 0.625000 0.000000
vt 0.625000 0.250000
vt 0.375000 0.250000
vt 0.625000 0.500000
vt 0.375000 0.500000
vt 0.625000 0.750000
vt 0.375000 0.750000
vt 0.625000 1.000000
vt 0.375000 1.000000
vt 0.125000 0.500000
vt 0.125000 0.750000
vt 0.875000 0.500000
vt 0.875000 0.750000
s 0
f 2174/1635/1797 2175/1636/1797 2177/1637/1797 2176/1638/1797
f 2176/1638/1798 2177/1637/1798 2181/1639/1798 2180/1640/1798
f 2180/1640/1799 2181/1639/1799 2179/1641/1799 2178/1642/1799
f 2178/1642/1800 2179/1641/1800 2175/1643/1800 2174/1644/1800
f 2176/1645/1801 2180/1640/1801 2178/1642/1801 2174/1646/1801
f 2181/1639/1802 2177/1647/1802 2175/1648/1802 2179/1641/1802
o Cube.010
v -62.601532 -0.447067 1.434389
v -61.415310 11.178549 0.077091
v -62.601532 -0.447067 -7.237345
v -62.601532 13.098436 -7.237345
v -47.709900 -0.447067 1.434389
v -47.564663 14.920275 3.872237
v -47.709900 -0.447067 -7.237345
v -48.373451 11.111537 -10.878975
vn -0.9955 0.0512 0.0800
vn -0.1325 -0.1457 -0.9804
vn 0.9991 0.0176 -0.0374
vn -0.1266 -0.0334 0.9914
vn -0.0000 -1.0000 -0.0000
vn -0.0617 0.9949 -0.0796
vt 0.375000 0.000000
vt 0.625000 0.000000
vt 0.625000 0.250000
vt 0.375000 0.250000
vt 0.625000 0.500000
vt 0.375000 0.500000
vt 0.625000 0.750000
vt 0.375000 0.750000
vt 0.625000 1.000000
vt 0.375000 1.000000
vt 0.125000 0.500000
vt 0.125000 0.750000
vt 0.875000 0.500000
vt 0.875000 0.750000
s 0
f 2182/1649/1803 2183/1650/1803 2185/1651/1803 2184/1652/1803
f 2184/1652/1804 2185/1651/1804 2189/1653/1804 2188/1654/1804
f 2188/1654/1805 2189/1653/1805 2187/1655/1805 2186/1656/1805
f 2186/1656/1806 2187/1655/1806 2183/1657/1806 2182/1658/1806
f 2184/1659/1807 2188/1654/1807 2186/1656/1807 2182/1660/1807
f 2189/1653/1808 2185/1661/1808 2183/1662/1808 2187/1655/1808
o Cube.011
v -46.666168 -0.447067 46.724373
v -45.479946 11.178549 45.367077
v -46.666168 -0.447067 38.052643
v -46.666168 13.098436 38.052643
v -31.774534 -0.447067 46.724373
v -31.629299 14.920275 49.162224
v -31.774534 -0.447067 38.052643
v -32.438087 11.111537 34.411011
vn -0.9955 0.0512 0.0800
vn -0.1325 -0.1457 -0.9804
vn 0.9991 0.0176 -0.0374
vn -0.1266 -0.0334 0.9914
vn -0.0000 -1.0000 -0.0000
vn -0.0617 0.9949 -0.0796
vt 0.375000 0.000000
vt 0.625000 0.000000
vt 0.625000 0.250000
vt 0.375000 0.250000
vt 0.625000 0.500000
vt 0.375000 0.500000
vt 0.625000 0.750000
vt 0.375000 0.750000
vt 0.625000 1.000000
vt 0.375000 1.000000
vt 0.125000 0.500000
vt 0.125000 0.750000
vt 0.875000 0.500000
vt 0.875000 0.750000
s 0
f 2190/1663/1809 2191/1664/1809 2193/1665/1809 2192/1666/1809
f 2192/1666/1810 2193/1665/1810 2197/1667/1810 2196/1668/1810
f 2196/1668/1811 2197/1667/1811 2195/1669/1811 2194/1670/1811
f 2194/1670/1812 2195/1669/1812 2191/1671/1812 2190/1672/1812
f 2192/1673/1813 2196/1668/1813 2194/1670/1813 2190/1674/1813
f 2197/1667/1814 2193/1675/1814 2191/1676/1814 2195/1669/1814
o Cube.012
v -12.279333 -0.447067 69.788719
v -11.093109 11.178549 68.431419
v -12.279333 -0.447067 61.116982
v -12.279333 13.098436 61.116982
v 2.612302 -0.447067 69.788719
v 2.757537 14.920275 72.226562
v 2.612302 -0.447067 61.116982
v 1.948750 11.111537 57.475353
vn -0.9955 0.0512 0.0800
vn -0.1325 -0.1457 -0.9804
vn 0.9991 0.0176 -0.0374
vn -0.1266 -0.0334 0.9914
vn -0.0000 -1.0000 -0.0000
vn -0.0617 0.9949 -0.0796
vt 0.375000 0.000000
vt 0.625000 0.000000
vt 0.625000 0.250000
vt 0.375000 0.250000
vt 0.625000 0.500000
vt 0.375000 0.500000
vt 0.625000 0.750000
vt 0.375000 0.750000
vt 0.625000 1.000000
vt 0.375000 1.000000
vt 0.125000 0.500000
vt 0.125000 0.750000
vt 0.875000 0.500000
vt 0.875000 0.750000
s 0
f 2198/1677/1815 2199/1678/1815 2201/1679/1815 2200/1680/1815
f 2200/1680/1816 2201/1679/1816 2205/1681/1816 2204/1682/1816
f 2204/1682/1817 2205/1681/1817 2203/1683/1817 2202/1684/1817
f 2202/1684/1818 2203/1683/1818 2199/1685/1818 2198/1686/1818
f 2200/1687/1819 2204/1682/1819 2202/1684/1819 2198/1688/1819
f 2205/1681/1820 2201/1689/1820 2199/1690/1820 2203/1683/1820
o Cube.013
v 16.446259 -0.447067 59.933952
v 17.632483 11.178549 58.576653
v 16.446259 -0.447067 51.262215
v 16.446259 13.098436 51.262215
v 31.337894 -0.447067 59.933952
v 31.483130 14.920275 62.371799
v 31.337894 -0.447067 51.262215
v 30.674341 11.111537 47.620586
vn -0.9955 0.0512 0.0800
vn -0.1325 -0.1457 -0.9804
vn 0.9991 0.0176 -0.0374
vn -0.1266 -0.0334 0.9914
vn -0.0000 -1.0000 -0.0000
vn -0.0617 0.9949 -0.0796
vt 0.375000 0.000000
vt 0.625000 0.000000
vt 0.625000 0.250000
vt 0.375000 0.250000
vt 0.625000 0.500000
vt 0.375000 0.500000
vt 0.625000 0.750000
vt 0.375000 0.750000
vt 0.625000 1.000000
vt 0.375000 1.000000
vt 0.125000 0.500000
vt 0.125000 0.750000
vt 0.875000 0.500000
vt 0.875000 0.750000
s 0
f 2206/1691/1821 2207/1692/1821 2209/1693/1821 2208/1694/1821
f 2208/1694/1822 2209/1693/1822 2213/1695/1822 2212/1696/1822
f 2212/1696/1823 2213/1695/1823 2211/1697/1823 2210/1698/1823
f 2210/1698/1824 2211/1697/1824 2207/1699/1824 2206/1700/1824
f 2208/1701/1825 2212/1696/1825 2210/1698/1825 2206/1702/1825
f 2213/1695/1826 2209/1703/1826 2207/1704/1826 2211/1697/1826
o Cube.014
v 39.300926 -0.447067 9.611750
v 40.487148 11.178549 8.254451
v 39.300926 -0.447067 0.940016
v 39.300926 13.098436 0.940016
v 54.192558 -0.447067 9.611750
v 54.337795 14.920275 12.049597
v 54.192558 -0.447067 0.940016
v 53.529007 11.111537 -2.701615
vn -0.9955 0.0512 0.0800
vn -0.1325 -0.1457 -0.9804
vn 0.9991 0.0176 -0.0374
vn -0.1266 -0.0334 0.9914
vn -0.0000 -1.0000 -0.0000
vn -0.0617 0.9949 -0.0796
vt 0.375000 0.000000
vt 0.625000 0.000000
vt 0.625000 0.250000
vt 0.375000 0.250000
vt 0.625000 0.500000
vt 0.375000 0.500000
vt 0.625000 0.750000
vt 0.375000 0.750000
vt 0.625000 1.000000
vt 0.375000 1.000000
vt 0.125000 0.500000
vt 0.125000 0.750000
vt 0.875000 0.500000
vt 0.875000 0.750000
s 0
f 2214/1705/1827 2215/1706/1827 2217/1707/1827 2216/1708/1827
f 2216/1708/1828 2217/1707/1828 2221/1709/1828 2220/1710/1828
f 2220/1710/1829 2221/1709/1829 2219/1711/1829 2218/1712/1829
f 2218/1712/1830 2219/1711/1830 2215/1713/1830 2214/1714/1830
f 2216/1715/1831 2220/1710/1831 2218/1712/1831 2214/1716/1831
f 2221/1709/1832 2217/1717/1832 2215/1718/1832 2219/1711/1832
